wavenumber_cm_inverse,reflectance_percent,index_wang,two_beam_percent,airy_percent,baseline_percent,amplitude_percent,residual_two_beam_pp,residual_airy_pp
2000.302,16.69940307,2.444008700855278,16.73832760905876,16.73942360233541,17.017903905971753,0.8458308385111454,-0.03892453905876181,-0.040020532335411474
2000.784,16.71743202,2.4440769848097803,16.749194553105884,16.750340872439175,17.018939375375997,0.8455420339754778,-0.031762533105883506,-0.032908852439174296
2001.266,16.74323506,2.4441452138686657,16.760093730920694,16.761289045017364,17.019974106455123,0.8452532783706684,-0.016858670920694152,-0.01805398501736377
2001.749,16.75657658,2.444213529473393,16.77104635949277,16.77228941129056,17.02101024400062,0.8449639727710788,-0.01446977949277084,-0.01571283129056056
2002.23,16.77406404,2.444281507532022,16.781982823969514,16.78327204181468,17.022041355015933,0.8446759139536246,-0.007918783969515175,-0.009208001814680955
2002.713,16.79290085,2.4443497134087875,16.79299257122126,16.7943267458225,17.02307601457428,0.8443867064187841,-9.172122125988835e-05,-0.0014258958224999674
2003.195,16.80225922,2.444417723352366,16.804005802854295,16.80538342067897,17.024107794269128,0.8440981466389241,-0.0017465828542952977,-0.003124200678971789
2003.677,16.79631541,2.444485678690318,16.815043782693877,16.816463404983818,17.025138837361958,0.8438096357899225,-0.018728372693878725,-0.020147994983819473
2004.159,16.8279712,2.4445535794803868,16.8261050058191,16.82756517493651,17.02616914419725,0.8435211738717789,0.001866194180898617,0.00040602506349074474
2004.641,16.82237054,2.44462142578024,16.837187965027024,16.83868720534599,17.027198715119475,0.8432327608844937,-0.014817425027022324,-0.016316665345989634
2005.123,16.84724188,2.4446892176474684,16.848291151058664,16.84982796986572,17.028227550473115,0.8429443968280669,-0.0010492710586653686,-0.0025860898657228404
2005.605,16.85038008,2.4447569551395874,16.859413052825094,16.860985941228275,17.029255650602646,0.8426560817024983,-0.009032972825092855,-0.010605861228274449
2006.087,16.85532975,2.444824638314034,16.870552157633547,16.872159591479434,17.030283015852543,0.8423678155077879,-0.015222407633547874,-0.016829841479435004
2006.57,16.85913471,2.444892407480761,16.88173010939703,16.883370617065573,17.03131177574322,0.842079000333671,-0.022595399397030036,-0.02423590706557377
2007.052,16.8835962,2.4449599820794847,16.892899104757273,16.894571064248815,17.032337670744422,0.8417908321021935,-0.009302904757273467,-0.010974864248815663
2007.534,16.88292145,2.445027502532517,16.904080754573645,16.905782601498775,17.03336283190014,0.8415027128015741,-0.021159304573643567,-0.022861151498773324
2008.016,16.90710866,2.4450949688969947,16.915273541998236,16.91700370044451,17.034387259554844,0.8412146424318131,-0.00816488199823695,-0.009895040444511949
2008.498,16.91864337,2.4451623812299776,16.926475949710095,16.92823283319043,17.035410954053017,0.8409266209929104,-0.007832579710093768,-0.009589463190430081
2008.98,16.93061955,2.4452297395884504,16.937686460140956,16.93946847254658,17.03643391573913,0.840638648484866,-0.007066910140956395,-0.008848922546579985
2009.462,16.93316199,2.4452970440293234,16.94890355570086,16.950709092258275,17.03745614495767,0.8403507249076799,-0.015741565700860605,-0.017547102258276936
2009.944,16.9361664,2.4453642946094307,16.96012571900342,16.9619531672348,17.038477642053103,0.840062850261352,-0.02395931900341708,-0.025786767234798447
2010.427,16.95596494,2.445431630742042,16.971374725593186,16.97322250669283,17.039500524379832,0.8397744274479586,-0.015409785593185177,-0.017257566692830295
2010.909,16.9757131,2.4454987736593736,16.982602476806747,16.984468921990317,17.040520556745356,0.8394866507648634,-0.006889376806746839,-0.008755821990316548
2011.391,16.9797383,2.4455658628861126,16.99383074393188,16.995714223387626,17.04153985802192,0.8391989230126267,-0.014092443931879473,-0.0159759233876251
2011.873,16.9917499,2.4456328984787947,17.005058012647012,17.006956892725206,17.042558428554003,0.8389112441912482,-0.013308112647013814,-0.015206992725207868
2012.355,17.00076111,2.4456998804938803,17.016282769956884,17.01819541413876,17.043576268686085,0.838623614300728,-0.015521659956885259,-0.017434304138760126
2012.837,17.00522693,2.4457668089877567,17.027503504415957,17.029428274282594,17.04459337876264,0.838336033341066,-0.022276574415958095,-0.024201344282595016
2013.319,17.00599586,2.4458336840167365,17.038718706351233,17.040653962551858,17.045609759128144,0.8380485013122623,-0.032722846351234125,-0.03465810255185886
2013.801,17.03508178,2.4459005056370584,17.04992686808472,17.05187097130385,17.04662541012708,0.8377610182143168,-0.014845088084722846,-0.01678919130385026
2014.283,17.04105393,2.445967273904886,17.061126484155235,17.0630777960781,17.047640332103917,0.8374735840472297,-0.020072554155234457,-0.022023866078100696
2014.766,17.05580982,2.4460341272337516,17.07233925492313,17.074296149060565,17.048656628781394,0.8371856026269343,-0.01652943492312886,-0.0184863290605648
2015.248,17.05369709,2.4461007888543906,17.0835172477397,17.08547807741788,17.04967009223677,0.83689826642308,-0.029820157739699482,-0.03178098741787849
2015.73,17.06731083,2.4461673972907025,17.094682190918093,17.096645326600093,17.050682827704197,0.8366109791500839,-0.027371360918092336,-0.02933449660009302
2016.212,17.09352363,2.4462339525985564,17.105832590078883,17.107796407063503,17.05169483552815,0.8363237408079461,-0.012308960078883047,-0.014272777063503383
2016.694,17.09275038,2.446300454833749,17.11696695416066,17.118929833530725,17.052706116053105,0.8360365513966667,-0.024216574160661253,-0.026179453530726704
2017.176,17.11716551,2.4463669040520024,17.128083795638098,17.130044125203682,17.053716669623544,0.8357494109162454,-0.010918285638098268,-0.012878615203682386
2017.658,17.13292089,2.4464333003089678,17.13918163073946,17.14113780597545,17.054726496583942,0.8354623193666824,-0.006260740739460147,-0.008216915975449268
2018.14,17.12954063,2.4464996436602204,17.150258979663068,17.15220940464058,17.055735597278773,0.8351752767479776,-0.02071834966306696,-0.022668774640578704
2018.623,17.14057008,2.446566071638525,17.161337279430537,17.1632803508783,17.056746063362013,0.8348876876884058,-0.020767199430537175,-0.022710270878299355
2019.105,17.16375006,2.446632309235317,17.17236918341041,17.174303338963902,17.05775371105416,0.8346007430329339,-0.008619123410408491,-0.01055327896390068
2019.587,17.16577023,2.446698494092804,17.183376184744947,17.185299859807,17.058760633514886,0.8343138473083203,-0.01760595474494764,-0.019529629806999793
2020.069,17.18866804,2.446764626266272,17.19435682167328,17.19626846389791,17.059766831088677,0.834027000514565,-0.005688781673281795,-0.007600423897908826
2020.551,17.1940895,2.446830705810934,17.20530963747561,17.20720770766057,17.060772304119997,0.8337402026516679,-0.011220137475611125,-0.01311820766056826
2021.033,17.19731358,2.446896732781931,17.21623318068471,17.218116153654666,17.061777052953328,0.8334534537196292,-0.018919600684711213,-0.020802573654666645
2021.515,17.21912651,2.446962707234331,17.2271260052962,17.22899237077607,17.062781077933153,0.8331667537184485,-0.007999495296200365,-0.009865860776070434
2021.997,17.24289133,2.447028629223131,17.237986670977953,17.239834934455967,17.063784379403945,0.8328801026481263,0.004904659022045621,0.003056395544032142
2022.479,17.24511694,2.4470944988032546,17.248813743278422,17.25064242685832,17.064786957710176,0.8325935005086622,-0.003696803278423033,-0.005525486858321216
2022.962,17.24931326,2.4471604525254333,17.259628146587666,17.261435744671868,17.06579089098355,0.8323063528421886,-0.010314886587664773,-0.012122484671866829
2023.444,17.27463976,2.4472262173442436,17.27038367624504,17.272168788864537,17.066792022495545,0.8320198486659574,0.004256083754960116,0.002470971135462463
2023.926,17.26111995,2.4472919299188334,17.281101343586894,17.282862547730304,17.06779243187713,0.8317333934205845,-0.019981393586892437,-0.021742597730302293
2024.408,17.29700875,2.4473575903038403,17.291779739759377,17.293515632323608,17.068792119472782,0.83144698710607,0.0052290102406225,0.0034931176763919325
2024.89,17.28867683,2.4474231985538304,17.302417462814553,17.304126661395777,17.069791085626974,0.8311606297224136,-0.013740632814553067,-0.01544983139577738
2025.372,17.29816537,2.447488754723298,17.313013117911762,17.314694261582858,17.070789330684185,0.8308743212696155,-0.014847747911762355,-0.016528891582858307
2025.854,17.31691161,2.447554258866667,17.323565317517918,17.325217067591847,17.071786854988893,0.8305880617476757,-0.006653707517919827,-0.008305457591848864
2026.336,17.32600102,2.4476197110382896,17.3340726816063,17.335693722384995,17.072783658885577,0.8303018511565942,-0.008071661606301461,-0.009692702384995755
2026.819,17.33187031,2.4476852469236907,17.34455549251708,17.34614446430668,17.073781808534413,0.8300150958508439,-0.012685182517081728,-0.014274154306679776
2027.301,17.34268706,2.4477505952070495,17.354968976391753,17.356524676774075,17.074777171155638,0.8297289832229952,-0.012281916391753356,-0.013837616774075912
2027.783,17.35753836,2.4478158916814055,17.365333528870924,17.36685471551059,17.075771814402984,0.8294429195260048,-0.00779516887092413,-0.009316355510591734
2028.265,17.3686707,2.447881136400828,17.375647801933475,17.37713325832849,17.076765738620924,0.8291569047598726,-0.006977101933475893,-0.00846255832849252
2028.747,17.39575535,2.447946329419316,17.38591045603945,17.387358992191793,17.07775894415394,0.8288709389245987,0.009844893960551104,0.008396357808209132
2029.229,17.36532042,2.4480114707907963,17.396120160320816,17.39753061339018,17.0787514313465,0.8285850220201831,-0.030799740320816227,-0.032210193390181274
2029.711,17.39760671,2.448076560569127,17.406275592770506,17.40764682771096,17.079743200543096,0.8282991540466258,-0.008668882770503927,-0.010040117710957475
2030.193,17.40261661,2.4481415988080966,17.416375440430244,17.417706350609347,17.080734252088188,0.8280133350039268,-0.013758830430244728,-0.015089740609347757
2030.676,17.4274302,2.4482067203352287,17.42643917555648,17.42772859635978,17.081726640216214,0.8277269720589,0.0009910244435182847,-0.00029839635978134993
2031.157,17.44285459,2.44827152088275,17.436403175905706,17.43765023330704,17.082714203601796,0.8274418437111035,0.006451414094293284,0.005204356692960488
2031.64,17.41787217,2.4483365393862777,17.44634901394078,17.447552511866235,17.0837051551757,0.8271555788308256,-0.028476843940779872,-0.029680341866235693
2032.122,17.44439702,2.4484013718978486,17.456213452975323,17.45737249348045,17.084693338073894,0.8268699556130761,-0.011816432975322755,-0.012975473480448585
2032.604,17.44685681,2.448466153138057,17.466015882006538,17.46712950924335,17.085680805043694,0.8265843813261845,-0.01915907200653777,-0.020272699243349734
2033.086,17.46924396,2.4485308831602723,17.47575504624415,17.476822336108533,17.086667556429568,0.8262988559701515,-0.006511086244149311,-0.007578376108533291
2033.568,17.48903444,2.4485955620177933,17.485429701216734,17.48644976183634,17.087653592576007,0.8260133795449767,0.0036047387832667255,0.002584678163660925
2034.05,17.46919118,2.44866018976385,17.495038612946527,17.49601058514881,17.088638913827477,0.82572795205066,-0.02584743294652725,-0.026819405148810205
2034.532,17.49476223,2.448724766451603,17.504580558122488,17.505503615882642,17.08962352052846,0.8254425734872017,-0.009818328122488396,-0.010741385882642618
2035.014,17.50944648,2.4487892921341445,17.51405432427164,17.51492767514019,17.09060741302343,0.8251572438546017,-0.004607844271639294,-0.005481195140188078
2035.497,17.49413821,2.448853900576569,17.523478148153686,17.524300928199033,17.091592630704746,0.8248713713350474,-0.029339938153686518,-0.030162718199033378
2035.979,17.5148323,2.4489183243021406,17.532811815386538,17.53358340450868,17.092575094341154,0.8245861396656802,-0.01797951538653919,-0.018751104508680783
2036.461,17.5433497,2.448982697181472,17.542073730454458,17.54279343936173,17.093556844805704,0.8243009569271712,0.0012759695455422104,0.0005562606382696345
2036.943,17.55234872,2.4490470192673786,17.551262725938177,17.551929900418084,17.09453788244286,0.8240158231195205,0.0010859940618246355,0.00041881958191680724
2037.425,17.53998807,2.4491112906126085,17.56037764608648,17.560991667328665,17.095518207597102,0.8237307382427281,-0.02038957608647962,-0.02100359732866508
2037.907,17.55089989,2.449175511269841,17.569417346976508,17.569977631874274,17.09649782061291,0.823445702296794,-0.018517456976507418,-0.019077741874273357
2038.389,17.58294675,2.4492396812916875,17.578380696672212,17.5788866981025,17.097476721834763,0.8231607152817182,0.0045660533277889215,0.004060051897500472
2038.871,17.58080683,2.44930380073069,17.58726657538089,17.58771778246254,17.09845491160713,0.8228757771975005,-0.00645974538089078,-0.006910952462540365
2039.354,17.59640493,2.4493680025098805,17.596092065570964,17.596487888767975,17.099434417499587,0.8225902970386698,0.00031286442903422085,-8.295876797603796e-05
2039.836,17.59929959,2.4494320208358804,17.60481952584439,17.60515964171016,17.100411183932177,0.8223054569176851,-0.005519935844390034,-0.005860051710158132
2040.318,17.60897845,2.4494959887363645,17.613466227916117,17.613750235702746,17.101387239949435,0.8220206657275586,-0.0044877779161183184,-0.004771785702747167
2040.8,17.61792822,2.449559906263605,17.62203110211942,17.622258638135158,17.102362585895833,0.8217359234682904,-0.004102882119418894,-0.0043304181351579984
2041.282,17.61942278,2.4496237734698045,17.630513091684215,17.63068382944163,17.103337222115847,0.8214512301398804,-0.011090311684213816,-0.011261049441628757
2041.764,17.6369059,2.4496875904070987,17.638911152881604,17.639024803223638,17.104311148953958,0.8211665857423288,-0.0020052528816059123,-0.002118903223639279
2042.246,17.64578451,2.449751357127555,17.64722425516633,17.64728056637005,17.10528436675464,0.8208819902756352,-0.001439745166329942,-0.0014960563700512353
2042.728,17.65661855,2.449815073683175,17.655451381317157,17.655450139175272,17.106256875862375,0.8205974437398,0.0011671686828442773,0.0011684108247287384
2043.21,17.66745502,2.4498787401258926,17.663591527575125,17.663532555455234,17.107228676621634,0.8203129461348232,0.0038634924248732716,0.003922464544764637
2043.693,17.64606655,2.4499424884397647,17.671660317415125,17.67154335611807,17.108201783356428,0.8200279073690907,-0.02559376741512409,-0.025476806118071238
2044.175,17.67657806,2.450006054708508,17.679623361596548,17.679448429735608,17.109172166984354,0.8197435077273467,-0.0030453015965470343,-0.00287036973560717
2044.657,17.70096512,2.450069571019854,17.687496494750143,17.687263528628236,17.110141843297953,0.819459157016461,0.013468625249856814,0.0137015913717633
2045.139,17.69631933,2.4501330374254673,17.69527876833521,17.694987741844393,17.1111108126417,0.8191748552364335,0.001040561664790829,0.0013315881556081877
2045.621,17.70516511,2.4501964539769476,17.702969247932728,17.702620172502236,17.112079075360082,0.818890602387264,0.0021958620672712925,0.0025449374977633
2046.103,17.69534481,2.4502598207258264,17.71056701337057,17.710159937892833,17.11304663179756,0.8186063984689531,-0.015222203370569787,-0.014815127892831015
2046.585,17.73137217,2.4503231377235695,17.718071158846648,17.71760616958121,17.114013482298617,0.8183222434815004,0.013301011153352249,0.013766000418790725
2047.067,17.69876032,2.450386405021576,17.72548079304957,17.72495801350517,17.114979627207735,0.8180381374249059,-0.026720473049568483,-0.026197693505167763
2047.55,17.73903419,2.450449753776554,17.732810114305984,17.73222958572982,17.11594706912337,0.817753491019897,0.006224075694017728,0.0068046042701830345
2048.032,17.72894958,2.4505129217261743,17.74002791000752,17.7393899497849,17.116911802419935,0.8174694829265353,-0.011078330007521231,-0.01044036978490226
2048.514,17.73733885,2.4505760401299637,17.747148606878273,17.746453449416407,17.117875831158702,0.817185523764032,-0.00980975687827268,-0.009114599416406577
2048.996,17.74164322,2.4506391090390576,17.75417137276358,17.753419289029722,17.118839155684146,0.816901613532387,-0.012528152763579214,-0.011776069029721725
2049.478,17.75666245,2.450702128504524,17.761095390569547,17.760286687865253,17.119801776340747,0.8166177522316002,-0.004432940569547128,-0.0036242378652531215
2049.96,17.76065783,2.450765098577366,17.767919858370046,17.767054880084252,17.120763693472988,0.8163339398616717,-0.007262028370046636,-0.006397050084252953
2050.442,17.76296235,2.45082801930852,17.774643989511432,17.773723114852668,17.121724907425335,0.8160501764226015,-0.011681639511433417,-0.010760764852669524
2050.924,17.76141726,2.450890890748858,17.781267012714817,17.780290656422597,17.122685418542265,0.8157664619143895,-0.019849752714815594,-0.018873396422595334
2051.406,17.78183352,2.450953712949186,17.78778817217607,17.78675678421175,17.123645227168268,0.8154827963370359,-0.005954652176072273,-0.004923264211750933
2051.889,17.76401021,2.4510166161436104,17.794219937006638,17.793133889584354,17.124606322765633,0.8151985913251248,-0.030209727006639042,-0.029123679584355244
2052.371,17.79277338,2.451079339914181,17.800534948838685,17.79939487510786,17.12556472598753,0.814915023711004,-0.007761568838684951,-0.006621495107861364
2052.853,17.78198702,2.4511420145968716,17.806745921874086,17.805552375475095,17.126522427752636,0.8146315050277414,-0.024758901874086803,-0.023565355475096084
2053.335,17.80277913,2.451204640242229,17.812852163192247,17.81160573154882,17.127479428405433,0.8143480352753371,-0.010073033192245617,-0.008826601548818758
2053.817,17.79945144,2.4512672169007326,17.81885299581127,17.817554299721948,17.128435728290388,0.8140646144537911,-0.01940155581127101,-0.01810285972194947
2054.299,17.79245482,2.4513297446227966,17.82474775877341,17.823397451983883,17.129391327751986,0.8137812425631034,-0.03229293877340922,-0.030942631983883473
2054.781,17.82775765,2.451392223458773,17.830535807228145,17.82913457598473,17.1303462271347,0.8134979196032738,-0.0027781572281462275,-0.0013769259847329351
2055.263,17.82921164,2.4514546534589465,17.83621651251273,17.834765075097295,17.131300426783014,0.8132146455743026,-0.007004872512730742,-0.005553435097294113
2055.746,17.8303588,2.451517164044468,17.841800711315926,17.84029971575714,17.132255904530926,0.812930832923115,-0.0114419113159272,-0.00994091575714151
2056.228,17.84858911,2.4515794964225774,17.847264683592066,17.84571501423242,17.133208704293914,0.8126476568573766,0.001324426407933288,0.002874095767577245
2056.71,17.8567749,2.4516417801154575,17.8526195234197,17.851021991739053,17.134160805356643,0.8123645297224965,0.004155376580300185,0.0057529082609484306
2057.192,17.85129975,2.4517040151731373,17.857864667677756,17.85622011515064,17.13511220806359,0.8120814515184747,-0.00656491767775691,-0.004920365150642425
2057.674,17.84657075,2.4517662016455803,17.862999569798777,17.86130886734114,17.13606291275923,0.8117984222453111,-0.016428819798775862,-0.014738117341138945
2058.156,17.87237334,2.4518283395826868,17.868023699834563,17.866287747233926,17.137012919788045,0.8115154419030057,0.004349640165436597,0.006085592766073233
2058.638,17.8722941,2.4518904290342918,17.87293654451929,17.871156269848615,17.137962229494505,0.8112325104915588,-0.0006424445192898531,0.0011378301513857991
2059.12,17.8730757,2.4519524700501676,17.877737607330136,17.875913966345777,17.13891084222309,0.8109496280109699,-0.004661907330135051,-0.002838266345776219
2059.603,17.86936542,2.4520145912451743,17.88243601932913,17.88056990796077,17.139860724225272,0.8106662077205058,-0.013070599329129351,-0.011204487960768006
2060.084,17.87325484,2.4520764069735006,17.88700248529974,17.885095086587555,17.140805978124547,0.8103840098423672,-0.013747645299737599,-0.011840246587553338
2060.567,17.86801834,2.4521384313449754,17.89147453283877,17.889526712333296,17.141754465005633,0.8101006876166522,-0.023456192838771983,-0.021508372333297388
2061.049,17.8952566,2.452200279014354,17.895823603647397,17.8938365063361,17.142700291824696,0.8098180009610129,-0.0005670036473972573,0.00142009366389928
2061.531,17.87610744,2.452262078496011,17.90005866221963,17.898033372764893,17.143645423388982,0.8095353632362318,-0.023951222219633195,-0.021925932764894185
2062.013,17.89445119,2.452323829839337,17.904179313656684,17.902116940477885,17.14458986004297,0.8092527744423089,-0.009728123656682186,-0.007665750477883648
2062.495,17.89583023,2.452385533093661,17.90818518015601,17.906086854726972,17.14553360213114,0.8089702345792443,-0.012354950156009181,-0.010256624726970642
2062.977,17.88859393,2.4524471883082453,17.912075901051427,17.909942777185154,17.146476649997965,0.808687743647038,-0.02348197105142802,-0.021348847185155506
2063.459,17.89888379,2.4525087955322924,17.915851132850882,17.913684385972,17.14741900398792,0.80840530164569,-0.01696734285088297,-0.014800595972001673
2063.941,17.90605675,2.4525703548149416,17.9195105492715,17.91731137567684,17.14836066444549,0.8081229085752002,-0.013453799271498923,-0.011254625676837549
2064.424,17.91135173,2.4526319937725107,17.923061071583955,17.920830624218176,17.14930358320907,0.8078399787102089,-0.011709341583955535,-0.009478894218176492
2064.906,17.9205552,2.452693457220319,17.926487705576285,17.924227286274437,17.15024385619821,0.8075576836029519,-0.005932505576286218,-0.0036720862744381577
2065.388,17.93013496,2.4527548728738693,17.929797648357066,17.927508511522355,17.15118343668911,0.8072754374265532,0.0003373116429337131,0.002626448477645482
2065.87,17.93179429,2.452816240782051,17.93299064281554,17.93067406065479,17.152122325026237,0.8069932401810128,-0.0011963528155405356,0.001120229345207946
2066.352,17.93980687,2.4528775609936893,17.936066449187045,17.93372371091883,17.153060521554078,0.8067110918663307,0.0037404208129565575,0.00608315908117163
2066.834,17.93848741,2.4529388335575466,17.939024845072613,17.93665725612638,17.153998026617103,0.8064289924825069,-0.000537435072612169,0.0018301538736196221
2067.316,17.94633531,2.4530000585223255,17.941865625456064,17.939474506662584,17.154934840559793,0.8061469420295413,0.004469684543934704,0.006860803337414012
2067.798,17.93531777,2.4530612359366644,17.94458860271845,17.942175289492184,17.155870963726624,0.805864940507434,-0.00927083271844964,-0.006857519492182718
2068.281,17.9491432,2.45312249262534,17.947198888480564,17.94476468815851,17.156808336476423,0.8055824030031661,0.001944311519437747,0.004378511841490962
2068.763,17.95323932,2.4531835749860673,17.949685521068233,17.947231840423814,17.157743077693606,0.8053004994442916,0.003553798931768881,0.00600747957618708
2069.245,17.9562771,2.453244609942001,17.952053891904917,17.949582105147933,17.158677129169078,0.8050186448162754,0.004223208095083919,0.006694994852068703
2069.727,17.96546786,2.453305597541532,17.95430388309008,17.951815375670098,17.15961049124731,0.8047368391191175,0.011163976909919882,0.013652484329902848
2070.209,17.96420628,2.453366537832991,17.956435394154212,17.953931561909602,17.160543164272784,0.8044550823528178,0.007770885845786779,0.010274718090396817
2070.691,17.95494096,2.4534274308646453,17.958448342057814,17.955930590359614,17.161475148589975,0.8041733745173765,-0.0035073820578155335,-0.0009896303596157452
2071.173,17.95379691,2.4534882766847024,17.960342661187894,17.957812404079014,17.162406444543354,0.8038917156127934,-0.006545751187893245,-0.004015494079013138
2071.655,17.95788579,2.4535490753413085,17.962118303351875,17.959576962682103,17.163337052477413,0.8036101056390682,-0.004232513351876577,-0.0016911726821042805
2072.137,17.97582537,2.4536098268825466,17.963775237768886,17.961224242326292,17.164266972736616,0.8033285445962016,0.012050132231113508,0.014601127673707026
2072.62,17.96032489,2.45367065725044,17.965316518962037,17.962757288042713,17.16519813282035,0.8030464484850319,-0.004991628962038419,-0.0024323980427141123
2073.102,17.97708441,2.453731314607453,17.966735768845986,17.964169761047557,17.166126677338358,0.8027649854053982,0.010348641154013904,0.01291464895244232
2073.584,17.95825663,2.453791924993084,17.968036323048278,17.96546498274106,17.167054535215655,0.8024835712566227,-0.009779693048276528,-0.007208352741059798
2074.066,17.9612695,2.453852488455175,17.96921822033331,17.96664299532323,17.167981706796724,0.8022022060387056,-0.007948720333310177,-0.00537349532323006
2074.548,17.96166797,2.453913005041504,17.970281516795623,17.96770385744496,17.16890819242604,0.8019208897516467,-0.00861354679562254,-0.006035887444959087
2075.03,17.97554814,2.453973474799791,17.971226285835943,17.968647644183516,17.169833992448083,0.8016396223954457,0.004321854164057726,0.006900495816484664
2075.512,17.97811116,2.454033897777694,17.972052618134757,17.969474447015966,17.170759107207324,0.8013584039701034,0.006058541865243683,0.008636712984035455
2075.994,17.97689794,2.454094274022811,17.972760621623316,17.970184373790676,17.171683537048246,0.8010772344756193,0.004137318376685073,0.006713566209324284
2076.477,17.97050984,2.4541547286992444,17.973351522326737,17.97077865808155,17.17260919808791,0.8007955307251731,-0.0028416823267392033,-0.0002688180815511032
2076.959,17.98550421,2.4542150115246315,17.973823016051057,17.971254979841284,17.17353225770641,0.8005144591939218,0.011681193948941626,0.01424923015871471
2077.441,17.98959506,2.4542752477597616,17.974176608284832,17.971614847342735,17.17445463344074,0.8002334365935287,0.015418451715166981,0.017980212657263905
2077.923,17.97852175,2.4543354374519923,17.974412475657978,17.971858433627638,17.17537632563537,0.799952462923994,0.004109274342020797,0.006663316372360839
2078.405,17.97406619,2.4543955806486197,17.97453081186871,17.97198592793629,17.176297334634775,0.7996715381853172,-0.00046462186871210065,0.002080262063707039
2078.887,17.98513448,2.4544556773968806,17.974531827639595,17.971997535667093,17.177217660783434,0.7993906623774992,0.010602652360404363,0.013136944332906353
2079.369,17.97928,2.4545157277439524,17.97441575067116,17.97189347833412,17.178137304425828,0.7991098355005392,0.004864249328839776,0.007386521665878831
2079.851,17.99259503,2.454575731736952,17.97418282559302,17.97167399352271,17.179056265906432,0.7988290575544376,0.018412204406981658,0.020921036477290045
2080.333,17.97925574,2.454635689422937,17.973833313912596,17.971339334843154,17.17997454556972,0.7985483285391942,0.005422426087402954,0.007916405156844775
2080.816,17.96224198,2.4546957250984147,17.97336640682974,17.970888719931867,17.180894046782704,0.7982670661818461,-0.011124426829738354,-0.00864673993186571
2081.298,17.97289526,2.454755590215476,17.97278433333434,17.970324300712818,17.181810962432024,0.7979864351298356,0.00011092666566270282,0.0025709592871834275
2081.78,17.98403247,2.454815409166436,17.97208655914062,17.96964556475534,17.182727197298178,0.797705853008683,0.011945910859378017,0.014386905244659687
2082.262,17.96827349,2.4548751819981134,17.971273412740246,17.968852829300044,17.18364275172564,0.797425319818389,-0.0029999227402441875,-0.0005793393000423919
2082.744,17.96119059,2.454934908757269,17.97034523920977,17.967946427351638,17.184557626058883,0.7971448355589532,-0.009154649209769161,-0.006755837351636984
2083.226,17.97585494,2.4549945894906053,17.969302400144908,17.96692670762101,17.18547182064239,0.7968644002303757,0.006552539855093187,0.008928232378991652
2083.708,17.97625681,2.4550542242447637,17.968145273592434,17.965794034465414,17.18638533582064,0.7965840138326565,0.008111536407565012,0.010462775534584523
2084.19,17.98715527,2.455113813066329,17.966874253979697,17.964548787826768,17.1872981719381,0.7963036763657957,0.02028101602030219,0.022606482173230802
2084.673,17.95543563,2.455173479487219,17.96548676196009,17.96318843060807,17.18821222107671,0.7960228063691712,-0.010051131960089776,-0.007752800608070487
2085.155,17.97319165,2.4552329764880567,17.963988970565282,17.96171900740379,17.189123698698985,0.7957425668655428,0.00920267943471842,0.011472642596210392
2085.637,17.96199926,2.4552924276957944,17.96237856787224,17.960138244305295,17.190034498294622,0.7954623762927729,-0.0003793078722402754,0.0018610156947040934
2086.119,17.9471558,2.4553518331567816,17.96065601311269,17.95844658297015,17.1909446202081,0.7951822346508615,-0.013500213112688897,-0.011290782970149849
2086.601,17.95925838,2.4554111929173077,17.958821781511617,17.956644480303783,17.19185406478389,0.7949021419398081,0.0004365984883847318,0.0026138996962181693
2087.083,17.95631483,2.455470507023605,17.956876364202937,17.954732408386466,17.192762832366473,0.7946220981596132,-0.0005615342029372528,0.0015824216135342795
2087.565,17.94663708,2.455529775521847,17.954820268142964,17.952710854398617,17.193670923300328,0.7943421033102764,-0.008183188142965037,-0.006073774398618781
2088.047,17.96841737,2.4555889984581487,17.952654016021537,17.95058032054418,17.19457833792993,0.7940621573917979,0.015763353978464067,0.017837049455820875
2088.53,17.94493976,2.4556482986060173,17.950373310883656,17.94833656637096,17.195486957097895,0.7937816797558965,-0.005433550883655158,-0.003396806370957961
2089.011,17.96242513,2.455707307829103,17.9479932124731,17.9459943966965,17.19639113965428,0.7935024123474158,0.014431917526898985,0.0164307333035012
2089.494,17.94431624,2.4557665168946645,17.945494498798908,17.943534882343673,17.197298405134173,0.7932220327762637,-0.001178258798908871,0.0007813576563258096
2089.976,17.958888,2.455825557949101,17.94289293750776,17.940973527720118,17.198203116591625,0.7929422826827345,0.01599506249224092,0.017914472279883853
2090.458,17.95485363,2.4558845536713996,17.94018406760484,17.9383059280044,17.199107153467928,0.7926625815200637,0.014669562395159375,0.01654770199559863
2090.94,17.935789,2.455943504107328,17.937368504223983,17.93553267386128,17.200010516107554,0.7923829292882512,-0.0015795042239830082,0.000256326138718066
2091.422,17.93732703,2.456002409302596,17.934446877549217,17.932654370391965,17.200913204854974,0.7921033259872968,0.002880152450781992,0.004672659608033314
2091.904,17.92674904,2.456061269302858,17.931419832708574,17.929671637043107,17.201815220054677,0.7918237716172009,-0.004670792708573401,-0.0029225970431063786
2092.386,17.94960907,2.4561200841537074,17.928288029665797,17.926585107514082,17.20271656205113,0.7915442661779631,0.0213210403342039,0.02302396248591876
2092.868,17.93771372,2.456178853900684,17.92505214311001,17.923395429662484,17.20361723118882,0.7912648096695837,0.012661576889993142,0.01431829033751697
2093.351,17.9270378,2.456237700377915,17.921705827382695,17.92009632912378,17.20451909432629,0.7909848224591548,0.00533197261730578,0.00694147087622099
2093.833,17.91755072,2.4562963799601896,17.91826364389658,17.916702143836826,17.205418417385687,0.7907054639140083,-0.0007129238965788431,0.0008485761631753519
2094.315,17.89770609,2.456355014574956,17.914719489687613,17.91320683922372,17.206317068620457,0.7904261542997199,-0.017013399687613173,-0.015500749223718913
2094.797,17.92360797,2.4564136042675244,17.9110740972315,17.909611118823737,17.207215048375083,0.7901468936162899,0.012533872768500487,0.013996851176262481
2095.279,17.92629812,2.4564721490831474,17.907328213146776,17.905915699835756,17.208112356994043,0.789867681863718,0.018969906853222085,0.02038242016424263
2095.761,17.90812864,2.4565306490670213,17.90348259807247,17.902121313013463,17.209008994821808,0.7895885190420044,0.004646041927532707,0.00600732698653772
2096.243,17.93715719,2.456589104264285,17.899538026543674,17.898228702558825,17.209904962202856,0.7893094051511492,0.03761916345632699,0.03892848744117572
2096.725,17.89890353,2.4566475147200206,17.895495286865348,17.894238626013973,17.21080025948167,0.7890303401911521,0.0034082431346504904,0.0046649039860255925
2097.208,17.90369614,2.4567060015236115,17.8913464909043,17.89014327539862,17.211696742380443,0.788750745341447,0.012349649095700244,0.01355286460137961
2097.69,17.91032056,2.4567643225387235,17.88710963482241,17.885960393946963,17.212590699099742,0.7884717783446828,0.02321092517759027,0.024360166053035925
2098.172,17.88241337,2.45682259894731,17.88277705856693,17.881682399632496,17.21348398675095,0.7881928602787769,-0.0003636885669315859,0.0007309703675026924
2098.654,17.89298553,2.4568808307942285,17.878349604248918,17.877310102269714,17.21437660567854,0.7879139911437292,0.014635925751083079,0.01567542773028663
2099.136,17.8931153,2.456939018124279,17.87382812708948,17.872844324447446,17.215268556226995,0.7876351709395398,0.019287172910519956,0.02027097555255608
2099.618,17.88061793,2.456997160982208,17.869213495282406,17.868285901410808,17.216159838740786,0.7873563996662087,0.011404434717594114,0.012332028589192134
2100.1,17.86695553,2.457055259412702,17.864506589855015,17.863635680941645,17.217050453564397,0.7870776773237359,0.0024489401449834247,0.0033198490583536966
2100.582,17.8728146,2.457113313460395,17.859708304527256,17.858894523237275,17.217940401042295,0.7867990039121214,0.013106295472745444,0.013920076762726552
2101.064,17.88080327,2.457171323169864,17.854819545569075,17.854063300787757,17.21882968151896,0.7865203794313651,0.025983724430926003,0.026739969212243864
2101.547,17.84309816,2.4572294087998157,17.84983081075567,17.849132597865104,17.219720138243268,0.7862412259747581,-0.006732650755669312,-0.0060344378651038255
2102.029,17.86641885,2.457287329874586,17.844763689932158,17.84412372972294,17.220608084368873,0.7859626994572346,0.02165516006784074,0.02229512027705738
2102.511,17.84056193,2.45734520674462,17.83960889010553,17.839027488708325,17.221495364527392,0.7856842218705694,0.0009530398944690432,0.001534441291674682
2102.993,17.83690673,2.4574030394542734,17.834367366310452,17.83384479524756,17.222381979063304,0.7854057932147626,0.0025393636895465477,0.003061934752437878
2103.475,17.8375166,2.4574608280478434,17.829040085393085,17.828576581422247,17.223267928321086,0.7851274134898139,0.00847651460691523,0.008940018577753506
2103.957,17.8281802,2.4575185725695743,17.8236280258585,17.823223790837204,17.224153212645213,0.7848490826957235,0.004552174141498,0.004956409162794273
2104.439,17.8348857,2.457576273063654,17.81813217771667,17.817787378487004,17.225037832380163,0.7845708008324914,0.016753522283330824,0.017098321512996506
2104.921,17.82203638,2.4576339295742162,17.812553542326803,17.812268310620915,17.225921787870412,0.7842925679001176,0.009482837673196798,0.00976806937908492
2105.404,17.81340538,2.4576916616278495,17.806881304354558,17.8066558605811,17.22680691132572,0.784013806804234,0.0065240756454407745,0.006749519418900007
2105.886,17.81594617,2.457749230212531,17.801139976694397,17.80097425839493,17.22768953798369,0.7837356718350931,0.014806193305602733,0.014971911605069721
2106.368,17.79943024,2.457806754945855,17.795318934538084,17.795212967681277,17.2285715014311,0.7834575857968104,0.004111305461915293,0.00421727231872282
2106.85,17.80708398,2.4578642358717335,17.789419223077864,17.789372998351073,17.229452802012435,0.7831795486893859,0.017664756922137315,0.01771098164892848
2107.332,17.80113476,2.4579216730340265,17.78344189805456,17.78345537087286,17.23033344007217,0.7829015605128197,0.017692861945441507,0.017679389127138734
2107.814,17.77760154,2.457979066476537,17.777388025593247,17.77746111612908,17.231213415954777,0.7826236212671118,0.00021351440675232425,0.00014042387092061404
2108.296,17.78223662,2.458036416243014,17.771258682037598,17.771391275271057,17.23209273000474,0.7823457309522621,0.01097793796240154,0.010845344728942052
2108.778,17.78851182,2.458093722377152,17.765054953782762,17.76524689957258,17.232971382566536,0.7820678895682708,0.02345686621723786,0.0232649204274189
2109.26,17.76109321,2.458150984922592,17.758777937107013,17.759029050282056,17.233849373984636,0.7817900971151374,0.0023152728929858313,0.002064159717942715
2109.743,17.77188174,2.458208322589303,17.752415491128797,17.7527256736444,17.234728524104867,0.7815117774123521,0.019466248871204073,0.01915606635560252
2110.225,17.75668625,2.458265497997842,17.745995078853717,17.746363953226272,17.235605192899133,0.7812340829224519,0.010691171146284262,0.010322296773729533
2110.707,17.75003,2.4583226299483676,17.73950472693223,17.739932003583,17.236481201583853,0.7809564373634099,0.010525273067770513,0.010097996416998711
2111.189,17.75106752,2.458379718484303,17.732945569485143,17.733430924376158,17.237356550503502,0.7806788407352261,0.018121950514856877,0.017636595623841345
2111.671,17.74638961,2.458436763649017,17.726318749655494,17.726861824482743,17.23823124000256,0.7804012930379007,0.020070860344507224,0.019527785517258422
2112.153,17.74363772,2.458493765485825,17.719625419432784,17.720225821839414,17.239105270425497,0.7801237942714335,0.024012300567214595,0.02341189816058531
2112.635,17.73988217,2.4585507240379894,17.71286673947619,17.713524043285574,17.2399786421168,0.7798463444358243,0.027015430523810835,0.0263581267144275
2113.117,17.72096298,2.458607639348717,17.706043878936637,17.706757624405196,17.240851355420936,0.7795689435310736,0.014919101063362916,0.014205355594803848
2113.6,17.71937258,2.4586646294082213,17.69914366458319,17.699913474213254,17.241725219241875,0.7792910161890119,0.020228915416812043,0.0194591057867477
2114.082,17.69921181,2.4587214582759955,17.6921958563873,17.693021087471912,17.24259661544096,0.7790137132474941,0.007015953612700798,0.006190722528089054
2114.564,17.70594763,2.4587782440317234,17.685187426700907,17.68606752043978,17.243467354287027,0.7787364592368345,0.020760203299094115,0.01988010956021924
2115.046,17.69094968,2.458834986718398,17.678119576857522,17.679053942089325,17.244337436124553,0.7784592541570333,0.0128301031424769,0.011895737910673887
2115.528,17.68174875,2.45889168637896,17.67099351577684,17.67198152932809,17.245206861298016,0.7781820980080902,0.01075523422316138,0.009767220671911048
2116.01,17.66066503,2.458948343056296,17.663810459780763,17.664851466833365,17.2460756301519,0.7779049907900053,-0.0031454297807620435,-0.004186436833364837
2116.492,17.6564654,2.45900495679324,17.65657163240855,17.657664946885745,17.246943743030666,0.777627932502779,-0.00010623240855167637,-0.0011995468857470826
2116.974,17.66583732,2.4590615276325707,17.64927826423106,17.65042316920154,17.247811200278807,0.7773509231464107,0.016559055768940567,0.015414150798459758
2117.457,17.66416597,2.459118172850475,17.64191629606017,17.643112148845997,17.24867979990418,0.7770733881650724,0.022249673939828796,0.021053821154001895
2117.938,17.6509932,2.4591745407892525,17.63453286178121,17.635778675653913,17.249544149261094,0.7767970512262492,0.01646033821878845,0.015214524346085057
2118.421,17.62660535,2.45923110024789,17.627067814703842,17.62836298879479,17.25041143663142,0.7765196143096601,-0.0004624647038440344,-0.0017576387947926264
2118.903,17.63828213,2.459287499834915,17.619568621603367,17.620912216856706,17.251276273444788,0.7762428007782413,0.018713508396633216,0.017369913143294724
2119.385,17.62541739,2.4593438567375236,17.612021142092903,17.61341229392569,17.252140456350627,0.7759660361776805,0.013396247907095926,0.012005096074307886
2119.867,17.60440948,2.459400170998179,17.60442664499839,17.605864460766103,17.253003985693407,0.7756893205079781,-1.71649983897737e-05,-0.0014549807661019543
2120.349,17.60781176,2.4594564426592926,17.59678640485452,17.598269964374964,17.25386686181761,0.7754126537691342,0.011025355145481086,0.009541795625036542
2120.831,17.60516955,2.4595126717632216,17.589101701712842,17.590630057806056,17.25472908506771,0.7751360359611484,0.01606784828715746,0.01453949219394346
2121.313,17.57627559,2.459568858352272,17.581373820949416,17.58294599999322,17.255590655788186,0.774859467084021,-0.005098230949414528,-0.00667040999321955
2121.795,17.57490441,2.459625002468697,17.573604053071794,17.575219055572585,17.256451574323517,0.7745829471377518,0.0013003569282048488,-0.0003146455725868691
2122.278,17.58441983,2.4596812205041614,17.565777448166298,17.56743433498161,17.257313625126507,0.7743059025818863,0.018642381833704036,0.016985495018392527
2122.76,17.58065308,2.4597372797139894,17.55792771697776,17.559625350803827,17.25817323897368,0.7740294805988497,0.022725363022242817,0.021027729196173794
2123.242,17.56642393,2.4597932965777267,17.55004000175996,17.55177730901243,17.25903220166985,0.7737531075466716,0.01638392824003887,0.014646620987569747
2123.724,17.5539168,2.4598492711374185,17.54211561161444,17.543891495268223,17.259890513559494,0.7734767834253518,0.011801188385557992,0.01002530473177643
2124.206,17.54467328,2.4599052034350573,17.53415585980095,17.53596920003231,17.260748174987093,0.7732005082348902,0.010517420199050775,0.008704079967692735
2124.688,17.5487424,2.459961093512584,17.526162063541435,17.528011718383226,17.26160518629712,0.772924281975287,0.02258033645856372,0.020730681616772273
2125.17,17.5354806,2.4600169414118884,17.518135543823778,17.520020349833406,17.262461547834054,0.772648104646542,0.017345056176221618,0.015460250166594136
2125.652,17.53555392,2.4600727471748076,17.510077625204968,17.51199639814477,17.26331725994237,0.7723719762486552,0.025476294795033994,0.0235575218552313
2126.135,17.51960442,2.4601286264916578,17.50197282521697,17.50392442745318,17.264174096281746,0.7720953240535128,0.01763159478302967,0.015679992546822064
2126.617,17.52135518,2.4601843480199097,17.49385603751751,17.49583917604552,17.265028509220684,0.7718192936188589,0.027499142482490413,0.02551600395447906
2127.099,17.51657724,2.460240027537066,17.48571184680168,17.48772527916018,17.265882273765154,0.7715433121150633,0.030865393198318714,0.028851960839819668
2127.581,17.51659945,2.4602956650847587,17.477541589935257,17.479584055706276,17.266735390259626,0.771267379542126,0.03905786006474443,0.037015394293725024
2128.063,17.4994431,2.4603512607045674,17.469346606364773,17.471416827909678,17.267587859048582,0.7709914959000469,0.03009649363522726,0.02802627209032238
2128.545,17.49694016,2.4604068144380213,17.461128237919194,17.463224921124606,17.2684396804765,0.7707156611888261,0.03581192208080708,0.03371523887539496
2129.027,17.48412028,2.460462326326598,17.45288782861148,17.45500966364457,17.269290854887853,0.7704398754084635,0.03123245138851871,0.02911061635542822
2129.509,17.47147737,2.460517796411724,17.444626724440035,17.446772386512816,17.27014138262712,0.7701641385589593,0.026850645559964192,0.024704983487183085
2129.991,17.46550634,2.4605732247347745,17.436346273189997,17.43851442333215,17.27099126403878,0.7698884506403132,0.029160066810003826,0.026991916667849836
2130.474,17.44812051,2.4606287262036983,17.4280305897637,17.43021991803882,17.271842260695273,0.769612239838269,0.020089920236298298,0.017900591961179657
2130.956,17.43564532,2.460684071040093,17.41971546073286,17.421924556876466,17.272690849146006,0.7693366498828558,0.01592985926713908,0.01372076312353343
2131.438,17.41389213,2.46073937423832,17.411385039517665,17.413612526704146,17.273538792303267,0.7690611088583008,0.002507090482335883,0.0002796032958549688
2131.92,17.42427743,2.460794635839551,17.40304067906437,17.405285169454903,17.274386090511545,0.7687856167646043,0.02123675093562838,0.018992260545097395
2132.402,17.41013225,2.460849855884908,17.394683733111698,17.396943828662806,17.275232744115314,0.7685101736017659,0.015448516888302066,0.013188421337194
2132.884,17.39257557,2.4609050344154615,17.386315555992148,17.388589849270094,17.27607875345905,0.7682347793697859,0.006260014007853698,0.003985720729907882
2133.366,17.4081372,2.460960171472233,17.3779375024335,17.38022457743382,17.276924118887234,0.7679594340686641,0.03019969756649843,0.027912622566176992
2133.848,17.3958149,2.461015267096192,17.3695509273603,17.371849360332277,17.277768840744333,0.7676841376984005,0.026263972639700484,0.0239655396677243
2134.331,17.36862954,2.461070435505659,17.361139764784088,17.363448144163893,17.27861466990692,0.7674083192570798,0.007489775215912431,0.005181395836107328
2134.813,17.35622836,2.4611254483009546,17.352740200601772,17.355057067544912,17.279458104321872,0.767133120850049,0.0034881593982269976,0.0011712924550870696
2135.295,17.36038931,2.4611804197861313,17.344336181687012,17.346660094180848,17.280300896199886,0.7668579713738766,0.01605312831298633,0.013729215819150653
2135.777,17.34789533,2.461235350001959,17.33592906176951,17.33825857339259,17.281143045885454,0.7665828708285625,0.011966268230491295,0.009636756607410035
2136.259,17.34183408,2.4612902389891564,17.32752019378619,17.329853854549377,17.281984553723035,0.7663078192141065,0.01431388621381302,0.011980225450624715
2136.741,17.3268878,2.4613450867883926,17.319110929684193,17.321447286873536,17.282825420057115,0.7660328165305089,0.007776870315808537,0.0054405131264658735
2137.223,17.33974453,2.461399893440287,17.310702620224145,17.3130402192452,17.283665645232173,0.7657578627777696,0.029041909775855856,0.026704310754801952
2137.705,17.30478806,2.4614546589854096,17.30229661478383,17.304634000006807,17.284505229592682,0.7654829579558885,0.0024914452161688416,0.00015405999319284547
2138.188,17.30950797,2.4615094969578832,17.293876833623443,17.296212544251848,17.28534591336508,0.7652075318752912,0.015631136376555332,0.013295425748150791
2138.67,17.29282702,2.4615641803258974,17.285479489612072,17.2878120724412,17.28618421580222,0.764932725016643,0.007347530387928458,0.005014947558802163
2139.152,17.27863314,2.461618822708635,17.277088490285653,17.279416491656075,17.287021878458955,0.764657967088853,0.0015446497143472016,-0.0007833516560751264
2139.634,17.27288961,2.4616734241464653,17.268705177530745,17.27102714612906,17.287858901679762,0.7643832580919213,0.0041844324692554835,0.001862463870939024
2140.116,17.27201786,2.461727984679711,17.26033089087536,17.262645378576263,17.288695285809126,0.7641085980258479,0.01168696912463929,0.00937248142373548
2140.598,17.25908113,2.4617825043486437,17.251966967295402,17.254272530001796,17.289531031191515,0.7638339868906328,0.007114162704596083,0.004808599998202823
2141.08,17.24434175,2.4618369831934865,17.243614741021645,17.24590993950211,17.290366138171407,0.7635594246862758,0.0007270089783553146,-0.0015681895021089076
2141.562,17.24303499,2.461891421254413,17.235275543347303,17.23755894407056,17.291200607093288,0.7632849114127772,0.007759446652698898,0.005476045929441398
2142.044,17.23903641,2.4619458185715484,17.226950702436206,17.22922087840194,17.292034438301624,0.7630104470701369,0.012085707563795012,0.009815531598061256
2142.527,17.23362654,2.4620002879157408,17.218624321430124,17.220879821143146,17.292869360096514,0.7627354623826376,0.015002218569875936,0.012746718856853079
2143.009,17.22288914,2.462054603781148,17.210332201711015,17.212571642642548,17.293701915589928,0.7624610960032301,0.012556938288984298,0.0103174973574518
2143.491,17.19687875,2.4621088790229257,17.20205840529162,17.20428038499642,17.29453383440395,0.7621867785546808,-0.005179655291620122,-0.007401634996419659
2143.973,17.20853721,2.4621631136810027,17.19380424590497,17.196007371748898,17.295365116883055,0.7619125100369898,0.014732964095028223,0.01252983825110121
2144.455,17.20375289,2.46221730779526,17.185571033205367,17.18775392317126,17.296195763371713,0.7616382904501571,0.01818185679463369,0.01599896682873947
2144.937,17.18755585,2.4622714614055274,17.177360072580846,17.179521356068047,17.29702577421441,0.7613641197941827,0.010195777419152563,0.008034493931951658
2145.419,17.18819657,2.4623255745515884,17.169172664966382,17.171310983583357,17.29785514975562,0.7610899980690665,0.019023905033616728,0.01688558641664173
2145.901,17.16961352,2.4623796472731763,17.16101010665794,17.163124115007562,17.29868389033982,0.7608159252748086,0.008603413342058275,0.006489404992436221
2146.384,17.15754124,2.4624337916683086,17.152856836659687,17.1549451485435,17.299513713714227,0.7605413329480329,0.004684403340313281,0.0025960914564997495
2146.865,17.12894825,2.462487671601627,17.144764698838415,17.146826106318745,17.300339468015093,0.7602679264788677,-0.015816448838414487,-0.01787785631874428
2147.348,17.16271849,2.462541735178805,17.136667683721356,17.13870077046809,17.30116802056748,0.759993432216841,0.026050806278643535,0.024017719531908455
2147.83,17.14557987,2.462595646515374,17.128617449888377,17.13062098749636,17.301994223454283,0.7597195552475327,0.016962420111621412,0.014958882503638193
2148.312,17.13050817,2.4626495176254966,17.120598473439504,17.1225711930099,17.30281979310718,0.7594457272090823,0.009909696560495007,0.007936976990098543
2148.794,17.11912207,2.4627033485486165,17.112612018969667,17.114552669131882,17.30364472987064,0.7591719481014904,0.00651005103033242,0.0045694008681174125
2149.276,17.11447825,2.462757139324129,17.104659345158282,17.106566692791297,17.304469034089145,0.7588982179247566,0.00981890484171899,0.007911557208704068
2149.758,17.12488257,2.462810889991383,17.09674170459084,17.098614535533788,17.30529270610717,0.7586245366788812,0.028140865409159943,0.026268034466212953
2150.24,17.10821158,2.4628646005896777,17.088860343581658,17.09069746333299,17.306115746269192,0.7583509043638641,0.019351236418341244,0.01751411666700875
2150.722,17.1088291,2.4629182711582662,17.081016501997578,17.08281673640272,17.30693815491969,0.7580773209797049,0.027812598002423528,0.026012363597281762
2151.205,17.08661895,2.462972012961569,17.073195261087694,17.07495737691275,17.307761636679814,0.7578032190784021,0.013423688912304499,0.011661573087248911
2151.687,17.08057672,2.463025603505464,17.065430235504596,17.067153179080286,17.308582782032286,0.757529733657476,0.015146484495403456,0.013423540919713872
2152.169,17.08415786,2.4630791541372035,17.057706411039856,17.05938907330224,17.30940329690738,0.7572562971674082,0.026451448960145285,0.024768786697762835
2152.651,17.08241266,2.463132664895849,17.050025000015925,17.051666294875083,17.31022318164957,0.7569829096081987,0.032387659984074446,0.030746365124915798
2153.133,17.06011422,2.463186135820415,17.042387207443493,17.043986072406867,17.31104243660333,0.7567095709798475,0.017727012556505883,0.016128147593132525
2153.615,17.07389522,2.4632395669498677,17.03479423085226,17.036349627634042,17.311861062113145,0.7564362812823544,0.03910098914774096,0.03754559236595867
2154.097,17.05372814,2.4632929583231267,17.02724726012299,17.02875817523929,17.312679058523482,0.7561630405157195,0.026480879877009755,0.024969964760710894
2154.579,17.07316761,2.463346309979063,17.01974747732092,17.02121292267016,17.31349642617883,0.755889848679943,0.0534201326790793,0.051954687329839544
2155.062,17.02614408,2.4633997325210455,17.01228064823341,17.013699564348187,17.314314859250427,0.7556161391393638,0.013863431766591106,0.012444515651814925
2155.544,17.03466495,2.463453004776565,17.00487885935464,17.00625040597959,17.31513096912653,0.7553430452668202,0.02978609064535931,0.02841454402041066
2156.026,17.00876432,2.463506237431175,16.99752775845093,16.99885102701946,17.31594645128178,0.7550700003251348,0.011236561549072377,0.00991329298054211
2156.508,17.00801694,2.463559430523559,16.990228494666948,16.99150260416467,17.316761306060656,0.7547970043143077,0.01778844533305346,0.016514335835331906
2156.99,17.00755247,2.4636125840923535,16.982982208518067,16.98420630598513,17.31757553380764,0.754524057234339,0.024570261481933642,0.023346164014871107
2157.472,16.99373218,2.4636656981761487,16.97579003173175,16.97696329274868,17.318389134867207,0.7542511590852282,0.017942148268247138,0.016768887251316755
2157.954,16.98044521,2.4637187728134866,16.96865308709055,16.96977471624723,17.31920210958383,0.753978309866976,0.011792122909447755,0.010670493752769517
2158.436,16.9775066,2.4637718080428637,16.96157248827636,16.962641719624028,17.320014458301987,0.7537055095795819,0.015934111723641564,0.01486488037597411
2158.918,16.97356505,2.463824803902729,16.954549339716344,16.955565437202157,17.320826181366158,0.7534327582230462,0.019015710283657228,0.017999612797844122
2159.401,16.95338851,2.4638778702589446,16.947570348658065,16.948532494129395,17.32163896124647,0.7531594900755652,0.005818161341935024,0.00485601587060458
2159.883,16.95227885,2.463930787413468,16.940665500943734,16.941573130417467,17.322449432739848,0.7528868366822621,0.01161334905626532,0.01070571958253197
2160.365,16.96945069,2.463983665313629,16.933821361938904,16.93467383154571,17.323259279613378,0.7526142322198176,0.03562932806109487,0.034776858454289794
2160.847,16.96994562,2.4640365039976895,16.92703899751963,16.92783569484723,17.324068502211546,0.7523416766882309,0.042906622480369805,0.04210992515277212
2161.329,16.91632954,2.464089303503867,16.920319463558915,16.921059807996482,17.324877100878826,0.752069170087503,-0.003989923558915365,-0.00473026799648224
2161.811,16.93946389,2.464142063870332,16.913663805781812,16.91434724884577,17.325685075959694,0.7517967124176331,0.02580008421818647,0.025116641154230734
2162.293,16.92711275,2.4641947851352097,16.90707305962222,16.90769908526312,17.32649242779863,0.7515243036786217,0.02003969037777864,0.019413664736880776
2162.775,16.90677327,2.464247467336578,16.90054825008124,16.90111637497168,17.327299156740104,0.7512519438704683,0.00622501991875879,0.005656895028320008
2163.258,16.89576045,2.464300219690137,16.894077063834118,16.89458671613198,17.32810693490159,0.7509790680837106,0.0016833861658831495,0.0011737338680219978
2163.74,16.90530405,2.4643528237976913,16.887687302125258,16.888138185408835,17.328912417791052,0.7507068062387902,0.017616747874743766,0.01716586459116698
2164.222,16.90615384,2.4644053889557744,16.8813664900989,16.881758220811367,17.3297172788172,0.7504345933247278,0.02478734990110354,0.024395619188634754
2164.704,16.89683619,2.4644579152022814,16.875115609619296,16.875447837884625,17.330521518324517,0.7501624293415239,0.021720580380701904,0.021388352115373266
2165.186,16.88814663,2.4645104025750606,16.868935631434763,16.869208041248253,17.331325136657473,0.7498903142891783,0.01921099856523867,0.018938588751748142
2165.668,16.88336044,2.4645628511119155,16.862827515046256,16.863039824445348,17.33212813416055,0.749618248167691,0.020532924953744924,0.020320615554652477
2166.15,16.88089628,2.464615260850603,16.856792208577787,16.856944169792854,17.33293051117822,0.7493462309770619,0.024104071422215156,0.023952110207147825
2166.632,16.86630631,2.464667631828836,16.8508306486485,16.85092204823375,17.333732268054963,0.749074262717291,0.01547566135149836,0.015384261766250518
2167.115,16.84639058,2.464720072617198,16.844931625041678,16.844962157805845,17.334535066601344,0.7488017792912568,0.0014589549583234884,0.0014284221941558428
2167.597,16.85001309,2.4647723661072534,16.839120479156485,16.83909012652997,17.335335582944854,0.7485299089947186,0.010892610843516337,0.010922963470029856
2168.079,16.83667185,2.464824620949795,16.83338582124521,16.83329447340985,17.336135480181582,0.7482580876290389,0.0032860287547897826,0.003377376590147918
2168.561,16.81647669,2.4648768371823517,16.827728540640383,16.827576122424322,17.336934758656007,0.7479863151942175,-0.011251850640384475,-0.011099432424323652
2169.043,16.83544917,2.46492901484241,16.822149514557516,16.82193598546529,17.337733418712602,0.7477145916902543,0.013299655442484237,0.013513184534708955
2169.525,16.8204413,2.4649811539674085,16.816649607978317,16.81637496220075,17.33853146069585,0.7474429171171495,0.0037916920216822803,0.004066337799248032
2170.007,16.80858728,2.4650332545947427,16.811229673535696,16.810893939939564,17.339328884950223,0.7471712914749029,-0.0026423935356945094,-0.0023066599395633602
2170.489,16.80884935,2.465085316761761,16.805890551400825,16.805493793498346,17.340125691820198,0.7468997147635147,0.0029587985991739174,0.0033555565016527567
2170.971,16.80317095,2.4651373405057693,16.800633069172026,16.800175385070144,17.340921881650257,0.7466281869829845,0.0025378808279725718,0.0029955649298543108
2171.454,16.81175899,2.465189433677591,16.79544739146441,16.79492878782802,17.341719104710727,0.7463561449500481,0.016311598535590832,0.016830202171981057
2171.936,16.79231629,2.4652413806077895,16.790355794564668,16.78977656480591,17.342514060215997,0.7460847151327509,0.0019604954353305004,0.002539725194090181
2172.418,16.79030163,2.4652932892266994,16.78534824547109,16.784708591046986,17.343308399715493,0.7458133342463119,0.004953384528906923,0.005593038953012552
2172.9,16.80462381,2.4653451595714455,16.780425520391656,16.77972567695012,17.344102123553697,0.7455420022907312,0.024198289608342805,0.024898133049877202
2173.382,16.79218701,2.4653969916791088,16.77558838243517,16.774828619664312,17.344895232075075,0.7452707192660089,0.01659862756482866,0.01735839033568709
2173.864,16.78900661,2.465448785586725,16.77083758151208,16.77001820296963,17.345687725624114,0.7449994851721446,0.01816902848792168,0.018988407030370524
2174.346,16.81037429,2.465500541331286,16.766173854237177,16.765295197160363,17.346479604545284,0.7447283000091388,0.0442004357628214,0.04507909283963585
2174.828,16.78531813,2.4655522589497383,16.761597923834454,16.760660358930295,17.347270869183067,0.7444571637769912,0.023720206165545932,0.024657771069705348
2175.311,16.77326188,2.465604045658358,16.757101282523635,16.75610509280538,17.348063159598134,0.7441855141047784,0.016160597476364558,0.017156787194618772
2175.792,16.78175728,2.465655579955885,16.752712279030362,16.751658143307182,17.34885155698637,0.7439150381052708,0.02904500096963858,0.030099136692818718
2176.275,16.77814325,2.4657072904388833,16.74839509874048,16.747283246757384,17.349642618012442,0.7436434864978071,0.02974815125951835,0.03086000324261562
2176.757,16.75294573,2.4657588558427306,16.74417750558914,16.74300855951082,17.350431427690207,0.7433725460906088,0.008768224410861336,0.009937170489180858
2177.239,16.77074917,2.4658103833046154,16.74005112272311,16.738825616853354,17.351219624807683,0.7431016546142689,0.030698047276889184,0.03192355314664397
2177.721,16.75592963,2.4658618728612214,16.736016591108232,16.734735091560104,17.35200720970935,0.7428308120687872,0.019913038891768764,0.021194538439896604
2178.203,16.74208511,2.4659133245491844,16.732074537710716,16.730737642064568,17.35279418273968,0.7425600184541636,0.01001057228928559,0.011347467935433286
2178.685,16.74352978,2.4659647384050993,16.728225575418545,16.726833912361865,17.353580544243147,0.7422892737703987,0.015304204581454428,0.016695867638134132
2179.167,16.73611486,2.4660161144655146,16.724470302965074,16.723024531914405,17.354366294564237,0.7420185780174917,0.011644557034927061,0.01309032808559607
2179.649,16.7383087,2.4660674527669375,16.72080930485466,16.719310115559868,17.35515143404742,0.7417479311954431,0.01749939514533949,0.01899858444013347
2180.132,16.71206628,2.4661188597393786,16.717235851610383,16.715683855176938,17.355937590056318,0.7414767719487028,-0.005169571610384338,-0.0036175751769391695
2180.614,16.72012131,2.4661701225540096,16.713765296918595,16.71216135265536,17.35672150763161,0.741206223089887,0.0063560130814046545,0.007959957344638724
2181.096,16.70898831,2.466221347718978,16.710390685106535,16.70873557127545,17.35750481540315,0.7409357231619296,-0.0014023751065366241,0.00025273872454789625
2181.578,16.70862695,2.4662725352706167,16.70711254303246,16.70540706647298,17.358287513715403,0.7406652721648304,0.0015144069675407934,0.003219883527020073
2182.06,16.72630549,2.4663236852452117,16.70393138298634,16.70217637863506,17.359069602912854,0.7403948700985894,0.02237410701366116,0.024129111364942446
2182.542,16.69947413,2.4663747976790082,16.700847702628455,16.699044033022698,17.359851083339976,0.7401245169632067,-0.0013735726284558325,0.00043009697730056473
2183.024,16.69730394,2.4664258726082076,16.69786198493029,16.696010539695905,17.360631955341244,0.7398542127586822,-0.0005580449302904356,0.0012934003040960818
2183.506,16.71171234,2.466476910068967,16.694974698117612,16.693076393441302,17.36141221926114,0.739583957485016,0.016737641882386356,0.018635946558696048
2183.989,16.70256447,2.4665280158677025,16.69218061364495,16.690236297464683,17.36219349235659,0.7393131905989992,0.010383856355048238,0.012328172535315929
2184.471,16.7137704,2.4665789784223335,16.689491740535576,16.687502476817055,17.362972539887373,0.739043033288566,0.02427865946442509,0.026267923182945907
2184.953,16.71119838,2.4666299036168136,16.686902614841454,16.6848693961893,17.363750980370934,0.7387729249089909,0.024295765158544924,0.026328983810699924
2185.435,16.67967133,2.4666807914871267,16.684413645248878,16.68233748856865,17.36452881415174,0.7385028654602741,-0.004742315248876139,-0.002666158568647603
2185.917,16.69384797,2.4667316420692154,16.682025225446697,16.679907171344873,17.365306041574275,0.7382328549424156,0.01182274455330301,0.01394079865512765
2186.399,16.69845431,2.466782455398979,16.6797377340826,16.67757884625318,17.36608266298301,0.7379628933554155,0.018716575917398615,0.020875463746818923
2186.881,16.67398742,2.4668332315122727,16.67755153472175,16.67535289931979,17.366858678722423,0.7376929806992735,-0.0035641147217511104,-0.0013654793197908077
2187.363,16.68331242,2.4668839704449104,16.67546697580754,16.673229700810037,17.367634089137,0.7374231169739898,0.007845444192458473,0.010082719189963285
2187.845,16.68809633,2.466934672232663,16.673484390624637,16.67120960517914,17.368408894571203,0.7371533021795644,0.014611939375363647,0.01688672482086062
2188.328,16.68043935,2.466985441986149,16.67160030278544,16.669289082318414,17.36918470096696,0.7368829766866457,0.008839047214561191,0.011150267681586001
2188.81,16.668514,2.4670360695143936,16.669822817269235,16.667476407942907,17.369958296220503,0.7366132598554531,-0.0013088172692370392,0.0010375920570915298
2189.292,16.68704189,2.467086660004883,16.66814821463088,16.665767805118332,17.37073128752783,0.7363435919551188,0.0188936753691209,0.021274084881667932
2189.774,16.65932185,2.467137213493216,16.666576767163665,16.664163564586737,17.37150367523341,0.7360739729856427,-0.007254917163663777,-0.004841714586735435
2190.256,16.68269788,2.4671877300149525,16.66510873185097,16.66266396107348,17.37227545968172,0.735804402947025,0.017589148149028233,0.020033918926518623
2190.738,16.66289711,2.4672382096056067,16.663744350342775,16.661269253253934,17.37304664121724,0.7355348818392654,-0.0008472403427752795,0.0016278567460652482
2191.22,16.67986052,2.4672886523006516,16.662483848934443,16.659979683722867,17.373817220184453,0.7352654096623642,0.017376671065555627,0.019880836277131664
2191.702,16.66343072,2.4673390581355186,16.661327438547715,16.658795478966503,17.374587196927823,0.734995986416321,0.0021032814522854437,0.00463524103349755
2192.185,16.65917563,2.4673895316073624,16.660273240417656,16.65771472139898,17.37535816737984,0.7347260532841261,-0.001097610417655659,0.001460908601021771
2192.667,16.65592403,2.4674398637517068,16.659325800176095,16.65674208072212,17.376126939461333,0.734456728001316,-0.003401770176093777,-0.0008180507221169364
2193.149,16.67797781,2.467490159141985,16.658482991649592,16.65587538774101,17.376895110353132,0.7341874516493642,0.01949481835040956,0.022102422258992505
2193.631,16.65600393,2.467540417813461,16.65774496408885,16.65511480424871,17.377662680399723,0.7339182242282706,-0.0017410340888481812,0.0008891257512892992
2194.113,16.6623533,2.4675906398013536,16.657111851309867,16.654460475830547,17.378429649945573,0.7336490457380352,0.005241448690131989,0.007892824169452695
2194.595,16.6698474,2.467640825140842,16.656583771688556,16.653912531852384,17.37919601933517,0.7333799161786582,0.013263628311442233,0.015934868147613912
2195.077,16.66633855,2.4676909738670627,16.656160828157468,16.653471085451667,17.379961788912976,0.7331108355501391,0.010177721842531184,0.012867464548332208
2195.559,16.65788154,2.4677410860151108,16.655843108204902,16.65313623353112,17.380726959023484,0.7328418038524787,0.002038431795099882,0.004745306468880273
2196.042,16.65803706,2.4677912654733736,16.655630352658154,16.65290769429534,17.381493115635475,0.7325722630810072,0.0024067073418478913,0.005129365704661382
2196.524,16.67808097,2.4678413044944874,16.655523499180298,16.65278647859645,17.382257086602877,0.7323033293465795,0.022557470819702274,0.025294491403549557
2197.006,16.66990106,2.4678913070425357,16.655522039173675,16.6527720507387,17.38302045913712,0.7320344445430101,0.014379020826325473,0.0171290092612999
2197.488,16.66651372,2.4679412731524466,16.655625998352818,16.652864442643843,17.38378323358268,0.7317656086702989,0.010887721647183213,0.013649277356158507
2197.97,16.67014209,2.4679912028591073,16.65583538701688,16.65306367000828,17.384545410284037,0.7314968217284461,0.01430670298312009,0.01707841999171933
2198.452,16.67659281,2.4680410961973633,16.656150200062108,16.653369732313102,17.385306989585665,0.7312280837174514,0.020442609937891376,0.023223077686896687
2198.934,16.65952653,2.4680909532020183,16.656570416996562,16.653782612836775,17.386067971832038,0.730959394637315,0.0029561130034387872,0.005743917163226087
2199.416,16.67191674,2.468140773907835,16.657096001957058,16.65430227867058,17.386828357367637,0.7306907544880369,0.014820738042942594,0.01761446132941913
2199.898,16.66944585,2.4681905583495363,16.6577269037283,16.654928680736763,17.387588146536938,0.7304221632696172,0.011718946271699338,0.014517169263235985
2200.381,16.67290551,2.4682404097362234,16.65846469240379,16.655663385538286,17.38834891415461,0.7301530638912438,0.014440817596209854,0.01724212446171336
2200.863,16.65140975,2.468290121678635,16.659306230947298,16.656503269311052,17.38910751038926,0.7298845706360568,-0.007896480947298556,-0.005093519311053285
2201.345,16.67279554,2.46833979746092,16.66025284055034,16.657449645071253,17.389865511291756,0.7296161263117281,0.012542699449660688,0.015345894928746162
2201.827,16.674176,2.4683894371176356,16.661304408793267,16.658502399266613,17.390622917206578,0.7293477309182576,0.012871591206732091,0.015673600733386195
2202.309,16.66931763,2.4684390406832977,16.66246080803324,16.659661402306806,17.3913797284782,0.7290793844556455,0.006856821966756854,0.009656227693191965
2202.791,16.65552155,2.4684886081923825,16.663721895436552,16.660926508597626,17.392135945451102,0.7288110869238915,-0.00820034543655268,-0.005404958597626575
2203.273,16.65822236,2.4685381396793242,16.665087513013155,16.662297556577876,17.392891568469757,0.7285428383229959,-0.006865153013155378,-0.004075196577876028
2203.755,16.65491146,2.468587635178517,16.666557487653346,16.66377436875884,17.393646597878647,0.7282746386529586,-0.011646027653345215,-0.008862908758839438
2204.238,16.65757633,2.4686371973001293,16.668135005169336,16.66536014431685,17.394402598626,0.7280059316353088,-0.010558675169335174,-0.007783814316848492
2204.719,16.66381331,2.468686518351026,16.6698097403227,16.66704449638599,17.39515487724503,0.7277383861054588,-0.005996430322703361,-0.0032311863859924017
2205.202,16.6675552,2.4687360085198438,16.671595401378397,16.668841206405,17.39590969003641,0.7274697771525578,-0.004040201378398223,-0.0012860064049995401
2205.684,16.65357138,2.4687853603368213,16.673480986694955,16.67073920084651,17.39666234722266,0.7272017733074698,-0.019909606694955784,-0.017167820846509585
2206.166,16.6712058,2.46883467633748,16.67546983763666,16.67274183415066,17.39741441252224,0.7269338183932401,-0.004264037636659168,-0.0015360341506607256
2206.648,16.67312534,2.468883956555971,16.677561691236075,16.674848834207637,17.39816588627963,0.7266659124098688,-0.004436351236076774,-0.0017234942076385096
2207.13,16.66590211,2.468933201026404,16.67975626972312,16.6770599133299,17.39891676883931,0.7263980553573557,-0.013854159723120318,-0.011157803329897575
2207.612,16.68169552,2.468982409782848,16.682053280578792,16.67937476831245,17.39966706054575,0.7261302472357007,-0.00035776057879033374,0.0023207516875523027
2208.094,16.68673082,2.469031582859334,16.684452416591025,16.681793080495613,17.40041676174343,0.7258624880449042,0.002278403408976004,0.004937739504388361
2208.576,16.67855578,2.4690807202898504,16.686953355912603,16.68431451583038,17.401165872776826,0.7255947777849658,-0.008397575912603372,-0.005758735830379891
2209.059,16.69715228,2.4691299239423445,16.689561266537677,16.686944275946168,17.401915946326113,0.7253265611927885,0.00759101346232427,0.010208004053833264
2209.541,16.67116932,2.4691789901089516,16.692264998106975,16.68967110629895,17.402663876841757,0.7250589488960829,-0.021095678106973992,-0.018501786298948275
2210.023,16.69221342,2.4692280207313875,16.69506947947018,16.692499965207276,17.40341121822726,0.7247913855302357,-0.0028560594701794173,-0.0002865452072740027
2210.505,16.69774385,2.469277015843481,16.69797433083013,16.695430457736595,17.4041579708271,0.7245238710952469,-0.0002304808301332173,0.0023133922634031023
2210.987,16.71218807,2.4693259754790216,16.700979158075068,16.69846217392707,17.40490413498576,0.7242564055911161,0.011208911924931897,0.01372589607293051
2211.469,16.68591115,2.469374899671758,16.70408355284882,16.70159468887364,17.40564971104771,0.7239889890178437,-0.0181724028488226,-0.015683538873641822
2211.951,16.71427415,2.4694237884554013,16.707287092622998,16.704827562808596,17.406394699357435,0.7237216213754296,0.006987057377003225,0.009446587191405342
2212.433,16.71924672,2.46947264186362,16.710589340771122,16.70816034118643,17.407139100259407,0.7234543026638737,0.008657379228878881,0.011086378813569553
2212.916,16.71201716,2.4695215611756267,16.713997003454914,16.711599778575643,17.40788445667033,0.7231864784324197,-0.0019798434549151978,0.0004173814243557672
2213.398,16.70253295,2.4695703438606302,16.71749550485964,16.715131148310572,17.408627682573325,0.7229192576840967,-0.014962554859643262,-0.01259819831057385
2213.88,16.72551703,2.469619091271052,16.72109131993468,16.718760970020625,17.409370322102713,0.7226520858666321,0.004425710065319777,0.006756059979373674
2214.362,16.73681054,2.4696678034404025,16.724783956413724,16.72248873091537,17.41011237560297,0.7223849629800254,0.012026583586276729,0.014321809084631099
2214.844,16.71726063,2.469716480402154,16.728572908332758,16.726313903886336,17.410853843418575,0.7221178890242772,-0.011312278332759718,-0.009053273886337365
2215.326,16.71768249,2.4697651221897403,16.732457656115912,16.730235947605816,17.41159472589401,0.7218508639993874,-0.014775166115910565,-0.012553457605815055
2215.808,16.73520631,2.4698137288365536,16.736437666663107,16.73425430662786,17.412335023373736,0.7215838879053558,-0.0012313566631085848,0.0009520033721379662
2216.29,16.7462456,2.469862300375949,16.740512393439726,16.73836841149155,17.413074736202244,0.7213169607421822,0.005733206560275761,0.007877188508452093
2216.772,16.72381059,2.469910836841241,16.744681276568006,16.742577678826333,17.413813864724005,0.721050082509867,-0.02087068656800639,-0.018767088826333378
2217.255,16.73807376,2.4699594388546653,16.74895268308658,16.746890538451936,17.414553940926837,0.7207826996715112,-0.010878923086579562,-0.008816778451937068
2217.737,16.76215524,2.470007905198943,16.753308338702034,16.751288519800823,17.415291900658076,0.720515919402429,0.008846901297964394,0.010866720199175006
2218.219,16.75632258,2.4700563365688963,16.757756390662465,16.755779829828672,17.41602927711671,0.7202491880642049,-0.0014338106624656177,0.0005427501713270999
2218.701,16.75931435,2.470104732997684,16.762296226642185,16.76036383059591,17.416766070647224,0.7199825056568392,-0.0029818766421847442,-0.001049480595909813
2219.183,16.77556755,2.4701530945184254,16.766927221457316,16.765039870812736,17.417502281594093,0.7197158721803316,0.008640328542686149,0.010527679187266159
2219.665,16.76544526,2.470201421164201,16.771648737168093,16.769807285957114,17.418237910301794,0.7194492876346824,-0.006203477168092775,-0.004362025957114213
2220.147,16.78211627,2.4702497129680534,16.776460123182954,16.77466539839489,17.418972957114804,0.7191827520198915,0.005656146817045737,0.007450871605108489
2220.629,16.78149401,2.470297969962985,16.78136071636432,16.77961351750179,17.4197074223776,0.7189162653359588,0.00013329363568104213,0.0018804924982092075
2221.112,16.76756316,2.4703462921919312,16.786360283570612,16.784661483206722,17.420442828411762,0.7186492748583264,-0.018797123570610808,-0.017098323206720778
2221.594,16.77351991,2.47039447959583,16.79143743355235,16.789787675477726,17.42117613040281,0.7183828861376266,-0.01791752355234877,-0.016267765477724794
2222.076,16.8063246,2.470442632289654,16.79660172563049,16.79500172432907,17.421908851877788,0.718116546347785,0.00972287436950836,0.011322875670931154
2222.558,16.78130386,2.470490750306252,16.801852447550644,16.800302888409615,17.422640993181176,0.7178502554888017,-0.020548587550642594,-0.018999028409613317
2223.04,16.80167336,2.4705388336784337,16.80718887506715,16.805690414017505,17.423372554657448,0.7175840135606767,-0.005515515067152421,-0.004017054017506183
2223.522,16.80733712,2.4705868824389707,16.81261027205892,16.811163535233568,17.42410353665108,0.7173178205634099,-0.005273152058919095,-0.0038264152335685253
2224.004,16.80935827,2.470634896620597,16.818115890646897,16.816721474056482,17.42483393950655,0.7170516764970014,-0.008757620646896669,-0.00736320405648172
2224.486,16.81634614,2.4706828762560065,16.82370497131316,16.822363440539775,17.425563763568338,0.7167855813614512,-0.007358831313158731,-0.0060173005397743395
2224.969,16.81944481,2.4707309208132093,16.82938859559896,16.82810059687371,17.426294521537567,0.7165189832445423,-0.00994378559895992,-0.00865578687371027
2225.451,16.83621222,2.470778831382615,16.83514244503085,16.833908371879343,17.427023187846387,0.716252986072225,0.0010697749691495062,0.0023038481206576478
2225.933,16.82334536,2.470826707503727,16.8409774077097,16.8397977327067,17.427751276395668,0.7159870378307659,-0.01763204770970006,-0.016452372706698526
2226.415,16.84512394,2.4708745492090873,16.846892678760863,16.8457678430088,17.42847878752989,0.7157211385201651,-0.001768738760862476,-0.0006439030088003506
2226.897,16.82909623,2.470922356531201,16.852887442289628,16.85181785520394,17.429205721593526,0.7154552881404225,-0.023791212289626884,-0.022721625203939055
2227.379,16.85190517,2.4709701295025326,16.858960871509435,16.85794691062252,17.429932078931056,0.7151894866915381,-0.007055701509436574,-0.006041740622521274
2227.861,16.86890561,2.4710178681555113,16.865112128871576,16.864154139655582,17.430657859886953,0.7149237341735121,0.0037934811284223713,0.004751470344416475
2228.343,16.85659766,2.4710655725225266,16.871340366196268,16.870438661904668,17.431383064805697,0.7146580305863444,-0.014742706196269495,-0.013841001904669525
2228.825,16.85414877,2.4711132426359317,16.87764472480525,16.87679958633336,17.432107694031764,0.7143923759300348,-0.02349595480525224,-0.022650816333360524
2229.308,16.87564091,2.4711609773221412,16.884037648979035,16.88324944285096,17.43283324949827,0.714126219206224,-0.008396738979033813,-0.007608532850959193
2229.79,16.87974431,2.4712085789543323,16.890491786178448,16.88976061053695,17.43355672717982,0.7138606625131475,-0.010747476178448068,-0.01001630053695024
2230.272,16.89184091,2.47125614642981,16.89701940512681,16.89634544307778,17.434279630202838,0.713595154750929,-0.005178495126809679,-0.004504533077781758
2230.754,16.89868124,2.4713036797807755,16.903619606484227,16.903003008407342,17.4350019589118,0.7133296959195689,-0.004938366484228851,-0.0043217684073439955
2231.236,16.90983629,2.471351179039393,16.910291481095747,16.909732364600234,17.43572371365119,0.7130642860190671,-0.00045519109574598815,0.00010392539976677995
2231.718,16.89930076,2.471398644237788,16.917034110131986,16.916532560031406,17.436444894765476,0.7127989250494235,-0.01773335013198718,-0.01723180003140712
2232.2,16.90514814,2.4714460754080507,16.92384656523096,16.92340263353713,17.437165502599143,0.7125336130106381,-0.01869842523095855,-0.01825449353712827
2232.682,16.90927448,2.4714934725822313,16.930727908641227,16.93034161457712,17.43788553749666,0.7122683499027112,-0.02145342864122668,-0.021067134577119617
2233.165,16.89670862,2.471540934020983,16.93769168093243,16.93736313047948,17.438606491867926,0.7120025855396238,-0.04098306093243309,-0.040654510479480876
2233.646,16.93958329,2.471588165070367,16.944693463309672,16.9444223711975,17.439323889861164,0.7117379704794317,-0.005110173309670785,-0.0048390811974989845
2234.129,16.94831181,2.4716355585362115,16.951790514924184,16.95157704098015,17.440043697709484,0.7114723041810938,-0.0034787049241842283,-0.0032652309801513013
2234.611,16.91564557,2.4716828199756007,16.958937985284877,16.958781898633,17.44076144312174,0.711207236898116,-0.043292415284877706,-0.04313632863300043
2235.093,16.96053563,2.4717300475786717,16.966149517403462,16.966050674113575,17.44147861732095,0.7109422185459967,-0.005613887403463025,-0.00551504411357584
2235.575,16.96379184,2.4717772413772527,16.97342412024643,16.973382344075024,17.442195220651588,0.7106772491247356,-0.009632280246432146,-0.009590504075024597
2236.057,16.96514534,2.471824401403135,16.980760794425915,16.980775876960962,17.44291125345814,0.7104123286343327,-0.015615454425915942,-0.015630536960962615
2236.539,16.97815526,2.471871527688072,16.988158532351953,16.988230233176232,17.44362671608507,0.7101474570747879,-0.010003272351951864,-0.010074973176230628
2237.021,16.98845746,2.4719186202637813,16.995616318385807,16.995744365258542,17.44434160887686,0.7098826344461016,-0.007158858385807321,-0.007286905258542475
2237.503,16.99936912,2.4719656791619427,17.003133128994314,17.00331721805113,17.44505593217799,0.7096178607482736,-0.0037640089943131727,-0.0039480980511292785
2237.986,17.00542682,2.47201280194201,17.010723707830504,17.0109636190057,17.4457711665593,0.709352586810659,-0.005296887830503749,-0.005536799005700033
2238.468,16.99414552,2.4720597935102613,17.018355583266477,17.01865083412355,17.44648435073281,0.709087911076064,-0.024210063266476567,-0.024505314123551614
2238.95,17.02918333,2.4721067514958497,17.02604336469096,17.026393557810362,17.447196966449802,0.708823284272327,0.003139965309038928,0.002789772189636608
2239.432,17.02100673,2.472153675930308,17.03378599854115,17.034190705859277,17.44790901405476,0.7085587063994483,-0.012779268541148525,-0.013183975859277552
2239.914,17.03021662,2.4722005668451326,17.041582424146327,17.04204118724427,17.44862049389215,0.7082941774574278,-0.011365804146326042,-0.01182456724426828
2240.396,17.04541195,2.472247424271783,17.049431573887826,17.049943904297393,17.44933140630646,0.7080296974462656,-0.004019623887828061,-0.004531954297394947
2240.878,17.05632516,2.472294248241682,17.057332373359856,17.057897752886596,17.450041751642157,0.7077652663659617,-0.001007213359855541,-0.0015725928865961691
2241.36,17.04113519,2.4723410387862175,17.06528374153115,17.065901622594247,17.450751530243725,0.7075008842165162,-0.024148551531151696,-0.024766432594248045
2241.843,17.04640709,2.4723878929085834,17.07330124085782,17.073971153955192,17.45146221326175,0.7072360026396253,-0.026894150857820875,-0.027564063955193063
2242.325,17.08466576,2.4724346166272198,17.08135057689255,17.082071808362276,17.452170858254473,0.7069717184534126,0.003315183107449826,0.0025939516377242455
2242.807,17.07722933,2.4724813070144993,17.089447198120094,17.090219114367784,17.452878937547215,0.7067074831980581,-0.012217868120092845,-0.01298978436778242
2243.289,17.09875158,2.472527964101662,17.09758999862731,17.09841193819604,17.453586451484448,0.7064432968735617,0.0011615813726884028,0.0003396418039578464
2243.771,17.09655689,2.4725745879199135,17.105777866695814,17.106649140686546,17.45429340041065,0.7061791594799237,-0.009220976695814898,-0.010092250686547288
2244.253,17.11999405,2.4726211785004226,17.114009684968053,17.114929577475465,17.454999784670296,0.705915071017144,0.005984365031945771,0.005064472524534125
2244.735,17.11637706,2.472667735874322,17.1222843306141,17.12325209917745,17.455705604607864,0.7056510314852227,-0.005907270614098792,-0.006875039177447917
2245.217,17.12233048,2.4727142600727086,17.130600675499064,17.131615551567872,17.456410860567832,0.7053870408841595,-0.00827019549906538,-0.009285071567873615
2245.699,17.14618066,2.4727607511266427,17.138957586351097,17.140018775765295,17.457115552894674,0.7051230992139547,0.0072230736489018454,0.006161884234703763
2246.182,17.13952676,2.4728073054185185,17.147371384912482,17.14847816191402,17.457821142196202,0.7048586590301619,-0.007844624912483056,-0.008951401914021773
2246.664,17.16627982,2.4728537302079827,17.155806086416376,17.156957511829738,17.458524707122656,0.7045948153231897,0.010473733583623357,0.009322308170261806
2247.146,17.17602884,2.472900121946025,17.164277922553214,17.165473128361604,17.45922770945013,0.7043310205470759,0.011750917446786247,0.010555711638396303
2247.628,17.16745738,2.4729464806635626,17.172785741185862,17.174023835823544,17.4599301495231,0.7040672747018204,-0.0053283611858638835,-0.006566455823545425
2248.11,17.19818701,2.472992806391477,17.1813283858889,17.182608454789253,17.46063202768605,0.7038035777874232,0.016858624111101506,0.015578555210748135
2248.592,17.20105157,2.473039099160613,17.189904696119857,17.191225802275962,17.46133334428345,0.7035399298038844,0.01114687388014346,0.009825767724038315
2249.074,17.17944408,2.473085359001781,17.19851350739072,17.19987469192828,17.462034099659782,0.7032763307512037,-0.019069427390721927,-0.020430611928279774
2249.556,17.22569362,2.4731315859457546,17.20715365144005,17.20855393420205,17.462734294159517,0.7030127806293812,0.01853996855995277,0.01713968579795022
2250.039,17.23246535,2.473177875827465,17.215841975127198,17.2172804332561,17.46343537906746,0.7027487328063117,0.01662337487280041,0.015184916743898214
2250.521,17.22859428,2.473224037001139,17.22454132462931,17.22601685707848,17.464134451685588,0.7024852806477221,0.004052955370688949,0.002577422921518746
2251.003,17.23357151,2.473270165369793,17.233268478761495,17.234780045108252,17.464832964461266,0.7022218774199908,0.00030303123850572433,-0.0012085351082511409
2251.485,17.26331485,2.4733162609640575,17.24202225588919,17.243568796880226,17.46553091773897,0.7019585231231178,0.02129259411081108,0.019746053119774842
2251.967,17.26605751,2.4733623238145306,17.250801471469913,17.252381909660006,17.466228311863183,0.7016952177571031,0.015256038530086613,0.01367560033999382
2252.449,17.26401052,2.473408353951773,17.259604938227074,17.26121817862755,17.46692514717838,0.7014319613219465,0.00440558177292516,0.002792341372447993
2252.931,17.28508219,2.473454351406311,17.268431466324216,17.270076397060627,17.467621424029037,0.7011687538176483,0.016650723675784462,0.015005792939373208
2253.413,17.26418215,2.4735003162086358,17.27727986353926,17.278955356517983,17.46831714275963,0.7009055952442085,-0.013097713539259814,-0.014773206517983084
2253.896,17.28311683,2.473546343650295,17.286167356664816,17.287872328083292,17.46901374537772,0.7006419397818624,-0.0030505266648148677,-0.004755498083291343
2254.378,17.3013656,2.473592243171941,17.295055945946142,17.296789175051938,17.46970834774548,0.7003788791716553,0.0063096540538580825,0.004576424948062652
2254.86,17.31592611,2.4736381101326983,17.303962812623713,17.3057231267192,17.47040239302732,0.7001158674923064,0.011963297376286874,0.010202983280798605
2255.342,17.31782255,2.473683944562919,17.312886756676477,17.3146729695934,17.471095881567727,0.6998529047438159,0.00493579332352212,0.003149580406599739
2255.824,17.32224125,2.473729746492917,17.321826576572036,17.323637489376363,17.471788813711168,0.6995899909261837,0.00041467342796508433,-0.0013962393763620184
2256.306,17.35548199,2.473775515952974,17.33078106944172,17.33261547114505,17.47248118980212,0.6993271260394096,0.024700920558281325,0.022866518854950613
2256.788,17.35298202,2.4738212529733357,17.33974903125566,17.341605699532522,17.473173010185064,0.6990643100834939,0.013232988744338314,0.01137632046747683
2257.27,17.35311275,2.4738669575842125,17.348729256997785,17.35060695890862,17.47386427520448,0.6988015430584364,0.004383493002215744,0.0025057910913801607
2257.752,17.37046702,2.4739126298157808,17.357720540840955,17.359618033560157,17.47455498520484,0.6985388249642372,0.01274647915904481,0.01084898643984289
2258.235,17.3666813,2.473958364353129,17.36674036028037,17.368656428984046,17.475246571811795,0.6982756108949891,-5.906028037117039e-05,-0.0019751289840463926
2258.717,17.38681652,2.474003971849449,17.375750157154872,17.37768350167002,17.47593617165777,0.6980129907640228,0.011066362845127742,0.009133018329979592
2259.199,17.39159299,2.4740495470568438,17.384767389027058,17.386716741268483,17.476625217518833,0.6977504195639147,0.006825600972941714,0.004876248731516597
2259.681,17.3917746,2.47409509000535,17.393790848574366,17.39575493352767,17.477313709739466,0.6974878972946649,-0.002016248574363999,-0.003980333527668023
2260.163,17.40938832,2.4741406007249704,17.40281932853743,17.404796865006436,17.478001648664144,0.6972254239562733,0.006568991462572171,0.0045914549935659466
2260.645,17.42058576,2.4741860792456736,17.411851621894492,17.413841323251205,17.478689034637338,0.6969629995487401,0.008734138105509714,0.006744436748796545
2261.127,17.41798304,2.4742315255973937,17.42088652203559,17.422887096972246,17.479375868003533,0.696700624072065,-0.0029034820355917645,-0.004904056972247162
2261.609,17.44232497,2.4742769398100304,17.429922822936458,17.431932976219347,17.480062149107205,0.6964382975262483,0.012402147063543367,0.010391993780654474
2262.092,17.42572143,2.474322416033833,17.43897806661764,17.440996515668886,17.48074930039401,0.6961754758177239,-0.013256636617640538,-0.015275085668886135
2262.573,17.43842096,2.474367671937479,17.44799480689092,17.450020219237075,17.48143305590488,0.6959137912271895,-0.009573846890923221,-0.011599259237076609
2263.056,17.4648241,2.474413083899318,17.457046820488436,17.459077919900132,17.482119102101763,0.6956510675834143,0.007777279511564927,0.005746180099869491
2263.538,17.47142143,2.4744583697875293,17.46607667364208,17.468112143610625,17.482803176457548,0.6953889368625469,0.005344756357921199,0.003309286389374222
2264.02,17.48274763,2.4745036236857016,17.475101909800152,17.4771404467973,17.483486700273907,0.6951268550725378,0.007645720199846551,0.005607183202698707
2264.502,17.49477665,2.4745488456235303,17.484121330093426,17.4861616312,17.48416967389532,0.694864822213387,0.010655319906572203,0.008615018799996932
2264.984,17.49938046,2.4745940356306737,17.493133737447963,17.495174501107243,17.484852097666263,0.6946028382850944,0.006246722552038619,0.004205958892757877
2265.466,17.51163497,2.47463919373676,17.502137936756434,17.50417786352565,17.485533971931208,0.6943409032876602,0.009497033243565767,0.007457106474348052
2265.948,17.50768236,2.4746843199713795,17.511132735048843,17.513170528348528,17.486215297034633,0.6940790172210841,-0.003450375048842602,-0.005488168348527722
2266.43,17.52959689,2.474729414364091,17.520116941662987,17.522151308523572,17.486896073321024,0.6938171800853664,0.009479948337013155,0.007445581476428487
2266.913,17.52206176,2.4747745704022015,17.52910797033944,17.53113761102648,17.487577711825978,0.6935548488023144,-0.007046210339439085,-0.009075851026480564
2267.395,17.57053919,2.4748196011337273,17.538067403560344,17.54009104301264,17.48825739037488,0.6932931096298296,0.032471786439657535,0.030448146987360758
2267.877,17.55431273,2.4748646001118773,17.547012686207715,17.54902904674531,17.488936521140886,0.6930314193882029,0.0073000437922843275,0.0052836832546887535
2268.359,17.56496984,2.474909567366075,17.55594263854976,17.557950449055735,17.489615104468474,0.6927697780774346,0.009027201450241051,0.007019390944265069
2268.841,17.57053065,2.474954502925709,17.5648560840065,17.566854080653968,17.490293140702125,0.6925081856975245,0.005674565993498248,0.003676569346030334
2269.323,17.57579546,2.4749994068201353,17.573751849316853,17.575738776290848,17.490970630186307,0.6922466422484727,0.0020436106831454026,5.668370915046239e-05
2269.805,17.58118672,2.4750442790786757,17.582628764704992,17.584603374918736,17.491647573265503,0.6919851477302792,-0.0014420447049907636,-0.0034166549187339967
2270.287,17.58035431,2.475089119730619,17.591485664046054,17.59344671985127,17.492323970284193,0.6917237021429438,-0.011131354046053588,-0.013092409851267917
2270.77,17.60315119,2.4751340217372997,17.600339693583376,17.602285935537783,17.493001223200945,0.6914617632206154,0.0028114964166228162,0.0008652544622158587
2271.252,17.60230397,2.4751787991983565,17.60915303034097,17.61108327120236,17.493676528000925,0.691200415596513,-0.006849060340968549,-0.00877930120235959
2271.734,17.61911228,2.475223545140541,17.61794287383917,17.61985590849558,17.494351287774542,0.6909391169032688,0.0011694061608302775,-0.0007436284955808503
2272.216,17.62791376,2.475268259593007,17.62670807420908,17.628602709762024,17.49502550286627,0.6906778671408829,0.0012056857909179541,-0.0006889497620257146
2272.698,17.62973331,2.4753129425848766,17.635447486050982,17.63732254248996,17.49569917362059,0.6904166663093553,-0.0057141760509829,-0.007589232489962683
2273.18,17.61010024,2.4753575941452373,17.644159968595524,17.646014279464246,17.496372300381978,0.6901555144086859,-0.03405972859552264,-0.03591403946424521
2273.662,17.65138535,2.475402214303145,17.652844385864142,17.654676798918096,17.497044883494908,0.6898944114388749,-0.0014590358641406453,-0.0032914489180946305
2274.144,17.66190878,2.4754468030876193,17.661499606828695,17.663308984683603,17.497716923303855,0.689633357399922,0.00040917317130606534,-0.0014002046836019133
2274.626,17.67289683,2.4754913605276507,17.670124505570215,17.67190972634119,17.498388420153304,0.6893723522918271,0.0027723244297845895,0.0009871036588080528
2275.109,17.69791579,2.475535978997513,17.678735756723885,17.680495661104345,17.499060765845154,0.6891108547625971,0.019180033276114727,0.017420128895654585
2275.591,17.69299695,2.4755804737706106,17.68729658578375,17.689030136074518,17.499731176684342,0.6888499476177353,0.005700364216252751,0.003966813925483592
2276.073,17.69862911,2.475624937286091,17.695823744795916,17.697529869382382,17.500401045598178,0.6885890894037319,0.0028053652040824772,0.0010992406176164593
2276.555,17.71407649,2.475669369572811,17.704316129859187,17.705993775082952,17.50107037293113,0.6883282801205868,0.009760360140813162,0.00808271491704815
2277.037,17.72227136,2.475713770659595,17.712772642961678,17.71442077370751,17.50173915902768,0.6880675197682998,0.009498717038322724,0.007850586292491357
2277.519,17.72133132,2.4757581405752322,17.72119219213389,17.72280979240527,17.502407404232304,0.6878068083468711,0.0001391278661095896,-0.0014784724052674392
2278.001,17.71915179,2.475802479348481,17.729573691600823,17.731159765083806,17.503075108889483,0.6875461458563006,-0.01042190160082157,-0.012007975083804467
2278.483,17.74463515,2.4758467870080674,17.73791606193293,17.73946963254796,17.503742273343686,0.6872855322965884,0.006719088067072221,0.005165517452041968
2278.966,17.76445867,2.4758911554105025,17.746235412080782,17.747755454128523,17.504410280417034,0.687024427128082,0.018223257919217417,0.01670321587147683
2279.448,17.77822592,2.4759354008644032,17.754496225262464,17.755981873216342,17.505076364379757,0.6867639115316028,0.023729694737536278,0.022244046783658433
2279.93,17.77265014,2.4759796152906794,17.762714708396718,17.76416505011229,17.505741909173658,0.6865034448659817,0.009935431603281586,0.008485089887710018
2280.412,17.79375889,2.4760237987179248,17.770889808939124,17.772303954588477,17.50640691514321,0.686243027131219,0.022869081060875374,0.02145493541152277
2280.894,17.80020914,2.4760679511747012,17.779020481429797,17.780397563988927,17.507071382632887,0.6859826583273145,0.021188658570203245,0.019811576011072418
2281.376,17.79306128,2.476112072689538,17.78710568763783,17.788444863360223,17.50773531198717,0.6857223384542681,0.005955592362170137,0.004616416639777299
2281.858,17.81883663,2.4761561632909324,17.79514439670435,17.79644484558072,17.508398703550533,0.6854620675120802,0.02369223329564818,0.02239178441928047
2282.34,17.82219689,2.4762002230073485,17.803135585284597,17.804396511488335,17.509061557667454,0.6852018455007506,0.019061304715403793,0.017800378511665826
2282.823,17.8274386,2.476244343181345,17.81109466506682,17.812315213003476,17.50972524822603,0.6849411326929675,0.016343934933182425,0.015123386996524601
2283.305,17.82689838,2.476288341149139,17.81898766956825,17.820167175915063,17.510387027370257,0.6846810086448707,0.007910710431747958,0.006731204084935882
2283.787,17.83018877,2.4763323083172133,17.82683012796859,17.82796787202788,17.51104827010218,0.6844209335276322,0.00335864203140801,0.002220897972119218
2284.269,17.85492013,2.4763762447139026,17.83462104839135,17.835716335284463,17.511708976766293,0.6841609073412519,0.02029908160864835,0.019203794715537015
2284.751,17.85001589,2.47642015036751,17.84235944716558,17.84341160820409,17.51236914770706,0.6839009300857297,0.007656442834420574,0.006604281795912215
2285.233,17.84467315,2.476464025306307,17.850044348960317,17.851052742001716,17.513028783268965,0.683641001761066,-0.005371198960318679,-0.006379592001717782
2285.715,17.85235993,2.476507869558531,17.85767478691757,17.85863879670538,17.51368788379648,0.6833811223672606,-0.005314856917571831,-0.006278866705383024
2286.197,17.87487472,2.47655168315239,17.865249802784092,17.866168841272113,17.514346449634083,0.6831212919043134,0.009624917215909079,0.00870587872788775
2286.679,17.86285971,2.476595466116058,17.87276844704165,17.873641953702233,17.515004481126258,0.6828615103722244,-0.00990873704165196,-0.01078224370223424
2287.162,17.87087573,2.476639309218421,17.880245198754118,17.881072544766464,17.515663342165293,0.6826012389575394,-0.009369468754115928,-0.010196814766462836
2287.644,17.87991652,2.476683030942702,17.887648165022416,17.88842894084258,17.516320304893217,0.6823415553886834,-0.0077316450224174105,-0.008512420842581747
2288.126,17.88473314,2.476726722121183,17.894991962915405,17.89572569231828,17.51697673430985,0.6820819207506853,-0.010258822915403698,-0.010992552318278115
2288.608,17.87772706,2.4767703827819108,17.902275679149742,17.90296191449977,17.517632630759667,0.6818223350435457,-0.024548619149740603,-0.025234854499768034
2289.09,17.87349381,2.476814012952901,17.90949840980802,17.910136732285455,17.51828799458716,0.6815627982672645,-0.03600459980802029,-0.036642922285455626
2289.572,17.89124265,2.4768576126621373,17.91665926046045,17.9172492802709,17.518942826136787,0.6813033104218416,-0.025416610460450073,-0.026006630270902775
2290.054,17.89699181,2.476901181937571,17.923757346285225,17.92429870285234,17.519597125753037,0.6810438715072767,-0.026765536285225267,-0.02730689285234078
2290.536,17.90682144,2.4769447208071225,17.930791792187303,17.931284154328495,17.520250893780382,0.6807844815235703,-0.023970352187301813,-0.024462714328493007
2291.019,17.90556023,2.476988319533702,17.937776125725648,17.93821908924389,17.520905485274348,0.6805246024696088,-0.03221589572564909,-0.03265885924389167
2291.5,17.91191806,2.4770317074401023,17.944666313179148,17.94505981127242,17.521556836446273,0.6802658483487322,-0.03274825317914676,-0.03314175127241725
2291.983,17.92486744,2.477075245368415,17.95151880585798,17.951862390270744,17.522210364283342,0.6800060673595196,-0.02665136585797967,-0.026994950270744056
2292.465,17.9202042,2.477118662830186,17.958289999777136,17.958583561480605,17.52286200830018,0.6797468732007627,-0.038085799777135776,-0.0383793614806045
2292.947,17.94597351,2.4771620500252585,17.96499332655046,17.965236683432053,17.523513122451213,0.6794877279728637,-0.01901981655045759,-0.019263173432051417
2293.429,17.94948681,2.4772054069813656,17.971627971874057,17.97182097191041,17.52416370708092,0.6792286316758231,-0.02214116187405679,-0.022334161910411154
2293.911,17.95846326,2.4772487337262064,17.97819313195927,17.97833565327185,17.52481376253378,0.678969584309641,-0.019729871959270895,-0.019872393271850086
2294.393,17.95353791,2.477292030287449,17.984688013639037,17.984779964532457,17.525463289154263,0.6787105858743169,-0.031150103639035365,-0.031242054532455654
2294.875,17.96553197,2.4773352966927304,17.99111183447247,17.99115315345555,17.52611228728685,0.6784516363698512,-0.025579864472469183,-0.025621183455548646
2295.357,17.96306576,2.477378532969657,17.997463822847884,17.997454478637433,17.52676075727602,0.6781927357962438,-0.0343980628478846,-0.03438871863743387
2295.84,17.98877395,2.4774218287539025,18.003756169892693,18.003696056307312,17.52741004319624,0.6779333471677547,-0.014982219892694104,-0.014922106307313499
2296.322,17.98376827,2.477465004794448,18.009962069403503,18.00985132070298,17.52805745683806,0.6776745445573801,-0.026193799403504414,-0.02608305070297945
2296.804,17.99525103,2.477508150789326,18.01609388608045,18.0159325615187,17.528704343370602,0.6774157908778637,-0.020842856080452776,-0.02068153151870078
2297.286,18.00676838,2.4775512667660182,18.022150892648373,18.02193908153035,17.52935070313835,0.6771570861292057,-0.015382512648372426,-0.015170701530347941
2297.768,18.01451512,2.4775943527519746,18.02813237315122,18.027870194750964,17.52999653648578,0.6768984303114058,-0.013617253151220865,-0.013355074750965201
2298.25,18.01020248,2.477637408774615,18.034037623044952,18.033725226506576,17.530641843757362,0.6766398234244643,-0.023835143044951934,-0.023522746506575487
2298.732,18.01792602,2.4776804348613273,18.0398659492886,18.039503513510397,17.531286625297582,0.6763812654683811,-0.021939929288599558,-0.02157749351039584
2299.214,18.02567306,2.4777234310394696,18.045616670433695,18.045204403935404,17.531930881450915,0.676122756443156,-0.01994361043369608,-0.019531343935405232
2299.697,18.02074148,2.47776648644702,18.051300803447564,18.05083884159925,17.532575947558016,0.6758637601753905,-0.030559323447562292,-0.030097361599249695
2400.459,17.5165437,2.486132335446269,17.513423793345307,17.51552901289457,17.656152123875138,0.622907050461763,0.003119906654692528,0.0010146871054281803
2400.941,17.50874238,2.486169585810916,17.506804733260886,17.508887902208105,17.656693204496065,0.6226588683855404,0.0019376467391154506,-0.00014552220810415406
2401.423,17.50653978,2.486206811433001,17.500212397640507,17.502272488070204,17.65723383277709,0.6224107352401761,0.006327382359494038,0.004267291929796357
2401.905,17.49835598,2.486244012334162,17.493647780493028,17.49568377855868,17.657774009062695,0.6221626510256698,0.004708199506971766,0.002672201441320965
2402.387,17.50423982,2.4862811885360117,17.4871118709265,17.489122777409385,17.658313733697348,0.6219146157420221,0.01712794907349746,0.01511704259061375
2402.869,17.48287223,2.486318340060143,17.48060565301143,17.482590483870748,17.65885300702553,0.6216666293892326,0.002266576988571245,0.00028174612925369047
2403.352,17.47470894,2.486355543929205,17.474116703457614,17.47607443326839,17.65939294681191,0.6214181776251735,0.0005922365423849385,-0.0013654932683913046
2403.834,17.45958567,2.4863926461114914,17.467672866888485,17.46960259872482,17.659931317626043,0.6211702892356168,-0.008087196888485693,-0.010016928724819962
2404.316,17.46891959,2.486429723680738,17.461261644605862,17.463162443204823,17.660469238167856,0.6209224497769185,0.007657945394136334,0.005757146795176027
2404.798,17.45262459,2.4864667766584434,17.45488399916871,17.45675494655339,17.661006708781816,0.6206746592490783,-0.0022594091687118123,-0.004130356553389447
2405.28,17.44926498,2.486503805066082,17.448540887427825,17.450381083409248,17.661543729812408,0.6204269176520962,0.0007240925721738734,-0.0011161034092488364
2405.762,17.44963421,2.486540808925108,17.442233260394516,17.444041823063028,17.662080301604103,0.6201792249859727,0.007400949605482765,0.005592386936971394
2406.244,17.43238218,2.48657778825695,17.435962063110217,17.437738129316127,17.66261642450138,0.6199315812507074,-0.0035798831102162865,-0.00535594931612593
2406.726,17.43450134,2.4866147430830137,17.42972823451716,17.431470960340263,17.663152098848716,0.6196839864463003,0.0047731054828403785,0.0030303796597372923
2407.208,17.40956919,2.486651673424684,17.423532707329922,17.425241268537796,17.66368732499059,0.6194364405727515,-0.013963517329923292,-0.015672078537797063
2407.691,17.41341745,2.48668865584612,17.417363676919077,17.419037196042854,17.664223212304673,0.6191884302017904,-0.003946226919076423,-0.005619746042853535
2408.173,17.41094205,2.486725537232375,17.411247609386493,17.412885374664445,17.664757542140947,0.6189409822914744,-0.0003055593864935702,-0.0019433246644453561
2408.655,17.38261217,2.4867623941982937,17.40517260465704,17.40677385359654,17.665291424805908,0.6186935833120166,-0.02256043465703783,-0.024161683596538808
2409.137,17.40646929,2.4867992267651684,17.399139569257393,17.40070356076927,17.665824860644026,0.6184462332634173,0.007329720742607293,0.005765729230731154
2409.619,17.39204323,2.486836034954268,17.393149402859976,17.394675417656423,17.666357849999777,0.618198932145676,-0.0011061728599770504,-0.0026321876564239233
2410.101,17.3710049,2.4868728187868396,17.387202998160856,17.388690339140652,17.666890393217642,0.6179516799587933,-0.01619809816085649,-0.017685439140652903
2410.583,17.39257231,2.4869095782841066,17.381301240758848,17.38274923337958,17.6674224906421,0.6177044767027687,0.0112710692411504,0.009823076620417481
2411.065,17.36224013,2.48694631346727,17.375445009035698,17.376853001672828,17.667954142617624,0.6174573223776024,-0.013204879035697559,-0.014612871672827765
2411.548,17.35543435,2.486983100495943,17.369623169267438,17.37099044863199,17.668486451115186,0.6172097043673648,-0.014188819267438646,-0.015556098631989812
2412.03,17.3374244,2.487019787064078,17.363860693529627,17.365186738554467,17.669017212303892,0.616962648005431,-0.02643629352962762,-0.027762338554467192
2412.512,17.33119205,2.4870564493816207,17.35814633590062,17.35943056578459,17.66954752907781,0.6167156405743558,-0.02695428590062221,-0.028238515784590135
2412.994,17.34474925,2.487093087469681,17.352480944702823,17.353722802864002,17.670077401781416,0.6164686820741389,-0.007731694702822978,-0.008973552864002698
2413.476,17.32439634,2.4871297013493483,17.34686536045976,17.348064314825848,17.67060683075919,0.6162217725047803,-0.022469020459759292,-0.023667974825848148
2413.958,17.34779412,2.487166291041687,17.341300415783397,17.342455959067852,17.67113581635561,0.6159749118662798,0.006493704216602225,0.005338160932147673
2414.44,17.33323805,2.48720285656774,17.335786935262664,17.33689858522645,17.671664358915145,0.6157281001586378,-0.0025488852626658343,-0.0036605352264516
2414.922,17.32143434,2.487239397948529,17.33032573535323,17.33139303505203,17.67219245878228,0.6154813373818538,-0.008891395353231246,-0.009958695052031175
2415.405,17.32184248,2.487275990941931,17.3249064598631,17.325928884541195,17.672721210567047,0.6152341117323394,-0.0030639798631000303,-0.004086404541194355
2415.887,17.30595468,2.4873124840451766,17.319552350094774,17.320529586604092,17.673248425166147,0.6149874469187885,-0.013597670094775083,-0.014574906604092774
2416.369,17.2893358,2.4873489530661272,17.314252922055342,17.315184590725824,17.673775198106988,0.6147408310360958,-0.024917122055342134,-0.025848790725824244
2416.851,17.30185123,2.487385398025715,17.309008958573067,17.309894705870743,17.674301529734045,0.6144942640842612,-0.00715772857306618,-0.008043475870742611
2417.333,17.28934793,2.4874218189448474,17.303821233810975,17.304660732510698,17.674827420391804,0.6142477460632851,-0.014473303810973448,-0.015312802510695889
2417.815,17.28154275,2.4874582158444105,17.298690513164484,17.299483462507386,17.67535287042474,0.6140012769731671,-0.017147763164484076,-0.017940712507385825
2418.297,17.27345719,2.4874945887452693,17.29361755316028,17.29436367899604,17.675877880177318,0.6137548568139074,-0.020160363160282913,-0.020906488996040196
2418.779,17.27952392,2.4875309376682644,17.28860310135676,17.289302156270406,17.676402449994026,0.6135084855855062,-0.009079181356760557,-0.009778236270406637
2419.261,17.25580458,2.487567262634216,17.28364789624561,17.28429965966899,17.67692658021934,0.6132621632879629,-0.02784331624561176,-0.02849507966898912
2419.744,17.26528586,2.4876036389523937,17.278742573923978,17.279346753532337,17.67745135723718,0.6130153790315467,-0.01345671392397918,-0.014060893532338525
2420.226,17.28118308,2.487639916017032,17.27390816759032,17.27446469516336,17.67797460840291,0.6127691546972365,0.0072749124096809226,0.006718384836641889
2420.708,17.24914919,2.4876761691869955,17.269135169526667,17.26964390560657,17.678497421011386,0.6125229792937844,-0.019985979526666142,-0.02049471560657068
2421.19,17.25202821,2.487712398483015,17.264424280983214,17.2648851132497,17.67901979540709,0.6122768528211907,-0.012396070983214713,-0.012856903249701901
2421.672,17.2604861,2.4877486039257994,17.259776193672863,17.260189036976787,17.679541731934496,0.6120307752794553,0.0007099063271382988,0.0002970630232148608
2422.154,17.2528932,2.487784785536035,17.25519158968138,17.255556386062853,17.680063230938085,0.611784746668578,-0.0022983896813819626,-0.002663186062854095
2422.636,17.21704606,2.4878209433343867,17.2506711413791,17.250987860069912,17.68058429276233,0.611538766988559,-0.0336250813790997,-0.03394180006991121
2423.118,17.22033793,2.4878570773414976,17.246215511334036,17.246484148744525,17.681104917751714,0.6112928362393985,-0.025877581334036392,-0.026146218744525385
2423.601,17.22661451,2.4878932624707963,17.241816312517024,17.242036792545818,17.681626185026467,0.6110464443437057,-0.015201802517022855,-0.015422282545817012
2424.083,17.20520829,2.4879293489080134,17.237492404882214,17.237664877989758,17.68214593647504,0.6108006115577779,-0.03228411488221283,-0.03245658798975626
2424.565,17.2175949,2.4879654116158294,17.233235244850608,17.233359788804332,17.682665252122895,0.6105548277027082,-0.01564034485060617,-0.015764888804330468
2425.047,17.20366719,2.4880014506147985,17.22904545492109,17.22912217445869,17.68318413231451,0.610309092778497,-0.025378264921087634,-0.025454984458690433
2425.529,17.1970007,2.4880374659254554,17.22492364737823,17.224952674116935,17.683702577394357,0.610063406785144,-0.027922947378229424,-0.027951974116934508
2426.011,17.20923886,2.48807345756831,17.22087042421446,17.220851916544955,17.684220587706914,0.6098177697226492,-0.01163156421446132,-0.011613056544955924
2426.493,17.21738363,2.4881094255638527,17.21688637705382,17.216820520018842,17.68473816359666,0.6095721815910128,0.0004972529461788611,0.0005631099811580498
2426.975,17.1914254,2.488145369932552,17.212972087077237,17.21285909223501,17.685255305408077,0.6093266423902346,-0.021546687077236726,-0.021433692235010682
2427.458,17.20516435,2.4881813651947313,17.209120223420143,17.208960231655553,17.685773085043465,0.6090806428552653,-0.003955873420142808,-0.0037958816555523356
2427.939,17.19568533,2.4882171878711805,17.205355050747063,17.2051485202535,17.686288288173806,0.608835710781253,-0.009669720747062627,-0.00946319025349851
2428.422,17.18818362,2.488253135884034,17.20164580877923,17.201392836820883,17.686805199578046,0.6085898093110328,-0.013462188779229223,-0.01320921682088283
2428.904,17.18156926,2.488288985900774,17.198016297839136,17.197717296885042,17.68732060762353,0.608344465935204,-0.016447037839135703,-0.01614803688504196
2429.386,17.18536277,2.4883248123927264,17.194459291919983,17.1941146035846,17.68783558331378,0.6080991714902334,-0.009096521919982337,-0.008751833584600632
2429.868,17.19363064,2.488360615380229,17.19097530804056,17.19058529932021,17.688350126993274,0.6078539259761211,0.002655331959438456,0.00304534067978679
2430.35,17.1810458,2.4883963948835985,17.187564852297662,17.18712991533047,17.688864239006485,0.6076087293928671,-0.006519052297662142,-0.006084115330470041
2430.832,17.19698655,2.488432150923129,17.184228419804086,17.183748971615696,17.68937791969789,0.6073635817404713,0.012758130195912543,0.013237578384302395
2431.314,17.1840212,2.4884678835190943,17.180966494628297,17.18044297686348,17.689891169411972,0.6071184830189339,0.003054705371702937,0.0035782231365217854
2431.796,17.17044315,2.488503592691746,17.177779549735686,17.177212428376052,17.690403988493202,0.6068734332282547,-0.007336399735685006,-0.006769278376051346
2432.279,17.15902644,2.4885393524738677,17.17466167026781,17.17405134641439,17.690917439886302,0.6066279241187581,-0.015635230267807998,-0.01502490641438925
2432.761,17.1659504,2.488575014812071,17.171626218056005,17.170973295474006,17.691429397843624,0.6063829722913118,-0.005675818056005255,-0.005022895474006361
2433.243,17.14984547,2.4886106537876294,17.16866709874234,17.167972114641685,17.69194092620224,0.6061380693947236,-0.018821628742340835,-0.01812664464168634
2433.725,17.16321633,2.488646269420709,17.165784740302108,17.16504825496399,17.692452025306626,0.6058932154289939,-0.0025684103021070825,-0.0018319249639873192
2434.207,17.15273057,2.4886818617314543,17.162979559338606,17.16220215576631,17.692962695501265,0.6056484103941223,-0.010248989338606407,-0.009471585766309687
2434.689,17.16638017,2.4887174307399893,17.160251961034273,17.159434244591232,17.69347293713063,0.605403654290109,0.006128208965726856,0.006945925408768261
2435.171,17.15050912,2.488752976466416,17.157602339103647,17.156744937138953,17.6939827505392,0.605158947116954,-0.007093219103648352,-0.006235817138954047
2435.653,17.14899046,2.488788498930815,17.155031075747914,17.154134637209534,17.694492136071446,0.6049142888746571,-0.006040615747913591,-0.005144177209533751
2436.135,17.14152419,2.488823998153246,17.15253854161116,17.15160373664703,17.695001094071856,0.6046696795632185,-0.01101435161116271,-0.010079546647030924
2436.618,17.16432342,2.488859547731283,17.150120171044218,17.14914761315904,17.695510679484254,0.6044246118468202,0.014203248955780623,0.015175806840957762
2437.1,17.13499286,2.4888950004817567,17.147786325998094,17.14677680542508,17.696018782569197,0.6041801004986145,-0.012793465998093723,-0.011783945425079878
2437.582,17.12339199,2.4889304300503556,17.145532253033007,17.144486501050437,17.696526459156445,0.6039356380812672,-0.022140263033008978,-0.021094511050439024
2438.064,17.12882573,2.4889658364570546,17.143358276136784,17.14227704351054,17.69703370959047,0.603691224594778,-0.014532546136784674,-0.013451313510540075
2438.546,17.11566869,2.4890012197218083,17.14126470754683,17.140148764074794,17.697540534215754,0.6034468600391472,-0.025596017546831717,-0.0244800740747948
2439.028,17.13716575,2.4890365798645484,17.139251847716576,17.13810198176254,17.698046933376773,0.6032025444143746,-0.002086097716574642,-0.0009362317625374317
2439.51,17.15439957,2.4890719169051874,17.137319985283646,17.13613700330091,17.698552907418005,0.6029582777204601,0.017079584716352514,0.018262566699089433
2439.992,17.14235066,2.4891072308636155,17.13546939703976,17.134254123084816,17.69905845668392,0.6027140599574041,0.006881262960241941,0.008096536915186192
2440.475,17.14419997,2.48914259495337,17.13369676261313,17.132449973484924,17.699564629054883,0.6024693846017293,0.010503207386868496,0.011749996515074912
2440.957,17.12281797,2.4891778627591794,17.132009675546573,17.13073229517157,17.70006932892412,0.6022252648019062,-0.009191705546573559,-0.007914325171569203
2441.439,17.1295946,2.4892131075423656,17.13040462218124,17.129097524444756,17.70057360505219,0.6019811939329412,-0.0008100221812377129,0.0004970755552449191
2441.921,17.12881729,2.4892483293227348,17.128881831633684,17.127545905983844,17.701077457783573,0.6017371719948346,-6.454163368374566e-05,0.0012713840161566736
2442.403,17.11114879,2.489283528120074,17.127441521049764,17.1260776719657,17.701580887462736,0.6014931989875862,-0.01629273104976292,-0.014928881965698082
2442.885,17.10890444,2.489318703954147,17.1260838955849,17.124693042036778,17.702083894434168,0.6012492749111958,-0.01717945558490186,-0.015788602036778343
2443.367,17.1084134,2.4893538568446987,17.124809148385996,17.12339222328728,17.702586479042342,0.601005399765664,-0.016395748385996,-0.014978823287279397
2443.849,17.12625101,2.489388986811453,17.123617460575122,17.12217541022727,17.703088641631737,0.6007615735509905,0.0026335494248783675,0.004075599772729532
2444.332,17.11447965,2.489424166686546,17.12250678815352,17.121040522551954,17.70359142306499,0.6005172905560391,-0.008027138153519076,-0.0065608725519545885
2444.814,17.11060953,2.4894592508173337,17.121481887468327,17.119992429155477,17.70409274177648,0.6002735623045984,-0.010872357468326044,-0.009382899155475855
2445.296,17.10941819,2.4894943120834103,17.12054051753953,17.119028849602614,17.704593639503333,0.6000298829840159,-0.011122327539531796,-0.009610659602614646
2445.778,17.09267491,2.4895293505044154,17.119682811236345,17.118149927859754,17.705094116590026,0.5997862525942917,-0.027007901236345333,-0.0254750178597547
2446.26,17.12457597,2.4895643660999696,17.118908889347544,17.11735579522499,17.70559417338104,0.5995426711354256,0.005667080652454359,0.007220174775007138
2446.742,17.11677662,2.4895993588896714,17.118218860575496,17.116646570316725,17.70609381022085,0.5992991386074181,-0.0014422405754963563,0.00013004968327479105
2447.224,17.09309302,2.4896343288930995,17.117612821532003,17.116022359064317,17.70659302745393,0.5990556550102686,-0.024519801532001395,-0.022929339064315712
2447.706,17.12557421,2.4896692761298116,17.117090856735793,17.11548325470082,17.70709182542476,0.5988122203439775,0.008483353264207238,0.010090955299180138
2448.188,17.0981284,2.489704200619345,17.116653038611776,17.11502933775785,17.707590204477818,0.5985688346085446,-0.018524638611776112,-0.016900937757849732
2448.671,17.09111165,2.4897391747678994,17.116298781427446,17.114659999867097,17.708089197635736,0.5983249930066915,-0.02518713142744744,-0.02354834986709875
2449.153,17.09502449,2.4897740537745134,17.116029600399067,17.114376825581612,17.70858673901934,0.5980817052344914,-0.021005110399066496,-0.019352335581611868
2449.635,17.09400869,2.4898089100924783,17.115844710835518,17.114179004156867,17.70908386251931,0.5978384663931495,-0.02183602083551861,-0.020170314156867875
2450.117,17.09742727,2.4898437437412486,17.115744136788344,17.114066565282094,17.709580568480135,0.5975952764826661,-0.018316866788342878,-0.016639295282093514
2450.599,17.11407249,2.4898785547402595,17.115727890237338,17.114039525950403,17.710076857246282,0.5973521355030409,-0.0016554002373361243,3.2964049598405154e-05
2451.081,17.08079592,2.4899133431089253,17.11579597110013,17.11409789046608,17.71057272916223,0.597109043454274,-0.03500005110013049,-0.03330197046608063
2451.563,17.10788145,2.48994810886664,17.115948367243462,17.114241650454,17.711068184572465,0.5968660003363653,-0.008066917243461091,-0.006360200454000875
2452.045,17.09208079,2.489982852032777,17.116185054496125,17.114470784871052,17.71156322382145,0.596623006149315,-0.024104264496124017,-0.022389994871051755
2452.528,17.0820684,2.4900176446376667,17.116506750070148,17.11478600113918,17.71205887301136,0.5963795569081851,-0.03443835007014684,-0.03271760113917921
2453.01,17.12285841,2.4900523426319183,17.116912073595632,17.11518594758536,17.712553080109675,0.5961366606843673,0.005946336404367258,0.007672462414639369
2453.492,17.09710599,2.4900870180926318,17.117401543507324,17.11567112933366,17.713046872080888,0.5958938133914081,-0.02029555350732437,-0.018565139333659886
2453.974,17.09552412,2.4901216710390983,17.117975087621318,17.11624147479886,17.71354024926948,0.5956510150293071,-0.022450967621317375,-0.020717354798858167
2454.456,17.09650123,2.490156301490591,17.118632621806167,17.116896899816062,17.71403321201993,0.5954082655980644,-0.02213139180616608,-0.020395669816061
2454.938,17.09304104,2.490190909466362,17.11937405000605,17.117637307664534,17.714525760676715,0.5951655650976799,-0.02633301000605215,-0.02459626766453482
2455.42,17.08618384,2.4902254949856415,17.120199264265555,17.11846258909353,17.71501789558431,0.5949229135281537,-0.03401542426555437,-0.03227874909352835
2455.902,17.10463615,2.490260058067643,17.121108144756164,17.119372622350227,17.71550961708719,0.5946803108894858,-0.0164719947561629,-0.014736472350225682
2456.385,17.09734529,2.4902946703693956,17.122102705493187,17.12036942466075,17.71600194441282,0.5944372540090794,-0.02475741549318755,-0.023024134660751372
2456.867,17.12105788,2.490329188587942,17.123178684463664,17.12144872154751,17.716492839283806,0.5941947493336444,-0.002120804463665138,-0.0003908415475102345
2457.349,17.10481578,2.490363684426764,17.124337898896513,17.12261232995742,17.716983321784223,0.5939522935890675,-0.01952211889651423,-0.017796549957420638
2457.831,17.10790874,2.490398157904992,17.125580181744535,17.123860078423128,17.717473392258555,0.593709886775349,-0.017671441744536054,-0.015951338423128902
2458.313,17.11205384,2.4904326090417377,17.126905354244755,17.125191783145045,17.717963051051267,0.5934675288924887,-0.014851514244753616,-0.013137943145043351
2458.795,17.10235536,2.490467037856091,17.12831322595485,17.126607248031323,17.718452298506847,0.5932252199404867,-0.025957865954850945,-0.02425188803132272
2459.277,17.11606851,2.490501444367124,17.12980359479115,17.128106264739806,17.718941134969768,0.592982959919343,-0.013735084791147045,-0.012037754739804285
2459.759,17.13627979,2.4905358285938877,17.131376247068257,17.12968861272191,17.7194295607845,0.5927407488290575,0.004903542931742777,0.006591177278089333
2460.241,17.12065469,2.490570190555413,17.133030957540342,17.13135405926856,17.719917576295536,0.5924985866696303,-0.012376267540343378,-0.010699369268561298
2460.724,17.12081518,2.4906046014918224,17.1347711770901,17.133106072687035,17.7204061930512,0.5922559711823219,-0.013955997090100425,-0.012290892687033761
2461.206,17.1407161,2.490638918933791,17.13658945116166,17.13493714092187,17.72089338813879,0.5920139069861275,0.0041266488383371325,0.0057789590781283096
2461.688,17.12622296,2.4906732141675345,17.13848903821388,17.136850536548437,17.721380173956813,0.5917718917207916,-0.01226607821388015,-0.010627576548436934
2462.17,17.14645385,2.490707487212006,17.14046966718006,17.138845978688412,17.721866550849757,0.5915299253863137,0.005984182819940287,0.0076078713115883545
2462.652,17.14527469,2.490741738086136,17.142531055663305,17.140923174561443,17.722352519162094,0.5912880079826942,0.002743634336695777,0.004351515438557385
2463.134,17.13879765,2.4907759668088376,17.144672909987342,17.143081819542598,17.722838079238304,0.5910461395099329,-0.005875259987341508,-0.004284169542597027
2463.616,17.14424557,2.4908101733990033,17.146894925248834,17.14532159722163,17.72332323142286,0.5908043199680298,-0.002649355248834695,-0.0010760272216323585
2464.098,17.14057435,2.490844357875505,17.14919678537125,17.147642179464157,17.72380797606024,0.5905625493569853,-0.008622435371247406,-0.007067829464155295
2464.581,17.14649039,2.490878591110552,17.151583186203723,17.150048291301033,17.72429331792133,0.5903203262304003,-0.005092796203722827,-0.0035579013010327287
2465.062,17.13222447,2.490912660562909,17.154038720360862,17.152524386861153,17.724776244071386,0.5900791549274704,-0.02181425036086182,-0.020299916861151956
2465.545,17.13349492,2.490946849573292,17.15658345784963,17.15509069343785,17.72526077087373,0.5898370298656348,-0.023088537849631052,-0.021595773437848464
2466.027,17.13857364,2.4909809457377685,17.159201477577113,17.15773114463433,17.725743887924864,0.5895954550795394,-0.02062783757711273,-0.01915750463432886
2466.509,17.16293554,2.4910150198826884,17.161897595396805,17.16045058531685,17.726226599151925,0.5893539292243023,0.0010379446031940631,0.0024849546831511304
2466.991,17.13516825,2.4910490720268066,17.16467142938758,17.163248618369447,17.726708904899382,0.5891124522999235,-0.02950317938758218,-0.02808036836944794
2467.473,17.14809339,2.491083102188858,17.16752258687495,17.16612483543124,17.72719080551172,0.5888710243064029,-0.01942919687494893,-0.01803144543124091
2467.955,17.15272482,2.4911171103875582,17.17045066449693,17.169078816971915,17.727672301333417,0.5886296452437407,-0.01772584449692971,-0.016353996971915308
2468.438,17.13641938,2.4911511671297055,17.17346156108296,17.17211650148892,17.72815439040365,0.5883878144778792,-0.03704218108295976,-0.03569712148891924
2468.919,17.14572834,2.491185060969671,17.17653591366522,17.175218339986944,17.72863407998278,0.588147033910991,-0.030807573665217802,-0.029489999986942905
2469.402,17.12997284,2.491219073787617,17.179698852356147,17.17840967354873,17.72911535951877,0.5879053012098786,-0.04972601235614604,-0.04843683354873107
2469.884,17.1390995,2.491252994274287,17.18293052108473,17.18167045419164,17.729595238786057,0.5876641179721658,-0.04383102108473125,-0.04257095419163903
2470.366,17.1715471,2.49128689289093,17.18623693427821,17.18500673588965,17.7300747149858,0.5874229836653111,-0.014689834278208025,-0.01345963588964949
2470.848,17.16772541,2.4913207696561464,17.189617625893618,17.188418033755763,17.730553788462476,0.5871818982893148,-0.021892215893618783,-0.02069262375576386
2471.33,17.15590596,2.491354624588514,17.193072119702247,17.191903852309867,17.731032459560563,0.5869408618441768,-0.03716615970224879,-0.03599789230986872
2471.812,17.17819266,2.4913884577065946,17.196599929366897,17.195463685567653,17.73151072862453,0.5866998743298969,-0.018407269366896628,-0.017271025567652032
2472.294,17.17918303,2.4914222690289276,17.200200558520514,17.199097017131,17.731988595998867,0.5864589357464753,-0.021017528520513196,-0.019913987130998123
2472.776,17.17392662,2.4914560585740357,17.20387350084612,17.202803320280008,17.73246606202804,0.5862180460939121,-0.02994688084612207,-0.02887670028000855
2473.259,17.18914636,2.4914898963954637,17.20762608359642,17.20658997268925,17.7329441164014,0.5859767057535233,-0.018479723596421138,-0.01744361268925232
2473.741,17.19189769,2.491523642396524,17.21144224123512,17.210440746600522,17.733420779942804,0.5857359140641929,-0.01954455123511778,-0.018543056600520913
2474.223,17.19567509,2.4915573666758464,17.215329133093874,17.214362849783708,17.733897043173194,0.5854951713057208,-0.01965404309387253,-0.01868775978370607
2474.705,17.23771535,2.491591069251876,17.219286213862553,17.218355715161678,17.73437290643705,0.5852544774781069,0.018429136137445568,0.01935963483832026
2475.187,17.21288965,2.4916247501430373,17.223312928700956,17.222418765818375,17.73484837007884,0.5850138325813513,-0.010423278700955052,-0.009529115818374123
2475.669,17.23944559,2.491658409367738,17.22740871332667,17.22655141509979,17.735323434443053,0.5847732366154539,0.012036876673327868,0.012894174900207389
2476.151,17.25046339,2.4916920469443644,17.231572994104063,17.230753066716264,17.735798099874152,0.5845326895804148,0.018890395895937218,0.019710323283735676
2476.633,17.24428702,2.491725662891285,17.23580518813467,17.23502311484625,17.736272366716626,0.584292191476234,0.008481831865331912,0.00926390515375175
2477.115,17.23211383,2.4917592572268488,17.240104703348667,17.239360944241394,17.73674623531495,0.5840517423029115,-0.007990873348667549,-0.00724711424139457
2477.598,17.2619275,2.491792899599945,17.24448006611056,17.243775138679396,17.73722068790457,0.5838108433556208,0.017447433889437036,0.018152361320602495
2478.08,17.26261419,2.4918264507230234,17.248912547778612,17.248246785035505,17.73769376022357,0.5835704921455311,0.013701642221388255,0.014367404964495734
2478.562,17.26133597,2.491859980289716,17.253410519032734,17.252784310079,17.738166435332566,0.5833301898662996,0.007925450967267267,0.008551659921000265
2479.044,17.29342958,2.4918934883182953,17.25797335203913,17.257387061913555,17.73863871357603,0.5830899365179265,0.035456227960871445,0.03604251808644676
2479.526,17.28723663,2.4919269748270154,17.262600410268547,17.262054379761572,17.739110595298442,0.5828497321004116,0.024636219731451803,0.025182250238426462
2480.008,17.27857304,2.491960439834111,17.267291048594853,17.266785594077046,17.739582080844276,0.582609576613755,0.011281991405148517,0.011787445922955442
2480.49,17.29463218,2.491993883357799,17.272044613394826,17.27158002665964,17.74005317055801,0.5823694700579567,0.022587566605174914,0.023052153340358927
2480.972,17.28492621,2.4920273054162756,17.276860442648967,17.276436990769962,17.740523864784123,0.5821294124330163,0.008065767351030928,0.008489219230035872
2481.455,17.28620227,2.492060775301313,17.281748048736777,17.281366060018232,17.74099513918082,0.5818889058464494,0.004454221263223701,0.004836209981768036
2481.937,17.28942319,2.4920941544394446,17.28668651343667,17.286346119487337,17.741465042646393,0.581648946184742,0.0027366765633303203,0.0030770705126634823
2482.419,17.28120751,2.492127512166882,17.291685205746884,17.291386598716272,17.741934551658495,0.5814090354538931,-0.010477695746882176,-0.010179088716270712
2482.901,17.29194878,2.492160848501747,17.296743431076706,17.296486777968006,17.742403666561593,0.5811691736539024,-0.004794651076707623,-0.004537997968007801
2483.383,17.29609763,2.492194163462142,17.301860486959885,17.301645929559903,17.74287238770017,0.58092936078477,-0.005762856959886875,-0.00554829955990499
2483.865,17.30131933,2.492227457066152,17.30703566316169,17.306863317985485,17.743340715418697,0.5806895968464958,-0.005716333161693399,-0.005543987985486609
2484.347,17.30611925,2.4922607293318424,17.312268241787283,17.312138200037403,17.743808650061663,0.5804498818390796,-0.0061489917872847855,-0.00601895003740438
2484.829,17.29045528,2.4922939802772603,17.317557497390716,17.317469824931212,17.74427619197353,0.5802102157625221,-0.027102217390716277,-0.02701454493121247
2485.312,17.31341634,2.4923272788394715,17.322913844352627,17.322868669709273,17.74474431028103,0.5799701015366785,-0.009497504352626862,-0.009452329709272789
2485.794,17.32046315,2.4923604871542713,17.328314361678157,17.3283116120119,17.74521106695114,0.5797305334233538,-0.007851211678158165,-0.007848462011899926
2486.276,17.34444756,2.492393674202864,17.333769333885954,17.333808998983027,17.7456774319243,0.5794910142408873,0.01067822611404523,0.010638561016971693
2486.758,17.32986881,2.492426840003224,17.339278006422486,17.339360050772992,17.746143405545,0.579251543989279,-0.009409196422485167,-0.00949124077299146
2487.24,17.3640574,2.4924599845733035,17.344839617743517,17.34496398058856,17.746608988157703,0.579012122668529,0.019217782256482963,0.019093419411440493
2487.722,17.35597666,2.492493107931038,17.350453399428943,17.35061999482228,17.747074180106893,0.5787727502786372,0.005523260571056454,0.005356665177718156
2488.204,17.34053189,2.4925262100943444,17.356118576298357,17.356327293182495,17.74753898173704,0.5785334268196037,-0.0155866862983558,-0.015795403182494283
2488.686,17.35183766,2.492559291081121,17.361834366527553,17.36208506882429,17.74800339339263,0.5782941522914286,-0.009996706527552135,-0.010247408824287874
2489.168,17.36705273,2.4925923509092467,17.367599981765792,17.367892508481056,17.748467415418133,0.5780549266941116,-0.0005472517657914011,-0.0008397784810547648
2489.651,17.387001390000002,2.492625458119615,17.373426741245904,17.37376099276584,17.748932009647262,0.5778152538613662,0.013574648754097751,0.013240397234163481
2490.133,17.39071767,2.492658475640201,17.3792897151588,17.379665394390088,17.749395252639456,0.5775761262272822,0.011427954841199295,0.011052275609912954
2490.615,17.39735976,2.4926914720557023,17.385200109373336,17.38561698129497,17.749858107035713,0.5773370475240563,0.012159650626664131,0.011742778705031043
2491.097,17.39135815,2.492724447383924,17.391157110609168,17.391614915845793,17.750320573180506,0.5770980177516887,0.0002010393908307151,-0.00025676584579414907
2491.579,17.40230705,2.492757401642655,17.397159899658043,17.39765835465515,17.750782651418316,0.5768590369101794,0.005147150341958451,0.004648695344851461
2492.061,17.40554182,2.4927903348496634,17.403207651505653,17.40374644871859,17.751244342093617,0.5766201049995284,0.0023341684943467556,0.001795371281410496
2492.543,17.40414813,2.4928232470227005,17.4092995354543,17.409878343550854,17.75170564555089,0.5763812220197356,-0.005151405454299152,-0.005730213550855012
2493.025,17.43151918,2.4928561381794987,17.415434715246164,17.416053179322653,17.752166562134608,0.5761423879708012,0.016084464753834737,0.015466000677346159
2493.508,17.42237313,2.4928890765113065,17.421625209399526,17.422283032290043,17.752628047244237,0.5759031074987793,0.000747920600474572,9.009770995760391e-05
2493.99,17.43524743,2.4929219256452417,17.427844535922386,17.42854123434543,17.753088190313424,0.5756643714130778,0.007402894077614519,0.0067061956545693135
2494.472,17.43675449,2.492954753816063,17.434104615624193,17.434839765343693,17.753547947543204,0.5754256842582343,0.002649874375805439,0.0019147246563058218
2494.954,17.4393684,2.49298756104143,17.440404591242615,17.44117774544782,17.75400731927805,0.5751870460342492,-0.0010361912426155584,-0.0018093454478211868
2495.436,17.44782568,2.4930203473389843,17.446743600581765,17.44755429016845,17.754466305862444,0.5749484567411224,0.001082079418235793,0.00027138983154983976
2495.918,17.43036619,2.493053112726348,17.4531207766392,17.453968510503483,17.75492490764086,0.5747099163788538,-0.022754586639198493,-0.023602320503481877
2496.4,17.45703278,2.493085857221127,17.459535247733605,17.460419513078023,17.755383124957778,0.5744714249474436,-0.002502467733606295,-0.0033867330780239513
2496.882,17.46122688,2.4931185808409086,17.4659861376329,17.466906400284678,17.75584095815767,0.5742329824468917,-0.004759257632898084,-0.0056795202846764425
2497.365,17.4765983,2.493151351429646,17.47248605933117,17.473441837012125,17.75629935625153,0.5739940943355932,0.004112240668828093,0.00315646298787442
2497.846,17.46030387,2.493183965525734,17.478993646936768,17.479984217846326,17.756755473584295,0.5737562442383625,-0.018689776936767544,-0.01968034784632522
2498.329,17.4776119,2.4932166943658483,17.485562126027123,17.486587037299795,17.757213103576937,0.573517454191813,-0.007950226027123364,-0.008975137299795932
2498.811,17.47482064,2.493249334618,17.492149909590665,17.49320847320597,17.757669402959802,0.5732792075162104,-0.01732926959066461,-0.018387833205970594
2499.293,17.49609649,2.4932819540828537,17.49876966519375,17.499861245246485,17.75812531994874,0.573041009771466,-0.002673175193748989,-0.003764755246486118
2499.775,17.48439117,2.4933145527778873,17.50542049201149,17.506544433374888,17.758580854888233,0.5728028609575799,-0.02102932201148988,-0.02215326337488932
2500.257,17.50315743,2.493347130720562,17.51210148557927,17.51325711430232,17.75903600812276,0.5725647610745521,-0.00894405557926703,-0.010099684302318224
2500.739,17.48372872,2.4933796879283205,17.518811737924505,17.51999836163971,17.75949077999679,0.5723267101223827,-0.03508301792450652,-0.0362696416397128
2501.221,17.52780929,2.493412224418587,17.525550337698842,17.526767246040055,17.759945170854806,0.5720887081010714,0.0022589523011582457,0.0010420439599450049
2501.703,17.53632406,2.493444740208769,17.53231637031071,17.53356283534088,17.760399181041286,0.5718507550106184,0.004007689689288441,0.002761224659117545
2502.186,17.5312573,2.4934773027120034,17.53912303740508,17.54039837304261,17.760853751646376,0.5716123573247925,-0.007865737405079898,-0.009141073042609804
2502.668,17.53564231,2.493509777111309,17.545941231750493,17.54724461565152,17.761307000735222,0.5713745021975724,-0.010298921750493406,-0.011602305651518208
2503.15,17.55186173,2.49354223086268,17.552784095110646,17.554114749253472,17.761759870186673,0.5711366960012105,-0.0009223651106466946,-0.0022530192534730986
2503.632,17.54908344,2.4935746639834497,17.55965070124725,17.561007831844748,17.762212360345206,0.5708989387357069,-0.010567261247249604,-0.011924391844747362
2504.114,17.57866801,2.4936070764909375,17.566540121346367,17.56792291931907,17.7626644715553,0.5706612304010615,0.01212788865363379,0.010745090680931213
2504.596,17.56227219,2.493639468402443,17.573451424152587,17.57485906561017,17.763116204161435,0.5704235709972745,-0.011179234152585593,-0.012586875610168136
2505.078,17.58051218,2.4936718397352484,17.58038367610355,17.58181532283415,17.763567558508083,0.5701859605243457,0.000128503896448251,-0.0013031428341498952
2505.56,17.57634695,2.4937041905066173,17.587335941464524,17.588790741431843,17.764018534939723,0.5699483989822751,-0.010988991464522258,-0.012443791431842044
2506.042,17.57280929,2.493736520733797,17.59430728246333,17.595784370311048,17.764469133800834,0.5697108863710629,-0.021497992463331173,-0.022975080311049112
2506.525,17.58073048,2.4937688974452645,17.601311278614272,17.602809819674626,17.764920289113782,0.569472930078335,-0.02058079861427231,-0.022079339674625942
2507.007,17.61135305,2.4938011865932017,17.608317984790727,17.609837043251872,17.765370133085707,0.5692355154303556,0.0030350652092749897,0.0015160067481296835
2507.489,17.61963844,2.493833455248619,17.615340940455827,17.61687961407351,17.765819600521244,0.5689981497132344,0.004297499544172467,0.0027588259264881287
2507.971,17.62714277,2.4938657034286935,17.622379201035617,17.623936576332262,17.766268691764875,0.5687608329269715,0.0047635689643819035,0.0032061936677365566
2508.453,17.60738128,2.4938979311505824,17.629431820595094,17.631006973396595,17.766717407161067,0.5685235650715669,-0.022050540595095924,-0.023625693396596148
2508.935,17.6343599,2.4939301384314274,17.636497851973694,17.638089847951782,17.767165747054314,0.5682863461470206,-0.00213795197369393,-0.0037299479517827194
2509.417,17.63386391,2.4939623252883516,17.64357634692078,17.645184242140633,17.767613711789078,0.5680491761533325,-0.009712436920782608,-0.011320332140634548
2509.899,17.65660988,2.4939944917384604,17.650666356231305,17.652289197704004,17.768061301709842,0.5678120550905027,0.005943523768696224,0.004320682295997358
2510.382,17.65770281,2.494026704470731,17.65778167168404,17.65941852593266,17.768509444604952,0.5675744911584983,-7.88616840416978e-05,-0.0017157159326615101
2510.864,17.66300807,2.494058830116208,17.664891877922717,17.666541745497632,17.76895628515531,0.5673374680589014,-0.001883807922716585,-0.0035336754976320606
2511.346,17.67428483,2.4940909354061183,17.67201074456426,17.673672648658844,17.76940275192581,0.5671004938901627,0.0022740854357401474,0.0006121813411574806
2511.828,17.67587199,2.4941230203574967,17.679137319940363,17.68081027694767,17.769848845260938,0.5668635686522823,-0.003265329940361994,-0.0049382869476701785
2512.31,17.68221713,2.4941550849873617,17.68627065210601,17.687953672190986,17.77029456550516,0.5666266923452602,-0.0040535221060089555,-0.005736542190984295
2512.792,17.69064109,2.4941871293127154,17.693409788974776,17.69510187664934,17.770739913002963,0.5663898649690963,-0.0027686989747763846,-0.004460786649339354
2513.274,17.68261764,2.494219153350541,17.700553778454005,17.702253933154804,17.771184888098816,0.5661530865237907,-0.017936138454004436,-0.019636293154803752
2513.756,17.71680518,2.494251157117804,17.7077016685798,17.709408885248237,17.771629491137197,0.5659163570093433,0.00910351142020005,0.007396294751764287
2514.239,17.71258493,2.49428320696625,17.71486734582318,17.71658062699424,17.772074643718188,0.5656791854380624,-0.0022824158231813385,-0.0039956969942416265
2514.721,17.72953196,2.4943151702012516,17.72202018569616,17.723738505458176,17.772518502904948,0.5654425538868479,0.007511774303839758,0.005793454541823451
2515.203,17.73429207,2.4943471132165214,17.72917407047334,17.73089641377491,17.77296199106838,0.5652059712664916,0.0051179995266572575,0.003395656225087862
2515.685,17.72774193,2.494379036028956,17.736328050054894,17.738053399686855,17.773405108552964,0.5649694375769937,-0.008586120054893343,-0.01031146968685448
2516.167,17.74711472,2.494410938655436,17.74348117514277,17.745208512324673,17.77384785570318,0.564732952818354,0.00363354485723022,0.0019062076753257884
2516.649,17.73054389,2.494442821112823,17.750632497374504,17.752360802341364,17.774290232863503,0.5644965169905726,-0.02008860737450391,-0.021816912341364514
2517.131,17.74113191,2.494474683417963,17.75778106945689,17.759509322045844,17.774732240378405,0.5642601300936494,-0.016649159456889606,-0.018377412045843755
2517.613,17.75644597,2.494506525587684,17.76492594529923,17.76665312553587,17.77517387859237,0.5640237921275846,-0.008479975299227505,-0.010207155535869816
2518.095,17.79723807,2.4945383476387963,17.77206618014645,17.773791268830383,17.775615147849873,0.5637875030923779,0.025171889853549345,0.02344680116961584
2518.578,17.79329362,2.494570215546359,17.779215626432954,17.780937598214543,17.776056962844088,0.5635507729141952,0.014077993567045866,0.012356021785457472
2519.06,17.79584283,2.4946019973689673,17.786343736513153,17.788061580894873,17.776497494458415,0.5633145818422214,0.009499093486848409,0.007781249105129007
2519.542,17.79442167,2.4946337591233325,17.79346437872361,17.795177082334423,17.77693765815042,0.5630784397011059,0.0009572912763893271,-0.0007554123344242214
2520.024,17.81415488,2.494665500826197,17.800576614979235,17.802283167551906,17.777377454264588,0.5628423464908487,0.013578265020765201,0.011871712448094485
2520.506,17.81086257,2.494697222494286,17.80767950919072,17.809378904138935,17.777816883145395,0.5626063022114497,0.003183060809281102,0.0014836658610661857
2520.988,17.82074622,2.4947289241443085,17.81477212739549,17.81646336238821,17.778255945137314,0.562370306862909,0.005974092604510872,0.004282857611791258
2521.47,17.8108539,2.4947606057929557,17.82185353788805,17.8235356154209,17.778694640584824,0.5621343604452266,-0.010999637888048142,-0.01268171542090002
2521.952,17.84055219,2.494792267456902,17.82892281134996,17.83059473931331,17.7791329698324,0.5618984629584022,0.0116293786500421,0.009957450686691516
2522.435,17.85768795,2.494823974778731,17.835993646197007,17.83765441431654,17.779571841482195,0.5616621251409432,0.021694303802991755,0.020033535683460002
2522.917,17.84960171,2.494855596481854,17.84303583785806,17.844684488601494,17.780009438605376,0.5614263256173518,0.006565872141941043,0.004917221398507365
2523.399,17.85069838,2.494887198250232,17.850063118239458,17.85169867906702,17.78044667056277,0.5611905750246188,0.00063526176054296,-0.0010002990670194833
2523.881,17.8525033,2.4949187801004715,17.85707456886722,17.85869607486776,17.780883537698855,0.560954873362744,-0.004571268867220368,-0.006192774867759709
2524.363,17.87675825,2.4949503420491617,17.864069274297155,17.865675768734885,17.781320040358107,0.5607192206317275,0.012688975702847216,0.011082481265116684
2524.845,17.86708692,2.494981884112876,17.87104632224183,17.872636857097877,17.781756178885,0.5604836168315692,-0.003959402241832777,-0.005549937097878654
2525.327,17.86845373,2.4950134063081695,17.878004803696832,17.87957844020533,17.782191953624018,0.5602480619622691,-0.009551073696833612,-0.01112471020532979
2525.809,17.88401731,2.4950449086515816,17.884943813066528,17.886499622244944,17.782627364919634,0.5600125560238275,-0.0009265030665268625,-0.00248231224494333
2526.292,17.88562951,2.4950764564554344,17.89187678050151,17.8934138038352,17.783063315328747,0.5597766105670918,-0.006247270501507529,-0.0077842938352006286
2526.773,17.89672398,2.4951078538488347,17.898759810961792,17.900277220280593,17.783497098558566,0.5595416909395188,-0.002035830961791163,-0.003553240280592007
2527.256,17.90050093,2.4951393619493016,17.90564924669304,17.90714606208506,17.783932322299485,0.5593058435475324,-0.005148316693041721,-0.006645132085061789
2527.738,17.90551486,2.4951707850092113,17.912501335547002,17.913976714077144,17.78436628251545,0.5590705334340401,-0.006986475547002158,-0.008461854077143727
2528.22,17.8998125,2.495202188299717,17.91932947799195,17.92078254735277,17.784799881011107,0.5588352722514061,-0.019516977991951734,-0.020970047352768972
2528.702,17.92252633,2.495233571837258,17.926132791499345,17.92756269221228,17.785233118130943,0.55860005999963,-0.0036064614993449595,-0.00503636221228021
2529.184,17.94239187,2.4952649356382555,17.93291039781198,17.93431628370931,17.785665994219432,0.5583648966787125,0.0094814721880212,0.008075586290690495
2529.666,17.93152065,2.495296279719115,17.939661423064436,17.941042461763203,17.78609850962105,0.5581297822886533,-0.008140773064436502,-0.009521811763203658
2530.148,17.93659803,2.495327604096225,17.946384997902754,17.947740371270502,17.78653066468027,0.5578947168294524,-0.00978696790275535,-0.011142341270502953
2530.63,17.97138243,2.4953589087859567,17.953080257603357,17.954409162215317,17.786962459741574,0.5576597003011096,0.018302172396641225,0.016973267784681667
2531.113,17.95727376,2.4953902586909074,17.959760141320782,17.961061731549844,17.787394789870028,0.5574242452698467,-0.0024863813207822716,-0.0037879715498441158
2531.595,17.97254544,2.4954215240141724,17.966396132498044,17.9676696914432,17.78782586522383,0.5571893267047369,0.006149307501956969,0.004875748556802506
2532.077,17.98061229,2.495452769699109,17.973001241568387,17.974246012616273,17.788256581613865,0.5569544570704851,0.007611048431613199,0.006366277383726526
2532.559,17.97985892,2.495483995762023,17.979574623514093,17.98078986649895,17.7886869393846,0.5567196363670918,0.0002842964859084418,-0.0009309464989470939
2533.041,17.9897643,2.495515202219204,17.986115438530863,17.987300430145623,17.789116938880525,0.5564848645945566,0.0036488614691378984,0.0024638698543775206
2533.523,18.00544262,2.4955463890869236,17.99262285214176,17.993776886339326,17.789546580446103,0.5562501417528799,0.012819767858239572,0.011665733660674249
2534.005,18.00191321,2.4955775563814377,17.999096035310526,18.00021842369488,17.78997586442582,0.5560154678420615,0.002817174689475621,0.001694786305122875
2534.487,18.02132231,2.495608704118986,18.00553416455378,18.00662423676082,17.79040479116415,0.5557808428621012,0.015788145446219204,0.01469807323917749
2534.969,18.00595864,2.495639832315792,18.01193642205251,18.01299352612036,17.790833361005568,0.5555462668129992,-0.005977782052511316,-0.007034886120361961
2535.452,18.02730209,2.4956710055085907,18.01831516365402,18.019338596025307,17.791262462333474,0.5553112531748341,0.00898692634597964,0.007963493974692426
2535.934,18.03656908,2.495702094632058,18.02464316880168,18.025632384490304,17.79169031867584,0.5550767750889649,0.011925911198318317,0.010936695509695227
2536.416,18.02156462,2.4957331642633864,18.030932882180306,18.031887286585686,17.792117819155447,0.5548423459339541,-0.009368262180306175,-0.01032266658568659
2536.898,18.02567138,2.4957642144187333,18.037183509736632,18.038102528033452,17.792544964116765,0.5546079657098015,-0.011512129736633625,-0.012431148033453354
2537.38,18.0257047,2.4957952451142407,18.04339426362506,18.04427734107826,17.79297175390427,0.5543736344165072,-0.01768956362506202,-0.018572641078261398
2537.862,18.01653593,2.4958262563660325,18.049564362313376,18.050410964581484,17.793398188862444,0.5541393520540712,-0.033028432313376044,-0.03387503458148444
2538.344,18.05247001,2.4958572481902177,18.05569303068743,18.05650264411428,17.79382426933576,0.5539051186224934,-0.003223020687428857,-0.004032634114278011
2538.826,18.04181452,2.4958882206028883,18.06177950015489,18.062551632049345,17.7942499956687,0.5536709341217738,-0.01996498015489223,-0.02073711204934625
2539.309,18.04734963,2.4959192378178474,18.067835501964723,18.068569601652587,17.79467625035384,0.5534363128443323,-0.0204858719647234,-0.021219971652588043
2539.791,18.06019487,2.4959501714155103,18.073835202963974,18.074530898780118,17.79510126870651,0.5532022263068457,-0.013640332963973378,-0.014336028780117971
2540.273,18.08073438,2.4959810856498708,18.079790437886622,18.08044730163813,17.79552593395294,0.5529681887002171,0.0009439421133770054,0.00028707836186825375
2540.755,18.08403437,2.496011980536956,18.08570046525845,18.08631809071548,17.795950246437616,0.5527342000244471,-0.0016660952584501842,-0.0022837207154786654
2541.237,18.07877446,2.4960428560927763,18.09156455063021,18.092142553744342,17.796374206505014,0.5525002602795352,-0.012790090630208084,-0.013368093744340115
2541.719,18.08600299,2.4960737123333274,18.09738196667492,18.097919985784905,17.796797814499605,0.5522663694654816,-0.011378976674919272,-0.011916995784904572
2542.201,18.10442568,2.4961045492745875,18.10315199328412,18.103649689308888,17.797221070765875,0.5520325275822864,0.001273686715880018,0.0007759906911104508
2542.683,18.10098019,2.496135366932519,18.108873917663065,18.109330974281946,17.797643975648295,0.5517987346299491,-0.007893727663063288,-0.008350784281944357
2543.166,18.11150247,2.496166229200127,18.11455875315568,18.114974791763856,17.798067405794402,0.5515645057132311,-0.0030562831556792958,-0.003472321763855035
2543.648,18.13090186,2.4961970082993004,18.120182260984723,18.120557095946303,17.798489608215327,0.5513308107241269,0.010719599015278192,0.010344764053698441
2544.13,18.1204338,2.496227768162969,18.125755571591494,18.12608895586708,17.798911460286554,0.551097164665881,-0.005321771591493274,-0.005655155867078321
2544.612,18.1309901,2.496258508807032,18.131278002380597,18.13156971228249,17.79933296235255,0.5508635675384933,-0.00028790238059528406,-0.0005796122824897054
2545.094,18.15732329,2.49628923024737,18.136748878529005,18.136998713836192,17.799754114757803,0.5506300193419639,0.020574411470995813,0.020324576163808672
2545.576,18.14139027,2.4963199324998504,18.14216753307427,18.142375317134167,17.80017491784678,0.5503965200762928,-0.0007772630742728381,-0.0009850471341685818
2546.058,18.14604738,2.4963506155803223,18.14753330700148,18.147698886818446,17.80059537196396,0.5501630697414799,-0.0014859270014824233,-0.0016515068184475012
2546.54,18.1510221,2.4963812795046203,18.15284554932902,18.15296879563959,17.801015477453824,0.5499296683375253,-0.0018234493290201215,-0.0019466956395923773
2547.022,18.16564931,2.496411924288563,18.158103617193166,18.158184424527953,17.801435234660843,0.549696315864429,0.0075456928068327045,0.00746488547204649
2547.505,18.17228018,2.496442613466795,18.163317613664084,18.163355812111032,17.80185551371177,0.549462528340809,0.008962566335917188,0.008924367888969442
2547.987,18.17646791,2.4964732199777884,18.168465321240234,18.168460941240834,17.802274574665752,0.5492292738309456,0.008002588759765672,0.00800696875916529
2548.469,18.17925611,2.4965038073958175,18.173556974022425,18.173509981777247,17.802693288371035,0.5489960682519404,0.005699135977575764,0.005746128222753555
2548.951,18.20092678,2.4965343757366374,18.178591962456675,18.178502348074602,17.803111655172103,0.5487629116037934,0.022334817543324448,0.02242443192539767
2549.433,18.19323442,2.4965649250159863,18.183569685511024,18.18343746300452,17.803529675413426,0.5485298038865047,0.009664734488975313,0.009796956995479889
2549.915,18.17591579,2.496595455249587,18.18848955075264,18.18831475801956,17.803947349439483,0.5482967451000743,-0.012573760752637497,-0.012398968019557088
2550.397,18.18544147,2.4966259664531467,18.193350974423428,18.19313367321569,17.80436467759475,0.5480637352445021,-0.007909504423427194,-0.0076922032156900855
2550.879,18.19872966,2.4966564586423563,18.198153381514498,18.19789365739337,17.804781660223714,0.5478307743197883,0.0005762784855036784,0.0008360026066327464
2551.362,18.19582395,2.49668699503554,18.202905983399468,18.20260385802027,17.805199161705307,0.5475973791568918,-0.0070820333994667806,-0.006779908020270398
2551.844,18.18932514,2.496717449203693,18.207588542320227,18.207244236634192,17.8056154536,0.5473645161954107,-0.018263402320226163,-0.017919096634191334
2552.326,18.19834508,2.4967478844045075,18.212210411725675,18.2118240823713,17.806031401002535,0.547131702164788,-0.01386533172567539,-0.013479002371301618
2552.808,18.21036874,2.496778300653611,18.21677105234008,18.216342879454796,17.806447004257375,0.5468989370650235,-0.0064023123400787085,-0.005974139454796301
2553.29,18.20141009,2.4968086979666166,18.221269933989202,18.220800121099213,17.806862263709007,0.5466662208961173,-0.019859843989202375,-0.019390031099213445
2553.772,18.20862827,2.4968390763591213,18.225706535666653,18.225195309563823,17.80727717970191,0.5464335536580693,-0.017078265666654602,-0.016567039563824437
2554.254,18.19579494,2.496869435846706,18.230080345598946,18.22952795620492,17.80769175258055,0.5462009353508797,-0.034285405598946994,-0.03373301620491986
2554.736,18.21805751,2.4968997764449354,18.23439086130916,18.233797581526694,17.808105982689405,0.5459683659745482,-0.01633335130915725,-0.0157400715266931
2555.219,18.21309634,2.496930161057894,18.23864633367511,18.238012375328655,17.808520728705396,0.5457353631723753,-0.025549993675110017,-0.02491603532865483
2555.7,18.24566492,2.496960401035514,18.242820047010852,18.24214589626541,17.808933415975694,0.5455033740144603,0.0028448729891472624,0.003519023734590121
2556.183,18.23195915,2.496990747869264,18.246946234429558,18.246232065731586,17.809347476756514,0.5452704692770365,-0.014987084429556319,-0.014272915731584845
2556.665,18.2273234,2.497021013026372,18.250998600797676,18.25024486049721,17.8097603385231,0.5450380957256544,-0.023675200797676155,-0.02292146049721211
2557.147,18.23344439,2.4970512593717507,18.25498530120473,18.254192374487786,17.810172859243,0.5448057711051306,-0.021540911204731117,-0.020747984487787363
2557.629,18.25941892,2.4970814869208717,18.25890589023249,18.25807418411249,17.810585039260705,0.5445734954154652,0.0005130297675108864,0.0013447358875104953
2558.111,18.24714417,2.4971116956891906,18.262759932165995,18.261889875249135,17.810996878920676,0.544341268656658,-0.015615762165996472,-0.014745705249136876
2558.593,18.26461435,2.49714188569215,18.266547001046078,18.265639043284846,17.8114083785674,0.544109090828709,-0.0019326510460793145,-0.0010246932848474444
2559.075,18.27884091,2.497172056945174,18.27026668072028,18.26932129315544,17.81181953854535,0.5438769619316183,0.008574229279719958,0.009519616844560375
2559.557,18.26568145,2.4972022094636723,18.273918564892476,18.27293623938352,17.812230359199003,0.543644881965386,-0.008237114892477138,-0.007254789383519977
2560.04,18.27155103,2.4972324057618485,18.277509621062137,18.27649079498154,17.81264169214244,0.5434123695886856,-0.00595859106213581,-0.004939764981539696
2560.522,18.25482431,2.4972625208186763,18.28102459233284,18.27996987447484,17.813051834478728,0.543180387585686,-0.026200282332840885,-0.0251455644748404
2561.004,18.28663891,2.497292617187148,18.28447060805437,18.283380551046466,17.813461638524867,0.5429484545135447,0.0021683019456304464,0.003258358953534213
2561.486,18.29066641,2.497322694882612,18.287847301843396,18.286722477941808,17.813871104625335,0.5427165703722616,0.002819108156604244,0.00394393205819199
2561.968,18.30166621,2.4973527539204006,18.29115431739904,18.289995318164387,17.814280233124602,0.5424847351618368,0.010511892600959527,0.011670891835613872
2562.45,18.29808498,2.4973827943158318,18.294391308543712,18.293198744506284,17.814689024367155,0.5422529488822704,0.003693671456286296,0.004886235493714253
2562.932,18.29757042,2.4974128160842075,18.29755793926244,18.296332439577306,17.815097478697464,0.5420212115335621,1.2480737559883437e-05,0.0012379804226938518
2563.414,18.30427788,2.497442819240815,18.30065388374075,18.299396095832826,17.815505596460007,0.5417895231157119,0.0036239962592503616,0.004881784167174885
2563.896,18.31078976,2.4974728038009255,18.30367882640106,18.302389415600356,17.81591337799926,0.5415578836287203,0.007110933598937663,0.00840034439964299
2564.379,18.31471526,2.497502831930571,18.306638515482202,18.305318101180372,17.81632166863374,0.5413258126451183,0.008076744517797607,0.009397158819627549
2564.861,18.32902476,2.4975327793049384,18.309520400042786,18.308169747186714,17.81672877806408,0.5410942711213594,0.01950435995721378,0.02085501281328561
2565.343,18.31467701,2.497562708128563,18.312330397235783,18.31095022262196,17.81713555230527,0.5408627785284589,0.0023466127642173262,0.003726787378042218
2565.825,18.32160138,2.4975926184166566,18.315068232786917,18.31365926956343,17.817541991701802,0.5406313348664166,0.006533147213083623,0.007942110436570005
2566.307,18.31957325,2.497622510184413,18.317733642818457,18.31629664007456,17.81794809659814,0.5403999401352325,0.0018396071815445225,0.003276609925439544
2566.789,18.31433583,2.497652383447014,18.320326373876703,18.31886209622383,17.818353867338768,0.5401685943349065,-0.005990543876702503,-0.004526266223830788
2567.271,18.32064294,2.4976822382196233,18.322846182957882,18.32135541010251,17.81875930426816,0.5399372974654391,-0.0022032429578828783,-0.0007124701025098545
2567.753,18.32326633,2.4977120745173913,18.32529283753262,18.323776363841063,17.819164407730796,0.5397060495268298,-0.0020265075326193482,-0.0005100338410635175
2568.236,18.32665737,2.4977419541990087,18.327670962958944,18.326129546221022,17.819570017497597,0.5394743709039512,-0.0010135929589445425,0.0005278237789774209
2568.718,18.3222615,2.497771753554231,18.32997050005835,18.32840501513768,17.819974454370097,0.5392432209285748,-0.007709000058351734,-0.006143515137679856
2569.2,18.34400797,2.4978015344800024,18.332196247725076,18.330607530307823,17.82037855880998,0.5390121198840567,0.011811722274924108,0.013400439692176747
2569.682,18.33021479,2.4978312969914116,18.334348015563293,18.33273691417918,17.82078233116173,0.5387810677703969,-0.004133225563293763,-0.002522124179179741
2570.164,18.34987696,2.4978610411035334,18.336425623751097,18.33479299930214,17.82118577176982,0.538550064587595,0.013451336248902379,0.01508396069785789
2570.646,18.33647884,2.4978907668314267,18.338428903055895,18.33677562833869,17.82158888097873,0.5383191103356517,-0.001950063055893736,-0.0002967883386872927
2571.128,18.3347278,2.4979204741901357,18.34035769484823,18.338684654070114,17.821991659132937,0.5380882050145668,-0.005629894848230066,-0.0039568540701147015
2571.61,18.34963023,2.4979501631946897,18.34221185111415,18.340519939403432,17.822394106576915,0.53785734862434,0.007418378885848398,0.009110290596566983
2572.093,18.3381709,2.497979895398447,18.34399484831676,18.342284934903077,17.822797057579766,0.537626062362185,-0.005823948316759697,-0.004114034903075492
2572.575,18.34186707,2.498009547701718,18.345699176484704,18.343972215080413,17.823198843952387,0.5373953039351911,-0.003832106484704667,-0.002105145080413706
2573.057,18.33762633,2.4980391816958627,18.347328488648213,18.345585404170198,17.823600300648923,0.5371645944390554,-0.009702158648213555,-0.007959074170198477
2573.539,18.33542875,2.4980687973958506,18.348882679370554,18.34712440564317,17.824001428013858,0.5369339338737777,-0.013453929370555784,-0.011695655643173097
2574.021,18.34979184,2.498098394816637,18.350361653869484,18.34858913310948,17.824402226391665,0.5367033222393587,-0.0005698138694825161,0.0012027068905204885
2574.503,18.34940525,2.4981279739731606,18.35176532802054,18.34997951031779,17.82480269612682,0.5364727595357979,-0.0023600780205406124,-0.0005742603177907313
2574.985,18.35460299,2.498157534880346,18.353093628358764,18.351295471153065,17.825202837563804,0.5362422457630952,0.0015093616412364952,0.0033075188469346983
2575.467,18.35917738,2.498187077553104,18.35434649207895,18.352536959633206,17.825602651047088,0.5360117809212509,0.004830887921048799,0.00664042036679291
2575.949,18.32816307,2.4982166020063286,18.355523867034382,18.35370392990445,17.826002136921154,0.5357813650102649,-0.02736079703438321,-0.025540859904452873
2576.432,18.35167151,2.49824616945227,18.35662791918222,18.354798535141367,17.82640212332042,0.5355505201412079,-0.004956409182220511,-0.0031270251413673122
2576.914,18.35039732,2.498275657473332,18.357654045996114,18.35581621716753,17.826800954331578,0.5353202021934544,-0.00725672599611471,-0.00541889716753019
2577.396,18.35663822,2.4983051273194867,18.3586045914899,18.356759304107555,17.82719945876766,0.5350899331765595,-0.001966371489899643,-0.00012108410755473642
2577.878,18.3407635,2.4983345790055713,18.359479546130082,18.35762779057168,17.827597636973145,0.5348597130905228,-0.0187160461300806,-0.01686429057167871
2578.36,18.3554476,2.498364012546407,18.360278911012735,18.35842168125731,17.82799548929251,0.5346295419353445,-0.004831311012733153,-0.002974081257310246
2578.842,18.36441385,2.498393427956799,18.361002697853227,18.359140990937178,17.828393016070226,0.5343994197110243,0.0034111521467714567,0.005272859062820601
2579.324,18.35613078,2.4984228252515392,18.361650928974456,18.359785744446317,17.82879021765078,0.5341693464175625,-0.005520148974454742,-0.003654964446315745
2579.806,18.36165671,2.498452204445405,18.362223637293596,18.360355976667872,17.82918709437865,0.5339393220549591,-0.00056692729359753,0.0013007333321262138
2580.289,18.34268169,2.4984816264495286,18.362721819477997,18.360852683675233,17.82958446898366,0.5337088695466253,-0.020040129477997937,-0.018170993675234115
2580.771,18.36718721,2.4985109694484398,18.363143466825953,18.36127386374797,17.829980696367397,0.5334789431472545,0.004043743174047876,0.005913346252029328
2581.253,18.36322226,2.498540294390748,18.36348975367913,18.361620687456337,17.83037659993259,0.5332490656787421,-0.00026749367912870525,0.00160157254366311
2581.735,18.37374067,2.4985696012911736,18.363760755191393,18.361893229730782,17.830772180023718,0.5330192371410879,0.009979914808607049,0.011847440269217913
2582.217,18.37443146,2.498598890164418,18.363956557022355,18.36209157546105,17.83116743698525,0.532789457534292,0.010474902977644973,0.01233988453894952
2582.699,18.37409086,2.498628161025172,18.364077255315284,18.362215819474898,17.831562371161674,0.5325597268583543,0.01001360468471546,0.011875040525101355
2583.181,18.35800824,2.4986574138881092,18.364122956673487,18.362266066515676,17.83195698289746,0.5323300451132749,-0.006114716673486953,-0.0042578265156762996
2583.663,18.37355905,2.4986866487678894,18.36409377813533,18.362242431218743,17.83235127253709,0.5321004122990538,0.009465271864669944,0.011316618781258114
2584.146,18.35997056,2.498715926276488,18.363989553912177,18.362144759446746,17.83274605745158,0.5318703521514435,-0.004018993912175972,-0.0021741994467454617
2584.627,18.35724631,2.4987450646365454,18.363811301538227,18.36197402146353,17.83313888690578,0.5316412934631863,-0.00656499153822665,-0.004727711463530682
2585.11,18.36610832,2.498774306177562,18.363557687264947,18.36172894197807,17.833533028018124,0.5314113313803253,0.0025506327350512947,0.004379378021930336
2585.592,18.36040993,2.4988034692338483,18.363230213274658,18.361410968673034,17.833926032052855,0.5311818943910536,-0.0028202832746586637,-0.0010010386730350262
2586.074,18.38135639,2.4988326143800896,18.362828600489003,18.36101983403052,17.83431871571452,0.5309525063326401,0.01852778951099765,0.02033655596947881
2586.556,18.36925003,2.4988617416308583,18.362353027971384,18.360555711498243,17.83471107934761,0.5307231672050848,0.006897002028615873,0.008694318501756726
2587.038,18.38092844,2.4988908510007124,18.361803685004645,18.360018784218596,17.835103123296594,0.5304938770083879,0.019124754995356597,0.02090965578140569
2587.52,18.34552006,2.498919942504196,18.361180771054617,18.35940924499595,17.835494847905945,0.5302646357425493,-0.015660711054618304,-0.013889184995949932
2588.002,18.37996307,2.4989490161558385,18.360484495732244,18.35872729626281,17.83588625352015,0.5300354434075688,0.019478574267754567,0.02123577373718888
2588.484,18.3740811,2.4989780719701553,18.359715078754274,18.357973150044838,17.836277340483676,0.5298063000034469,0.014366021245727723,0.016107949955163292
2588.967,18.35071763,2.499007170187926,18.35887092670538,18.357145239318484,17.836668919533725,0.5295767302813092,-0.008153296705380342,-0.00642760931848585
2589.449,18.35512656,2.499036190334147,18.357955775269346,18.35624722379782,17.83705936957002,0.5293476848404199,-0.0028292152693474293,-0.001120663797820498
2589.931,18.35779811,2.499065192686531,18.356968202077915,18.355277704571115,17.837449501989788,0.529118688330389,0.0008299079220854821,0.0025204054288856526
2590.413,18.35872592,2.4990941772595363,18.355908466871227,18.354236931684543,17.837839317137504,0.5288897407512162,0.0028174531287739057,0.004488988315458187
2590.895,18.34969868,2.499123144067606,18.35477683927807,18.353125164585933,17.838228815357645,0.5286608421029018,-0.005078159278070871,-0.0034264845859333093
2591.377,18.33725563,2.499152093125168,18.353573598768342,18.35194267208327,17.838617996994685,0.5284319923854456,-0.016317968768341018,-0.014687042083266988
2591.859,18.34034761,2.4991810244466395,18.352299034604236,18.350689732301976,17.83900686239311,0.5282031915988477,-0.011951424604237815,-0.010342122301977952
2592.341,18.34989423,2.499209938046419,18.350953445790015,18.34936663264122,17.839395411897385,0.527974439743108,-0.001059215790014889,0.0005275973587792748
2592.823,18.33902921,2.499238833938894,18.34953714102053,18.347973669729072,17.839783645852,0.5277457368182266,-0.010507931020530492,-0.008944459729072207
2593.306,18.34237308,2.499267772033331,18.348047281231306,18.346508043014232,17.840172369084687,0.527516608489187,-0.005674201231304465,-0.004134963014230664
2593.788,18.33546701,2.4992966325176353,18.346490364107286,18.34497613684574,17.840559972320516,0.5272880035275385,-0.011023354107287275,-0.009509126845742344
2594.27,18.342024,2.4993254753377387,18.34486371543105,18.34337531290103,17.84094726104082,0.5270594474967482,-0.002839715431051104,-0.0013513129010327418
2594.752,18.354217,2.4993543005079695,18.343167682137945,18.341705904273013,17.841334235590082,0.5268309403968162,0.011049317862052987,0.012511095726985388
2595.234,18.3351741,2.4993831080426436,18.341402620576588,18.339968253043327,17.84172089631278,0.5266024822277424,-0.006228520576588181,-0.0047941530433277535
2595.716,18.35650858,2.4994118979560627,18.33956889644958,18.338162710231202,17.842107243553382,0.526374072989527,0.01693968355041875,0.018345869768797485
2596.198,18.32840355,2.4994406702625134,18.33766688475295,18.336289635741217,17.84249327765637,0.5261457126821698,-0.009263334752947827,-0.007886085741215965
2596.68,18.31949058,2.499469424976269,18.335696969714355,18.334349398310053,17.842878998966224,0.5259174013056708,-0.016206389714355396,-0.014858818310052868
2597.163,18.36133147,2.4994982217139374,18.33365524780852,18.332338142347584,17.843265207106317,0.5256886653373549,0.027676222191480804,0.028993327652415246
2597.645,18.33255863,2.49952694124864,18.33155057657653,18.330264582949912,17.84365030321617,0.5254604519240887,0.0010080534234724325,0.0022940470500891763
2598.127,18.30750948,2.49955564323341,18.329379210301724,18.32812502009399,17.84403508756703,0.5252322874416809,-0.021869730301723678,-0.02061554009398847
2598.609,18.32182614,2.4995843276824665,18.327141569513948,18.3259198573096,17.844419560503376,0.5250041718901314,-0.005315429513949255,-0.004093717309601175
2599.091,18.3271635,2.4996129946100107,18.324838083647055,18.32364950667686,17.844803722369683,0.5247761052694401,0.0023254163529458083,0.003513993323142728
2599.573,18.32105805,2.4996416440302327,18.322469190969755,18.321314388766844,17.845187573510433,0.5245480875796071,-0.0014111409697541433,-0.00025633876684239
2600.055,18.31903108,2.4996702759573055,18.320035338515346,18.31891493258124,17.845571114270097,0.5243201188206323,-0.0010042585153478,0.00011614741875831669
2600.537,18.31296483,2.4996988904053907,18.317536982010218,18.316451575490966,17.845954344993157,0.5240921989925159,-0.004572152010219099,-0.00348674549096728
2601.02,18.31450715,2.4997275467003313,18.314969203384084,18.313919455176592,17.84633806014438,0.5238638553849234,-0.00046205338408356056,0.0005876948234089241
2601.502,18.32249908,2.4997561261966776,18.31234310898102,18.311329511323372,17.846720671186215,0.5236360335200397,0.010155971018981802,0.011169568676628217
2601.984,18.31750097,2.4997846882564643,18.30965393014059,18.30867702923242,17.847102973225596,0.5234082605860143,0.007847039859409932,0.008823940767580751
2602.466,18.30506953,2.499813232893796,18.306902156641357,18.305962479135076,17.847484966606988,0.5231805365828474,-0.0018326266413559722,-0.000892949135074872
2602.948,18.28968785,2.4998417601227643,18.304088286580377,18.30318633931026,17.847866651674874,0.5229528615105384,-0.014400436580377374,-0.013498489310258321
2603.43,18.30777916,2.4998702699574458,18.301212826294968,18.300349096017264,17.84824802877373,0.522725235369088,0.006566333705031013,0.007430063982734936
2603.912,18.29297028,2.4998987624119047,18.29827629028338,18.297451243427616,17.848629098248033,0.5224976581584957,-0.005306010283380402,-0.0044809634276177235
2604.394,18.30581168,2.4999272375001897,18.29527920112442,18.294493283555944,17.849009860442266,0.5222701298787615,0.010532478875582285,0.0113183964440573
2604.876,18.2937955,2.4999556952363373,18.292222089395967,18.291475726189947,17.849390315700898,0.5220426505298857,0.0015734106040348195,0.0023197738100542153
2605.359,18.29495965,2.4999841946213306,18.289098966170236,18.288392644703844,17.849771252740126,0.5218147483153914,0.005860683829762792,0.00656700529615506
2605.841,18.29568023,2.5000126176593267,18.285923310915013,18.285257331516693,17.850151094525984,0.5215873669297486,0.009756919084985327,0.010422898483305687
2606.323,18.27079302,2.5000410233872388,18.282689273145717,18.28206399723524,17.850530630410383,0.5213600344749639,-0.01189625314571785,-0.01127097723524173
2606.805,18.30321165,2.500069411819047,18.27939741461702,18.278813182035847,17.850909860737815,0.5211327509510375,0.02381423538298222,0.024398467964154236
2607.287,18.27694191,2.5000977829687185,18.27604830465967,18.2755054335037,17.85128878585274,0.5209055163579694,0.000893605340330339,0.0014364764963019638
2607.769,18.28726094,2.5001261368502057,18.27264252009305,18.27214130655721,17.85166740609965,0.5206783306957596,0.014618419906948787,0.015119633442790104
2608.251,18.27656706,2.5001544734774486,18.269180645136508,18.268721363371586,17.852045721823007,0.5204511939644079,0.007386414863493229,0.007845696628415055
2608.733,18.26726801,2.500182792864373,18.265663271319994,18.265246173301495,17.852423733367303,0.5202241061639146,0.0016047386800046581,0.002021836698503421
2609.216,18.26182648,2.5002111537251688,18.26208352938745,18.261708933014635,17.85280222438736,0.5199965963101438,-0.0002570493874500812,0.0001175469853649247
2609.698,18.24361258,2.5002394386374815,18.258456849220916,18.258124873963208,17.85317962797766,0.5197696064728835,-0.014844269220915862,-0.014512293963207412
2610.18,18.26695764,2.5002677063512,18.25477648901734,18.254487319613556,17.853556728423037,0.5195426655664813,0.012181150982662814,0.01247032038644491
2610.662,18.2591053,2.5002959568801946,18.251043068649583,18.25079686726144,17.85393352606797,0.5193157735909374,0.008062231350418614,0.008308432738562743
2611.144,18.24165554,2.500324190238323,18.2472572148395,18.247054120982103,17.854310021256932,0.5190889305462517,-0.005601674839500248,-0.005398580982102885
2611.626,18.25489009,2.5003524064394287,18.243419561063046,18.24325969154778,17.854686214334404,0.5188621364324242,0.011470528936953883,0.011630398452219026
2612.108,18.23121511,2.5003806054973428,18.239530747454435,18.239414196344402,17.855062105644862,0.518635391249455,-0.008315637454433755,-0.008199086344401252
2612.59,18.2286841,2.5004087874258807,18.235591420709515,18.235518259287318,17.85543769553278,0.5184086949973442,-0.0069073207095158295,-0.006834159287318897
2613.073,18.23792509,2.500437010654287,18.231593906294414,18.23156427319776,17.855813762637393,0.5181815775042969,0.006331183705587051,0.0063608168022426526
2613.554,18.23104528,2.5004650999500306,18.227563846816473,18.227577587409904,17.856187972418912,0.5179554492856974,0.003481433183527116,0.00346769259009605
2614.037,18.22689131,2.5004932889177427,18.223468395909297,18.223525693388112,17.85656343715441,0.5177284298573993,0.003422914090702278,0.00336561661188739
2614.519,18.20625785,2.5005214024312665,18.219333512783557,18.219434257004238,17.856937824174807,0.5175019294302379,-0.013075662783556652,-0.013176407004237944
2615.001,18.22042412,2.500549498884324,18.215151446397858,18.215295594647525,17.85731191149577,0.5172754779339345,0.0052726736021426746,0.005128525352475322
2615.483,18.19971965,2.5005775782906507,18.21092288075487,18.21111036760908,17.857685699461765,0.5170490753684895,-0.011203230754873061,-0.011390717609081946
2615.965,18.19393126,2.5006056406639696,18.206648505719734,18.206879243097415,17.85805918841728,0.5168227217339029,-0.012717245719734649,-0.012947983097415516
2616.447,18.21338704,2.5006336860179883,18.2023290169171,18.202602894147912,17.858432378706787,0.5165964170301744,0.011058023082899382,0.010784145852088756
2616.929,18.18893178,2.5006617143664034,18.197965115627586,18.198281999531496,17.858805270674765,0.5163701612573044,-0.009033335627584904,-0.00935021953149473
2617.411,18.19086233,2.5006897257228955,18.193557508683472,18.19391724366265,17.859177864665693,0.5161439544152926,-0.0026951786834708003,-0.0030549136626483175
2617.894,18.19572335,2.5007177781631174,18.18909763055854,18.189500127034567,17.859550933113972,0.515917327347718,0.006625719441462508,0.006223222965434871
2618.376,18.20380267,2.5007457555415753,18.184604667523757,18.18504963661609,17.859922931567798,0.5156912184689388,0.01919800247624437,0.018753033383912765
2618.858,18.19072581,2.500773715969104,18.180070153093265,18.18055737257765,17.86029463307872,0.5154651585210182,0.01065565690673509,0.010168437422350962
2619.34,18.17934629,2.5008016594593334,18.175494815260258,18.176024040983528,17.86066603799121,0.5152391475039557,0.0038514747397435656,0.0033222490164739327
2619.822,18.16538272,2.500829586025877,18.170879387038045,18.171450353070203,17.861037146649743,0.5150131854177515,-0.005496667038045189,-0.006067633070202305
2620.304,18.20516766,2.500857495682338,18.16622460635192,18.166837025150027,17.8614079593988,0.5147872722624056,0.038943053648079484,0.03833063484997368
2620.786,18.18637203,2.5008853884423043,18.161531215930417,18.162184778514135,17.86177847658286,0.5145614080379179,0.024840814069584383,0.024187251485866312
2621.268,18.16658089,2.5009132643193506,18.15679996319603,18.1574943393348,17.862148698546395,0.5143355927442885,0.009780926803969692,0.0090865506651987
2621.75,18.16998768,2.5009411233270398,18.152031600155357,18.15276643856703,17.86251862563389,0.5141098263815175,0.017956079844640982,0.017221241432967105
2622.233,18.16246192,2.500969023225208,18.147216877733868,18.14799188906812,17.862889024756406,0.5138836407070407,0.015245042266130326,0.014470030931878597
2622.715,18.16771381,2.5009968484998866,18.142376494833954,18.143191202737142,17.86325836251525,0.5136579723075024,0.02533731516604476,0.024522607262856155
2623.197,18.15758947,2.501024656945842,18.137501285637487,18.13835527693541,17.86362740643219,0.5134323528388225,0.020088184362514028,0.019234193064590954
2623.679,18.15770791,2.501052448576583,18.13259201938703,18.13348486076126,17.863996156851712,0.5132067823010007,0.025115890612969594,0.024223049238738525
2624.161,18.14669209,2.501080223405606,18.12764946935203,18.128580707594097,17.864364614118283,0.5129812606940373,0.019042620647969244,0.01811138240590182
2624.643,18.13637042,2.5011079814463937,18.12267441271603,18.12364357499223,17.86473277857639,0.5127557880179321,0.01369600728396847,0.012726845007769327
2625.125,18.13192741,2.5011357227124154,18.117667630463348,18.118674224590155,17.8651006505705,0.5125303642726852,0.014259779536651251,0.013253185409844548
2625.607,18.10954567,2.5011634472171274,18.112629907265447,18.113673421995202,17.865468230445092,0.5123049894582965,-0.003084237265447598,-0.004127751995202544
2626.09,18.12354304,2.5011912124415456,18.10755148630642,18.108631466558656,17.865836280250097,0.5120791961445434,0.015991553693581295,0.014911573441345638
2626.572,18.11347855,2.50121890342925,18.10245418932033,18.103570010524805,17.866203276314828,0.5118539192933876,0.011024360679670053,0.009908539475194544
2627.054,18.08399213,2.5012465776959627,18.097328328035918,18.098479423530986,17.866569981294187,0.5116286913730901,-0.013336198035919011,-0.014487293530986989
2627.536,18.08678235,2.5012742352550883,18.092174700734798,18.09336048603865,17.86693639553265,0.5114035123836508,-0.005392350734798157,-0.00657813603865165
2628.018,18.08517917,2.5013018761200176,18.086994108811204,18.088213981956937,17.8673025193747,0.5111783823250698,-0.001814938811204314,-0.003034811956936778
2628.5,18.08859103,2.5013295003041276,18.081787356656125,18.08304069853602,17.867668353164813,0.510953301197347,0.00680367334387455,0.005550331463979319
2628.982,18.07623255,2.501357107820784,18.07655525154102,18.077841426260044,17.86803389724746,0.5107282690004826,-0.0003227015410196543,-0.001608876260043246
2629.464,18.06485219,2.501384698683338,18.071298603501447,18.072616958739534,17.868399151967125,0.5105032857344765,-0.006446413501446813,-0.007764768739534134
2629.947,18.06768226,2.501412330095769,18.06600724597616,18.067357178031447,17.868764874558345,0.5102778847814466,0.0016750140238421807,0.00032508196855474125
2630.429,18.0586435,2.501439887655639,18.060703905973895,18.062084664690527,17.86912955098692,0.5100529994786733,-0.002060405973896451,-0.0034411646905283533
2630.911,18.04116916,2.501467428601412,18.05537847026788,18.05678935627941,17.869493939086652,0.5098281631067583,-0.014209310267879971,-0.015620196279410692
2631.393,18.04920256,2.5014949529463877,18.05003175878433,18.051472057834328,17.869858039202033,0.5096033756657015,-0.0008291987843271897,-0.002269497834326728
2631.875,18.04763416,2.5015224607038524,18.04466459362706,18.04613357697281,17.870221851677524,0.5093786371555029,0.0029695663729398802,0.001500583027191027
2632.357,18.01778964,2.501549951887081,18.039277798959564,18.04077472378337,17.8705853768576,0.5091539475761626,-0.021488158959563464,-0.022985083783371607
2632.839,18.02940008,2.501577426509334,18.033872200886996,18.035396310714805,17.870948615086753,0.5089293069276807,-0.004472120886997999,-0.005996230714806927
2633.321,18.03150017,2.5016048845838594,18.02844862733795,18.029999152465134,17.87131156670945,0.5087047152100569,0.0030515426620496555,0.0015010175348670884
2633.803,18.01546286,2.501632326123893,18.023007907946074,18.024584065870133,17.87167423207017,0.5084801724232915,-0.007545047946074135,-0.009121205870133764
2634.286,18.01397593,2.501659808023871,18.017539535902735,18.019140582458984,17.87203736304099,0.50825521286336,-0.0035636059027339684,-0.005164652458983454
2634.768,18.0092056,2.5016872165003394,18.01206698870038,18.01369206473265,17.87239945631907,0.5080307680398273,-0.002861388700377887,-0.004486464732647022
2635.25,18.00944068,2.5017146084819712,18.00657979533313,18.008228082583194,17.87276126436932,0.507806372147153,0.002860884666869623,0.0012125974168064602
2635.732,18.02343964,2.501741983981951,18.001078791071674,18.002749460279055,17.87312278753621,0.5075820251853369,0.022360848928325794,0.020690179720944002
2636.214,18.01612411,2.50176934301345,17.9955648122983,17.997257023663636,17.873484026164228,0.5073577271543791,0.020559297701698398,0.018867086336364025
2636.696,17.98835001,2.501796685589625,17.990038696388048,17.991751600041898,17.87384498059784,0.5071334780542796,-0.0016886863880465341,-0.0034015900418964407
2637.178,17.99368541,2.5018240117236235,17.984501281589836,17.986234018066543,17.874205651181533,0.5069092778850383,0.00918412841016547,0.007451391933457785
2637.66,17.99466463,2.501851321428577,17.978953406907586,17.980705107624033,17.87456603825978,0.5066851266466552,0.015711223092413462,0.013959522375966316
2638.143,17.99013287,2.5018786713256316,17.973384372491516,17.975154196837757,17.874926888986508,0.5064605594474471,0.01674849750848395,0.014978673162243439
2638.625,17.97013499,2.501905948177826,17.967818080136645,17.969605104296498,17.875286709500894,0.5062365061722969,0.0023169098633530893,0.0005298857035000992
2639.107,17.98243337,2.501933208640324,17.96224384999564,17.96404718093501,17.87564624754398,0.5060125018280051,0.02018952000435803,0.018386189064987235
2639.589,17.96888927,2.501960452726208,17.956662522904896,17.95848126043119,17.876005503460235,0.5057885464145714,0.012226747095102297,0.010408009568809717
2640.071,17.96031002,2.501987680448547,17.9510749398618,17.95290817712285,17.876364477594148,0.5055646399319961,0.009235080138200402,0.007401842877150955
2640.553,17.93763442,2.502014891820398,17.945481941906174,17.9473287658923,17.87672317029019,0.505340782380279,-0.007847521906175103,-0.009694345892302891
2641.035,17.9229908,2.5020420868548037,17.93988437000189,17.941743862050927,17.87708158189284,0.5051169737594201,-0.016893570001890623,-0.018753062050926417
2641.517,17.93433508,2.5020692655647965,17.934283064918546,17.936154301223443,17.877439712746572,0.5048932140694196,5.2015081454470646e-05,-0.0018192212234424687
2642.0,17.92949869,2.5020964842999707,17.928667237722763,17.930549311313023,17.877798305332945,0.5046690392309351,0.0008314522772359112,-0.0010506213130234698
2642.481,17.93247291,2.502123574063601,17.92307261661295,17.924964551981063,17.8781551335852,0.5044458414819931,0.009400293387052727,0.007508358018938566
2642.964,17.91267834,2.5021507601474164,17.917453518474716,17.919354418505417,17.87851316523548,0.504221764708258,-0.004775178474716313,-0.006676078505417848
2643.446,17.92076881,2.5021778736560663,17.911845680448522,17.913754586335884,17.87887017595907,0.5039982008432068,0.00892312955147645,0.007014223664114638
2643.928,17.90041445,2.5022049709052956,17.906238307785614,17.9081542776804,17.879226907656836,0.5037746859090139,-0.00582385778561445,-0.0077398276803997135
2644.41,17.9090768,2.5022320519080608,17.900632237613078,17.902554327607422,17.879583360673273,0.5035512199056793,0.008444562386923593,0.006522472392578749
2644.892,17.91445071,2.502259116677304,17.895028306040324,17.896955570685897,17.87993953535284,0.5033278028332029,0.01942240395967687,0.017495139314103625
2645.374,17.8934694,2.502286165225956,17.88942734804253,17.891358840868904,17.880295432040025,0.5031044346915848,0.004042051957469539,0.002110559131097034
2645.856,17.88798012,2.5023131975669344,17.883830197344185,17.88576497137735,17.880651051079298,0.5028811154808248,0.004149922655816596,0.0022151486226533734
2646.338,17.88879929,2.502340213713145,17.87823768630302,17.88017479458358,17.88100639281514,0.5026578452009233,0.010561603696981336,0.008624495416420075
2646.821,17.87539812,2.5023672696771926,17.872639060685994,17.874577558683054,17.881362193953283,0.5024341607879115,0.002759059314005441,0.0008205613169458559
2647.303,17.85380771,2.5023942534390016,17.867058333917594,17.86899727239729,17.881716981542166,0.5022109884712428,-0.013250623917592463,-0.01518956239728908
2647.785,17.86627046,2.5024212210447114,17.8614847362376,17.863423171390977,17.88207149286176,0.5019878650854322,0.004785723762399385,0.0028472886090220584
2648.267,17.86814103,2.5024481725071768,17.85591909337813,17.857856083476687,17.882425728256546,0.5017647906304802,0.0122219366218701,0.010284946523313465
2648.749,17.8463277,2.502475107839242,17.85036222912861,17.852296835037098,17.882779688070997,0.5015417651063864,-0.0040345291286101315,-0.005969135037098283
2649.231,17.85453331,2.502502027053737,17.844814965221943,17.846746250909106,17.883133372649596,0.5013187885131505,0.009718344778057997,0.007787059090894388
2649.713,17.85061809,2.502528930163479,17.839278121220797,17.841205154267886,17.883486782336814,0.5010958608507732,0.011339968779203957,0.009412935732115102
2650.195,17.85335193,2.502555817181276,17.833752514404416,17.835674366511178,17.883839917477133,0.500872982119254,0.019599415595582315,0.01767756348882088
2650.677,17.85120481,2.502582688119921,17.828238959655888,17.830154707143773,17.884192778415027,0.5006501523185931,0.022965850344110805,0.02105010285622555
2651.16,17.8209273,2.5026095986910053,17.822726871064038,17.824635579854355,17.884546096719003,0.5004269092986795,-0.0017995710640370532,-0.0037082798543544016
2651.642,17.82160941,2.5026364374763843,17.817239884164362,17.819140654952925,17.88489840971838,0.5002041774612516,0.004369525835638655,0.002468755047075888
2652.124,17.83388708,2.502663260220944,17.811767380155565,17.813659306128947,17.88525044954948,0.4999814945546818,0.022119699844434848,0.02022777387105279
2652.606,17.79831128,2.5026900669374292,17.80631016321173,17.808192344158332,17.88560221655678,0.4997588605789702,-0.007998883211730146,-0.009881064158332009
2653.088,17.78815047,2.502716857638571,17.800869034553898,17.802740577348928,17.885953711084756,0.499536275534117,-0.012718564553896528,-0.014590107348926296
2653.57,17.79695356,2.5027436323370904,17.795444792340135,17.79730481142615,17.88630493347788,0.49931373942012214,0.0015087676598639632,-0.00035125142615299865
2654.052,17.77868378,2.5027703910456935,17.790038231556295,17.79188584941903,17.886655884080636,0.4990912522369855,-0.011354451556293554,-0.013202069419030238
2654.534,17.80444323,2.5027971337770762,17.78465014390731,17.786484491546535,17.8870065632375,0.4988688139847071,0.01979308609269026,0.017958738453465628
2655.017,17.77275268,2.5028239159770584,17.779270199632695,17.781090386824413,17.887357697999043,0.4986459633255169,-0.006517519632694757,-0.00833770682441326
2655.499,17.76984392,2.5028506267589545,17.773921462107303,17.77572666671945,17.88770783473617,0.4984236230364715,-0.0040775421073036,-0.005882746719450438
2655.981,17.77106285,2.502877321601668,17.76859355368422,17.770382935050996,17.88805770106155,0.49820133167828407,0.0024692963157804115,0.0006799149490035461
2656.463,17.77324345,2.5029040005178453,17.763287251861172,17.765059979660126,17.888407297319656,0.497979089250955,0.009956198138826977,0.008183470339872656
2656.945,17.75968501,2.5029306635201207,17.75800333031995,17.7597585850141,17.888756623854974,0.4977568957544843,0.0016816796800469547,-7.357501410254486e-05
2657.427,17.7526922,2.502957310621116,17.75274255882132,17.754479532094727,17.889105681011966,0.4975347511888719,-5.035882132276015e-05,-0.0017873320947288107
2657.909,17.74107788,2.50298394183344,17.747505703100607,17.749223598287266,17.889454469135124,0.4973126555541177,-0.006427823100608521,-0.008145718287266845
2658.391,17.74058548,2.5030105571696923,17.742293524763973,17.743991557269677,17.889802988568917,0.49709060885022177,-0.0017080447639727936,-0.0034060772696768993
2658.874,17.75173755,2.5030372118116033,17.737096047269002,17.738773401381586,17.89015196189175,0.49686815055175515,0.014641502730999179,0.01296414861841555
2659.356,17.74170992,2.5030637954005814,17.731935546598773,17.73359150514739,17.89049994442459,0.49664620181109187,0.009774373401228331,0.008118414852610556
2659.838,17.74143158,2.503090363151232,17.726801983877177,17.728435800969365,17.89084765930221,0.49642430200128707,0.01462959612282333,0.012995779030635646
2660.32,17.74074899,2.5031169150761055,17.721696103160475,17.723307046589728,17.89119510686909,0.4962024511223405,0.019052886839524774,0.017441943410272387
2660.802,17.71300687,2.503143451187738,17.716618643867314,17.718205995496746,17.891542287469708,0.4959806491742523,-0.0036117738673127064,-0.005199125496744728
2661.284,17.71897899,2.5031699714986555,17.7115703406793,17.713133396817064,17.89188920144854,0.4957588961570223,0.007408649320698402,0.005845593182936426
2661.766,17.73332571,2.50319647602137,17.70655192344238,17.708089995208447,17.89223584915006,0.4955371920706506,0.026773786557619417,0.02523571479155251
2662.248,17.69940938,2.5032229647683826,17.701564117068877,17.703076530753272,17.892582230918745,0.49531553691513713,-0.002154737068877921,-0.003667150753273063
2662.73,17.70937902,2.503249437752183,17.696607641440465,17.6980937388525,17.892928347099076,0.495093930690482,0.012771378559534696,0.011285281147500825
2663.213,17.69519251,2.503275949859408,17.69167302845614,17.693132110677382,17.893274915293112,0.4948719137851132,0.0035194815438579496,0.0020603993226160355
2663.695,17.68954645,2.5033023913215624,17.686781422049958,17.6882129182449,17.89362050078094,0.49465040552369083,0.0027650279500441854,0.0013335317551010917
2664.177,17.69775796,2.503328817057924,17.68192327634648,17.683326576920848,17.893965821714552,0.4944289461931268,0.015834683653519477,0.014431383079152482
2664.659,17.70057469,2.503355227080935,17.677099290138717,17.67847380232264,17.894310878438436,0.494207535793421,0.02347539986128311,0.02210088767736096
2665.141,17.67634941,2.503381621403024,17.672310156715696,17.673655304865765,17.89465567129706,0.4939861743245735,0.004039253284304323,0.002694105134235514
2665.623,17.66714066,2.5034080000366075,17.667556563770397,17.668871789661754,17.895000200634907,0.4937648617865842,-0.00041590377039568693,-0.0017311296617528171
2666.105,17.66677328,2.5034343629940907,17.66283919330855,17.6641239564169,17.895344466796455,0.49354359817945326,0.003934086691451455,0.002649323583099772
2666.587,17.64494533,2.5034607102878677,17.658158721558312,17.659412499331665,17.89568847012617,0.49332238350318053,-0.013213391558313248,-0.014467169331666696
2667.07,17.64780765,2.5034870965440224,17.653506225817672,17.654728448094968,17.8960329238512,0.4931007589585352,-0.005698575817671525,-0.00692079809496704
2667.552,17.65310464,2.5035134125150846,17.64890163662813,17.650091882429532,17.896376402007196,0.49287964224549535,0.004203003371870295,0.0030127575704668175
2668.034,17.6436927,2.5035397128595744,17.64433594063978,17.645493742894967,17.89671961836551,0.4926585744633138,-0.00064324063978205,-0.0018010428949679635
2668.516,17.62014535,2.503565997589838,17.639809790073166,17.640934700666122,17.897062573270617,0.49243755561199043,-0.019664440073164258,-0.020789350666120754
2668.998,17.61011858,2.503592266718208,17.635323830933444,17.636415420920844,17.897405267067,0.4922165856915253,-0.025205250933442613,-0.026296840920842612
2669.48,17.60948143,2.503618520257007,17.63087870292566,17.631936562744173,17.89774770009914,0.4919956647019185,-0.02139727292566107,-0.022455132744173767
2669.962,17.61136287,2.5036447582185457,17.626475039371037,17.627498779033534,17.898089872711502,0.49177479264317003,-0.015112169371036543,-0.016135909033533125
2670.444,17.60941981,2.5036709806151225,17.622113467124265,17.623102716404745,17.898431785248572,0.49155396951527974,-0.012693657124266622,-0.01368290640474612
2670.927,17.60979717,2.5036972418139105,17.6177856910254,17.618740026998804,17.898774146608325,0.49133273733135796,-0.00798852102539982,-0.008942856998803705
2671.408,17.60844365,2.5037233787625235,17.613519071150755,17.61443830889019,17.899114831474737,0.4911124700520741,-0.005075421150753101,-0.0059946588901880205
2671.891,17.59201732,2.503749608828342,17.609278734895362,17.610162417900433,17.899456673331425,0.49089133593290146,-0.017261414895362037,-0.01814509790043317
2672.373,17.59477924,2.503775769055641,17.605091757265793,17.60593966931644,17.89979754847572,0.49067070862996054,-0.010312517265791854,-0.011160429316440457
2672.855,17.61061122,2.5038019137793195,17.600949906617117,17.60176177870965,17.90013816526783,0.4904501302578779,0.009661313382881787,0.008849441290347926
2673.337,17.59050482,2.5038280430116044,17.596853769309014,17.597629353069607,17.900478524052218,0.4902296008166536,-0.006348949309014529,-0.007124533069607253
2673.819,17.58933866,2.5038541567647132,17.59280392468364,17.593542992472216,17.900818625173365,0.4900091203062875,-0.003465264683640612,-0.004204332472216521
2674.301,17.59472219,2.5038802550508494,17.58880094499118,17.589503289993427,17.901158468975748,0.4897886887267797,0.005921245008817522,0.005218900006571658
2674.783,17.58357241,2.503906337882207,17.58484539531635,17.585510831623935,17.901498055803845,0.48956830607813023,-0.0012729853163513383,-0.001938421623936648
2675.265,17.58355401,2.5039324052709655,17.5809378335061,17.581566196184912,17.90183738600213,0.48934797236033895,0.0026161764939018894,0.0019878138150879465
2675.748,17.60176564,2.503958511262971,17.57707085465927,17.577661922456006,17.90217716312176,0.4891272306018898,0.02469478534073133,0.024103717543994208
2676.23,17.58845235,2.5039845477710556,17.573261015201076,17.573814742404046,17.90251598056322,0.48890699484733136,0.015191334798924316,0.01463760759595445
2676.712,17.60410906,2.5040105688730407,17.569500794118134,17.570017079049965,17.90285454240901,0.4886868080236313,0.0346082658818645,0.034091980950034184
2677.194,17.58317334,2.504036574581062,17.56579071958903,17.566269481700214,17.903192849003617,0.48846667013078937,0.01738262041096661,0.016903858299784247
2677.676,17.58347215,2.504062564907241,17.56213131220923,17.56257249208657,17.903530900691507,0.48824658116880576,0.021340837790766898,0.020899657913428626
2678.158,17.57571221,2.504088539863691,17.558523084925415,17.558926644288487,17.903868697817167,0.48802654113768046,0.0171891250745837,0.016785565711511907
2678.64,17.56676322,2.504114499462511,17.554966542970927,17.555332464656598,17.90420624072507,0.4878065500374133,0.01179667702907139,0.011430755343400989
2679.122,17.54502663,2.504140443715789,17.55146218380245,17.55179047173744,17.904543529759692,0.4875866078680045,-0.006435553802450755,-0.0067638417374418225
2679.604,17.54220942,2.504166372635603,17.548010497037716,17.548301176199267,17.904880565265515,0.487366714629454,-0.0058010770377165954,-0.006091756199268161
2680.087,17.53408639,2.5041923399807513,17.544604969080492,17.544858007576376,17.90521804604257,0.487146414264103,-0.01051857908049314,-0.010771617576377679
2680.569,17.5339057,2.50421823823807,17.54126017606488,17.541475718837226,17.90555457500001,0.4869266189887853,-0.007354476064882931,-0.007570018837228076
2681.051,17.53592041,2.5042441211981106,17.537969477626078,17.53814761249226,17.90589085146279,0.4867068726443258,-0.0020490676260784824,-0.002227202492260716
2681.533,17.51141365,2.504269988872904,17.53473333141063,17.53487416696265,17.906226875775392,0.4864871752307247,-0.02331968141063001,-0.02346051696264695
2682.015,17.52565203,2.5042958412744682,17.531552186932643,17.531655852438796,17.90656264828229,0.48626752674798185,-0.005900156932643341,-0.006003822438795936
2682.497,17.52199207,2.5043216784148123,17.52842648551859,17.528493130813608,17.906898169327967,0.4860479271960972,-0.006434415518590697,-0.006501060813608461
2682.979,17.5119784,2.5043475003059323,17.525356660253486,17.525386455617017,17.90723343925689,0.48582837657507083,-0.013378260253485763,-0.013408055617016856
2683.461,17.5117376,2.504373306959813,17.52234313592815,17.522336271951914,17.90756845841354,0.4856088748849028,-0.010605535928149834,-0.01059867195191444
2683.944,17.513355,2.5043991518817976,17.51938025377556,17.519336865832564,17.907903921423244,0.4853889668802752,-0.00602525377555807,-0.005981865832563216
2684.426,17.51865637,2.5044249280655584,17.516480691205167,17.516401085953024,17.908238439550296,0.48516956315334,0.0021756787948312706,0.002255284046974282
2684.908,17.50629347,2.504450689047991,17.513638654493583,17.51352308259042,17.908572707939218,0.484950208357263,-0.007345184493583901,-0.007229612590421652
2685.39,17.51310881,2.5044764348410347,17.51085453473481,17.510703266506013,17.908906726934493,0.48473090249204437,0.002254275265187289,0.0024055434939853626
2685.872,17.50616107,2.5045021654566177,17.508128714483544,17.507942039732946,17.909240496880592,0.4845116455576839,-0.0019676444835425855,-0.001780969732944726
2686.354,17.50640498,2.504527880906656,17.505461567709904,17.50523979552014,17.909574018121997,0.4842924375541817,0.0009434122900948694,0.0011651844798592492
2686.836,17.5049252,2.5045535812030555,17.502853459755368,17.502596918277504,17.909907291003186,0.4840732784815379,0.0020717402446308597,0.002328281722494552
2687.318,17.48868313,2.5045792663577098,17.500304747290027,17.5000137835226,17.91024031586863,0.48385416833975203,-0.011621617290028752,-0.011330653522602319
2687.801,17.48601453,2.5046049896240943,17.497810676774904,17.497485586068347,17.91057378321471,0.48363465269584816,-0.01179614677490548,-0.011471056068348418
2688.283,17.5030195,2.504630644499541,17.495381915405783,17.495023152828733,17.910906312569335,0.4834156405172954,0.007637584594217373,0.00799634717126807
2688.765,17.50105187,2.504656284268881,17.493013567775446,17.49262153547659,17.91123859494236,0.4831966772696009,0.008038302224555594,0.008430334523410465
2689.247,17.50889369,2.504681908943963,17.49070595544773,17.490281073435717,17.911570630678266,0.4829777629527647,0.01818773455227074,0.018612616564283258
2689.729,17.50670136,2.5047075185366237,17.4884593911202,17.48800209699188,17.911902420121535,0.4827588975667867,0.01824196887979923,0.01869926300811997
2690.211,17.48500979,2.5047331130586894,17.486274178589007,17.485784927247987,17.912233963616636,0.4825400811116671,-0.001264388589007126,-0.0007751372479880558
2690.693,17.48317782,2.504758692521975,17.48415061271507,17.483629876080744,17.912565261508046,0.4823213135874054,-0.0009727927150677829,-0.0004520560807428353
2691.175,17.47048883,2.5047842569382848,17.48208897939154,17.48153724609876,17.91289631414025,0.48210259499400226,-0.011600149391540526,-0.011048416098759617
2691.657,17.49556689,2.50480980631941,17.480089555512528,17.47950733060217,17.913227121857716,0.48188392533145735,0.01547733448747124,0.016059559397827883
2692.14,17.47188692,2.5048353936373706,17.478148655507887,17.477536398481643,17.913558370566594,0.48166485108065155,-0.006261735507887778,-0.005649478481643655
2692.622,17.47022331,2.5048609129523283,17.476274575476328,17.475632885979753,17.913888688981686,0.48144627938133955,-0.006051265476326506,-0.005409575979751224
2693.104,17.46820985,2.504886417267437,17.47446348179306,17.473792912171138,17.914218763516192,0.4812277566128857,-0.006253631793057934,-0.005583062171137243
2693.586,17.45264014,2.504911906594444,17.47271561505063,17.472016732727994,17.914548594514585,0.4810092827752902,-0.020075475050632008,-0.01937659272799408
2694.068,17.46435629,2.5049373809450852,17.47103120670577,17.470304593834324,17.914878182321345,0.4807908578685528,-0.006674916705769363,-0.005948303834323099
2694.55,17.45849994,2.5049628403310864,17.469410479055956,17.46865673215452,17.915207527280945,0.48057248189267376,-0.010910539055956292,-0.01015679215452181
2695.032,17.45241539,2.5049882847641625,17.467853645217314,17.467073374803558,17.91553662973787,0.48035415484765315,-0.015438255217315344,-0.014657984803559287
2695.514,17.46365959,2.5050137142560156,17.46636090910381,17.465554739318605,17.91586549003658,0.48013587673349073,-0.002701319103810107,-0.0018951493186065704
2695.997,17.45762811,2.5050391815301354,17.46492956879364,17.464098085278884,17.916194790051538,0.47991719484340845,-0.0073014587936377495,-0.0064699752788826
2696.479,17.45063399,2.50506458114367,17.463565736925453,17.462709643013877,17.91652316656666,0.4796990146924788,-0.01293174692545307,-0.01207565301387703
2696.961,17.4524238,2.5050899658510497,17.46226655947902,17.461386517880804,17.916851301957728,0.47948088347240747,-0.009842759479020913,-0.008962717880805826
2697.443,17.45116386,2.5051153356639326,17.461032203358737,17.46012888883312,17.91717919656921,0.47926280118319425,-0.009868343358736098,-0.008965028833117117
2697.925,17.44024791,2.505140690593966,17.459862826182604,17.45893692512797,17.917506850745596,0.47904476782483946,-0.019614916182604247,-0.01868901512796839
2698.407,17.44768978,2.505166030652787,17.458758576269258,17.45781078630716,17.91783426483135,0.47882678339734297,-0.011068796269256609,-0.010121006307159064
2698.889,17.4425271,2.5051913558520207,17.457719592626475,17.4567506221797,17.918161439170948,0.47860884790070474,-0.015192492626475484,-0.014223522179701575
2699.371,17.44539979,2.5052166662032826,17.456746004940886,17.455756572805917,17.91848837410888,0.4783909613349247,-0.011346214940886057,-0.010356782805917675
2699.854,17.45183429,2.5052420141830827,17.45583611778617,17.454826912524705,17.918815747533632,0.478172671805566,-0.004001827786169088,-0.002992622524704558
2700.335,17.44219355,2.5052672424082925,17.454995489529885,17.45396732973292,17.919141527157628,0.4779553349959397,-0.012801939529886397,-0.01177377973291982
2700.818,17.4448848,2.5052925606886567,17.454217231447075,17.45317078716387,17.91946842251234,0.4777371435313298,-0.009332431447074185,-0.008285987163869635
2701.3,17.44531762,2.5053178117332586,17.45350647439739,17.45244254019147,17.91979440279488,0.47751945279049923,-0.008188854397388923,-0.007124920191468931
2701.782,17.46900046,2.5053430479878203,17.452861621817203,17.451780961776997,17.920120145398844,0.4773018109805269,0.0161388381827976,0.01721949822300317
2702.264,17.45849502,2.505368269463891,17.452282747305674,17.451186133222837,17.920445650668714,0.4770842181014128,0.0062122726943272255,0.007308886777163792
2702.746,17.45136974,2.5053934761730083,17.451769915106055,17.450658126015593,17.920770918948964,0.4768666741531571,-0.0004001751060549452,0.0007116139844072222
2703.228,17.46523002,2.505418668126698,17.451323180106005,17.450197001822872,17.921095950584068,0.4766491791357595,0.013906839893994771,0.015033018177128099
2703.71,17.45485974,2.505443845336478,17.45094258783922,17.449802812491576,17.921420745918507,0.4764317330492203,0.0039171521607812565,0.00505692750842357
2704.192,17.45548551,2.505469007813852,17.450628174488358,17.44947560004786,17.92174530529676,0.47621433589353934,0.0048573355116410255,0.006009909952137349
2704.675,17.46058156,2.505494207728789,17.450379520770184,17.449214926530605,17.9220703016895,0.475996536789653,0.010202039229817217,0.011366633469396703
2705.157,17.45691805,2.5055193407453187,17.450197673821936,17.44902189375252,17.922394389701058,0.4757792375972048,0.006720376178062537,0.007896156247479524
2705.639,17.43626298,2.505544459063916,17.450082058287695,17.448895905054794,17.92271824279057,0.475561987335615,-0.01381907828769613,-0.012632925054795408
2706.121,17.46178611,2.5055695626960444,17.45003267298224,17.448836963191102,17.923041861302515,0.47534478600488345,0.011753437017759438,0.012949146808896472
2706.603,17.44887984,2.5055946516531526,17.450049507403666,17.448845061117737,17.923365245581373,0.47512763360501004,-0.0011696674036656418,3.477888226299797e-05
2707.085,17.4644799,2.5056197259466817,17.450132541744157,17.448920182003025,17.923688395971617,0.47491053013599505,0.014347358255843545,0.015559717996975309
2707.567,17.45752088,2.505644785588061,17.450281746902053,17.44906229923832,17.924011312817726,0.47469347559783825,0.007239133097947104,0.008458580761679713
2708.049,17.46099279,2.505669830588709,17.450497084495236,17.449271376450582,17.924333996464178,0.47447646999053983,0.010495705504762753,0.011721413549416582
2708.531,17.45130213,2.505694860960033,17.450778506875768,17.449547367516487,17.924656447255447,0.4742595133140995,0.0005236231242307099,0.0017547624835110298
2709.014,17.46014241,2.505719928598145,17.451126746588518,17.44989099733811,17.924979333797214,0.47404215560331125,0.009015663411481967,0.010251412661890669
2709.496,17.46000138,2.5057449297147087,17.451540295392707,17.450300777318947,17.925301319430236,0.47382529689010383,0.008461084607294111,0.009700602681053994
2709.978,17.4538187,2.5057699162361295,17.45201973044558,17.45077727428047,17.92562307324222,0.4736084871077547,0.0017989695544180506,0.0030414257195303662
2710.46,17.4534093,2.505794888173773,17.4525649671892,17.45132040325086,17.92594459557765,0.47339172625626386,0.0008443328108000969,0.0020888967491394794
2710.942,17.45449975,2.5058198455389933,17.45317591189238,17.451930069602206,17.926265886780993,0.47317501433563125,0.0013238381076199346,0.0025696803977943716
2711.424,17.45065077,2.5058447883431323,17.45385246167306,17.45260616907392,17.92658694719674,0.47295835134585695,-0.0032016916730590594,-0.0019553990739211713
2711.906,17.45975297,2.5058697165975237,17.454594504521822,17.45334858779781,17.926907777169347,0.47274173728694086,0.005158465478178442,0.0064043822021915275
2712.388,17.46794464,2.5058946303134886,17.455401919326835,17.454157202324602,17.92722837704331,0.47252517215888307,0.012542720673163643,0.01378743767539703
2712.871,17.45154693,2.505919581145313,17.456276454114278,17.45503376291011,17.92754941159281,0.4723082068088183,-0.004729524114278405,-0.0034868329101094275
2713.353,17.46474709,2.5059444657882444,17.457214348134663,17.455974497121804,17.927869551827303,0.47209173964399337,0.00753274186533659,0.008772592878194985
2713.835,17.46473377,2.5059693359266735,17.458217196111335,17.456980999265273,17.928189462997295,0.4718753214100267,0.006516573888664112,0.0077527707347258
2714.317,17.46234461,2.50599419157188,17.459284840777492,17.458053107843288,17.928509145447258,0.47165895210691827,0.003059769222506503,0.004291502156711147
2714.799,17.46848991,2.506019032735133,17.460417115906914,17.45919065193316,17.928828599521665,0.47144263173466816,0.008072794093084923,0.0092992580668394
2715.281,17.47736985,2.50604385942769,17.461613846346246,17.46039345122233,17.929147825565003,0.4712263602932763,0.015756003653752515,0.016976398777668322
2715.763,17.46339397,2.5060686716607976,17.46287484804851,17.461661316045486,17.929466823921743,0.4710101377827427,0.0005191219514877332,0.0017326539545123865
2716.245,17.47042896,2.506093469445694,17.464199928107867,17.462994047423116,17.92978559493636,0.47079396420306735,0.0062290318921327525,0.007434912576883335
2716.728,17.44180121,2.506118304196339,17.465591832703442,17.464394403313083,17.930104799597316,0.4705773912137261,-0.02379062270344079,-0.022593193313081628
2717.21,17.45173435,2.506143073088561,17.467044587367347,17.465856367268223,17.930423116491244,0.47036131559728356,-0.015310237367348378,-0.014122017268224596
2717.692,17.45532193,2.5061678275662413,17.468560788419065,17.467382544882085,17.9307412070772,0.47014528891169943,-0.013238858419065025,-0.012060614882084764
2718.174,17.46051153,2.506192567640574,17.47014020787068,17.468972700314406,17.93105907169966,0.46992931115697345,-0.00962867787067978,-0.008461170314404853
2718.656,17.47493629,2.506217293322743,17.471782609067184,17.470626588625553,17.9313767107031,0.46971338233310583,0.003153680932815206,0.004309701374445751
2719.138,17.44019643,2.5062420046239215,17.473487746728367,17.472343955823717,17.931694124431996,0.46949750244009636,-0.03329131672836638,-0.03214752582371716
2719.62,17.46068618,2.506266701555273,17.47525536699189,17.474124538913582,17.93201131323082,0.46928167147794525,-0.014569186991892025,-0.013438358913582249
2720.102,17.45259,2.506291384127949,17.47708520745752,17.475968065946343,17.93232827744406,0.46906588944665245,-0.02449520745751954,-0.02337806594634273
2720.584,17.47339048,2.506316052353092,17.47897699723248,17.477874256071168,17.932645017416185,0.4688501563462178,-0.005586517232480048,-0.004483776071168677
2721.067,17.47561433,2.5063407573760856,17.480934573706634,17.47984696837604,17.932962189931526,0.46863402474997456,-0.005320243706634642,-0.00423263837604182
2721.549,17.47671334,2.5063653969098376,17.482949542729813,17.481877735259456,17.933278481991415,0.4684183896127728,-0.006236202729812845,-0.0051643952594560005
2722.031,17.48530528,2.506390022129442,17.485025597276955,17.48397026915859,17.933594550844333,0.46820280340642934,0.00027968272304335073,0.0013350108414087458
2722.513,17.4743448,2.5064146330459995,17.4871624329447,17.486124254138126,17.93391039683476,0.4679872661309441,-0.012817632944699398,-0.01177945413812509
2722.995,17.48875484,2.5064392296706,17.489359737081223,17.488339365638375,17.934226020307175,0.4677717777863172,-0.0006048970812244647,0.0004154743616240353
2723.477,17.50099918,2.5064638120143226,17.491617188838394,17.49061527053476,17.934541421606056,0.4675563383725485,0.009381991161607317,0.010383909465240038
2723.959,17.50941116,2.5064883800882356,17.493934459225006,17.492951627198675,17.934856601075875,0.4673409478896381,0.01547670077499319,0.016459532801324173
2724.441,17.49705687,2.506512933903398,17.49631121116114,17.49534808555952,17.93517155906111,0.46712560633758593,0.0007456588388627949,0.0017087844404812813
2724.924,17.49159973,2.506537524368021,17.498752214472425,17.49780944487197,17.935486948657616,0.4669098671020663,-0.007152484472424447,-0.006209714871967975
2725.406,17.51794559,2.50656204966929,17.501247007775657,17.500325145765856,17.935801464249394,0.466694623513247,0.016698582224343284,0.017620444234143662
2725.888,17.52627841,2.5065865607449456,17.503800222658583,17.502899847346487,17.936115759390734,0.46647942885528587,0.0224781873414166,0.023378562653512347
2726.37,17.53913733,2.506611057606003,17.506411490234935,17.505533166404707,17.936429834426118,0.4662642831281832,0.032725839765063824,0.03360416359529239
2726.852,17.53001063,2.5066355402634697,17.509080433817545,17.508224711618826,17.936743689700016,0.4660491863319387,0.020930196182455063,0.021785918381173275
2727.334,17.50566185,2.5066600087283413,17.511806668979023,17.510974083624177,17.93705732555691,0.4658341384665525,-0.00614481897902408,-0.005312233624177765
2727.816,17.51881262,2.5066844630116045,17.514589803613482,17.513780875083814,17.937370742341276,0.4656191395320245,0.004222816386516115,0.005031744916184522
2728.298,17.53882868,2.506708903124235,17.517429437999244,17.51664467076044,17.937683940397587,0.46540418952835483,0.021399242000757823,0.022184009239563096
2728.781,17.52938453,2.506733379738738,17.520331230616165,17.519571164980864,17.937997569178975,0.46518884265355864,0.009053299383836588,0.009813365019137876
2729.262,17.54223157,2.506757740881449,17.523276569442448,17.522541574752886,17.938309681703966,0.4649744363135901,0.018955000557550505,0.01968999524711279
2729.745,17.53467872,2.5067821891508095,17.52628952458144,17.525580162311734,17.938622873848335,0.4647591875035432,0.00838919541855887,0.009098557688265174
2730.227,17.54244579,2.506806572661164,17.529351123986736,17.528667781246416,17.938935199986638,0.4645444333248229,0.013094666013262923,0.013778008753583038
2730.709,17.53765378,2.506830942055632,17.532467111649606,17.531810211353314,17.93924730911998,0.4643297280769609,0.0051866683503938305,0.005843568646685782
2731.191,17.54342271,2.5068552973451297,17.53563704351162,17.535006991550958,17.939559201592854,0.46411507175995714,0.007785666488381082,0.008415718449043652
2731.673,17.55090627,2.50687963854056,17.538860468365353,17.538257653392428,17.939870877749726,0.46390046437381166,0.012045801634645414,0.012648616607570773
2732.155,17.57165201,2.506903965652817,17.542136927924886,17.541561721146067,17.940182337935074,0.46368590591852427,0.029515082075114663,0.030090288853934055
2732.637,17.56582266,2.5069282786927842,17.54546595689721,17.544918711877227,17.94049358249338,0.46347139639409524,0.020356703102788032,0.020903948122771965
2733.119,17.54722186,2.5069525776713353,17.548847083054564,17.548328135531026,17.94080461176912,0.46325693580052457,-0.001625223054563918,-0.0011062755310256023
2733.602,17.56269033,2.506976912968403,17.55228700250459,17.55179672989845,17.941116070726604,0.46304207935120123,0.010403327495410508,0.01089360010155005
2734.084,17.57662591,2.507001183827584,17.555770984550254,17.555309627347732,17.94142667002578,0.4628277167208634,0.020854925449746986,0.02131628265226837
2734.566,17.55885409,2.507025440657931,17.55930560519671,17.558873444608665,17.941737055076537,0.4626134030213838,-0.00045151519670838525,-1.9354608664201578e-05
2735.048,17.56265485,2.507049683470276,17.562890365204392,17.562487663978423,17.942047226223348,0.4623991382527625,-0.0002355152043911346,0.00016718602157794749
2735.53,17.57542784,2.507073912275441,17.566524758773994,17.56615176106241,17.942357183810692,0.4621849224149993,0.008903081226005582,0.00927607893758875
2736.012,17.57053411,2.5070981270842405,17.570208273624015,17.569865204862655,17.942666928183044,0.4619707555080945,0.00032583637598548876,0.0006689051373456323
2736.494,17.59602109,2.5071223279074757,17.573940391069087,17.573627457867154,17.942976459684886,0.46175663753204804,0.02208069893091391,0.02239363213284662
2736.976,17.59272676,2.507146514755939,17.577720586099225,17.577437976140082,17.943285778660684,0.46154256848685987,0.015006173900776076,0.015288783859919164
2737.458,17.56958238,2.507170687640413,17.581548327459817,17.58129620941281,17.943594885454925,0.4613285483725299,-0.011965947459817272,-0.011713829412808963
2737.941,17.59397039,2.5071948966794366,17.585431165122998,17.585209752280168,17.943904421053027,0.46111413331630463,0.008539224877001317,0.008760637719831266
2738.423,17.58827974,2.507219041639323,17.58935247663899,17.58916183595842,17.944213104079154,0.46090021116520746,-0.0010727366389886583,-0.0008820959584205923
2738.905,17.59502675,2.5072431726675295,17.593319702919437,17.593159945570548,17.944521575957868,0.4606863379449685,0.0017070470805613525,0.0018668044294507524
2739.387,17.61002206,2.507267289774797,17.59733228853473,17.597203506431246,17.944829837033645,0.4604725136555879,0.012689771465268507,0.012818553568752833
2739.869,17.59116831,2.5072913929718577,17.601389672222496,17.60129193798997,17.94513788765096,0.46025873829706554,-0.010221362222495145,-0.010123627989969464
2740.351,17.62052523,2.5073154822694343,17.605491286972196,17.605424653926622,17.945445728154294,0.46004501186940155,0.015033943027802366,0.015100576073376004
2740.833,17.62157449,2.5073395576782382,17.60963656011041,17.60960106224806,17.94575335888812,0.45983133437259577,0.011937929889590748,0.01197342775193988
2741.315,17.60905456,2.507363619208972,17.61382491338687,17.613820565385215,17.946060780196916,0.45961770580664824,-0.004770353386870596,-0.0047660053852141004
2741.798,17.61872906,2.507387716749337,17.618064584524664,17.61809144635296,17.94636862957783,0.4594036831111465,0.0006644754753359905,0.0006376136470400695
2742.28,17.62870665,2.507411750527259,17.622337427782025,17.62239541085946,17.94667563263729,0.45919015250843165,0.0063692222179767555,0.006311239140540437
2742.762,17.62821725,2.5074357704591783,17.626651582597404,17.62674064372218,17.946982427305873,0.4589766708365753,0.0015656674025947837,0.0014766062778193145
2743.244,17.61701255,2.5074597765557582,17.631006449276256,17.631126526042802,17.947289013928046,0.4587632380955771,-0.013993899276258048,-0.014113976042803955
2743.726,17.64982899,2.5074837688276506,17.635401422987567,17.635552433842932,17.947595392848292,0.4585498542854373,0.014427567012432974,0.014276556157067688
2744.208,17.62613394,2.507507747285498,17.639835893853892,17.640017738165096,17.94790156441108,0.4583365194061557,-0.013701953853892945,-0.01388379816509655
2744.69,17.63622966,2.507531711939932,17.644309247041967,17.6445218051742,17.948207528960893,0.45812323345773237,-0.008079587041965652,-0.00829214517419885
2745.172,17.64672422,2.5075556628015763,17.64882086285392,17.64906399625966,17.94851328684221,0.45790999644016733,-0.0020966428539210824,-0.002339776259660198
2745.655,17.65250281,2.5075796495287137,17.653379593794334,17.653653208044382,17.948819472109662,0.4576963661053889,-0.0008767837943324253,-0.0011503980443805517
2746.137,17.64739982,2.507603572808044,17.657965932886388,17.658269788602407,17.949124817260426,0.4574832270510567,-0.010566112886387202,-0.010869968602406743
2746.619,17.65165693,2.5076274823264146,17.66258864592225,17.662922548422262,17.949429956776836,0.4572701369275827,-0.010931715922247065,-0.011265618422260815
2747.101,17.6580948,2.5076513780944083,17.667247094659984,17.667610830813086,17.94973489100337,0.4570570957349671,-0.009152294659983795,-0.009516030813085052
2747.583,17.66637336,2.507675260122598,17.671940636457837,17.67233397482647,17.9500396202845,0.45684410347320975,-0.005567276457835391,-0.005960614826467037
2748.065,17.65560214,2.5076991284215464,17.676668624368794,17.677091315361366,17.950344144964713,0.45663116014231064,-0.021066484368795102,-0.021489175361367074
2748.547,17.68245142,2.507722983001808,17.681430407235602,17.681882183269444,17.95064846538848,0.45641826574226974,0.0010210127643972555,0.0005692367305556445
2749.029,17.69146685,2.5077468238739264,17.686225329786335,17.68670590546071,17.950952581900275,0.4562054202730872,0.005241520213665751,0.004760944539292211
2749.511,17.694938,2.507770651048435,17.69105273273039,17.691561805009634,17.951256494844582,0.4559926237347629,0.0038852672696094714,0.0033761949903663435
2749.994,17.6858686,2.5077945139272138,17.695922066836307,17.696459373354447,17.951560834458014,0.4557794347930825,-0.010053466836307479,-0.010590773354447691
2750.476,17.6962402,2.5078183137097017,17.70081250103428,17.701377645244737,17.95186434088022,0.455566736217991,-0.004572301034283299,-0.005137445244738359
2750.958,17.70159327,2.5078420998261453,17.705733413213444,17.70632604033804,17.952167644769073,0.45535408657375787,-0.004140143213444247,-0.004732770338041092
2751.44,17.70771503,2.5078658722870384,17.710684128970403,17.711303867426988,17.95247074646906,0.4551414858603829,-0.0029690989704036497,-0.003588837426988789
2751.922,17.7027165,2.507889631102867,17.71566397037011,17.716310432004068,17.952773646324655,0.4549289340778662,-0.012947470370107794,-0.013593932004067
2752.404,17.7248229,2.5079133762841055,17.720672256044438,17.721345036369424,17.953076344680333,0.45471643122620786,0.004150643955561861,0.0034778636305752286
2752.886,17.73458957,2.50793710784122,17.7257083012912,17.72640697973902,17.953378841880575,0.45450397730540776,0.00888126870880157,0.008182590260979339
2753.368,17.72302369,2.5079608257846657,17.73077141817346,17.731495558352883,17.953681138269857,0.45429157231546585,-0.007747728173459478,-0.008471868352881273
2753.851,17.72123513,2.5079845792898854,17.73587150168411,17.736620703055546,17.953983860739534,0.45407877573450894,-0.014636371684108695,-0.015385573055546331
2754.333,17.73756685,2.508008270009133,17.740986738154337,17.741760481099817,17.95428575612549,0.45386646870779995,-0.003419888154336803,-0.004193631099816741
2754.815,17.74602539,2.5080319471460437,17.746126962590445,17.74692476485883,17.954587451734632,0.45365421061194927,-0.00010157259044518696,-0.0008993748588288497
2755.297,17.74977792,2.508055610711034,17.751291475111085,17.752112839750342,17.954888947911435,0.45344200144695673,-0.0015135551110851964,-0.0023349197503428343
2755.779,17.77193377,2.5080792607145113,17.756479573102133,17.757323988760493,17.955190245000374,0.4532298412128225,0.015454196897866979,0.014609781239506958
2756.261,17.75084963,2.5081028971668733,17.7616905513179,17.76255749255287,17.95549134334593,0.45301772990954664,-0.010840921317900154,-0.01170786255286771
2756.743,17.77843234,2.508126520078508,17.766923701982655,17.767812629577808,17.95579224329258,0.452805667537129,0.011508638017343031,0.010619710422190565
2757.225,17.76420523,2.5081501294597945,17.77217831489236,17.77308867618171,17.956092945184796,0.4525936540955695,-0.007973084892359594,-0.008883446181709331
2757.708,17.77146602,2.5081737742611234,17.777464643326248,17.778395915223246,17.956394072614444,0.4523812498753361,-0.0059986233262492306,-0.006929895223247939
2758.189,17.77416901,2.5081973076727873,17.78274907510128,17.78370059364827,17.95669375618385,0.4521697740050256,-0.008580065101277512,-0.009531583648268338
2758.672,17.77954669,2.508220925409212,17.78807483673378,17.789046093877136,17.956994488409507,0.4519574678495414,-0.008528146733780773,-0.009499403877136103
2759.154,17.80238187,2.508244480744722,17.793408189430444,17.79439854058464,17.95729440112109,0.4517456502329313,0.008973680569557274,0.007983329415360174
2759.636,17.7783121,2.5082680226016536,17.798759419007375,17.799768249350056,17.957594117501337,0.4515338815471796,-0.020447319007374176,-0.021456149350054687
2760.118,17.80077548,2.508291550990327,17.804127802836256,17.805154486189675,17.957893637894735,0.4513221617922861,-0.0033523228362568602,-0.00437900618967646
2760.6,17.80277331,2.5083150659210545,17.809512616578765,17.810556515781336,17.958192962645757,0.4511104909682509,-0.006739306578765536,-0.007783205781336733
2761.082,17.81541002,2.508338567404137,17.81491313428981,17.81597360157356,17.958492092098872,0.450898869075074,0.0004968857101914637,-0.0005635815735587357
2761.564,17.8179997,2.508362055449867,17.820328628520922,17.82140500589458,17.95879102659857,0.4506872961127553,-0.0023289285209209254,-0.0034053058945779924
2762.046,17.81992283,2.5083855300685274,17.825758370423692,17.826849990061273,17.959089766489317,0.4504757720812949,-0.00583554042369272,-0.006927160061273696
2762.529,17.83839476,2.5084090399311445,17.831212936466947,17.832319150608996,17.959388931303167,0.45026385828653415,0.007181823533052523,0.006075609391004377
2763.011,17.82882149,2.508432487698673,17.836669007852226,17.83778909924915,17.95968728260749,0.45005243221830665,-0.007847517852226815,-0.008967609249150854
2763.493,17.82897159,2.5084559220699436,17.84213713147951,17.843270405166017,17.959985440337014,0.44984105508093736,-0.013165541479512655,-0.014298815166018386
2763.975,17.85428845,2.508479343055202,17.847616573934864,17.848762326715903,17.96028340483621,0.4496297268744263,0.006671876065134086,0.005526123284095519
2764.457,17.83257315,2.5085027506646833,17.85310660092298,17.854264121786063,17.960581176449566,0.44941844759877353,-0.020533450922979313,-0.021690971786060942
2764.939,17.86022577,2.508526144908614,17.858606477370937,17.85977504790249,17.960878755521545,0.4492072172539791,0.0016192926290621301,0.00045072209750784964
2765.421,17.8707084,2.5085495257972092,17.86411546753201,17.865294362337586,17.96117614239664,0.44899603584004294,0.006592932467992085,0.0054140376624154385
2765.903,17.86833879,2.5085728933406766,17.86963283508941,17.870821322217406,17.961473337419314,0.4487849033569649,-0.0012940450894092237,-0.0024825322174066855
2766.385,17.86648139,2.508596247549214,17.875157843260048,17.87635518462877,17.96177034093405,0.4485738198047451,-0.008676453260047623,-0.009873794628770582
2766.868,17.897203,2.508619636844235,17.880701238557933,17.881906706435505,17.962067768880107,0.4483623474030826,0.016501761442068386,0.015296293564496466
2767.35,17.88444351,2.5086429643858534,17.88623932828495,17.88745215601368,17.962364390016866,0.4481513618140958,-0.0017958182849504567,-0.003008646013679339
2767.832,17.89749334,2.5086662786230987,17.89178284498445,17.893002278674576,17.962660820679833,0.4479404251559672,0.0057104950155491,0.004491061325424539
2768.314,17.90918316,2.50868957956613,17.897331051044425,17.898556332413442,17.96295706121348,0.447729537428697,0.011852108955576313,0.010626827586559529
2768.796,17.92012299,2.5087128672250993,17.902883208904584,17.904113575717172,17.96325311196229,0.44751869863228494,0.017239781095415907,0.016009414282827095
2769.278,17.94365928,2.5087361416101466,17.908438581159576,17.90967326766932,17.96354897327074,0.44730790876673115,0.03522069884042267,0.033986012330679216
2769.76,17.93936999,2.5087594027314037,17.913996430662152,17.915234668054932,17.9638446454833,0.4470971678320355,0.02537355933784724,0.02413532194506729
2770.242,17.92392368,2.508782650598994,17.91955602062618,17.920797037464727,17.964140128944454,0.4468864758281983,0.004367659373819777,0.0031266425352747262
2770.725,17.94010999,2.5088059334138837,17.92512815176503,17.92637117779073,17.964436036448408,0.44667539578725934,0.014981838234970013,0.013738812209268758
2771.207,17.93924378,2.508829154777024,17.930689014044436,17.93193326894563,17.96473114305036,0.4464648017466549,0.008554765955565813,0.00731051105437075
2771.689,17.96321204,2.508852362916829,17.936249408096756,17.937494115241922,17.965026061935056,0.4462542566369089,0.026962631903241885,0.02571792475807655
2772.171,17.95595786,2.5088755578433837,17.941808599608613,17.943052981530766,17.965320793446963,0.4460437604580211,0.014149260391388196,0.012904878469235825
2772.653,17.94538661,2.5088987395667646,17.947365855140323,17.94860913398444,17.965615337930565,0.4458333132099915,-0.0019792451403226607,-0.003222523984440784
2773.135,17.96396368,2.5089219080970375,17.952920442227725,17.954161840198037,17.965909695730332,0.44562291489282,0.011043237772273784,0.009801839801962586
2773.617,17.97597139,2.5089450634442603,17.958471629483775,17.95971036929055,17.966203867190746,0.445412565506507,0.017499760516226814,0.016261020709450236
2774.099,17.98656825,2.5089682056184803,17.96401868669989,17.965253992005575,17.966497852656282,0.44520226505105226,0.022549563300110265,0.0213142579944261
2774.582,17.99289666,2.508991382601562,17.969572377727836,17.970803464054573,17.966792261821855,0.4449915773708368,0.023324282272163543,0.022093195945426913
2775.064,17.98859944,2.509014498432607,17.975108977111827,17.976335079296593,17.967085875946974,0.44478137487861485,0.013490462888174903,0.012264360703408528
2775.546,17.98816842,2.5090376011207582,17.980639262405578,17.981859609638487,17.967379305111358,0.44457122131725124,0.007529157594422742,0.00630881036151365
2776.028,18.02291635,2.509060690676028,17.98616250912566,17.987376333322374,17.967672549659486,0.4443611166867458,0.03675384087433997,0.03554001667762563
2776.51,17.99723423,2.509083767108418,17.991677994469697,17.992884530710377,17.967965609935842,0.44415106098709856,0.005556235530303155,0.004349699289623032
2776.992,17.99581492,2.5091068304279203,17.9971849974159,17.99838348438193,17.96825848628489,0.4439410542183097,-0.001370077415899118,-0.0025685643819279846
2777.474,18.03799093,2.5091298806445184,18.00268279882228,18.00387247923048,17.96855117905112,0.4437310963803792,0.03530813117771814,0.034118450769518915
2777.956,18.03374991,2.509152917768187,18.008170681525396,18.009350802559773,17.968843688578996,0.4435211874733069,0.02557922847460503,0.024399107440228107
2778.438,18.03677799,2.509175941808891,18.01364793043878,18.01481774417916,17.969136015213007,0.44331132749709284,0.023130059561221827,0.02196024582083922
2778.921,18.03953321,2.5091990005036005,18.019125160408812,18.02028390056341,17.96942876521616,0.44310108120997543,0.020408049591186028,0.019249309436588646
2779.403,18.00843756,2.509221998381142,18.024578979528652,18.02572593141311,17.9697207267182,0.44289131919699426,-0.016141419528651113,-0.017288371413108905
2779.885,18.03406356,2.50924498320558,18.030020031572565,18.03115446450739,17.970012506360515,0.4426816061148712,0.004043528427434495,0.0029090954926083157
2780.367,18.04726278,2.509267954986842,18.035447610743322,18.036568800627027,17.97030410448758,0.4424719419636065,0.01181516925667836,0.010693979372973672
2780.849,18.04941665,2.5092909137348487,18.040861013806857,18.041968243526608,17.97059552144388,0.4422623267432002,0.008555636193143812,0.007448406473393732
2781.331,18.0474924,2.5093138594595095,18.046259540188046,18.04735210002613,17.970886757573883,0.44205276045365205,0.001232859811953091,0.00014029997386799664
2781.813,18.06334822,2.509336792170726,18.051642492066144,18.0527196801019,17.97117781322207,0.4418432430949622,0.011705727933858157,0.010628539898100087
2782.295,18.09174798,2.50935971187839,18.057009174469638,18.05807029697668,17.971468688732912,0.4416337746671307,0.03473880553036324,0.033677683023320526
2782.778,18.06869328,2.509382666103187,18.062369976266837,18.063414312646792,17.971759987367395,0.4414239207407368,0.00632330373316492,0.0052789673532096515
2783.26,18.07221326,2.5094055598064586,18.067702009341943,18.068728917493775,17.972050503265052,0.4412145502761378,0.004511250658058685,0.0034843425062263123
2783.742,18.07187668,2.50942844053582,18.07301570464544,18.07402451777806,17.972340840059513,0.4410052287423974,-0.0011390246454396902,-0.002147837778061046
2784.224,18.07691722,2.5094513083011267,18.078310379548572,18.079300440603205,17.972630998095262,0.44079595613951517,-0.0013931595485736636,-0.002383220603206837
2784.706,18.06554138,2.5094741631122255,18.083585354738823,18.084556016759407,17.972920977716765,0.44058673246749136,-0.018043974738823465,-0.019014636759408177
2785.188,18.09114852,2.509497004978954,18.088839954311673,18.089790580809275,17.97321077926851,0.44037755772632564,0.0023085656883274908,0.0013579391907256877
2785.67,18.09907977,2.509519833911141,18.09407350586172,18.09500347117279,17.973500403094963,0.4401684319160183,0.005006264138280869,0.004076298827207836
2786.152,18.09728828,2.509542649918606,18.099285340573264,18.100194030211508,17.973789849540612,0.4399593550365692,-0.0019970605732630986,-0.0029057502115072964
2786.635,18.10049896,2.5095655003070627,18.104485536084294,18.105372301076073,17.97407971891014,0.4397498934708986,-0.003986576084294313,-0.004873341076073956
2787.116,18.10402174,2.5095882431986047,18.109641202705795,18.110505543968593,17.974368211667386,0.43954134807024575,-0.005619462705794831,-0.006483803968592383
2787.599,18.1141029,2.5096110677331276,18.11479455567936,18.115635799881765,17.97465772726595,0.4393319845693243,-0.0006916556793612472,-0.0015328998817665251
2788.081,18.12691244,2.509633832112998,18.119912858605655,18.12073048660574,17.974946467268335,0.43912310351482464,0.006999581394346421,0.006181953394261086
2788.563,18.1137765,2.509656583617131,18.125006156244623,18.12579961451222,17.975235031613014,0.4389142713911831,-0.011229656244623243,-0.012023114512221156
2789.045,18.1223863,2.5096793222552916,18.130073803195042,18.130842551345445,17.97552342064446,0.43870548819839994,-0.007687503195043632,-0.008456251345446475
2789.527,18.14361868,2.5097020480372363,18.13511515826222,18.13585866935848,17.97581163470715,0.4384967539364751,0.008503521737779351,0.0077600106415189885
2790.009,18.12814537,2.509724760972713,18.140129584543374,18.14084734539089,17.97609967414556,0.43828806860540837,-0.01198421454337506,-0.012701975390889686
2790.491,18.1446524,2.5097474610714614,18.145116449512454,18.14580796094561,17.976387539304167,0.4380794322052,-0.00046404951245548887,-0.0011555609456124216
2790.973,18.15071365,2.509770148343211,18.150075125104156,18.15073990226496,17.97667523052745,0.43787084473585,0.0006385248958444834,-2.6252264959225613e-05
2791.456,18.13415058,2.5097928698268026,18.155015185347157,18.15565270103607,17.976963344489292,0.43766187359565195,-0.02086460534715684,-0.021502121036071742
2791.938,18.15480926,2.5098155314471478,18.159915554545474,18.160525409312967,17.977250688516282,0.4374533840895347,-0.005106294545473844,-0.005716149312966934
2792.42,18.17220271,2.5098381802696506,18.164785876495824,18.165367630027355,17.977537859642094,0.4372449435142757,0.0074168335041768785,0.0068350799726459854
2792.902,18.16931901,2.509860816304007,18.169625541812305,18.170178769132576,17.977824858211207,0.43703655186987495,-0.0003065318123063321,-0.000859759132577409
2793.384,18.16995745,2.509883439559901,18.174433945979384,18.1749582376886,17.97811168456809,0.4368282091563326,-0.0044764959793859305,-0.005000787688601349
2793.866,18.17803732,2.509906050047009,18.17921048943155,18.179705451932815,17.978398339057225,0.4366199153736483,-0.0011731694315493257,-0.0016681319328135658
2794.348,18.19986868,2.509928647775001,18.183954577632168,18.184419833349946,17.97868482202309,0.4364116705218224,0.01591410236783375,0.01544884665005597
2794.83,18.19529903,2.5099512327535347,18.188665621151504,18.189100808741017,17.978971133810163,0.4362034746008548,0.006633408848497169,0.006198221258983949
2795.312,18.19932127,2.5099738049922604,18.193343035744054,18.193747810291427,17.97925727476292,0.4359953276107454,0.005978234255945125,0.005573459708571704
2795.795,18.22334619,2.509996411291553,18.197995839675947,18.198369808780853,17.97954383834856,0.4357867978636455,0.02535035032405375,0.02497638121914747
2796.277,18.19853507,2.510018958053197,18.20260419204319,18.202947107696705,17.979829638313472,0.435578748836769,-0.004069122043190987,-0.004412037696706506
2796.759,18.21618116,2.510041492103951,18.207177193439623,18.20748876116402,17.98011526847821,0.43537074874075077,0.009003966560378274,0.008692398835982829
2797.241,18.19768408,2.51006401345343,18.211714281124397,18.211994223580323,17.980400729187252,0.4351627975755907,-0.0140302011243989,-0.014310143580324564
2797.723,18.20902396,2.5100865221112403,18.216214897915126,18.216462955054464,17.980686020785082,0.43495489534128895,-0.007190937915126483,-0.007438995054464215
2798.205,18.21848592,2.510109018086979,18.220678492260078,18.220894421469165,17.980971143616166,0.4347470420378456,-0.002192572260078407,-0.0024085014691657136
2798.687,18.21009976,2.5101315013902346,18.225104518309628,18.22528809454269,17.98125609802499,0.4345392376652603,-0.015004758309629551,-0.015188334542692417
2799.169,18.23034299,2.510153972030588,18.229492435986845,18.22964345188961,17.98154088435602,0.4343314822235334,0.000850554013155147,0.0006995381103891418
2799.652,18.21511185,2.510176476597797,18.23385069391298,18.233968891805937,17.981826093274645,0.43412334483715703,-0.018738843912981196,-0.018857041805937058
2800.134,18.23033513,2.510198921914828,18.2381607162402,18.2382459922763,17.982110544136614,0.433915687358663,-0.007825586240198135,-0.00791086227630089
2800.616,18.23141921,2.5102213545976624,18.242431044214918,18.242483244794368,17.98239482795494,0.43370807881102713,-0.011011834214919247,-0.011064034794369348
2801.098,18.22887794,2.510243774655847,18.24666116155112,18.246680151160877,17.98267894507411,0.4335005191942496,-0.01778322155112022,-0.01780221116087688
2801.58,18.24773616,2.510266182098917,18.25085055807491,18.250836219362412,17.982962895838586,0.43329300850833036,-0.0031143980749099853,-0.003100059362413532
2802.062,18.25745418,2.5102885769364005,18.25499872978962,18.2549509636264,17.983246680592856,0.4330855467532694,0.0024554502103804055,0.0025032163736007362
2802.544,18.26095447,2.5103109591778163,18.259105178940025,18.25902390447525,17.98353029968139,0.4328781339290666,0.0018492910599761103,0.0019305655247521258
2803.026,18.27670176,2.5103333288326746,18.263169414075556,18.263054568779417,17.98381375344867,0.43267077003572213,0.013532345924446076,0.013647191220584887
2803.509,18.2606489,2.5103557322813885,18.26719924882967,18.267050718752767,17.984097629803994,0.43246302501006934,-0.006550348829669872,-0.006401818752767241
2803.991,18.25044001,2.510378076765564,18.271177517039554,18.27099534612319,17.984380753620986,0.4322557590799577,-0.02073750703955568,-0.02055533612319138
2804.473,18.27147319,2.5104004086916807,18.275112134356345,18.274896315230873,17.984663713150873,0.4320485420807043,-0.003638944356346485,-0.003423125230874291
2804.955,18.27543113,2.510422728069214,18.279002635175168,18.278753178864143,17.98494650873812,0.43184137401230926,-0.0035715051751665783,-0.003322048864141891
2805.437,18.25383967,2.510445034907631,18.282848560497857,18.28256549641066,17.985229140727213,0.43163425487477247,-0.029008890497856044,-0.028725826410656907
2805.919,18.28090935,2.51046732921639,18.286649457990297,18.286332833904726,17.985511609462627,0.4314271846680939,-0.005740107990295229,-0.005423483904724691
2806.401,18.27318274,2.510489611004941,18.29040488203891,18.290054764073627,17.985793915288838,0.43122016339227365,-0.017222142038910704,-0.016872024073627756
2806.883,18.29512022,2.5105118802827247,18.294114393806066,18.293730866382997,17.98607605855032,0.4310131910473116,0.0010058261939356328,0.0013893536170037635
2807.365,18.28368491,2.5105341370591745,18.29777756128459,18.297360727081266,17.986358039591558,0.43080626763320784,-0.014092651284588698,-0.013675817081264086
2807.848,18.2654726,2.5105564274807026,18.301401413343687,18.30095132452344,17.98664044327606,0.43059896400065306,-0.03592881334368769,-0.03547872452343981
2808.33,18.2878303,2.5105786592568595,18.3049705254816,18.30448739006968,17.98692210057546,0.43039213854978214,-0.01714022548160088,-0.016657090069681857
2808.812,18.29698477,2.5106008785599476,18.308492037975046,18.307976013067556,17.987203596688754,0.4301853620297696,-0.011507267975044755,-0.01099124306755428
2809.294,18.30181044,2.5106230853993656,18.311965546677136,18.311416807335473,17.987484931960427,0.4299786344406152,-0.010155106677135706,-0.009606367335472044
2809.776,18.31317264,2.510645279784503,18.31539065452835,18.314809393682047,17.98776610673495,0.4297719557823191,-0.0022180145283492436,-0.001636753682046077
2810.258,18.3156904,2.5106674617247413,18.318766971604823,18.318153399944578,17.9880471213568,0.42956532605488135,-0.0030765716048222203,-0.0024629999445764383
2810.74,18.32769996,2.510689631229453,18.322094115165505,18.321448461026666,17.988327976170453,0.4293587452583018,0.005605844834494889,0.006251498973334435
2811.222,18.31692793,2.510711788308002,18.325371709698388,18.324694218934724,17.98860867152039,0.4291522133925803,-0.008443779698389164,-0.007766288934725196
2811.705,18.32971728,2.5107339789001255,18.32860603125095,18.327896901879665,17.988889789611296,0.42894530212074916,0.0011112487490514411,0.0018203781203354197
2812.187,18.33735616,2.5107561111286767,18.33178332565096,18.331042903965283,17.989170166738173,0.4287388682182608,0.005572834349038658,0.006313256034715664
2812.669,18.3296373,2.5107782309591262,18.33490998758096,18.334138571173554,17.989450385435482,0.4285324832466306,-0.005272687580959001,-0.004501271173552368
2813.151,18.33977854,2.510800338400805,18.337985670900668,18.337183574283348,17.989730446047695,0.4283261472058587,0.001792869099332961,0.002594965716653519
2813.633,18.34343928,2.510822433463034,18.341010036913655,18.340177591344567,17.990010348919284,0.4281198600959451,0.0024292430863432912,0.003261688655431527
2814.115,18.33383481,2.5108445161551267,18.343982754407104,18.34312030770879,17.990290094394737,0.42791362191688975,-0.010147944407105314,-0.009285497708791723
2814.597,18.3536594,2.5108665864863875,18.346903499690416,18.346011416059017,17.990569682818524,0.4277074326686925,0.006755900309585172,0.007647983940984204
2815.079,18.36035849,2.510888644466114,18.349771956632736,18.348850616438348,17.990849114535123,0.42750129235135365,0.010586533367263229,0.011507873561651394
2815.562,18.34524879,2.5109107358286065,18.352593603848415,18.3516433439737,17.99112896913616,0.427294773440246,-0.00734481384841601,-0.006394553973699146
2816.043,18.34034232,2.510932723408104,18.355350778987354,18.35437213042279,17.99140750922467,0.42708915850925083,-0.015008458987352924,-0.014029810422787392
2816.526,18.35484771,2.5109547900627973,18.35806611669998,18.357059389921503,17.991687051487766,0.4268827376628923,-0.0032184066999789707,-0.002211679921501286
2817.008,18.35401716,2.510976798703639,18.360722300178544,18.359687996696874,17.991965859498478,0.4266767931705029,-0.0067051401785427345,-0.0056708366968720725
2817.49,18.35553732,2.5109987950393204,18.363324728726653,18.36226330651788,17.992244512525108,0.4264708976089718,-0.007787408726652956,-0.006725986517881921
2817.972,18.35830241,2.5110207790790877,18.365873132314647,18.364785064152223,17.992523010912127,0.42626505097829864,-0.007570722314646616,-0.006482654152222267
2818.454,18.37387606,2.511042750832178,18.36836724870449,18.367253021901355,17.99280135500401,0.42605925327848404,0.00550881129550973,0.006623038098645395
2818.936,18.34884921,2.5110647103078203,18.37080682347844,18.369666939621485,17.993079545145235,0.4258535045095277,-0.021957613478438276,-0.020817729621484204
2819.418,18.36505162,2.5110866575152357,18.373191610066527,18.37202658474342,17.993357581680275,0.42564780467142954,-0.008139990066528213,-0.006974964743420742
2819.9,18.37635581,2.5111085924636365,18.375521369773015,18.37433173229157,17.993635464953616,0.4254421537641898,0.0008344402269848672,0.002024077708430383
2820.383,18.36641419,2.5111305606322762,18.377800533089346,18.37658677682643,17.993913771355075,0.4252361252785548,-0.011386343089345274,-0.010172586826428187
2820.865,18.38978724,2.511152471064866,18.380019439236357,18.37878217059923,17.99419134882226,0.4250305723345479,0.009767800763643919,0.011005069400770395
2821.347,18.39323833,2.5111743692660475,18.38218264946911,18.380922437196727,17.99446877406188,0.4248250683213989,0.011055680530887457,0.012315892803272277
2821.829,18.39657277,2.5111962552449993,18.38428995684659,18.38300738220379,17.994746047418428,0.4246196132391085,0.012282813153408512,0.013565387796209194
2822.311,18.37811163,2.5112181290108935,18.386341162416997,18.38503681887918,17.995023169236365,0.42441420708767635,-0.008229532416997642,-0.0069251888791797
2822.793,18.38591883,2.5112399905728915,18.388336075237387,18.38701056816873,17.99530013986018,0.42420884986710244,-0.0024172452373854014,-0.00109173816872854
2823.275,18.39742545,2.5112618399401474,18.39027451239208,18.388928458717487,17.995576959634345,0.42400354157738684,0.007150937607921293,0.008496991282513022
2823.757,18.39146124,2.5112836771218077,18.392156299009972,18.39079032688102,17.995853628903333,0.42379828221852944,-0.0006950590099705778,0.0006709131189808204
2824.24,18.40251165,2.511305547394453,18.393984995351065,18.39259970447887,17.996130721546873,0.42359264609361796,0.00852665464893576,0.009911945521132282
2824.722,18.38484077,2.5113273602070927,18.39575287017302,18.39434895082239,17.996407090528486,0.4233874846979933,-0.010912100173019468,-0.009508180822390244
2825.204,18.41172316,2.5113491608615437,18.397463617964096,18.39604172992501,17.99668331003907,0.42318237223322697,0.01425954203590507,0.015681430074991454
2825.686,18.385182,2.511370949366919,18.399117096198456,18.397677909093606,17.996959380423103,0.42297730869931904,-0.013935096198455454,-0.012495909093605206
2826.168,18.4184713,2.5113927257323234,18.400713170464215,18.39925736338747,17.997235302025068,0.4227722940962694,0.017758129535785372,0.019213936612530347
2826.65,18.40587821,2.5114144899668527,18.40225171447382,18.400779975623788,17.997511075189433,0.42256732842407785,0.003626495526180662,0.005098234376212929
2827.132,18.41711765,2.5114362420795957,18.40373261007336,18.402245636382276,17.997786700260676,0.42236241168274474,0.013385039926642861,0.014872013617726054
2827.614,18.40093068,2.5114579820796323,18.405155747250692,18.403654244008763,17.998062177583282,0.42215754387226984,-0.004225067250693826,-0.002723564008764612
2828.096,18.40076878,2.511479709976034,18.406521024142396,18.40500570461794,17.99833750750172,0.4219527249926532,-0.005752244142396279,-0.004236924617938342
2828.579,18.41389479,2.5115014708188292,18.40783099902407,18.406302557664993,17.998613261126632,0.42174753026083966,0.006063790975929351,0.007592232335007054
2829.061,18.40488309,2.5115231745100797,18.40908016188001,18.407539354687287,17.99888829696614,0.42154280934445587,-0.004197071880010839,-0.0026562646872889673
2829.543,18.41433315,2.5115448661248805,18.410271207653054,18.40871876952397,17.99916318643563,0.42133813735893033,0.004061942346947234,0.005614380476032466
2830.025,18.42522867,2.511566545672271,18.411404067138545,18.409840739389466,17.999437929879576,0.42113351430426305,0.013824602861454593,0.015387930610533118
2830.507,18.409772,2.5115882131612817,18.41247867929826,18.41090520926653,17.999712527642455,0.42092894018045407,-0.002706679298260184,-0.0011332092665305993
2830.989,18.41870847,2.511609868600935,18.413494991260524,18.411912131903335,17.999986980068748,0.4207244149875034,0.005213478739474198,0.006796338096663135
2831.471,18.41750526,2.511631512000246,18.414452958319146,18.412861467809666,18.000261287502926,0.42051993872541094,0.00305230168085302,0.0046437921903326185
2831.953,18.42845865,2.5116531433682217,18.41535254393127,18.413753185252165,18.000535450289473,0.4203155113941768,0.013106106068729417,0.014705464747834185
2832.436,18.42753668,2.511674807554783,18.41619540415973,18.41458893076301,18.000810037126172,0.42011070902308667,0.01134127584026956,0.012947749236989381
2832.918,18.42288953,2.511696414862159,18.416978028646202,18.415365227440724,18.001083911352566,0.41990637965508537,0.005911501353796922,0.0075243025592754975
2833.4,18.42000932,2.511718010165189,18.417702210981965,18.416083856925034,18.00135764196547,0.4197020992179423,0.0023071090180337706,0.003925463074963886
2833.882,18.40288401,2.511739593472846,18.418367947249706,18.416744818460394,18.001631229309364,0.41949786771165753,-0.015483937249705093,-0.01386080846039306
2834.364,18.41515986,2.511761164794097,18.41897524166744,18.417348119010715,18.00190467372872,0.419293685136231,-0.0038153816674402208,-0.0021882590107153987
2834.846,18.40889837,2.511782724137899,18.419524106579505,18.417893773249155,18.002177975568017,0.41908955149166277,-0.01062573657950594,-0.008995403249155487
2835.328,18.38593036,2.5118042715132027,18.420014562446468,18.418381803547014,18.00245113517174,0.4188854667779527,-0.03408420244646848,-0.032451443547014236
2835.81,18.40582475,2.5118258069289494,18.420446637833827,18.418812239961717,18.00272415288435,0.418681430995101,-0.014621887833826008,-0.012987489961716392
2836.292,18.38190196,2.511847330394073,18.420820369399703,18.419185120223936,18.002997029050338,0.41847744414310756,-0.03891840939970237,-0.03728316022393585
2836.775,18.3900506,2.5118688865348084,18.421136395739065,18.419501084270603,18.003270329707806,0.4182730831651156,-0.03108579573906667,-0.029450484270604704
2837.257,18.36694247,2.511890386100707,18.421393461155656,18.419758876896513,18.00354292352209,0.41806919427635497,-0.05445099115565455,-0.052816406896511126
2837.739,18.4062659,2.5119118737427537,18.421592341274778,18.419959272592813,18.003815376823894,0.4178653543184527,-0.01532644127477667,-0.01369337259281167
2838.221,18.40434319,2.51193334946985,18.421733104995532,18.420102339652114,18.00408768995769,0.4176615632914086,-0.017389914995533218,-0.015759149652115667
2838.703,18.41252079,2.5119548132908895,18.421815829231015,18.420188153962414,18.00435986326796,0.4174578211952228,-0.009295039231016489,-0.007667363962415408
2839.185,18.43678225,2.5119762652147584,18.42184059888927,18.42021679898888,18.00463189709918,0.41725412802989525,0.014941651110731868,0.016565451011121723
2839.667,18.40133448,2.5119977052503333,18.42180750685316,18.42018836575477,18.004903791795826,0.41705048379542603,-0.020473026853160547,-0.018853885754769095
2840.149,18.40625748,2.512019133406484,18.421716653959155,18.420102952821487,18.005175547702375,0.416846888491815,-0.015459173959154526,-0.013845472821486737
2840.632,18.40170003,2.512040594111867,18.421567781023786,18.419960312025005,18.005447728541334,0.4166429198745466,-0.01986775102378502,-0.01826028202500396
2841.114,18.40783477,2.5120619985111468,18.42136162138374,18.419761147789,18.00571920761496,0.4164394225341684,-0.013526851383737437,-0.011926377788999076
2841.596,18.43021494,2.512083391057582,18.421098051154736,18.419505344813246,18.005990548932637,0.4162359741246485,0.00911688884526285,0.010709595186753518
2842.078,18.41815381,2.51210477176001,18.420777202769866,18.41919303161031,18.006261752838835,0.416032574645987,-0.0026233927698662285,-0.0010392216103092267
2842.56,18.41106397,2.512126140627261,18.42039921649338,18.41882434411815,18.00653281967804,0.41582922409818357,-0.00933524649337869,-0.007760374118149116
2843.042,18.40544173,2.5121474976681566,18.419964240392936,18.418399425674984,18.006803749794724,0.4156259224812385,-0.014522510392936283,-0.012957695674984393
2843.524,18.41889643,2.5121688428915108,18.41947243031088,18.417918426993367,18.007074543533363,0.41542266979515174,-0.0005760003108790102,0.000978003006633088
2844.006,18.39986474,2.51219017630613,18.418923949834397,18.41738150613337,18.007345201238437,0.41521946603992316,-0.019059209834395574,-0.017516766133368833
2844.489,18.40087044,2.512211542144267,18.418317656512553,18.416787541012766,18.00761628436261,0.41501588978337817,-0.01744721651255432,-0.015917101012767887
2844.97,18.40295197,2.5122328077443465,18.4176576705849,18.416140566689435,18.007886109925796,0.41481320532204097,-0.014705700584901393,-0.013188596689435172
2845.453,18.40079641,2.512254149960083,18.416938690759775,18.415435383358506,18.00815692214505,0.4146097271302451,-0.016142280759773087,-0.014638973358504614
2845.935,18.40952278,2.512275436203246,18.416165202522713,18.41467638599259,18.00842703888162,0.4144067191999659,-0.006642422522713076,-0.005153605992589405
2846.417,18.42625052,2.512296710681603,18.415335977309468,18.413862366375582,18.00869702130772,0.41420376020054506,0.010914542690532159,0.012388153624417697
2846.899,18.42624936,2.512317973403914,18.414451224507197,18.412993526057953,18.008966869767832,0.41400085013198246,0.011798135492803397,0.01325583394204699
2847.381,18.41180624,2.5123392243789286,18.413511161009957,18.412070073726685,18.00923658460643,0.4137979889942781,-0.0017049210099564505,-0.00026383372668448146
2847.863,18.41308686,2.5123604636153907,18.41251601118062,18.411092225171906,18.00950616616799,0.413595176787432,0.0005708488193789663,0.001994634828093922
2848.345,18.43611107,2.512381691122035,18.411466006811814,18.410060203252588,18.009775614796993,0.41339241351144423,0.024645063188184935,0.026050866747411305
2848.827,18.42767509,2.512402906907589,18.41036138708583,18.408974237861578,18.010044930837918,0.4131896991663145,0.01731370291417278,0.018700852138422874
2849.31,18.41680755,2.5124241549604562,18.409199937651593,18.40783214576518,18.010314672970615,0.4129866133352424,0.007607612348408566,0.008975404234821127
2849.792,18.41630105,2.512445347305708,18.407986722107584,18.406638900404403,18.010583724595513,0.41278399695334567,0.008314327892417595,0.009662149595598635
2850.274,18.39544708,2.5124665279560228,18.406719653224876,18.405392443618506,18.01085264466647,0.41258142950230725,-0.011272573224875515,-0.009945363618506065
2850.756,18.42662998,2.512487696920096,18.405398999338896,18.40409303308353,18.011121433527975,0.41237891098212714,0.021230980661105292,0.022536946916471123
2851.238,18.41307483,2.5125088542066165,18.404025035959503,18.402740933322125,18.011390091524493,0.4121764413928052,0.00904979404049655,0.010333896677874321
2851.72,18.39625206,2.512529999824265,18.40259804572513,18.401336415663685,18.011658619000507,0.4119740207343416,-0.006345985725133119,-0.005084355663687035
2852.202,18.40071548,2.512551133781714,18.401118318355884,18.39987975820384,18.01192701630049,0.41177164900673613,-0.0004028383558853932,0.0008357217961574293
2852.684,18.41760163,2.512572256087628,18.399586150605764,18.39837124576305,18.012195283768925,0.411569326209989,0.018015479394236422,0.01923038423694834
2853.167,18.38237268,2.5125934105366245,18.397998505293778,18.39680787977809,18.012463977918785,0.41136663273964036,-0.015625825293778206,-0.0144351997780916
2853.649,18.39839511,2.5126145095413053,18.396362267739736,18.395196432479647,18.012731986489978,0.41116440790612613,0.0020328422602631235,0.003198677520352078
2854.131,18.37475183,2.512635596920418,18.394674522444,18.393534025224636,18.01299986626376,0.41096223200347015,-0.019922692443998358,-0.018782195224634535
2854.613,18.39796291,2.5126566726825965,18.392935593813608,18.39182096931749,18.013267617584614,0.41076010503167243,0.0050273161863927385,0.006141940682510949
2855.095,18.39977424,2.512677736836467,18.391145813036495,18.390057582569106,18.013535240797015,0.410558026990733,0.00862842696350441,0.009716657430892894
2855.577,18.37454672,2.5126987893906483,18.389305518028227,18.388244189250926,18.013802736245445,0.41035599788065175,-0.014758798028225328,-0.013697469250924854
2856.059,18.39388967,2.5127198303537517,18.38741505337782,18.38638112004824,18.014070104274374,0.4101540177014288,0.006474616622181628,0.007508549951758425
2856.541,18.36386422,2.5127408597343788,18.385474770292713,18.38446871201282,18.01433734522828,0.4099520864530642,-0.021610550292713526,-0.020604492012818554
2857.023,18.37581672,2.5127618775411262,18.383485026542843,18.382507308514718,18.014604459451647,0.4097502041355579,-0.0076683065428433395,-0.006690588514718598
2857.506,18.37156043,2.5127829273519797,18.381441905665625,18.380493038645245,18.01487200107448,0.4095479520583073,-0.009881475665626027,-0.00893260864524592
2857.988,18.36667383,2.512803922012756,18.379354239160595,18.378434599547603,18.01513886260905,0.4093461677040338,-0.012680409160594763,-0.01176076954760319
2858.47,18.35493076,2.5128249051254103,18.37721822489272,18.3763282332723,18.015405598447217,0.40914443228061853,-0.022287464892720266,-0.02139747327230168
2858.952,18.35612471,2.5128458766985076,18.375034246318926,18.37417430797915,18.015672208933466,0.4089427457880614,-0.018909536318926,-0.018049597979150178
2859.434,18.370103,2.512866836740605,18.372802693166268,18.37197319789454,18.015938694412274,0.40874110822636267,-0.0026996931662672807,-0.0018701978945401265
2859.916,18.37174628,2.512887785260253,18.370523961371006,18.369725283258884,18.01620505522811,0.40853951959552226,0.0012223186289936905,0.002020996741116221
2860.398,18.37877294,2.512908722265992,18.368198453016927,18.36743095027352,18.01647129172546,0.40833797989554016,0.010574486983074394,0.011341989726481927
2860.88,18.3660187,2.5129296477663567,18.365826576272756,18.365090591046748,18.01673740424879,0.40813648912641626,0.00019212372724553006,0.0009281089532535702
2861.363,18.35253112,2.5129506051479775,18.363403681603362,18.362699606206426,18.017003944858494,0.40793462940988917,-0.010872561603363806,-0.010168486206428184
2861.845,18.36459336,2.5129715076393406,18.360940222579718,18.36026830077313,18.01726981021181,0.4077332366039981,0.003653137420283059,0.004325059226871986
2862.327,18.35348732,2.512992398650904,18.358431656435155,18.35779218117167,18.017535552625258,0.4075318927289651,-0.00494433643515535,-0.004304861171672059
2862.809,18.3520481,2.513013278191172,18.355878415049617,18.355271662597474,18.017801172443317,0.40733059778479064,-0.003830315049615507,-0.0032235625974728066
2863.291,18.36394627,2.51303414626864,18.353280936063705,18.352707165873074,18.018066670010462,0.40712935177147436,0.010665333936294985,0.011239104126925525
2863.773,18.36813368,2.513055002891798,18.350639662811638,18.3500991173902,18.01833204567117,0.4069281546890164,0.017494017188361966,0.018034562609798854
2864.255,18.34921852,2.5130758480691258,18.34795504425342,18.3474479490511,18.01859729976992,0.4067270065374168,0.0012634757465797009,0.0017705709488993193
2864.737,18.35820606,2.5130966818090976,18.34522753490635,18.344754098209254,18.018862432651183,0.40652590731667526,0.012978525093650717,0.01345196179074648
2865.219,18.37160809,2.513117504120179,18.34245759477578,18.3420180076094,18.019127444659443,0.4063248570267921,0.02915049522421853,0.029590082390598127
2865.702,18.36768623,2.5131383581750852,18.339639812159223,18.339234318957,18.019392885581507,0.406123438703363,0.028046417840776883,0.02845191104299971
2866.184,18.34745339,2.5131591576300862,18.33678632648443,18.336415013047535,18.0196576566282,0.4059224863767127,0.010667063515569453,0.011038376952463125
2866.666,18.34322402,2.5131799456815678,18.33389182326117,18.333554828309488,18.01992230783603,0.4057215829809206,0.00933219673883201,0.009669191690512946
2867.148,18.34434725,2.5132007223379653,18.330956783751887,18.33065422845089,18.020186839549478,0.40552072851598686,0.013390466248111466,0.013693021549109119
2867.63,18.33715479,2.513221487607707,18.327981694350687,18.32771368226157,18.02045125211302,0.40531992298191133,0.009173095649313012,0.009441107738428656
2868.112,18.33821013,2.5132422414992135,18.32496704651006,18.324733663549363,18.02071554587113,0.40511916637869405,0.013243083489939522,0.013476466450637048
2868.594,18.32264297,2.513262984020898,18.321913336667098,18.321714651075727,18.020979721168292,0.40491845870633514,0.0007296333329023241,0.0009283189242736967
2869.076,18.32627224,2.5132837151811676,18.31882106616897,18.31865712849079,18.021243778348975,0.4047177999648344,0.007451173831032776,0.007615111509210237
2869.559,18.32439349,2.5133044779637754,18.315684207543896,18.315555122794823,18.02150826522761,0.40451677400212877,0.008709282456102585,0.008838367205175501
2870.041,18.30714183,2.5133251864028727,18.312516261684717,18.312421972820005,18.021772086965502,0.40431621322386085,-0.005374431684717962,-0.005280142820005551
2870.523,18.32413938,2.5133458835057443,18.309311288993474,18.309251793395266,18.02203579162107,0.40411570137645125,0.014828091006524602,0.014887586604732661
2871.005,18.29096275,2.513366569280766,18.30606980971062,18.306045087073137,18.022299379538786,0.40391523845989996,-0.01510705971062265,-0.015082337073138774
2871.487,18.28875957,2.5133872437363065,18.30279234860539,18.302802360960847,18.02256285106312,0.4037148244742069,-0.014032778605390206,-0.01404279096084693
2871.969,18.29488294,2.5134079068807265,18.299479434897815,18.29952412665184,18.02282620653856,0.4035144594193721,-0.0045964948978145515,-0.004641186651838325
2872.451,18.28725251,2.5134285587223806,18.29613160218026,18.296210900156673,18.02308944630958,0.4033141432953956,-0.00887909218026195,-0.008958390156674767
2872.933,18.3176079,2.5134491992696137,18.292749388338414,18.29286320183345,18.02335257072065,0.4031138761022774,0.02485851166158426,0.02474469816655045
2873.416,18.29972662,2.513469871318336,18.289326213427866,18.289474505533683,18.02361612565958,0.4029132425002952,0.010400406572134813,0.010252114466318574
2873.897,18.29251025,2.5134904465141665,18.285883989813733,18.286066492451152,18.023878474840863,0.40271348850861566,0.006626260186266109,0.006443757548847628
2874.38,18.29622483,2.513511095968952,18.282394643749598,18.282611355977497,18.02414180030791,0.4025129529713827,0.013830186250402221,0.013613474022502459
2874.862,18.27359188,2.513531691398463,18.27888030113897,18.279130991854,18.02440446648785,0.4023128816032138,-0.005288421138967436,-0.0055391118539986905
2875.344,18.26193458,2.513552275575191,18.275334329594056,18.275618821557114,18.02466701903095,0.40211285916590317,-0.013399749594057653,-0.013684241557115229
2875.826,18.27005979,2.5135728485074376,18.27175729108129,18.27207539004556,18.02492945828168,0.4019128856594509,-0.0016975010812885216,-0.0020156000455600065
2876.308,18.2666167,2.5135934102034976,18.268149751293517,18.268501246123,18.025191784584514,0.40171296108385685,-0.001533051293517218,-0.0018845461230014848
2876.79,18.25891602,2.513613960671657,18.264512279567132,18.264896942364157,18.025453998283936,0.40151308543912106,-0.005596259567131057,-0.005980922364155816
2877.272,18.26413375,2.513634499920198,18.260845448798918,18.26126303504053,18.025716099724423,0.40131325872524354,0.0032883012010813673,0.002870714959470888
2877.754,18.23645605,2.5136550279573897,18.257149835362398,18.257600084045528,18.025978089250447,0.4011134809422243,-0.020693785362396966,-0.021144034045526894
2878.237,18.2416674,2.513675587345906,18.253418264350888,18.253900965035726,18.026240510406012,0.40091333776571475,-0.011750864350887014,-0.012233565035725036
2878.719,18.25571351,2.513696092961973,18.249666771490645,18.250181563169043,18.026502276906147,0.4007136579459284,0.0060467385093545545,0.005531946830956258
2879.201,18.23025545,2.5137165873914835,18.245888246320717,18.246434819473905,18.026763932525963,0.4005140270570002,-0.015632796320716125,-0.016179369473903193
2879.683,18.23299117,2.5137370706426796,18.242083278284067,18.242661307580423,18.027025477609946,0.4003144450989304,-0.0090921082840687,-0.00967013758042512
2880.165,18.25486624,2.513757542723797,18.23825245987642,18.238861604359204,18.027286912502568,0.4001149120717188,0.016613780123577726,0.016004635640793907
2880.647,18.23360836,2.5137780036430644,18.234396386560427,18.235036289843844,18.027548237548302,0.3999154279753654,-0.0007880265604249814,-0.0014279298438424348
2881.129,18.23758999,2.513798453408703,18.230515656679543,18.23118594715282,18.027809453091635,0.3997159928098704,0.007074333320456816,0.0064040428471798805
2881.611,18.23115012,2.513818892028927,18.226610871371562,18.227311162411084,18.02807055947703,0.39951660657523363,0.004539248628436354,0.0038389575889148375
2882.094,18.2229046,2.5138393618810406,18.222674460655284,18.223404411826102,18.028332098424844,0.3993168557594476,0.00023013934471549646,-0.0004998118261028139
2882.576,18.21468883,2.513859778211966,18.21872333188563,18.21948246534641,18.02859298730313,0.39911756748804356,-0.0040345018856307036,-0.0047936353464095305
2883.058,18.21041722,2.513880183422091,18.214749968265608,18.215537853675265,18.028853768057637,0.39891832814749795,-0.004332748265607478,-0.005120633675264941
2883.54,18.21045403,2.513900577519602,18.21075498124514,18.211571174176026,18.029114441032835,0.39871913773781054,-0.00030095124514062377,-0.0011171441760247092
2884.022,18.19219638,2.5139209605126744,18.206738984631897,18.207583026819975,18.0293750065732,0.3985199962589814,-0.014542604631898826,-0.01538664681997659
2884.504,18.1900676,2.51394133240948,18.20270259450319,18.203574014105353,18.029635465023212,0.39832090371101053,-0.012634994503191166,-0.013506414105354025
2884.986,18.18865229,2.5139616932181816,18.198646429117726,18.199544740976247,18.029895816727347,0.39812186009389794,-0.009994139117726064,-0.010892450976246693
2885.468,18.18526883,2.5139820429469344,18.19457110882716,18.195495814740994,18.030156062030088,0.39792286540764366,-0.009302278827160393,-0.010226984740995704
2885.95,18.18362169,2.5140023816038886,18.190477255987332,18.191427844990216,18.0304162012759,0.39772391965224757,-0.006855565987333279,-0.0078061549902166405
2886.433,18.17804617,2.514022751359119,18.18635694606321,18.187332946769057,18.03067677418828,0.39752461022955954,-0.008310776063211733,-0.009286776769059202
2886.915,18.18017515,2.514043067873962,18.182227867561878,18.183228691149957,18.03093670213543,0.39732576243739637,-0.002052717561877415,-0.0030535411499563736
2887.397,18.16384343,2.5140633733414255,18.178082136019196,18.179107234936843,18.03119652505981,0.39712696357609145,-0.014238706019195746,-0.015263804936843428
2887.879,18.18450061,2.5140836677696288,18.173920380921054,18.174969196027746,18.031456243305882,0.39692821364564473,0.010580229078946957,0.009531413972254654
2888.361,18.14549541,2.5141039511666845,18.169743233311493,18.170815194188265,18.031715857218135,0.3967295126460564,-0.024247823311494443,-0.02531978418826597
2888.843,18.15893295,2.514124223540698,18.165551325703138,18.166645850967832,18.03197536714104,0.3965308605773262,-0.006618375703137502,-0.007712900967831615
2889.325,18.1542965,2.514144484899769,18.16134529198743,18.16246178961555,18.032234773419077,0.3963322574394543,-0.007048791987429581,-0.008165289615547522
2889.807,18.1517321,2.514164735251987,18.157125767344947,18.158263634995837,18.032494076396723,0.39613370323244074,-0.005393667344947062,-0.006531534995836807
2890.29,18.1399434,2.5141850165843693,18.15288459436547,18.15404326213638,18.032753814071054,0.3959347861704763,-0.01294119436547092,-0.014099862136379926
2890.772,18.13448089,2.514205244924334,18.148639973434523,18.14981877562939,18.033012911268816,0.39573632992669555,-0.014159083434524433,-0.015337885629392645
2891.254,18.12830902,2.5142254622816944,18.14438377527929,18.14558208059908,18.033271906200333,0.3955379226137731,-0.016074755279291253,-0.017273060599080736
2891.736,18.12358396,2.514245668664512,18.14011663933891,18.14133380752467,18.03353079921008,0.39533956423170885,-0.01653267933890845,-0.01774984752466935
2892.218,18.11983482,2.5142658640808433,18.13583920589142,18.13707458807484,18.033789590642538,0.3951412547805029,-0.016004385891417172,-0.017239768074837514
2892.7,18.13497106,2.5142860485387364,18.13155211596361,18.13280505502189,18.034048280842175,0.39494299426015517,0.0034189440363903145,0.002166004978111147
2893.182,18.13552356,2.5143062220462324,18.12725601124098,18.128525842155724,18.034306870153475,0.3947447826706658,0.008267548759018695,0.006997717844274831
2893.664,18.11945274,2.514326384611366,18.12295153397752,18.124237584197623,18.034565358920915,0.39454662001203444,-0.00349879397752062,-0.004784844197622817
2894.146,18.12205278,2.5143465362421638,18.11863932690572,18.119940916713865,18.034823747488968,0.3943485062842616,0.003413453094282204,0.0021118632861352182
2894.629,18.11582165,2.5143667187209884,18.114311065035785,18.11562753801584,18.03508257196726,0.39415003061539533,0.0015105849642154112,0.00019411198416108277
2895.111,18.09355527,2.5143868484845244,18.109985315309466,18.111315946983666,18.035340760963877,0.39395201485085535,-0.016430045309466124,-0.017760676983666457
2895.593,18.11831411,2.5144069673377807,18.10565376727803,18.106997858651376,18.03559885079526,0.3937540480171736,0.012660342721968476,0.011316251348624462
2896.075,18.10669357,2.514427075288756,18.101317064687798,18.10267391109883,18.03585684180588,0.3935561301143502,0.005376505312202795,0.004019658901171397
2896.557,18.08287791,2.5144471723454425,18.096975851313566,18.098344742816344,18.036114734340217,0.39335826114238487,-0.014097941313565343,-0.015466832816343867
2897.039,18.08531366,2.5144672585158236,18.092630770868972,18.094010992617417,18.036372528742746,0.39316044110127774,-0.007317110868971355,-0.00869733261741601
2897.521,18.07770339,2.5144873338078786,18.08828246691678,18.089673299551322,18.036630225357943,0.392962669991029,-0.010579076916780394,-0.011969909551321933
2898.003,18.06277041,2.5145073982295774,18.083931582779446,18.08533230281567,18.036887824530282,0.3927649478116387,-0.021161172779446957,-0.022561892815669893
2898.486,18.08292932,2.5145274933824924,18.079569729132224,18.08097962759754,18.03714586074022,0.392566864503496,0.0033595908677774844,0.001949692402462233
2898.968,18.05974076,2.5145475360648515,18.075215611165635,18.076633937733856,18.03740326585991,0.3923692402873384,-0.015474851165635073,-0.01689317773385568
2899.45,18.05678223,2.514567567900741,18.070860841977822,18.072286863133296,18.03766057457089,0.3921716650020391,-0.014078611977822675,-0.015504633133296863
2899.932,18.07656258,2.5145875888981033,18.066506063036403,18.067939042710076,18.03791778721764,0.39197413864759806,0.010056516963597772,0.008623537289924599
2900.414,18.05853455,2.514607599064875,18.06215191512314,18.063591115088148,18.038174904144633,0.3917766612240151,-0.0036173651231372617,-0.0050565650881466695
2900.896,18.04454555,2.5146275984089836,18.05779903824551,18.059243718513482,18.03843192569635,0.3915792327312907,-0.013253488245510425,-0.014698168513483267
2901.378,18.05993074,2.514647586938351,18.053448071548313,18.054897490766205,18.03868885221727,0.3913818531694244,0.006482668451685214,0.0050332492337936685
2901.86,18.05008445,2.5146675646608925,18.04909965322552,18.05055306907276,18.03894568405186,0.39118452253841646,0.0009847967744782693,-0.00046861907275896897
2902.343,18.04773338,2.514687572998448,18.044745409179466,18.04620208474325,18.039202954097174,0.39098683159099723,0.002987970820534258,0.0015312952567505533
2902.824,18.0553396,2.514707487717121,18.040413009198232,18.041872189458278,18.03945906503998,0.39079000806897535,0.014926590801767503,0.013467410541721847
2903.307,18.04373692,2.514727474435792,18.036067061578503,18.037528012568192,18.039716147046438,0.3905924151863052,0.007669858421497366,0.006208907431808797
2903.789,18.04447413,2.5147474089876893,18.03173520782444,18.033197182887974,18.039972603387277,0.3903952803802465,0.012738922175561385,0.011276947112026647
2904.271,18.04458393,2.5147673327722466,18.027409077395713,18.028871335329733,18.040228966764893,0.3901981945050463,0.017174852604288304,0.015712594670269198
2904.753,18.02686737,2.5147872457973364,18.023089300941717,18.024551101953115,18.04048523752376,0.3900011575607042,0.0037780690582849275,0.0023162680468864494
2905.235,18.02486886,2.5148071480708247,18.01877650755116,18.02023711365024,18.04074141600836,0.3898041695472204,0.00609235244884232,0.004631746349762267
2905.717,18.01941908,2.5148270396005707,18.0144713246661,18.015930000058304,18.04099750256317,0.389607230464595,0.0049477553338981295,0.0034890799416942286
2906.199,18.02532022,2.5148469203944273,18.010174377996297,18.011630389472305,18.041253497532654,0.3894103403128278,0.015145842003704502,0.01368983052769579
2906.681,18.02637397,2.514866790460239,18.005886291433974,18.007338908757912,18.041509401261308,0.38921349909191877,0.020487678566027512,0.019035061242089313
2907.164,18.01803476,2.514886690996669,18.001598820483096,18.003047307475832,18.041765744731364,0.389016298569972,0.01643593951690292,0.01498745252416711
2907.646,18.00083549,2.514906539607684,17.997330339719397,17.998773981054963,18.04202146682426,0.3888195553122959,0.00350515028060272,0.0020615089450366497
2908.128,17.98553505,2.514926377514166,17.993072580266432,17.994510656945923,18.04227709871046,0.3886228609854781,-0.007537530266432668,-0.008975606945924142
2908.61,17.99088978,2.514946204723933,17.988826157895662,17.990257955424568,18.042532640734446,0.38842621558951845,0.002063622104337526,0.0006318245754322049
2909.092,17.98347166,2.5149660212447955,17.984591686139797,17.98601649490374,18.04278809324069,0.38822961912441717,-0.0011200261397981137,-0.0025448349037411333
2909.574,17.98089702,2.514985827084558,17.98036977620963,17.98178689184711,18.04304345657367,0.3880330715901742,0.0005272437903691696,-0.000889871847110868
2910.056,17.96694452,2.5150056222510173,17.976161036911538,17.97756976068326,18.04329873107787,0.38783657298678936,-0.009216516911539685,-0.010625240683260984
2910.538,17.97716323,2.515025406751965,17.97196607456513,17.9733657137199,18.043553917097757,0.3876401233142629,0.00519715543486754,0.0037975162800982787
2911.021,17.94260603,2.515045221608682,17.967776834881878,17.96916668203801,18.043809544135144,0.38744331515303965,-0.02517080488187773,-0.026560652038011057
2911.503,17.93792817,2.515064984779862,17.963611266748213,17.964990661791102,18.044064554038055,0.38724696344374604,-0.025683096748213785,-0.02706249179110287
2911.985,17.94487568,2.515084737308876,17.95946128002813,17.960829550343036,18.044319476490806,0.3870506606653106,-0.014585600028130585,-0.015953870343036414
2912.467,17.94693574,2.515104479203488,17.955327470275414,17.956683950660874,18.04457431183787,0.3868544068177335,-0.008391730275413067,-0.009748210660873724
2912.949,17.95089839,2.515124210471454,17.951210430152724,17.952554463165946,18.04482906042372,0.3866582019010147,-0.0003120401527247907,-0.0016560731659467365
2913.431,17.94686883,2.515143931120524,17.947110749352156,17.94844168564972,18.045083722592842,0.38646204591515404,-0.00024191935215611693,-0.001572855649719429
2913.913,17.93643652,2.51516364115844,17.943029014516327,17.94434621319008,18.045338298689707,0.38626593886015176,-0.006592494516326042,-0.007909693190079281
2914.395,17.92667616,2.5151833405929382,17.938965809159967,17.94026863806787,18.045592789058794,0.3860698807360078,-0.012289649159967553,-0.013592478067870672
2914.877,17.95335032,2.5152030294317487,17.934921713592,17.936209549683742,18.04584719404458,0.385873871542722,0.018428606407997705,0.017140770316256493
2915.36,17.91775066,2.515222748497839,17.930888976305397,17.932161172932982,18.04610204153813,0.3856775047745968,-0.013138316305397524,-0.01441051293298301
2915.842,17.91978901,2.5152424161464904,17.926884870659787,17.928140855678755,18.046356276615388,0.38548159354454387,-0.0070958606597884,-0.008351845678756575
2916.324,17.92998481,2.5152620732226167,17.922901596903216,17.924140776458824,18.04661042734349,0.3852857312453492,0.007083213096784391,0.005844033541176685
2916.806,17.93040133,2.5152817197339203,17.918939721745993,17.920161512322917,18.04686449406692,0.38508991787701286,0.011461608254005995,0.01023981767708193
2917.288,17.90848676,2.5153013556880963,17.914999808311183,17.916203637030566,18.04711847713014,0.3848941534395347,-0.006513048311184377,-0.007716877030567559
2917.77,17.90762764,2.5153209810928336,17.911082416060143,17.912267720970373,18.04737237687764,0.3846984379329148,-0.0034547760601419952,-0.00464008097037194
2918.252,17.90133405,2.5153405959558146,17.907188100718464,17.908354331079668,18.047626193653894,0.38450277135715333,-0.005854050718465231,-0.007020281079668678
2918.734,17.89787773,2.515360200284714,17.903317414202686,17.904464030764682,18.047879927803372,0.38430715371224994,-0.0054396842026847025,-0.006586300764681141
2919.217,17.90648107,2.515379834727306,17.89946294974694,17.900589382693557,18.048134105833952,0.3841111793048483,0.007018120253061255,0.005891687306444737
2919.699,17.8805928,2.5153994179892267,17.895641212884275,17.896746988021878,18.048387675593684,0.3839156596231778,-0.015048412884276274,-0.01615418802187918
2920.181,17.89070529,2.5154189907400673,17.89184473813463,17.892929352308112,18.04864116376079,0.38372018887236564,-0.0011394481346300722,-0.002224062308112451
2920.663,17.88276745,2.5154385529874763,17.888074061448552,17.889137024036696,18.048894570679753,0.3835247670524117,-0.005306611448553156,-0.00636957403669669
2921.145,17.87342275,2.5154581047390963,17.88432971460994,17.88537054776866,18.049147896695043,0.3833293941633161,-0.010906964609940673,-0.011947797768659285
2921.627,17.90060099,2.515477646002561,17.88061222516657,17.881630464064752,18.049401142151133,0.38313407020507867,0.019988764833431816,0.018970525935248617
2922.109,17.8903685,2.5154971767855,17.87692211636115,17.877917309409074,18.04965430739251,0.3829387951776995,0.013446383638850534,0.012451190590926586
2922.591,17.88331581,2.5155166970955354,17.87325990706317,17.87423161613329,18.049907392763647,0.3827435690811787,0.010055902936830563,0.009084193866709
2923.073,17.87795275,2.515536206940281,17.869626111701375,17.870573912341452,18.05016039860902,0.38254839191551615,0.008326638298623124,0.007378837658546189
2923.556,17.87796397,2.51555574677164,17.86601379162803,17.866937222394995,18.050413849935158,0.38235285890121246,0.011950178371968434,0.011026747605004772
2924.038,17.87322122,2.515575235686954,17.86243841090695,17.86333712537071,18.050666697599233,0.38215777969878273,0.010782809093051071,0.009884094629292406
2924.52,17.87810696,2.5155947141598,17.858892961133,17.85976657709698,18.05091946677169,0.38196274942721126,0.019213998866998594,0.01834038290301976
2925.002,17.86328328,2.515614182197766,17.855377938300943,17.8562260880175,18.051172157797005,0.38176776808649804,0.007905341699057544,0.007057191982500655
2925.484,17.86501484,2.515633639808435,17.851893833637646,17.85271616398105,18.051424771019658,0.3815728356766432,0.013121006362354137,0.012298676018950516
2925.966,17.84375638,2.515653086999382,17.84844113353883,17.849237306169986,18.05167730678412,0.3813779521976465,-0.004684753538832354,-0.005480926169987299
2926.448,17.8542141,2.515672523778176,17.84502031950665,17.845790011029404,18.05192976543488,0.3811831176495081,0.009193780493351511,0.008424088970595989
2926.93,17.85104461,2.5156919501523785,17.84163186808791,17.84237477019692,18.052182147316405,0.380988332032228,0.009412741912090183,0.008669839803079782
2927.413,17.85556058,2.515711406400853,17.83826932340697,17.838985086545275,18.052434976149268,0.3807931913786479,0.017291256593029658,0.016575493454723755
2927.895,17.83678161,2.515730811966986,17.834947076299756,17.835635478674604,18.052687205368276,0.3805985037246006,0.001834533700243668,0.0011461313253953165
2928.377,17.84411198,2.51575020715119,17.83165859206016,17.832319371472312,18.052939358852193,0.3804038650014116,0.012453387939842742,0.011792608527688486
2928.859,17.82755835,2.5157695919610013,17.828404326800754,17.829037236647398,18.053191436945497,0.3802092752090809,-0.0008459768007540447,-0.0014788866473978146
2929.341,17.82210144,2.515788966403949,17.825184731381505,17.82578954076079,18.053443439992673,0.38001473434760835,-0.003083291381503983,-0.0036881007607902916
2929.823,17.81518788,2.5158083304875554,17.822000251352748,17.822576745159438,18.05369536833819,0.3798202424169942,-0.006812371352747704,-0.0073888651594380406
2930.305,17.80662566,2.5158276842193366,17.818851326898862,17.81939930591118,18.05394722232653,0.3796257994172383,-0.01222566689886051,-0.012773645911178022
2930.787,17.82649289,2.5158470276068026,17.815738392782855,17.816257673740356,18.054199002302166,0.3794314053483406,0.010754497217146053,0.01023521625964463
2931.27,17.83483241,2.5158664007567797,17.812655533634597,17.81314588925795,18.054451230745496,0.379236657055484,0.02217687636540333,0.02168652074205113
2931.751,17.81495463,2.515885683378793,17.80962220718268,17.8100836064303,18.054702341593238,0.37904276400311987,0.005332422817318161,0.004871023569698707
2932.234,17.80241871,2.5159050358347987,17.80661360758501,17.80704579479976,18.054954423430733,0.3788481137750126,-0.0041948975850090164,-0.004627084799757597
2932.716,17.81282477,2.5159243378985763,17.80364895071511,17.804051867461,18.055205910649992,0.37865391553106437,0.009175819284887865,0.008772902539000427
2933.198,17.78958912,2.515943629655503,17.800722375632343,17.801095919343496,18.055457325579653,0.3784597662179743,-0.011133255632344685,-0.011506799343496965
2933.68,17.8143361,2.51596291111305,17.797834283441162,17.79817836779167,18.055708668564183,0.37826566583574256,0.016501816558836424,0.016157732208327502
2934.162,17.78685635,2.515982182278681,17.794985069459635,17.795299624378295,18.055959939948067,0.3780716143843691,-0.008128719459634226,-0.008443274378294063
2934.644,17.79271402,2.516001443159854,17.792175123170683,17.792460094846774,18.05621114007578,0.3778776118638539,0.0005388968293154051,0.00025392515322408826
2935.126,17.8001965,2.516020693764019,17.78940482817419,17.789660179054174,18.0564622692918,0.37768365827419675,0.010791671825806759,0.010536320945824684
2935.608,17.78682046,2.516039934098621,17.78667456214005,17.78690027091522,18.056713327940596,0.37748975361539816,0.00014589785995156035,-7.981091521713779e-05
2936.091,17.80670209,2.516059204056851,17.783979158379513,17.784175158461945,18.056964837016775,0.37729549574801435,0.022722931620489106,0.022526931538056516
2936.573,17.78442523,2.516078423853366,17.781330144283327,17.781496508323595,18.057215755419953,0.3771016890524485,0.0030950857166729406,0.0029287216764046775
2937.055,17.76615433,2.5160976334026275,17.778722256862064,17.77885901215552,18.057466604290056,0.37690793128774097,-0.012567926862065093,-0.012704682155522562
2937.537,17.79733711,2.516116832712055,17.77615584960053,17.776263039548063,18.057717383971568,0.3767142224538917,0.021181260399469437,0.0210740704519381
2938.019,17.78785505,2.5161360217890594,17.773631269831768,17.773708953882675,18.05796809480896,0.3765205625509006,0.014223780168233446,0.014146096117325868
2938.501,17.76735151,2.5161552006410473,17.77114885869536,17.77119711228137,18.05821873714671,0.3763269515787677,-0.0037973486953575275,-0.0038456022813697643
2938.983,17.76322431,2.516174369275417,17.76870895109675,17.768727865557207,18.058469311329297,0.37613338953749326,-0.005484641096753506,-0.005503555557208273
2939.465,17.7878502,2.516193527699562,17.766311875667398,17.766301558165708,18.058719817701196,0.37593987642707705,0.021538324332603054,0.02154864183429339
2939.948,17.78666494,2.5162127156368683,17.763953116151697,17.763913629329455,18.058970776119786,0.37574601092041676,0.02271182384830439,0.022751310670546587
2940.43,17.80209159,2.516231853641572,17.761642756177384,17.761574299117978,18.05922114776484,0.37555259577323336,0.04044883382261588,0.04051729088202194
2940.912,17.76879846,2.516250981458206,17.75937617687403,17.759278903657197,18.05947145263336,0.3753592295569083,0.009422283125967823,0.009519556342802105
2941.394,17.77623601,2.516270099094138,17.75715368138405,17.757027761492797,18.05972169106981,0.3751659122714415,0.019082328615951383,0.019208248507204928
2941.876,17.78823454,2.516289206556728,17.754975566390577,17.754821184584788,18.059971863418674,0.37497264391683277,0.0332589736094242,0.033413355415213175
2942.358,17.77050652,2.5163083038533314,17.752842122083223,17.752659478264945,18.060221970024426,0.3747794244930825,0.01766439791677854,0.017847041735056024
2942.84,17.77287872,2.5163273909912953,17.7507536321248,17.75054294119523,18.060472011231546,0.3745862540001904,0.022125087875203064,0.02233577880477
2943.322,17.75869194,2.5163464679779617,17.74871037361892,17.74847186532727,18.060721987384508,0.37439313243815664,0.009981566381078721,0.010220074672727009
2943.804,17.77555243,2.5163655348206664,17.74671261707864,17.746446535862898,18.060971898827788,0.37420005980698123,0.02883981292136184,0.029105894137103405
2944.287,17.75009706,2.51638463105294,17.744756624375867,17.744463172806793,18.061222264194136,0.374006635693419,0.005340435624134443,0.0056338871932091195
2944.769,17.76701105,2.5164036776086935,17.74285075253879,17.74253026089308,18.06147204711902,0.3738136610254764,0.0241602974612114,0.024480789106920753
2945.251,17.77552434,2.516422714042467,17.74099115487626,17.740643910652878,18.06172176636838,0.37362073528839185,0.034533185123741816,0.034880429347122544
2945.733,17.74042218,2.5164417403615715,17.739178075230214,17.738804379900927,18.061971422286675,0.37342785848216575,0.0012441047697855367,0.0016178000990727526
2946.215,17.75476397,2.51646075657331,17.737411750709338,17.737011919520697,18.062221015218395,0.3732350306067979,0.017352219290660997,0.017752050479302284
2946.697,17.73636536,2.51647976268498,17.735692411663415,17.735266773431317,18.062470545508006,0.3730422516622883,0.0006729483365859323,0.0010985865686841123
2947.179,17.74482196,2.5164987587038725,17.734020281658665,17.733569178555637,18.062720013499995,0.37284952164863705,0.010801678341334053,0.01125278144436237
2947.661,17.724677,2.5165177446372717,17.732395577454078,17.731919364789384,18.062969419538835,0.372656840565844,-0.007718577454078002,-0.007242364789384226
2948.144,17.74992007,2.5165367598509794,17.730815286711607,17.730314281765374,18.06321928121729,0.37246380881300534,0.0191047832883946,0.019605788234628108
2948.626,17.73384192,2.5165557256143343,17.72928615649966,17.72876079190929,18.063468564256514,0.37227122569344495,0.004555763500338372,0.005081128090708376
2949.108,17.74170852,2.5165746813140273,17.727805061698987,17.727255730820687,18.063717786376735,0.3720786915047431,0.01390345830101225,0.014452789179312475
2949.59,17.7342986,2.516593626957318,17.72637219160792,17.725799299985724,18.06396694792243,0.3718862062468995,0.007926408392080475,0.008499300014275235
2950.072,17.73588446,2.5166125625514586,17.7249877286137,17.724391693725888,18.064216049238077,0.371693769919914,0.010896731386299763,0.011492766274113109
2950.554,17.73575004,2.5166314881036964,17.723651848174736,17.723033099173875,18.064465090668147,0.37150138252378695,0.012098191825263171,0.012716940826123846
2951.036,17.74596609,2.5166504036212722,17.722364718803732,17.721723696250617,18.064714072557123,0.3713090440585181,0.023601371196267706,0.02424239374938253
2951.518,17.74138506,2.5166693091114194,17.72112650205187,17.72046365764346,18.06496299524948,0.37111675452410753,0.020258557948128697,0.02092140235653872
2952.0,17.74981258,2.516688204581367,17.719937352493965,17.71925314878548,18.065211859089697,0.37092451392055525,0.029875227506035884,0.030559431214520316
2952.483,17.7321075,2.51670712920938,17.718795103962012,17.718089971250087,18.065461180555303,0.37073192356081447,0.01331239603798906,0.014017528749914021
2952.965,17.71926555,2.516726004639836,17.71770462708097,17.716979092627902,18.065709927604356,0.370539780920495,0.0015609229190296503,0.002286457372097317
2953.447,17.72716489,2.5167448700717534,17.716663639396298,17.715918196629328,18.06595861683541,0.37034768721103384,0.010501250603702772,0.011246693370672745
2953.929,17.7201821,2.5167637255123356,17.71567226743408,17.714907419471533,18.066207248592946,0.37015564243243093,0.00450983256591897,0.005274680528465581
2954.411,17.72919401,2.51678257096878,17.71473063068462,17.71394689003135,18.066455823221435,0.3699636465846863,0.01446337931538011,0.015247119968648803
2954.893,17.72553455,2.516801406448276,17.713838841593567,17.713036729831643,18.066704341065364,0.36977169966779994,0.011695708406431748,0.0124978201683561
2955.375,17.72251435,2.5168202319580093,17.712997005553976,17.712177053028704,18.066952802469203,0.3695798016817718,0.009517344446024367,0.01033729697129715
2955.857,17.73519035,2.516839047505157,17.712205220899406,17.711367966400957,18.06720120777743,0.36938795262660196,0.022985129100593582,0.023822383599043206
2956.34,17.73166164,2.516857892102299,17.711462092404407,17.71060804865761,18.067450072524856,0.3691957546275847,0.020199547595591838,0.021053591342390376
2956.822,17.70561961,2.5168766877251545,17.71077078154166,17.709900538600685,18.0676983665607,0.3690040035356477,-0.005151171541662336,-0.0042809286006857405
2957.304,17.7318369,2.5168954734069375,17.71012977480601,17.709243894858837,18.067946605535077,0.3688123013745689,0.021707125193991317,0.02259300514116447
2957.786,17.7347369,2.516914249154801,17.709539142229,17.70863819459361,18.068194789792464,0.36862064814434853,0.025197757771000084,0.026098705406390366
2958.268,17.7249952,2.5169330149758924,17.708998946762986,17.708083507549595,18.06844291967734,0.36842904384498637,0.015996253237013036,0.016911692450403137
2958.75,17.72191068,2.5169517708773532,17.708509244280094,17.70757989605016,18.06869099553418,0.36823748847648236,0.013401435719906374,0.01433078394984122
2959.232,17.72609294,2.516970516866318,17.70807008357233,17.707127414994396,18.068939017707464,0.36804598203883676,0.01802285642767032,0.01896552500560489
2959.714,17.70578394,2.516989252949916,17.7076815063525,17.7067261118552,18.069186986541666,0.3678545245320494,-0.0018975663525004904,-0.0009421718552005132
2960.197,17.72681809,2.5170080179759915,17.707342898734005,17.706375353625642,18.069435416674633,0.36766271889375557,0.019475191265993175,0.02044273637435623
2960.678,17.70727144,2.517026695429494,17.70705623384501,17.706077192084294,18.069682765570743,0.36747175631104945,0.00021520615499071027,0.0011942479157056596
2961.161,17.69237432,2.5170454406394116,17.70681914831845,17.70582917297424,18.069931090530897,0.3672800487375048,-0.01444482831844951,-0.01345485297424176
2961.643,17.705862,2.517064137152222,17.706633285838944,17.7056330141388,18.0701788493461,0.3670887870556668,-0.0007712858389439248,0.00022898586119879383
2962.125,17.69990853,2.517082823795231,17.70649810933388,17.70548815922262,18.070426556545325,0.36689757430468706,-0.00658957933388038,-0.005579629222623339
2962.607,17.68766849,2.5171015005755324,17.706413618102616,17.705394611152958,18.070674212473044,0.3667064104845656,-0.018745128102615638,-0.017726121152957575
2963.089,17.68286436,2.517120167500211,17.7063798043999,17.705352365450924,18.070921817473735,0.36651529559530244,-0.023515444399901497,-0.02248800545092422
2963.571,17.69677827,2.5171388245763464,17.70639665344472,17.705361410239036,18.071169371891877,0.3663242296368975,-0.00961838344472099,-0.008583140239036169
2964.053,17.68394274,2.517157471811013,17.7064641434301,17.705421726249984,18.071416876071943,0.3661332126093509,-0.022521403430101117,-0.0214789862499849
2964.535,17.69408049,2.5171761092112783,17.7065822455339,17.705533286836598,18.071664330358416,0.3659422445126625,-0.01250175553390065,-0.011452796836596946
2965.018,17.68727905,2.5171947754204096,17.70675132643113,17.705696448888222,18.07191224833234,0.3657509292998413,-0.01947227643113081,-0.01841739888822147
2965.5,17.68162009,2.517213393152683,17.70697064309627,17.705910495334003,18.07215960376332,0.36556005916638584,-0.025350553096270545,-0.024290405334003395
2965.982,17.69881502,2.517232001071736,17.70724044333415,17.70617566214309,18.072406910334855,0.3653692379637885,-0.008425423334148974,-0.007360642143087404
2966.464,17.68198049,2.5172505991846124,17.707560670374633,17.70649189325654,18.072654168391416,0.36517846569204954,-0.025580180374632278,-0.024511403256539666
2966.946,17.69751589,2.5172691874983477,17.70793126050079,17.706859125302856,18.07290137827748,0.3649877423511689,-0.010415370500790999,-0.009343235302857522
2967.428,17.70466378,2.517287766019975,17.708352143065444,17.707277287614943,18.07314854033752,0.3647970679411463,-0.0036883630654429567,-0.0026135076149422787
2967.91,17.70100604,2.517306334756518,17.70882324050865,17.707746302248196,18.07339565491602,0.36460644246198215,-0.007817200508650757,-0.006740262248197126
2968.392,17.7011504,2.5173248937149966,17.709344468376123,17.708266083999778,18.073642722357455,0.3644158659136763,-0.008194068376123909,-0.007115683999778355
2968.875,17.70037308,2.5173434813760625,17.709916972488315,17.708837776556805,18.073890255448873,0.3642249430615786,-0.009543892488316885,-0.008464696556806928
2969.357,17.70921247,2.5173620207791947,17.710538283866928,17.709458912825465,18.0741372295536,0.3640344644765055,-0.0013258138669272057,-0.00024644282546404384
2969.839,17.71379805,2.517380550425298,17.711209430914305,17.710130517034973,18.0743841575554,0.3638440348222907,0.0025886190856958535,0.0036675329650286415
2970.321,17.71201652,2.5173990703213667,17.71193030178774,17.71085247515002,18.074631039798767,0.3636536540989342,8.62182122602917e-05,0.0011640448499790068
2970.803,17.71205035,2.5174175804743903,17.712700777856362,17.711624665990488,18.07487787662816,0.3634633223064359,-0.0006504278563639332,0.0004256840095102632
2971.285,17.72155779,2.5174360808913523,17.713520733725236,17.712446961257463,18.075124668388067,0.3632730394447959,0.008037056274762477,0.00911082874253566
2971.767,17.71417117,2.5174545715792283,17.714390037260213,17.71331922556046,18.075371415422964,0.3630828055140142,-0.00021886726021236313,0.0008519444395389542
2972.249,17.71963319,2.517473052544991,17.715308549613816,17.71424131644566,18.075618118077323,0.3628926205140907,0.004324640386183631,0.005391873554341231
2972.731,17.72240155,2.517491523795604,17.716276125251966,17.71521308442533,18.07586477669562,0.36270248444502534,0.006125424748034902,0.007188465574671454
2973.214,17.72146098,2.517510023629895,17.717294771609158,17.716236543228554,18.07611190322639,0.3625120029860259,0.00416620839084203,0.005224436771445795
2973.696,17.73426169,2.5175284754509604,17.71836011158305,17.717307291177686,18.076358474716432,0.3623219648801936,0.015901578416951168,0.016954398822313976
2974.178,17.72777143,2.5175469175777505,17.719474038050617,17.71842722550402,18.07660500320456,0.36213197570521954,0.008297391949383837,0.0093442044959815
2974.66,17.73529903,2.5175653500172053,17.720636379003242,17.719596168885488,18.076851489035253,0.3619420354611037,0.01466265099675823,0.015702861114512245
2975.142,17.72182671,2.5175837727762613,17.72184695589294,17.720813937129392,18.077097932552988,0.3617521441478462,-2.0245892940806698e-05,0.0010127728706059713
2975.624,17.72465503,2.5176021858618465,17.72310558366443,17.722080339208254,18.07734433410224,0.3615623017654469,0.0015494463355700816,0.002574690791746548
2976.106,17.74081491,2.5176205892808845,17.724412070788134,17.723395177296748,18.077590694027485,0.36137250831390566,0.01640283921186736,0.017419732703253032
2976.588,17.725886,2.517638983040293,17.72576621929395,17.724758246809643,18.077837012673204,0.361182763793223,0.00011978070605067614,0.0011277531903566285
2977.071,17.75333189,2.5176574052782543,17.727170781887505,17.726172313779294,18.078083801291164,0.36099267469494706,0.02616110811249328,0.027159576220704196
2977.553,17.73008001,2.5176757797191263,17.72861973145732,17.72763130448495,18.078330038327408,0.36080302813749715,0.0014602785426767184,0.002448705515046612
2978.035,17.73724455,2.517694144521099,17.73011570975008,17.72913787222196,18.078576235118266,0.36061343051090555,0.007128840249919222,0.008106677778041416
2978.517,17.75999518,2.5177124996910667,17.731658493375964,17.730691785751944,18.078822392008217,0.3604238818151722,0.0283366866240371,0.029303394248056946
2978.999,17.7491669,2.517730845235916,17.733247852686617,17.73229280728182,18.07906850934174,0.3602343820502971,0.015919047313381895,0.016874092718179412
2979.481,17.76156635,2.51774918116253,17.734883551814036,17.733940692507865,18.079314587463312,0.3600449312162801,0.026682798185962753,0.02762565749213408
2979.963,17.75727685,2.517767507477784,17.736565348710283,17.735635190660723,18.079560626717413,0.3598555293131216,0.02071150128971766,0.021641659339277197
2980.445,17.73981317,2.517785824188547,17.738292995187997,17.737376044551393,18.079806627448512,0.3596661763408214,0.0015201748120041714,0.0024371254486084126
2980.927,17.75507345,2.5178041313016846,17.740066236961788,17.739162990618183,18.08005259000109,0.3594768722993793,0.015007213038213507,0.015910459381817788
2981.41,17.77025654,2.5178224667757543,17.74188863361288,17.740999608840212,18.080299024897798,0.35928722459420154,0.028367906387117614,0.029256931159785893
2981.892,17.75673499,2.5178407546943324,17.743752372164167,17.74287801752653,18.080544912049348,0.3590980185159923,0.012982617835834986,0.01385697247347295
2982.374,17.78386162,2.5178590330358555,17.745660906421193,17.74480168935918,18.080790762056523,0.3589088613686415,0.0382007135788065,0.03905993064082125
2982.856,17.77654608,2.517877301807165,17.74761395812345,17.746770335761365,18.081036575263802,0.35871975315214866,0.02893212187655081,0.02977574423863416
2983.338,17.77514815,2.5178955610150955,17.749611243131053,17.74878366203252,18.081282352015656,0.3585306938665143,0.02553690686894683,0.0263644879674807
2983.82,17.77359473,2.517913810666475,17.75165247147086,17.750841367400813,18.08152809265657,0.35834168351173823,0.021942258529140446,0.022753362599186033
2984.302,17.78436434,2.517932050768128,17.753737347383243,17.752943145076575,18.081773797531014,0.3581527220878204,0.03062699261675661,0.03142119492342488
2984.784,17.78170911,2.5179502813268715,17.755865569369696,17.755088682306535,18.082019466983468,0.3579638095947608,0.02584354063030503,0.026620427693465842
2985.267,17.78523575,2.5179685401425593,17.758041379454458,17.757282246809883,18.08226561093707,0.3577745542503065,0.027194370545540636,0.02795350319011547
2985.749,17.79204053,2.517986751616148,17.760255454694462,17.759514430422264,18.082511210507278,0.3575857397204798,0.03178507530553887,0.032526099577737
2986.231,17.79538011,2.5180049535672584,17.762511936900122,17.761789399411775,18.082756775689635,0.3573969741215112,0.032868173099878106,0.03359071058822494
2986.713,17.78247154,2.518023146002683,17.76481050209646,17.764106817718705,18.08300230682863,0.357208257453401,0.017661037903540233,0.018364722281294377
2987.195,17.77546542,2.5180413289292116,17.767150820818628,17.766466343603962,18.08324780426873,0.3570195897161491,0.008314599181371563,0.008999076396037253
2987.677,17.80576966,2.518059502353626,17.769532558163853,17.768867629708318,18.08349326835442,0.3568309709097555,0.03623710183614648,0.0369020302916816
2988.159,17.79652877,2.5180776662827027,17.771955373844037,17.771310323112484,18.08373869943017,0.3566424010342201,0.024573396155961547,0.02521844688751429
2988.641,17.81859003,2.518095820723212,17.774418922239136,17.773794065397954,18.083984097840467,0.35645388008954304,0.04417110776086375,0.044795964602045046
2989.124,17.80714233,2.5181140033172107,17.776928089057698,17.77632377214644,18.084229972954695,0.3562650171058122,0.030214240942303405,0.03081855785356069
2989.605,17.80371516,2.5181321011655844,17.779466808358734,17.778883235813243,18.084474798042585,0.3560769849927637,0.024248351641265486,0.024831924186756282
2990.088,17.77763092,2.518150264776964,17.782055829858564,17.781493365333972,18.084720609417026,0.35588822007378185,-0.004424909858563808,-0.0038624453339721754
2990.57,17.78111728,2.5181683813111753,17.784678829324577,17.784137692827073,18.0849658805457,0.3556998949540542,-0.0035615493245764185,-0.0030204128270732156
2991.052,17.77873026,2.5181864883906013,17.787340754563605,17.786821195999416,18.08521112073201,0.3555116187651847,-0.008610494563605187,-0.008090935999415905
2991.534,17.77325149,2.518204586021978,17.79004122911101,17.78954348474652,18.085456330320437,0.35532339150717357,-0.01678973911101167,-0.016291994746520544
2992.016,17.77502679,2.5182226742120357,17.79277987156225,17.792304163911524,18.08570150965546,0.35513521318002067,-0.017753081562251083,-0.01727737391152573
2992.498,17.79596494,2.518240752967499,17.795556295631425,17.795102833351777,18.085946659081557,0.354947083783726,0.0004086443685764607,0.0008621066482241702
2992.98,17.78689253,2.518258822295087,17.79837011021046,17.79793908800613,18.086191778943196,0.3547590033182897,-0.011477580210460303,-0.011046558006132301
2993.462,17.77811045,2.518276882201513,17.801220919428893,17.800812517962882,18.086436869584862,0.3545709717837116,-0.023110469428893055,-0.02270206796288221
2993.945,17.80128145,2.5182949701328563,17.80411435093657,17.803728784190444,18.086682439748156,0.3543825992254532,-0.0028329009365677393,-0.0024473341904425183
2994.427,17.79293661,2.518313011197564,17.80703801773141,17.806675390915448,18.08692747292447,0.35419466565410795,-0.014101407731409665,-0.013738780915446114
2994.909,17.80773522,2.5183310428612287,17.809997462731552,17.809657913908428,18.08717247791495,0.354006781013621,-0.0022622427315504012,-0.001922693908426254
2995.391,17.80232952,2.5183490651305407,17.812992271617127,17.812675924537686,18.087417455064084,0.3538189453039922,-0.01066275161712582,-0.010346404537685316
2995.873,17.81098919,2.5183670780121856,17.816022025613655,17.815728989670003,18.08766240471634,0.3536311585252218,-0.00503283561365464,-0.004739799670002043
2996.355,17.82366324,2.5183850815128412,17.819086301555227,17.81881667174208,18.087907327216197,0.35344342067730966,0.004576938444770917,0.004846568257917738
2996.837,17.82578122,2.5184030756391813,17.822184671948264,17.82193852883269,18.088152222908136,0.3532557317602557,0.003596548051735482,0.003842691167310619
2997.319,17.84215174,2.5184210603978734,17.825316705035817,17.8250941147352,18.088397092136624,0.35306809177406007,0.01683503496418126,0.017057625264797593
2997.802,17.81181148,2.5184390730792097,17.828488566025957,17.82828962920996,18.088642443192494,0.3528801115765253,-0.01667708602595752,-0.01647814920995927
2998.284,17.85192187,2.5184570391031857,17.831686680064507,17.831511384965033,18.08888726047441,0.3526925695535625,0.020235189935494446,0.020410485034968673
2998.766,17.84516098,2.518474995779496,17.83491713567141,17.834765504978108,18.089132052327034,0.35250507646145796,0.01024384432858838,0.010395475021891087
2999.248,17.84737325,2.518492943114786,17.838179484681106,17.838051526629165,18.089376819094827,0.35231763230021174,0.009193765318894265,0.009321723370835144
2999.73,17.86383464,2.5185108811156947,17.84147327499388,17.841368983383536,18.08962156112228,0.35213023706982377,0.022361365006119627,0.022465656616464713
3000.212,17.8514348,2.518528809788856,17.84479805064311,17.844717404867428,18.089866278753863,0.35194289077029406,0.006636749356889737,0.006717395132572079
3000.694,17.8622372,2.518546729140897,17.848153351862994,17.84809631694383,18.090110972334056,0.3517555934016226,0.014083848137005361,0.014140883056168008
3001.176,17.86832362,2.518564639178441,17.851538715156746,17.851505241788924,18.09035564220734,0.3515683449638094,0.016784904843255788,0.016818378211077345
3001.658,17.88565573,2.5185825399081043,17.85495367336522,17.854943697968856,18.09060028871818,0.3513811454568545,0.030702056634780206,0.030712032031143366
3002.141,17.88610814,2.51860046844598,17.858404931081154,17.858418424360917,18.090845419704994,0.3511936066524177,0.027703208918847366,0.02768971563908451
3002.623,17.90406865,2.5186183505604327,17.86187772228214,17.861914543593684,18.09109002047771,0.35100650510869563,0.04219092771785782,0.042154106406314895
3003.105,17.89080833,2.5186362233868347,17.865378684644337,17.865438727949098,18.09133459892214,0.3508194524958319,0.02542964535566128,0.025369602050901108
3003.587,17.89389391,2.51865408693178,17.86890733704701,17.868990482321653,18.091579155382746,0.3506324488138264,0.024986572952990116,0.02490342767834619
3004.069,17.91399002,2.518671941201858,17.87246319505667,17.87256930838537,18.09182369020402,0.35044549406267905,0.04152682494332893,0.04142071161463079
3004.551,17.90597245,2.518689786203651,17.87604577099813,17.876174704672714,18.092068203730438,0.3502585882423901,0.029926679001871292,0.029797745327286407
3005.033,17.89783207,2.5187076219437365,17.87965457402591,17.879806166653772,18.09231269630646,0.35007173135295944,0.018177495974089908,0.01802590334622778
3005.515,17.91785453,2.518725448428686,17.88328911019612,17.883463186815735,18.09255716827659,0.3498849233943869,0.034565419803879394,0.0343913431842644
3005.998,17.89502301,2.5187433026206785,17.88695650131384,17.887152919569267,18.09280212712568,0.3496977769506737,0.008066508686159324,0.007870090430731835
3006.48,17.91520443,2.5187611105958827,17.890641060702812,17.89085957238822,18.09304655887646,0.3495110669553341,0.024563369297187165,0.024344857611779958
3006.962,17.91556209,2.518778909335647,17.89434985248889,17.89459024267788,18.093290971055474,0.3493244058908528,0.021212237511111454,0.020971847322122983
3007.444,17.91602559,2.518796698846521,17.89808237105353,17.898344411788507,18.09353536400721,0.34913779375722964,0.01794321894647055,0.017681178211493176
3007.926,17.91145494,2.5188144791350484,17.901838108043904,17.902121558488865,18.093779738076133,0.3489512305544649,0.00961683195609453,0.00933338151113361
3008.408,17.90768927,2.518832250207768,17.90561655244677,17.9059211590471,18.09402409360673,0.3487647162825584,0.002072717553229353,0.0017681109528986383
3008.89,17.9234336,2.518850012071212,17.909417190662392,17.909742687311823,18.094268430943472,0.3485782509415101,0.014016409337607172,0.013690912688176127
3009.372,17.92265893,2.5188677647319087,17.91323950657896,17.91358561479339,18.09451275043084,0.34839183453132017,0.009419423421039852,0.009073315206610033
3009.854,17.93974592,2.5188855081963792,17.917082981647074,17.91744941074528,18.09475705241331,0.3482054670519884,0.02266293835292643,0.022296509254719155
3010.337,17.93335363,2.5189032792546926,17.920955132878046,17.921341621377714,18.09500184403274,0.3480187620013732,0.012398497121953511,0.012012008622285464
3010.819,17.934327,2.518921004327209,17.92483940241239,17.92524559393356,18.09524611200431,0.3478324924852744,0.009487597587611418,0.009081406066439257
3011.301,17.9452519,2.5189387202230447,17.92874326048212,17.92916882887897,18.09549036350513,0.34764627190003367,0.016508639517880397,0.01608307112102736
3011.783,17.94806573,2.5189564269487,17.932666179534056,17.933110787252836,18.095734598879673,0.3474601002456514,0.015399550465943435,0.014954942747163358
3012.265,17.96537784,2.5189741245106685,17.936607629954143,17.93707092824619,18.095978818472414,0.3472739775221274,0.028770210045856004,0.02830691175380906
3012.747,17.97391855,2.5189918129154396,17.940567080143413,17.941048709284384,18.096223022627836,0.34708790372946147,0.0333514698565871,0.03286984071561605
3013.229,17.98069943,2.519009492169496,17.944543996594085,17.945043586109065,18.096467211690406,0.346901878867654,0.036155433405916426,0.03565584389093601
3013.711,17.97600796,2.5190271622793157,17.948537843965937,17.949055012860445,18.096711386004614,0.34671590293670473,0.027470116034063352,0.02695294713955576
3014.194,17.9474163,2.519044859882897,17.952556421833073,17.953090814075917,18.096956052456022,0.34652959024681307,-0.005140121833072442,-0.005674514075916903
3014.676,17.98038017,2.5190625117047163,17.95658255041241,17.95713372859636,18.097200198278113,0.34634371227909666,0.02379761958759019,0.023246441403639295
3015.158,17.97978433,2.5190801544017125,17.96062399254033,17.961191545534085,18.09744433038598,0.3461578832422385,0.019160337459670274,0.018592784465916168
3015.64,17.97605232,2.5190977879803405,17.964680206310042,17.96526371344257,18.0976884491241,0.3459721031362386,0.011372113689958496,0.010788606557429858
3016.122,17.97175562,2.5191154124470523,17.96875064836638,17.969349679684886,18.09793255483695,0.345786371961097,0.0030049716336186805,0.002405940315114208
3016.604,17.9819883,2.519133027808291,17.972834773982903,17.973448890515716,18.09817664786901,0.3456006897168137,0.009153526017097846,0.008539409484285443
3017.086,17.97198351,2.5191506340704968,17.976932037139246,17.97756079116353,18.09842072856475,0.3454150564033886,-0.004948527139244874,-0.005577281163528625
3017.568,17.98974048,2.519168231240104,17.981041890598455,17.981684825912517,18.098664797268658,0.3452294720208216,0.008698589401543444,0.008055654087481656
3018.051,17.98388928,2.5191858558039,17.985172349771133,17.985829029941208,18.098909360655778,0.3450435516916536,-0.0012830697711336825,-0.0019397499412079355
3018.532,17.99403711,2.5192033983272304,17.989297173859317,17.98996707062074,18.099152900078863,0.3448584500482628,0.004739936140683909,0.004070039379261203
3019.015,18.00976402,2.5192210047003005,17.993450112988256,17.994132800329062,18.099397441159223,0.34467262778384394,0.0163139070117424,0.015631219670936503
3019.497,18.01902878,2.5192385655449385,17.997604854653186,17.998299818269448,18.099641465318882,0.3444872392262266,0.021423925346812922,0.020728961730551276
3019.979,18.0078934,2.519256117329079,18.001769433753715,18.0024761792706,18.099885479209803,0.34430189959946733,0.006123966246285306,0.005417220729398764
3020.461,18.01732887,2.5192736600591235,18.00594329738032,18.006661323666695,18.100129483176467,0.3441166089035665,0.011385572619680318,0.010667546333305467
3020.943,18.01918036,2.519291193741468,18.01012589195023,18.010854691418817,18.100373477563345,0.34393136713852374,0.009054468049768616,0.008325668581182555
3021.425,18.02926695,2.519308718382503,18.0143166632852,18.015055722195896,18.100617462714915,0.34374617430433935,0.014950286714800143,0.014211227804103999
3021.907,18.01404861,2.5193262339886138,18.01851505668921,18.019263855455602,18.100861438975652,0.3435610304010133,-0.004466446689210812,-0.005215245455602258
3022.389,18.05755365,2.51934374056618,18.02272051702613,18.02347853052489,18.101105406690035,0.34337593542854555,0.03483313297386914,0.03407511947510855
3022.872,18.04848041,2.519361274414184,18.026941233711145,18.027707949056822,18.101349872334325,0.34319050552485014,0.021539176288854378,0.020772460943177862
3023.354,18.05125908,2.51937876293508,18.03115917291165,18.03193403626812,18.10159382397349,0.3430055085156152,0.020099907088351188,0.019325043731882374
3023.836,18.05119445,2.5193962424465526,18.035382510618888,18.036164982125943,18.10183776810045,0.34282056043723846,0.015811939381112694,0.0150294678740579
3024.318,18.04802953,2.5194137129549583,18.03961069071239,18.040400226236862,18.102081705059675,0.34263566128971984,0.00841883928761078,0.007629303763138751
3024.8,18.06321611,2.5194311744666518,18.04384315701955,18.0446392084767,18.102325635195648,0.34245081107305975,0.01937295298045072,0.018576901523299938
3025.282,18.05844362,2.519448626987979,18.048079353393046,18.04888136906972,18.102569558852842,0.34226600978725785,0.010364266606952555,0.009562250930279959
3025.764,18.0800881,2.5194660705252825,18.05231872378811,18.053126148667545,18.10281347637574,0.3420812574323142,0.02776937621188935,0.02696195133245638
3026.246,18.07530197,2.5194835050848994,18.056560712339667,18.057372988427833,18.10305738810881,0.3418965540082289,0.0187412576603343,0.017928981572168823
3026.729,18.09987354,2.5195009668165125,18.06081357028344,18.0616301452537,18.10330180042076,0.34171151646525705,0.03905996971656123,0.03824339474629923
3027.211,18.08460854,2.519518383421152,18.065059131207008,18.06587943260727,18.10354570159739,0.34152691100440447,0.019549408792993717,0.018729107392729816
3027.693,18.09641259,2.5195357910670966,18.069305643389452,18.07012910625964,18.103789598018345,0.34134235447441014,0.02710694661054802,0.026283483740360936
3028.175,18.09726465,2.519553189760661,18.073552552454938,18.074378610174485,18.104033490028097,0.34115784687527406,0.02371209754506154,0.02288603982551507
3028.657,18.10469814,2.519570579508156,18.077799304591515,18.078627389210197,18.104277377971133,0.34097338820699646,0.0268988354084847,0.026070750789802588
3029.139,18.12261291,2.5195879603158864,18.08204534662737,18.082874889196468,18.104521262191916,0.34078897846957706,0.04056756337262968,0.03973802080353295
3029.621,18.11935029,2.5196053321901513,18.086290126107034,18.087120557010675,18.104765143034932,0.3406046176630159,0.03306016389296573,0.0322297329893253
3030.103,18.12609814,2.519622695137245,18.090533091367334,18.09136384065382,18.10500902084465,0.34042030578731297,0.03556504863266596,0.03473429934618011
3030.585,18.11590838,2.5196400491634567,18.094773691613188,18.095604189326064,18.10525289596556,0.3402360428424684,0.021134688386812428,0.020304190673936517
3031.068,18.13388867,2.5196574302515162,18.09902016546063,18.099849839673922,18.10549727470005,0.3400514466925944,0.034868504539371514,0.034038830326078795
3031.55,18.12882466,2.5196747664363333,18.10325437938643,18.104082662241648,18.105741145472965,0.3398672817109827,0.02557028061356803,0.024741997758351175
3032.032,18.15123565,2.5196920937191165,18.107484580740408,18.10831090425095,18.10598501459121,0.3396831656602291,0.04375106925959216,0.04292474574905114
3032.514,18.14927907,2.5197094121061334,18.111710222955807,18.112534020449534,18.10622888239926,0.3394990985403339,0.0375688470441915,0.03674504955046487
3032.996,18.12947913,2.5197267216036456,18.115930760709627,18.11675146715618,18.106472749241597,0.33931508035129687,0.01354836929037262,0.012727662843818877
3033.478,18.14810591,2.5197440222179113,18.1201456499971,18.120962702333816,18.106716615462695,0.3391311110931182,0.02796026000290297,0.027143207666185276
3033.96,18.14839135,2.5197613139551818,18.124354348205735,18.125167185662104,18.10696048140703,0.33894719076579777,0.024037001794265933,0.02322416433789698
3034.442,18.14628415,2.5197785968217037,18.128556314189176,18.129364378609594,18.10720434741908,0.3387633193693356,0.017727835810823933,0.016919771390405458
3034.925,18.14531629,2.5197959066526874,18.132759703093182,18.133562427628487,18.10744871979093,0.3385791155801852,0.012556586906818268,0.011753862371513435
3035.407,18.14762725,2.5198131717780603,18.136946570658097,18.137743413831128,18.10769258697377,0.3383953421469558,0.010680679341902533,0.00988383616887134
3035.889,18.14483051,2.5198304280514066,18.141125090978637,18.141915504403514,18.107936455258468,0.3382116176445848,0.0037054190213616778,0.002915005596484832
3036.371,18.15371483,2.519847675478951,18.14529472950911,18.146078168686294,18.108180324989505,0.3380279420730721,0.008420100490887705,0.007636661313703996
3036.853,18.16733384,2.519864914066915,18.149454953534757,18.15023087816282,18.108424196511358,0.3378443154324175,0.017878886465243937,0.01710296183718185
3037.335,18.16835883,2.5198821438215133,18.153605232243684,18.15437310652828,18.1086680701685,0.3376607377226213,0.014753597756314463,0.01398572347171978
3037.817,18.16282453,2.519899364748956,18.157745036798495,18.15850432975852,18.108911946305412,0.3374772089436834,0.00507949320150658,0.0043202002414801655
3038.299,18.17190076,2.5199165768554477,18.161873840407523,18.162624026178168,18.10915582526657,0.3372937290956036,0.010026919592476702,0.009276733821831584
3038.781,18.16625696,2.519933780147188,18.165991118395702,18.16673167652829,18.109399707396445,0.3371102981783822,0.00026584160429621306,-0.0004747165282914523
3039.264,18.18731193,2.519951010294421,18.17010485246432,18.17083524664952,18.109644099030227,0.3369265357823298,0.01720707753568007,0.01647668335047925
3039.746,18.18478827,2.5199681959569813,18.17419748738976,18.174917229421148,18.10988798853934,0.3367432028283412,0.010590782610240268,0.00987104057885091
3040.228,18.18774823,2.5199853728233705,18.17827703500005,18.178985622455052,18.110131882251327,0.3365599188052109,0.009471194999949972,0.008762607544948509
3040.71,18.19422579,2.520002540899767,18.182342979792853,18.18303991682947,18.110375780510658,0.33637668371293883,0.011882810207147543,0.011185873170532545
3041.192,18.20059039,2.5200197001923446,18.186394808731176,18.18707960636933,18.110619683661806,0.33619349755152506,0.014195581268822366,0.013510783630668044
3041.674,18.21533769,2.520036850707272,18.1904320113119,18.19110418771054,18.11086359204926,0.3360103603209696,0.024905678688099897,0.02423350228945864
3042.156,18.21281114,2.520053992450712,18.194454079633783,18.195113160363757,18.111107506017486,0.33582727202127227,0.01835706036621687,0.017697979636242422
3042.638,18.21693318,2.520071125428823,18.19846050846512,18.1991060267775,18.111351425910964,0.3356442326524333,0.018472671534880192,0.017827153222501835
3043.121,18.24955589,2.520088285166082,18.20245905678766,18.20309052431656,18.11159585815181,0.3354608626171045,0.04709683321233982,0.04646536568343862
3043.603,18.25380822,2.520105400613835,18.206432666912566,18.207049661690856,18.111839790943304,0.33527792121149835,0.04737555308743424,0.04675855830914344
3044.085,18.25759838,2.520122507314714,18.210389137510656,18.21099121741135,18.1120837306942,0.33509502873675046,0.04720924248934466,0.04660716258864994
3044.567,18.26446743,2.5201396052748577,18.21432797470158,18.214914706304445,18.11232767774897,0.3349121851928609,0.0501394552984209,0.0495527236955553
3045.049,18.26111803,2.5201566945003973,18.2182486876058,18.218819646441318,18.11257163245209,0.3347293905798296,0.04286934239419793,0.04229838355868054
3045.531,18.27888247,2.52017377499746,18.222150788409436,18.222705559197472,18.112815595148042,0.3345466448976565,0.056731681590562744,0.0561769108025274
3046.013,18.26234106,2.5201908467721688,18.22603379242855,18.22657196931159,18.113059566181303,0.3343639481463417,0.03630726757145197,0.03576909068841161
3046.495,18.28694649,2.52020790983064,18.229897218172862,18.23041840494384,18.113303545896343,0.3341813003258852,0.05704927182713604,0.056528085056157806
3046.978,18.27739879,2.5202249995523993,18.233748540025505,18.234252313904463,18.113548040847974,0.33399832265127977,0.04365024997449396,0.04314647609553646
3047.459,18.27781691,2.520242009823309,18.237563425223758,18.238049482855626,18.113791532749687,0.33381615147754695,0.040253484776240356,0.03976742714437265
3047.942,18.26789807,2.5202590821070405,18.241373125551515,18.241841026580804,18.114036046827582,0.3336332718676907,0.026524944448485854,0.0260570434191969
3048.424,18.277149,2.5202761103435996,18.245153444341707,18.245602870563037,18.11428006473576,0.3334508198721836,0.031995555658294705,0.031546129436964776
3048.906,18.27646219,2.52029312989444,18.248911826547026,18.249342433242326,18.114524093048814,0.3332684168075348,0.027550363452974125,0.027119756757674196
3049.388,18.2714551,2.5203101407656496,18.252647811156837,18.253059264502802,18.11476813211123,0.33308606267374413,0.018807288843163406,0.018395835497198476
3049.87,18.26840284,2.5203271429633083,18.256360940785843,18.256752918039883,18.11501218226748,0.3329037574708118,0.012041899214157326,0.011649921960117382
3050.352,18.28679079,2.5203441364934926,18.260050761733535,18.260422951413283,18.115256243862053,0.3327215011987378,0.02674002826646671,0.02636783858671876
3050.834,18.26262682,2.520361121362273,18.263716824043005,18.264068926099394,18.11550031723941,0.33253929385752196,-0.001090004043003745,-0.0014421060993932144
3051.316,18.26414019,2.5203780975757155,18.26735868155922,18.267690407542947,18.115744402744035,0.33235713544716444,-0.003218491559220382,-0.00355021754294782
3051.799,18.29510832,2.5203951003333094,18.270983370647237,18.271294400741215,18.115989007160948,0.3321746481980318,0.02412494935276399,0.023813919258785177
3052.281,18.30126175,2.5204120592363273,18.274575443109402,18.274865555127352,18.11623311798049,0.33199258775090706,0.026686306890596256,0.026396194872646106
3052.763,18.31697643,2.5204290095021866,18.278141994800716,18.278410936050022,18.11647724196144,0.3318105762346406,0.0388344351992842,0.03856549394997799
3053.245,18.30387991,2.5204459511369333,18.281682595352418,18.281930125339326,18.116721379448286,0.3316286136492326,0.022197314647581123,0.021949784660673544
3053.727,18.29876123,2.5204628841466077,18.285196818479847,18.285422709041956,18.116965530785496,0.3314466999946827,0.01356441152015364,0.013338520958043887
3054.209,18.30691864,2.520479808537245,18.28868424203704,18.28888827746882,18.117209696317556,0.3312648352709911,0.018234397962960003,0.018030362531177957
3054.691,18.31419829,2.5204967243148757,18.292144448070612,18.29232642524183,18.117453876388932,0.33108301947815777,0.022053841929388085,0.02187186475817171
3055.173,18.32468665,2.520513631485525,18.29557702287306,18.29573675134012,18.11769807134411,0.3309012526161827,0.029109627126938875,0.028949898659881512
3055.656,18.30100412,2.5205305651055503,18.29898859095437,18.29912584636098,18.11794278820376,0.3307191577277734,0.0020155290456322916,0.0018782736390221544
3056.138,18.32352375,2.520547455062467,18.302364619984036,18.302479283940183,18.118187013992628,0.3305374888290312,0.021159130015963257,0.021044466059816358
3056.62,18.32692182,2.520564336430461,18.30571180183164,18.305803722576577,18.118431255699445,0.33035586886114726,0.021210018168357436,0.021118097423421744
3057.102,18.32908047,2.5205812092155377,18.30902974030208,18.30909877913498,18.11867551366868,0.33017429782412155,0.0200507296979211,0.019981690865019885
3057.584,18.32786392,2.5205980734236966,18.312318043702703,18.312364075057634,18.11891978824481,0.3299927757179542,0.015545876297295536,0.015499844942365115
3058.066,18.31721408,2.5206149290609328,18.315576324892593,18.315599236406136,18.119164079772318,0.329811302542645,0.001637755107406491,0.0016148435938632133
3058.548,18.345728,2.5206317761332375,18.31880420133111,18.318803893902608,18.11940838859568,0.3296298782981942,0.02692379866889283,0.026924106097393263
3059.03,18.33726738,2.520648614646595,18.32200129512578,18.321977682970132,18.11965271505937,0.3294485029846015,0.015266084874220098,0.01528969702986771
3059.512,18.35730164,2.5206654446069856,18.32516723307948,18.325120243772492,18.119897059507863,0.32926717660186705,0.03213440692051961,0.032181396227507264
3059.995,18.34866211,2.5206823009107016,18.32830811664729,18.328237642488762,18.120141929281647,0.3290855231065561,0.020353993352710376,0.020424467511237054
3060.477,18.34525534,2.520699113765366,18.33141057580845,18.331316619796414,18.120386310772286,0.3289042946870546,0.013844764191549785,0.013938720203586996
3060.959,18.35110589,2.5207159180849863,18.334480787431104,18.33436331744948,18.120630711281876,0.3287231151984114,0.016625102568895045,0.016742572550519697
3061.441,18.36657885,2.520732713875523,18.33751839756722,18.337377394967593,18.12087513115489,0.32854198464062645,0.029060452432780437,0.029201455032406898
3061.923,18.36219415,2.520749501142932,18.34052305718942,18.340358516798965,18.12111957073581,0.3283609030136998,0.021671092810581882,0.021835633201035876
3062.405,18.34707573,2.5207662798931625,18.343494422233736,18.343306352355707,18.121364030369122,0.3281798703176312,0.00358130776626453,0.0037693776442928595
3062.887,18.35164124,2.520783050132161,18.346432153641768,18.34622057604852,18.12160851039928,0.32799888655242104,0.005209086358231474,0.005420663951479554
3063.369,18.37870856,2.520799811865867,18.349335917402072,18.34910086732057,18.12185301117078,0.3278179517180692,0.029372642597927268,0.02960769267943064
3063.852,18.37033465,2.520816599849134,18.35221130196546,18.35195277951816,18.122098040357013,0.32763669058348166,0.018123348034539077,0.018381870481839258
3064.334,18.38355653,2.5208333445724427,18.355046076626426,18.354764192556413,18.122342583689438,0.3274558537123627,0.028510453373574052,0.028792337443587
3064.816,18.36787789,2.520850080808263,18.357845911633515,18.35754074139836,18.12258714879734,0.3272750657721019,0.010031978366484395,0.010337148601639257
3065.298,18.35948323,2.520866808562516,18.360610493572395,18.360282125952196,18.122831736025205,0.3270943267626994,-0.001127263572396231,-0.0007988959521973982
3065.78,18.39229174,2.520883527841117,18.363339514271193,18.36298805131718,18.123076345717504,0.326913636684155,0.0289522257288084,0.02930368868281974
3066.262,18.3971662,2.5209002386499773,18.366032670837313,18.365658227813118,18.123320978218718,0.32673299553646906,0.031133529162687523,0.03150797218688339
3066.744,18.38367988,2.520916940995002,18.368689665693466,18.368292371009126,18.12356563387332,0.32655240331964136,0.014990214306532579,0.015387508990873044
3067.226,18.38157936,2.5209336348820925,18.371310206612876,18.370890201751674,18.12381031302579,0.32637186003367197,0.010269153387124419,0.010689158248325725
3067.708,18.38473232,2.520950320317145,18.37389400675376,18.373451446191833,18.124055016020602,0.3261913656785609,0.010838313246242848,0.011280873808168224
3068.191,18.39634758,2.5209670318968365,18.376446029787775,18.375981034640777,18.124300250960356,0.32601054593707146,0.01990155021222506,0.020366545359223664
3068.673,18.38513052,2.5209837004279763,18.378955431888503,18.378468229001832,18.124545002724545,0.32583014954519307,0.006175088111497473,0.006662290998168174
3069.155,18.39451751,2.521000360524748,18.38142726477241,18.380918047074115,18.124789779365216,0.32564980208417293,0.013090245227591168,0.01359946292588532
3069.637,18.39995544,2.5210170121930298,18.38386126347779,18.38333023649656,18.125034581226856,0.32546950355401116,0.016094176522209125,0.0166252035034411
3070.119,18.40344011,2.521033655438691,18.386257168588315,18.385704550338176,18.12527940865394,0.32528925395470765,0.01718294141168286,0.01773555966182272
3070.601,18.40738901,2.5210502902676,18.388614726262713,18.388040747120883,18.125524261990943,0.32510905328626244,0.018774283737286623,0.019348262879116618
3071.083,18.40968224,2.521066916685618,18.390933688263633,18.390338590841658,18.125769141582342,0.3249289015486755,0.01874855173636547,0.019343649158340526
3071.565,18.42367377,2.521083534698602,18.39321381198566,18.39259785099393,18.12601404777262,0.32474879874194684,0.030459958014340316,0.031075919006070762
3072.048,18.422511,2.5211001787634566,18.395459469180775,18.3948228688397,18.126259489094522,0.32456837136118083,0.027051530819225178,0.02768813116029989
3072.53,18.41663885,2.5211167799665164,18.39766112940669,18.397004211228328,18.12650444957295,0.3243883665176849,0.018977720593309044,0.019634638771670154
3073.012,18.41942462,2.5211333727820953,18.399823257135296,18.39914631127234,18.126749437684396,0.32420841060504735,0.019601362864705152,0.020278308727661454
3073.494,18.41924594,2.5211499572160316,18.40194563256494,18.4012489606618,18.12699445377334,0.32402850362326796,0.017300307435061058,0.017996979338199992
3073.976,18.42426301,2.5211665332741573,18.40402804165386,18.40331195667921,18.12723949818426,0.323848645572347,0.020234968346141358,0.020951053320789725
3074.458,18.4222619,2.5211831009623005,18.406070276143296,18.405335102216537,18.127484571261622,0.3236688364522842,0.016191623856702364,0.016926797783462177
3074.94,18.45274039,2.521199660286284,18.4080721335798,18.407318205791455,18.127729673349922,0.32348907626307977,0.04466825642019856,0.045422184208543825
3075.422,18.43229876,2.5212162112519256,18.410033417336603,18.40926108156287,18.12797480479362,0.3233093650047335,0.022265342663395415,0.02303767843712734
3075.905,18.43004754,2.521232788177135,18.411957878610338,18.41116745424835,18.12822047460139,0.3231293299846909,0.018089661389662837,0.018880085751650455
3076.386,18.45289353,2.5212492881314335,18.41383350656048,18.41302543462526,18.128465157125145,0.3229500892806159,0.03906002343952153,0.039868095374739454
3076.869,18.43747815,2.5212658483343966,18.415675719408984,18.41485030438113,18.128710887492208,0.3227701523253224,0.021802430591016275,0.02262784561887088
3077.351,18.4463332,2.52128236590747,18.41747277355373,18.416630438805377,18.128956139866418,0.3225906368919256,0.02886042644627196,0.029702761194624117
3077.833,18.44054854,2.5212988751512317,18.41922835863687,18.41836950101167,18.12920142331913,0.322411170389387,0.021320181363130075,0.02217903898833029
3078.315,18.439431,2.521315376071471,18.420942313407636,18.420067339303888,18.129446738194826,0.32223175281770666,0.018488686592363024,0.019363660696111396
3078.797,18.4460033,2.5213318686739723,18.422614482568584,18.421723807715587,18.12969208483798,0.32205238417688464,0.023388817431417408,0.02427949228441406
3079.279,18.45066289,2.521348352964515,18.424244716790334,18.423338766019793,18.129937463593066,0.3218730644669209,0.026418173209666662,0.02732412398020756
3079.761,18.45638179,2.521364828948875,18.42583287272543,18.424912079738,18.13018287480457,0.32169379368781537,0.030548917274568765,0.031469710261998074
3080.243,18.45628698,2.521381296632821,18.427378813021317,18.426443620148476,18.13042831881696,0.32151457183956816,0.02890816697868459,0.029843359851525975
3080.726,18.43211106,2.5213977901616107,18.428885481713234,18.427936311208565,18.13067430529812,0.3213350272449982,0.003225578286766506,0.004174748791434979
3081.208,18.44821466,2.521414241244829,18.430346514469896,18.429383854620127,18.13091981601556,0.32115590335998384,0.017868145530105295,0.01883080537987425
3081.69,18.44523341,2.5214306840449283,18.431764955375517,18.43078927294671,18.13116536056803,0.32097682840582775,0.013468454624483428,0.014444137053288841
3082.172,18.46174288,2.5214471185676572,18.433140691182988,18.432152460574525,18.131410939300014,0.3207978023825298,0.028602188817011154,0.02959041942547458
3082.654,18.44366257,2.521463544818763,18.434473614692486,18.433473317677425,18.13165655255599,0.3206188252900903,0.009188955307514846,0.010189252322575726
3083.136,18.45449003,2.5214799628039866,18.435763624759378,18.434751750220958,18.131902200680432,0.320439897128509,0.018726405240620636,0.01973827977904108
3083.618,18.45516291,2.5214963725290653,18.43701062630129,18.43598766996569,18.132147884017815,0.320261017897786,0.018152283698707805,0.019175240034307706
3084.1,18.452824,2.5215127739997305,18.43821453030431,18.437180994469852,18.132393602912618,0.3200821875979212,0.01460946969568866,0.015643005530147747
3084.583,18.43290692,2.5215292012239727,18.439377617028125,18.438333989929934,18.132639867611598,0.3199030353640747,-0.006470697028124306,-0.005427069929933026
3085.065,18.46516843,2.521545586185892,18.440494993390267,18.439441811079757,18.13288565873023,0.3197243030274428,0.024673436609731425,0.02572661892024186
3085.547,18.45252001,2.5215619629105768,18.441569041491427,18.440506824336563,18.133131486440426,0.31954561962166916,0.010950968508574022,0.012013185663438009
3086.029,18.4543308,2.52157833140374,18.44259969664929,18.441528970473595,18.133377351086665,0.31936698514675377,0.011731103350712146,0.012801829526406294
3086.511,18.45017194,2.5215946916710896,18.44358690026831,18.442508196064463,18.133623253013422,0.3191883996026966,0.006585039731689335,0.007663743935538037
3086.993,18.43242838,2.52161104371833,18.44453059984082,18.44344445348157,18.133869192565175,0.3190098629894978,-0.012102219840819828,-0.01101607348156719
3087.475,18.45046094,2.5216273875511583,18.445430748947295,18.444337700893893,18.134115170086407,0.3188313753071572,0.0050301910527039695,0.006123239106106126
3087.957,18.42628757,2.5216437231752704,18.446287307255748,18.445187902264077,18.13436118592158,0.3186529365556749,-0.01999973725574833,-0.018900332264077946
3088.439,18.43939286,2.521660050596354,18.44710024052035,18.445995027344793,18.134607240415185,0.3184745467350509,-0.007707380520347584,-0.006602167344791354
3088.922,18.45386785,2.5216764036688883,18.44787107120209,18.446760591970175,18.1348538445199,0.31829583589430255,0.005996778797911162,0.007107258029826369
3089.404,18.43312097,2.5216927146839767,18.448596585342354,18.4474814073933,18.13509997744578,0.3181175440369112,-0.015475615342353422,-0.014360437393300174
3089.886,18.45820682,2.5217090175130887,18.449278408164126,18.448159090458276,18.135346150064233,0.3179393011103784,0.008928411835874783,0.010047729541724948
3090.368,18.44996837,2.521725312161895,18.449916529747483,18.44879363404027,18.135592362719738,0.31776110711470373,5.184025251736557e-05,0.0011747359597293894
3090.85,18.45706539,2.521741598636061,18.450510946238836,18.449385036776288,18.13583861575677,0.3175829620498873,0.006554443761164208,0.0076803532237121885
3091.332,18.44275606,2.5217578769412485,18.451061659844427,18.44993330305746,18.136084909519806,0.3174048659159292,-0.008305599844426581,-0.007177243057459037
3091.814,18.45960906,2.521774147083114,18.451568678823055,18.45043844302074,18.136331244353322,0.3172268187128294,0.008040381176943612,0.009170616979258028
3092.296,18.44154262,2.5217904090673087,18.452032017477894,18.450900472539875,18.13657762060179,0.3170488204405878,-0.010489397477893903,-0.009357852539874756
3092.779,18.46104728,2.5218066966126536,18.452452521483035,18.451320237614542,18.13682454989403,0.3168705019605629,0.008594758516963452,0.009727042385456741
3093.261,18.45408629,2.5218229422815486,18.452828476037133,18.451696027457952,18.13707101009356,0.31669260165155416,0.0012578139628658391,0.0023902625420468837
3093.743,18.4612463,2.521839179809713,18.45316082942289,18.452028788873754,18.137317512742193,0.3165147502734037,0.008085470577107401,0.009217511126244915
3094.225,18.4645639,2.5218554092027787,18.453449620035503,18.45231856059141,18.137564058184406,0.3163369478261115,0.011114279964498763,0.012245339408590183
3094.707,18.47234082,2.5218716304663755,18.453694892261385,18.452565387022247,18.137810646764677,0.31615919430967754,0.018645927738614176,0.019775432977752416
3095.189,18.45443895,2.5218878436061263,18.45389669646509,18.45276931824647,18.138057278827482,0.3159814897241019,0.0005422535349097757,0.0016696317535291882
3095.671,18.4417743,2.5219040486276505,18.454055088975412,18.452930409999567,18.138303954717298,0.3158038340693845,-0.012280788975413515,-0.011156109999568287
3096.153,18.46268175,2.521920245536563,18.454170132070654,18.453048723658064,18.138550674778603,0.31562622734552537,0.008511617929347182,0.009633026341937523
3096.635,18.45527447,2.5219364343384734,18.454241893963093,18.45312432622461,18.138797439355876,0.3154486695525243,0.0010325760369056525,0.002150143775388358
3097.118,18.4670286,2.521952648600488,18.4542704631659,18.453157314433437,18.139044760893235,0.31527079246559775,0.012758136834097655,0.013871285566562364
3097.6,18.45601503,2.521968821188416,18.45425580155506,18.45314763003616,18.139291615630007,0.3150933326358298,0.0017592284449392537,0.0028673999638400005
3098.082,18.44662895,2.5219849856861556,18.454198098999065,18.453095469332798,18.139538515916893,0.31491592173691996,-0.007569148999063913,-0.0064665193327968495
3098.564,18.44928793,2.522001142099299,18.45409744728685,18.45300092168035,18.13978546209837,0.3147385597688685,-0.004809517286847864,-0.003712991680348665
3099.046,18.428059,2.5220172904334324,18.45395394405159,18.45286408197785,18.140032454518906,0.31456124673167535,-0.025894944051589874,-0.02480508197784914
3099.528,18.45901359,2.5220334306941385,18.453767692750404,18.4526850506477,18.14027949352299,0.3143839826253403,0.005245897249597675,0.006328539352303153
3100.01,18.46246744,2.5220495628869948,18.453538802643205,18.452463933616308,18.140526579455088,0.3142067674498636,0.008928637356795832,0.010003506383693406
3100.492,18.43849888,2.5220656870175744,18.45326738877084,18.452200842294147,18.140773712659684,0.31402960120524515,-0.014768508770838906,-0.013701962294145886
3100.975,18.4314948,2.5220818365189133,18.452952876869194,18.45189521745474,18.141021406354266,0.313852116479042,-0.021458076869194542,-0.020400417454741415
3101.457,18.44778644,2.5220979445249423,18.452596696023708,18.451548447158846,18.141268635237147,0.3136750481976565,-0.004810256023706216,-0.003762007158844227
3101.939,18.44614801,2.5221140444853987,18.452198371270924,18.45116006976983,18.14151591242667,0.3134980288471292,-0.006050361270922622,-0.0050120597698288805
3102.421,18.45009,2.522130136405836,18.451758040552775,18.450730218433723,18.14176323826731,0.31332105842746016,-0.0016680405527758069,-0.0006402184337233052
3102.903,18.44564096,2.5221462202918055,18.451275847471052,18.450259031671557,18.142010613103544,0.31314413693864945,-0.005634887471053673,-0.004618071671558255
3103.385,18.4396958,2.522162296148852,18.45075194126089,18.44974665335575,18.14225803727985,0.3129672643806968,-0.01105614126089094,-0.010050853355750178
3103.867,18.45162119,2.5221783639825164,18.450186476763538,18.44919323268585,18.14250551114071,0.3127904407536026,0.0014347132364633808,0.002427957314150575
3104.349,18.44039286,2.522194423798336,18.44957961439834,18.448598924163715,18.14275303503059,0.3126136660573667,-0.009186754398339048,-0.00820606416371561
3104.832,18.45235434,2.5222105088960136,18.44893013279771,18.447962527841675,18.143001122986128,0.31243657369188704,0.003424207202289864,0.004391812158324626
3105.313,18.45404591,2.5222265193985622,18.448242365459237,18.447288287928593,18.14324823427534,0.31226026345746954,0.005803544540764705,0.006757622071408065
3105.796,18.45260951,2.522242588454991,18.447510770377864,18.44657076817021,18.143496424223194,0.3120832691567391,0.005098739622134474,0.006038741829787142
3106.278,18.47485313,2.52225861623812,18.446739947027428,18.44581447514899,18.143744151780965,0.3119066902854526,0.028113182972571593,0.029038654851010648
3106.76,18.44575732,2.52227463603103,18.44592861094156,18.4450181457888,18.14399193109086,0.3117301603450241,-0.00017129094156231872,0.0007391742111977351
3107.242,18.43078826,2.5222906478392297,18.445076955390395,18.44418196586129,18.144239762497357,0.3115536793354541,-0.014288695390394679,-0.013393705861290073
3107.724,18.44605483,2.5223066516682233,18.444185179005647,18.443306126249993,18.14448764634493,0.3113772472567423,0.0018696509943545436,0.002748703750008019
3108.206,18.43916701,2.522322647523512,18.443253485746844,18.442390822920768,18.144735582978065,0.3112008641088888,-0.004086475746845508,-0.00322381292076912
3108.688,18.4426295,2.522338635410591,18.442282084866815,18.441436256891752,18.14498357274123,0.31102452989189366,0.00034741513318437,0.0011932431082470885
3109.17,18.44753555,2.5223546153349505,18.44127119087654,18.440442634202675,18.145231615978908,0.3108482446057567,0.006264359123459684,0.0070929157973260715
3109.653,18.44540019,2.522370620430672,18.44021880406936,18.439407983602237,18.14548022781594,0.3106716426657497,0.0051813859306406584,0.005992206397763766
3110.135,18.45280712,2.522386584429559,18.439129507467918,18.43833680572532,18.1457283791488,0.31049545534284545,0.01367761253208144,0.014470314274678486
3110.617,18.44447664,2.5224025404821844,18.438001392958398,18.437227219585385,18.14597658499032,0.3103193169507996,0.006475247041603183,0.007249420414616736
3111.099,18.451778,2.5224184885940226,18.43683469572929,18.436079451000744,18.14622484568497,0.3101432274896121,0.014943304270712332,0.015698548999257156
3111.581,18.45499061,2.522434428770541,18.435629656040998,18.434893730649495,18.14647316157723,0.30996718695928277,0.019360953959001392,0.020096879350504082
3112.063,18.45437188,2.5224503610172047,18.434386519186607,18.4336702940355,18.146721533011572,0.30979119535981176,0.019985360813393527,0.020701585964499003
3112.545,18.43828516,2.522466285339474,18.433105535451983,18.43240938145384,18.146969960332484,0.30961525269119905,0.005179624548016903,0.0058757785461587275
3113.027,18.42729988,2.522482201742802,18.431786960075247,18.43111123795573,18.147218443884437,0.3094393589534446,-0.0044870800752470075,-0.003811357955729733
3113.51,18.43825719,2.5224981432295848,18.430428201497868,18.429773305078655,18.147467499714374,0.3092631493741609,0.007828988502133427,0.008483884921346885
3113.992,18.42563828,2.5225140437949793,18.42903515153126,18.428401377818297,18.14771609688029,0.3090873535996393,-0.0033968715312582276,-0.0027630978182955346
3114.474,18.40842867,2.5225299364577847,18.427605305500393,18.426992983515134,18.147964751311388,0.3089116067559759,-0.019176635500393502,-0.01856431351513521
3114.956,18.42581031,2.522545821223437,18.426138938044296,18.425548385892686,18.148213463352157,0.3087359088431708,-0.000328628044297119,0.0002619241073134049
3115.438,18.41937646,2.522561698097369,18.424636328542,18.424067853246985,18.14846223334706,0.308560259861224,-0.005259868542001556,-0.0046913932469863084
3115.92,18.41270553,2.5225775670850097,18.42309776106832,18.422551658408345,18.148711061640586,0.3083846598101354,-0.010392231068319546,-0.009846128408344867
3116.402,18.39949999,2.5225934281917826,18.421523524348945,18.421000078702527,18.1489599485772,0.30820910868990514,-0.022023534348946328,-0.02150008870252762
3116.884,18.40121609,2.5226092814231076,18.41991391171501,18.419413395911448,18.149208894501392,0.30803360650053313,-0.018697821715011997,-0.018197305911449746
3117.366,18.39051,2.5226251267844,18.418269221056974,18.41779189623335,18.14945789975763,0.3078581532420194,-0.027759221056975036,-0.027281896233350977
3117.849,18.39076138,2.522640997130775,18.41658623447118,18.41613239881777,18.149707481484892,0.30768238505583373,-0.025824854471178327,-0.025371018817768487
3118.331,18.38233557,2.5226568267519287,18.414872228250285,18.41444207071359,18.149956606563542,0.3075070297605529,-0.03253665825028662,-0.03210650071359211
3118.813,18.4015577,2.522672648519279,18.413124065214166,18.412717811034522,18.150205792008382,0.3073317233961302,-0.011566365214164875,-0.011160111034520526
3119.295,18.38241585,2.522688462438224,18.411342061027792,18.41095992324461,18.1504550381639,0.3071564659625658,-0.028926211027791027,-0.0285440732446105
3119.777,18.38813515,2.522704268514156,18.409526535676573,18.40916871501754,18.150704345374564,0.30698125745985977,-0.02139138567657284,-0.0210335650175395
3120.259,18.39051146,2.5227200667524636,18.407677813416974,18.407344498193794,18.15095371398485,0.3068060978880119,-0.017166353416975255,-0.01683303819379489
3120.741,18.3857595,2.5227358571585308,18.40579622272656,18.40548758873739,18.15120314433924,0.3066309872470223,-0.020036722726562317,-0.019728088737391403
3121.223,18.37573792,2.5227516397377374,18.403882096253483,18.403598306692103,18.151452636782214,0.30645592553689105,-0.028144176253483977,-0.027860386692104555
3121.706,18.3937538,2.5227674472150445,18.401931699510804,18.40167295688684,18.15170270947208,0.306280549711429,-0.008177899510805275,-0.007919156886842416
3122.188,18.36947331,2.522783214140441,18.399953450105095,18.39971984042621,18.15195232725624,0.3061055859645305,-0.030480140105094478,-0.030246530426211393
3122.67,18.37972048,2.522798973255101,18.3979436880919,18.39773533623473,18.152202008163126,0.3059306711484904,-0.018223208091900034,-0.01801485623473198
3123.152,18.37312141,2.5228147245643857,18.39590276229491,18.395719780236167,18.15245175253721,0.3057558052633085,-0.02278135229490985,-0.022598370236167398
3123.634,18.37685973,2.5228304680736535,18.393831025448264,18.393673512208075,18.152701560722978,0.3055809883089848,-0.01697129544826481,-0.016813782208075168
3124.116,18.38613547,2.5228462037882577,18.39172883414309,18.391596875735253,18.1529514330649,0.30540622028551945,-0.005593364143091861,-0.005461405735253777
3124.598,18.3634643,2.5228619317135474,18.38959654877354,18.38949021816274,18.15320136990745,0.3052315011929123,-0.026132248773539146,-0.026025918162741135
3125.08,18.36768095,2.5228776518548672,18.387434533482367,18.38735389054834,18.153451371595114,0.3050568310311635,-0.01975358348236611,-0.019672940548339568
3125.562,18.35572465,2.522893364217557,18.38524315610607,18.38518824761477,18.153701438472364,0.3048822098002729,-0.029518506106072095,-0.029463597614771686
3126.045,18.35260151,2.5229091013810114,18.383018151670903,18.38298906473922,18.15395208989895,0.30470727536790887,-0.030416641670903743,-0.030387554739220946
3126.527,18.36364187,2.5229247981863345,18.380769109155697,18.380765810805705,18.15420228832584,0.3045327521002512,-0.01712723915569825,-0.017123940805706894
3127.009,18.34328068,2.5229404872290333,18.378491830460938,18.378514327986842,18.154452552976462,0.30435827776345176,-0.035211150460938256,-0.0352336479868427
3127.491,18.3469215,2.52295616851443,18.376186697647643,18.376234985184478,18.15470288419529,0.30418385235751055,-0.029265197647642793,-0.029313485184477628
3127.973,18.36490367,2.5229718420478444,18.37385409618953,18.37392815471933,18.154953282326808,0.3040094758824276,-0.00895042618952857,-0.009024484719329706
3128.455,18.3361165,2.5229875078345896,18.371494414915578,18.371594212280563,18.15520374771549,0.303835148338203,-0.0353779149155784,-0.03547771228056362
3128.937,18.33783956,2.5230031658799756,18.369108045952203,18.369233536874912,18.155454280705808,0.3036608697248366,-0.03126848595220366,-0.031393976874912966
3129.419,18.3330124,2.5230188161893077,18.366695384665032,18.36684651077544,18.155704881642244,0.3034866400423285,-0.03368298466503106,-0.03383411077543741
3129.902,18.32196703,2.5230344912133376,18.364251743719027,18.364428486542156,18.155956071001143,0.30331209797068803,-0.04228471371902742,-0.042461456542156384
3130.384,18.33612221,2.523050126050439,18.36178764407604,18.3619898660236,18.156206809005997,0.30313796625141276,-0.025665434076039162,-0.02586765602359975
3130.866,18.3413998,2.5230657531673883,18.359298457896323,18.3595260615258,18.156457615991116,0.30296388346299574,-0.01789865789632117,-0.018126261525797105
3131.348,18.33865658,2.523081372569473,18.356784592918796,18.35703746787293,18.156708492300975,0.30278984960543703,-0.01812801291879751,-0.018380887872933016
3131.83,18.32161619,2.5230969842619775,18.35424645982482,18.354524482893208,18.15695943828005,0.3026158646787366,-0.03263026982482131,-0.0329082928932074
3132.312,18.31811011,2.5231125882501813,18.35168447217781,18.35198750736532,18.157210454272818,0.3024419286828944,-0.03357436217780929,-0.033877397365319695
3132.794,18.32317706,2.523128184539359,18.349099046362547,18.34942694496448,18.15746154062376,0.3022680416179105,-0.0259219863625475,-0.026249884964482106
3133.276,18.30353613,2.5231437731347826,18.346490601524128,18.34684320220812,18.157712697677347,0.30209420348378485,-0.04295447152412635,-0.043307072208119024
3133.759,18.30273064,2.5231593863592616,18.343854077717605,18.34423125731115,18.157964447072278,0.30192005377286785,-0.04112343771760507,-0.041500617311150734
3134.24,18.31557858,2.5231749272654262,18.341206344791644,18.341607815581238,18.158215225270375,0.30174667400810834,-0.025627764791643415,-0.026029235581237486
3134.723,18.3080872,2.523190525096853,18.338525812418723,18.33895147632035,18.158467118090645,0.30157262236194043,-0.03043861241872392,-0.030864276320350825
3135.205,18.31501178,2.5232060829539673,18.335829492216533,18.336279088013587,18.158718561549495,0.3013989800527642,-0.020817712216533835,-0.021267308013587893
3135.687,18.32883327,2.5232216331436277,18.333112288863493,18.333585593519864,18.15897007743409,0.3012253866744462,-0.0042790188634924675,-0.004752323519863211
3136.169,18.31449943,2.52323717567108,18.330374636773342,18.330871415254865,18.159221666088914,0.30105184222698644,-0.015875206773340977,-0.01637198525486383
3136.651,18.29514176,2.523252710541564,18.32761697268468,18.32813697808651,18.159473327858436,0.30087834671038505,-0.032475212684680344,-0.032995218086508515
3137.133,18.29467973,2.5232682377603175,18.324839735597674,18.325382709277893,18.159725063087137,0.30070490012464185,-0.03016000559767562,-0.030702979277894116
3137.615,18.30445235,2.5232837573325724,18.32204336671061,18.322609038429956,18.159976872119493,0.30053150246975696,-0.01759101671061103,-0.018156688429957768
3138.097,18.28755922,2.523299269263557,18.31922830935612,18.31981639742387,18.16022875529998,0.3003581537457301,-0.03166908935612156,-0.03225717742387246
3138.58,18.2987736,2.5233148057171477,18.316389112067085,18.31699936907963,18.16048123578451,0.30018449446028594,-0.017615512067084893,-0.018225769079627696
3139.062,18.26198396,2.5233303023654323,18.31353797953926,18.31417005513512,18.16073326845032,0.3000112436994921,-0.05155401953926031,-0.05218609513512007
3139.544,18.2790172,2.5233457913881163,18.310669501641932,18.311323080687952,18.1609853762984,0.2998380418695566,-0.03165230164193389,-0.0323058806879537
3140.026,18.25665113,2.5233612727904107,18.307784129607562,18.308458886161972,18.161237559673236,0.2996648889704793,-0.05113299960756024,-0.05180775616197053
3140.508,18.26260499,2.5233767465775223,18.30488231648111,18.30557791396848,18.161489818919303,0.2994917850022603,-0.042277326481109156,-0.04297292396848107
3140.99,18.26009192,2.5233922127546538,18.30196451705512,18.302680608446913,18.16174215438108,0.2993187299648996,-0.04187259705511792,-0.042588688446912215
3141.472,18.25673398,2.523407671327004,18.29903118780467,18.299767415805192,18.16199456640304,0.29914572385839694,-0.04229720780466906,-0.043033435805192255
3141.954,18.25642203,2.523423122299766,18.29608278682213,18.29683878405983,18.162247055329665,0.29897276668275274,-0.03966075682212988,-0.04041675405983014
3142.437,18.23611369,2.5234385977104443,18.293113611552204,18.29388904060966,18.162500145582186,0.2987994997580321,-0.05699992155220457,-0.05777535060965988
3142.919,18.24550597,2.523454033483858,18.290136418646266,18.290930851948914,18.162752789512908,0.29862664054562077,-0.04463044864626653,-0.045424881948914475
3143.401,18.25061642,2.523469461673252,18.287145538295785,18.287958579424785,18.163005511382433,0.29845383026406763,-0.03652911829578542,-0.03734215942478514
3143.883,18.23478287,2.5234848822838036,18.284141434410003,18.284972677687634,18.16325831153525,0.29828106891337286,-0.04935856441000297,-0.0501898076876337
3144.365,18.22898708,2.5235002953206864,18.281124572187153,18.2819736028932,18.163511190315827,0.29810835649353634,-0.052137492187153356,-0.052986522893199606
3144.847,18.22176354,2.5235157007890696,18.278095418048544,18.27896181264136,18.163764148068644,0.29793569300455786,-0.05633187804854245,-0.05719827264135802
3145.329,18.24080601,2.523531098694117,18.275054439572468,18.275937765914602,18.164017185138174,0.2977630784464379,-0.0342484295724681,-0.035131755914601825
3145.811,18.24742327,2.5235464890409895,18.272002105428083,18.272901923016285,18.1642703018689,0.2975905128191762,-0.024578835428084034,-0.025478653016286046
3146.293,18.23778505,2.523561871834844,18.268938885309176,18.269854745508763,18.164523498605295,0.29741799612277264,-0.03115383530917626,-0.032069695508763374
3146.776,18.23819513,2.52357727897184,18.26585886253119,18.266790340670905,18.164777301246733,0.2972451705911501,-0.027663732531188145,-0.02859521067090398
3147.258,18.23591771,2.523592646659466,18.262775263172333,18.263721862246975,18.165030659195672,0.29707275185797943,-0.026857553172334292,-0.027804152246975633
3147.74,18.22586219,2.523608006809528,18.25968219338609,18.260643441798603,18.165284098184426,0.2969003820556671,-0.033820003386090036,-0.03478125179860214
3148.222,18.21211976,2.523623359427166,18.256580126303163,18.25755554530328,18.165537618557476,0.29672806118421285,-0.04446036630316286,-0.04543578530327963
3148.704,18.20918841,2.523638704517515,18.25346953574696,18.254458639685108,18.165791220659294,0.29655578924361703,-0.044281125746959304,-0.04527022968510863
3149.186,18.2304848,2.5236540420857065,18.25035089616715,18.251353192751782,18.166044904834358,0.29638356623387946,-0.019866096167149294,-0.020868392751783205
3149.668,18.19772882,2.5236693721368675,18.24722468257322,18.248239673131568,18.166298671427146,0.2962113921550002,-0.04949586257322025,-0.05051085313156989
3150.15,18.20817286,2.5236846946761213,18.244091370468016,18.245118550210012,18.166552520782133,0.2960392670069792,-0.035918510468015086,-0.03694569021001115
3150.633,18.2010709,2.523700041474713,18.240944914840224,18.24198379682014,18.16680698016126,0.29586683383608003,-0.03987401484022257,-0.040912896820138656
3151.115,18.2223416,2.523715348989945,18.237798821606024,18.238848864831965,18.167060996247574,0.29569480665129194,-0.015457221606023808,-0.016507264831965074
3151.597,18.18870709,2.5237306490086246,18.23464705965408,18.23570774258701,18.167315096130235,0.29552282839736194,-0.04593996965407854,-0.04700065258700903
3152.079,18.19354805,2.5237459415358576,18.231490105796972,18.2325609018662,18.167569280153714,0.29535089907429024,-0.03794205579697163,-0.03901285186620029
3152.561,18.19163098,2.5237612265767466,18.22832843700866,18.22940881488962,18.1678235486625,0.29517901868207697,-0.03669745700866045,-0.03777783488962072
3153.043,18.17815964,2.523776504136389,18.22516253035817,18.22625195425265,18.16807790200106,0.29500718722072183,-0.047002890358168514,-0.04809231425264926
3153.525,18.18403908,2.523791774219879,18.221992862943463,18.223090792861917,18.16833234051387,0.294835404690225,-0.03795378294346108,-0.03905171286191589
3154.007,18.18870597,2.5238070368323067,18.218819911825335,18.219925803871295,18.168586864545418,0.2946636710905865,-0.030113941825334223,-0.0312198338712939
3154.49,18.1899191,2.5238223236206823,18.215637562665314,18.21675088413313,18.16884200276596,0.29449163028041087,-0.025718462665313524,-0.026831784133129588
3154.972,18.1755447,2.523837571290764,18.212459470505575,18.213579654587786,18.169096699047607,0.294319994644005,-0.036914770505575234,-0.038034954587786274
3155.454,18.17383053,2.523852811505039,18.209279525930505,18.210406018728076,18.169351481882135,0.29414840793845753,-0.03544899593050488,-0.03657548872807581
3155.936,18.1628021,2.52386804426858,18.20609820519236,18.207230450054645,18.169606351614014,0.2939768701637684,-0.04329610519236127,-0.04442835005464474
3156.418,18.16493395,2.523883269586457,18.202915984177064,18.20405342199398,18.169861308587727,0.29380538131993744,-0.037982034177062474,-0.039119471993977584
3156.9,18.16887161,2.5238984874637342,18.199733338338735,18.20087540783407,18.170116353147744,0.29363394140696486,-0.030861728338734906,-0.03200379783406859
3157.382,18.15927052,2.5239136979054733,18.196550742634383,18.19769688066001,18.170371485638547,0.2934625504248505,-0.03728022263438291,-0.03842636066001148
3157.864,18.15836844,2.5239289009167307,18.193368671458767,18.19451831328962,18.17062670640461,0.2932912083735944,-0.03500023145876696,-0.03614987328962016
3158.346,18.14725363,2.52394409650256,18.19018759857934,18.191340178209042,18.170882015790415,0.2931199152531966,-0.04293396857933729,-0.0440865482090409
3158.829,18.14523282,2.5239593161710165,18.187001402245098,18.188156357010783,18.171137944105244,0.2929483158361189,-0.04176858224509772,-0.04292353701078255
3159.311,18.14723729,2.5239744969057516,18.183823748950267,18.184980505664345,18.1713934319496,0.2927771206789539,-0.0365864589502678,-0.0377432156643458
3159.793,18.13813832,2.5239896702302027,18.180648511820138,18.181806502409152,18.171649009447837,0.29260597445264724,-0.04251019182013849,-0.043668182409152934
3160.275,18.12046705,2.5240048361494067,18.17747616146453,18.17863481775971,18.17190467694444,0.2924348771571988,-0.057009111464530804,-0.058167767759712774
3160.757,18.1293766,2.524019994668396,18.174307167543475,18.175465921577015,18.17216043478388,0.2922638287926086,-0.04493056754347435,-0.046089321577014175
3161.239,18.1430766,2.524035145792199,18.171141998703355,18.172300283004354,18.172416283310636,0.29209282935887676,-0.02806539870335456,-0.029223683004353518
3161.721,18.12764763,2.524050289525839,18.167981122513215,18.169138370403147,18.17267222286918,0.2919218788560031,-0.040333492513216385,-0.04149074040314815
3162.203,18.1092488,2.524065425874338,18.164825005401347,18.165980651288812,18.172928253803995,0.2917509772839877,-0.05557620540134778,-0.05673185128881286
3162.686,18.12772433,2.5240805862229436,18.161667581222797,18.162821055817904,18.173184907929944,0.2915797702276335,-0.033943251222797954,-0.035096725817904684
3163.167,18.12269743,2.5240956764359703,18.15852890804283,18.15967965896859,18.17344059118034,0.29140932093253186,-0.035831478042830156,-0.036982228968589936
3163.65,18.11788798,2.524110822008776,18.15538334853597,18.156530802737038,18.17369743016466,0.2912382119409268,-0.03749536853597135,-0.038642822737038784
3164.132,18.11811524,2.524125928851554,18.15225092119463,18.15339452660702,18.173953830242112,0.2910675061938608,-0.034135681194626954,-0.03527928660701818
3164.614,18.12522167,2.5241410283342414,18.149125566710694,18.150264767571908,18.174210323418933,0.29089684937765303,-0.023903896710695705,-0.02504309757190981
3165.096,18.10962223,2.5241561204618335,18.14600774334633,18.14714198672765,18.174466910039605,0.29072624149230364,-0.03638551334633178,-0.037519756727650844
3165.578,18.11338032,2.5241712052393233,18.142897907785823,18.144026643878036,18.174723590448593,0.29055568253781244,-0.02951758778582203,-0.030646323878034565
3166.06,18.11588106,2.5241862826716974,18.139796515074316,18.140919197471607,18.174980364990386,0.29038517251417956,-0.023915455074316583,-0.02503813747160777
3166.542,18.09575308,2.5242013527639413,18.136704018556713,18.13782010453845,18.175237234009455,0.2902147114214049,-0.04095093855671195,-0.04206702453844713
3167.024,18.08077047,2.5242164155210336,18.13362086981707,18.134729820627385,18.175494197850274,0.2900442992594886,-0.05285039981706774,-0.053959350627383884
3167.507,18.10702365,2.5242315021756605,18.130541152866357,18.131642417526646,18.17575179027393,0.289873582628607,-0.023517502866358342,-0.024618767526646934
3167.989,18.09514639,2.524246550262182,18.12747806880982,18.128571132693036,18.1760089449902,0.28970326842992355,-0.03233167880981824,-0.03342474269303608
3168.471,18.09004946,2.5242615910284787,18.12442567703887,18.125510014946926,18.176266195562373,0.2895330031620983,-0.03437621703887217,-0.03546055494692624
3168.953,18.09395792,2.524276624479514,18.121384421489225,18.122459513282696,18.17652354233492,0.2893627868251313,-0.027426501489223654,-0.028501593282694415
3169.435,18.09347741,2.5242916506202473,18.11835474403699,18.11942007490141,18.176780985652318,0.2891926194190225,-0.024877334036990106,-0.02594266490141095
3169.917,18.06907549,2.5243066694556355,18.115337084439993,18.11639214514916,18.177038525859047,0.28902250094377213,-0.04626159443999356,-0.04731665514916017
3170.399,18.07777525,2.5243216809906297,18.112331880279527,18.11337616745547,18.177296163299587,0.28885243139937994,-0.03455663027952838,-0.035600917455472114
3170.881,18.0669866,2.5243366852301783,18.109339566902328,18.110372583272046,18.177553898318404,0.288682410785846,-0.04235296690232815,-0.04338598327204579
3171.364,18.06766207,2.5243517132856517,18.106354411036182,18.107375640777086,18.17781226628513,0.28851208651568794,-0.03869234103618169,-0.03971357077708504
3171.846,18.0338973,2.5243667029340258,18.103389205022896,18.10439818773767,18.178070197698183,0.2883421638653869,-0.06949190502289682,-0.07050088773766916
3172.328,18.04625701,2.524381685301784,18.10043818273862,18.10143444098793,18.17832822772366,0.28817229014594414,-0.054181172738619665,-0.05517743098792849
3172.81,18.03281979,2.524396660393858,18.097501770015338,18.09848483345568,18.17858635670605,0.28800246535735957,-0.06468198001533665,-0.06566504345567736
3173.292,18.04588399,2.524411628215176,18.09458039016659,18.095549795788173,18.17884458498982,0.2878326894996333,-0.04869640016659105,-0.049665805788173145
3173.774,18.04942521,2.524426588770662,18.091674463931966,18.09262975629243,18.17910291291945,0.2876629625727654,-0.04224925393196699,-0.04320454629242931
3174.256,18.03916009,2.5244415420652366,18.088784409421994,18.08972514087585,18.179361340839417,0.28749328457675566,-0.0496243194219943,-0.05056505087584995
3174.738,18.03580407,2.5244564881038145,18.085910642063457,18.08683637298718,18.179619869094203,0.28732365551160416,-0.0501065720634557,-0.05103230298717776
3175.22,18.02393542,2.5244714268913087,18.08305357454515,18.083963873557735,18.179878498028277,0.2871540753773111,-0.05911815454514979,-0.06002845355773445
3175.703,17.99391378,2.5244863894033998,18.080207742803893,18.081102153655298,18.180137764875518,0.2869841925002511,-0.08629396280389301,-0.08718837365529808
3176.185,18.02843093,2.5245013136884284,18.077385338575013,18.078263479489564,18.18039659641227,0.2868147103291907,-0.048954408575013986,-0.04983254948956528
3176.667,18.02681898,2.5245162307370967,18.074580856124662,18.075442321744145,18.18065552966246,0.2866452770889887,-0.04776187612466032,-0.04862334174414329
3177.149,18.01156565,2.5245311405543,18.071794696650194,18.072639090694246,18.180914564970564,0.2864758927796449,-0.060229046650192686,-0.06107344069424414
3177.631,18.02390403,2.524546043144931,18.069027258346495,18.069854193808983,18.181173702681058,0.28630655740115935,-0.04512322834649396,-0.04595016380898187
3178.113,18.02202895,2.524560938513878,18.066278936354585,18.067088035694745,18.18143294313842,0.28613727095353214,-0.04424998635458621,-0.045059085694745704
3178.595,18.01360195,2.524575826666026,18.063550122710584,18.064341018039,18.18169228668713,0.28596803343676314,-0.049948172710582384,-0.05073906803899675
3179.077,18.00591676,2.524590707606255,18.060841206295294,18.061613539554433,18.181951733671664,0.2857988448508522,-0.05492444629529203,-0.055696779554430975
3179.56,18.02322334,2.5246056121903213,18.058147016056225,18.05890039960823,18.182211823031672,0.2856293543345159,-0.034923676056223485,-0.0356770596082292
3180.042,18.01542646,2.524620478706402,18.055479091139336,18.05621322600744,18.18247147813766,0.285460263711838,-0.04005263113933566,-0.04078676600743947
3180.524,18.00194493,2.5246353380251927,18.052832211447342,18.0535467701199,18.182731237713618,0.2852912220200184,-0.05088728144734134,-0.051601840119900544
3181.006,18.00737244,2.524650190151558,18.050206752738003,18.05090141820257,18.182991102104022,0.2851222292590571,-0.042834312738001756,-0.043528978202569846
3181.488,18.02377485,2.5246650350903583,18.047603087368884,18.04827755326466,18.183251071653345,0.284953285428954,-0.023828237368885397,-0.02450270326466253
3181.97,18.00223849,2.524679872846452,18.045021584249973,18.045675555014427,18.183511146706063,0.2847843905297092,-0.042783094249973175,-0.04343706501442668
3182.452,18.01385986,2.5246947034246916,18.042462608796853,18.043095799806352,18.183771327606664,0.2846155445613226,-0.028602748796853206,-0.02923593980635175
3182.934,18.01143368,2.5247095268299264,18.039926522884393,18.04053866058888,18.184031614699613,0.28444674752379423,-0.028492842884393355,-0.02910498058887967
3183.417,18.01798908,2.5247243737986356,18.03740849585666,18.037999273420002,18.18429254867612,0.28427764936818145,-0.019419415856660294,-0.020010193420002764
3183.899,17.98926896,2.524739182857537,18.034919309592933,18.035488519971082,18.184553049409306,0.2841089502938861,-0.04565034959293257,-0.046219559971081736
3184.381,18.00102612,2.524753984757968,18.032454077519716,18.033001481154006,18.184813657368995,0.2839403001504489,-0.03142795751971761,-0.03197536115400723
3184.863,18.01085372,2.5247687795047633,18.03001314688925,18.03053851577204,18.185074372899656,0.28377169893787,-0.01915942688924943,-0.019684795772040076
3185.345,18.01115869,2.524783567102752,18.02759686118984,18.028099978968154,18.18533519634577,0.28360314665614944,-0.016438171189840034,-0.016941288968155277
3185.827,17.98078181,2.5247983475567604,18.025205560102858,18.025686222175693,18.18559612805181,0.28343464330528695,-0.04442375010285815,-0.04490441217569341
3186.309,17.98845808,2.5248131208716105,18.022839579460467,18.023297593069646,18.18585716836226,0.2832661888852829,-0.03438149946046565,-0.03483951306964528
3186.791,17.9979086,2.5248278870521212,18.020499251203777,18.020934435518424,18.18611831762159,0.28309778339613706,-0.022590651203778123,-0.023025835518424742
3187.273,17.99257497,2.524842646103106,18.01818490334177,18.018597089536218,18.186379576174282,0.28292942683784955,-0.02560993334176942,-0.02602211953621847
3187.756,17.97129975,2.5248574286276293,18.015892140498654,18.016281123630225,18.186641486736676,0.28276077007533484,-0.0445923904986536,-0.04498137363022536
3188.238,17.97321202,2.524872173419225,18.013630777089265,18.01399646045678,18.186902965138053,0.28259251148028014,-0.04041875708926668,-0.040784440456782534
3188.72,17.97179544,2.5248869110957246,18.01139635475703,18.011738605978138,18.187164553866936,0.28242430181608363,-0.03960091475702754,-0.039943165978137074
3189.202,17.96861977,2.5249016416619283,18.009189185374034,18.009507884317944,18.1874262532678,0.2822561410827454,-0.04056941537403347,-0.04088811431794426
3189.684,17.98711114,2.5249163651226305,18.00700957668332,18.00730461551582,18.18768806368513,0.28208802928026555,-0.019898436683320142,-0.02019347551582129
3190.166,17.9741155,2.524931081482623,18.004857832261386,18.005129115483214,18.18794998546339,0.28191996640864386,-0.03074233226138645,-0.031013615483214352
3190.648,17.97013017,2.524945790746693,18.002734251481286,18.00298169595985,18.188212018947066,0.28175195246788054,-0.03260408148128491,-0.03285152595984897
3191.13,17.9672385,2.5249604929196243,18.000639129476365,18.000862664470773,18.188474164480635,0.28158398745797547,-0.033400629476364685,-0.033624164470772655
3191.613,18.01215526,2.524975218486565,17.998568500109705,17.99876801751139,18.18873696662922,0.28141572305618423,0.013586759890294786,0.013387242488608564
3192.094,17.96323078,2.524989876011185,17.996535420913798,17.99671097436925,18.188998793075342,0.28124820423074015,-0.03330464091379781,-0.03348019436925043
3192.577,17.95660621,2.525004587390368,17.994523267764677,17.994674724097184,18.189261821515327,0.2810800378936979,-0.0379170577646768,-0.03806851409718348
3193.059,17.97221207,2.5250192612318365,17.99254490785498,17.99267229589323,18.189524418928908,0.2809122687087422,-0.020332837854979857,-0.0204602258932276
3193.541,17.97695598,2.525033928006037,17.990596418129726,17.99069972925904,18.189787130115484,0.2807445484546448,-0.013640438129726817,-0.013743749259038651
3194.023,17.98068197,2.52504858771773,17.98867806754905,17.988757305556483,18.19004995541952,0.2805768771314056,-0.007996097549050063,-0.008075335556483765
3194.505,17.97470014,2.5250632403716726,17.98679012059745,17.986845301650188,18.190312895185503,0.2804092547390247,-0.0120899805974517,-0.01214516165018864
3194.987,17.97295321,2.525077885972618,17.984932837252742,17.984963989869797,18.19057594975791,0.28024168127750215,-0.011979627252742375,-0.012010779869797261
3195.469,17.98663429,2.525092524525315,17.983106472955573,17.98311363797298,18.19083911948121,0.2800741567468378,0.003527817044428616,0.0035206520270207875
3195.951,17.97096378,2.52510715603451,17.981311278579714,17.981294509109105,18.191102404699887,0.2799066811470317,-0.010347498579712067,-0.010330729109103487
3196.434,17.97208703,2.525121810838855,17.97954387393764,17.979503185873604,18.191366352354297,0.279738907170713,-0.007456843937639235,-0.007416155873603003
3196.916,17.97582724,2.5251364282606774,17.97781181954164,17.97774734001477,18.191629869838557,0.27957152953413966,-0.0019845795416379985,-0.0019201000147681668
3197.398,17.97798057,2.5251510386532208,17.976111660486396,17.976023479146516,18.191893503852338,0.27940420082842476,0.0018689095136039668,0.001957090853483834
3197.88,17.94927781,2.525165642021215,17.97444362908437,17.97433184762612,18.192157254740117,0.27923692105356807,-0.02516581908436777,-0.025054037626119907
3198.362,17.93665,2.525180238369388,17.97280795294245,17.97267268503155,18.192421122846373,0.27906969020956973,-0.03615795294244961,-0.036022685031550594
3198.844,17.95478443,2.525194827702461,17.97120485493629,17.971046226129506,18.19268510851558,0.2789025082964295,-0.016420424936288924,-0.016261796129505512
3199.326,17.94997404,2.525209410025154,17.969634553185298,17.969452700844094,18.192949212092213,0.2787353753141476,-0.019660513185296935,-0.019478660844093554
3199.808,17.9436626,2.525223985342182,17.96809726102836,17.967892334226363,18.19321343392075,0.27856829126272403,-0.024434661028358562,-0.02422973422636332
3200.291,17.95069745,2.5252385838757045,17.966590101186974,17.966362213247344,18.19347832289331,0.2784009096471288,-0.015892651186973694,-0.01566476324734367
3200.773,17.95452773,2.5252531451810225,17.96511951854365,17.964868889395145,18.193742782506213,0.278233923558938,-0.010591788543649727,-0.010341159395146349
3201.255,17.93353516,2.525267699494809,17.963682557002784,17.963409370262433,18.19400736140517,0.2780669864016055,-0.030147397002782128,-0.029874210262430978
3201.737,17.93061212,2.5252822468217633,17.962279410541928,17.9619838611075,18.19427205993465,0.2779000981751312,-0.03166729054192885,-0.03137174110749896
3202.219,17.93749295,2.5252967871665817,17.96091026824703,17.960592562174295,18.194536878439138,0.2777332588795153,-0.02341731824703075,-0.02309961217429546
3202.701,17.93607821,2.5253113205339575,17.959575314292312,17.95923566866654,18.19480181726311,0.2775664685147576,-0.023497104292310667,-0.023157458666538844
3203.183,17.94362606,2.5253258469285798,17.95827472792088,17.957913370722547,18.195066876751035,0.27739972708085814,-0.014648667920880598,-0.01428731072254763
3203.665,17.91450814,2.5253403663551333,17.957008683426068,17.956625853390936,18.1953320572474,0.277233034577817,-0.042500543426069015,-0.04211771339093673
3204.147,17.93753113,2.525354878818299,17.955777350133424,17.955373296607032,18.195597359096674,0.2770663910056341,-0.018246220133423918,-0.017842166607032084
3204.63,17.93113786,2.525369414409933,17.95457844647039,17.954153386041188,18.19586333344134,0.27689945078313694,-0.02344058647038949,-0.023015526041188394
3205.112,17.92910638,2.5253839129459315,17.953417096450696,17.952971343012294,18.19612887928343,0.27673290517418686,-0.024310716450695935,-0.023864963012293572
3205.594,17.91797191,2.525398404532575,17.952290935949105,17.95182476976984,18.196394547512583,0.2765664084960951,-0.034319025949105963,-0.03385285976984065
3206.076,17.93392892,2.5254128891745293,17.951200114244138,17.950713825565842,18.196660338473265,0.2763999607488616,-0.017271194244138144,-0.016784905565842223
3206.558,17.92237566,2.5254273668764573,17.950144775567377,17.94963866443336,18.19692625250996,0.2762335619324864,-0.027769115567377156,-0.027263004433358162
3207.04,17.91986177,2.5254418376430188,17.949125059089738,17.948599435167782,18.19719228996715,0.27606721204696943,-0.0292632890897373,-0.028737665167781756
3207.522,17.93072523,2.5254563014788682,17.948141098908533,17.94759628130901,18.197458451189302,0.2759009110923107,-0.017415868908532417,-0.016871051309010454
3208.004,17.91949676,2.5254707583886584,17.947193024035222,17.94662934112439,18.197724736520893,0.27573465906851025,-0.027696264035220963,-0.027132581124387656
3208.487,17.93141698,2.525485238349074,17.94627910364628,17.945696854772244,18.197991699153416,0.2755681112067366,-0.014862123646278036,-0.014279874772242351
3208.969,17.92768642,2.5254996814063393,17.94540324109723,17.944802811369506,18.198258233996604,0.27540195714616905,-0.01771682109723116,-0.01711639136950538
3209.451,17.93347688,2.5255141175514875,17.944563620494314,17.943945364898152,18.198524893983386,0.2752358520164597,-0.011086740494313574,-0.010468484898151331
3209.933,17.91248475,2.525528546789155,17.943760350386952,17.943124632370623,18.198791679458225,0.27506979581760865,-0.03127560038695165,-0.030639882370621763
3210.415,17.92367011,2.525542969123975,17.942993534188332,17.942340725454144,18.199058590765613,0.27490378854961595,-0.01932342418833244,-0.018670615454144723
3210.897,17.92503201,2.5255573845605777,17.94226327016749,17.941593750458743,18.19932562825002,0.2747378302124814,-0.01723126016749177,-0.016561740458744367
3211.379,17.92715811,2.525571793103588,17.941569651442123,17.940883808326095,18.19959279225592,0.2745719208062051,-0.0144115414421222,-0.013725698326094715
3211.861,17.92977708,2.525586194757629,17.940912765972154,17.940210994619203,18.199860083127795,0.2744060603307872,-0.011135685972153198,-0.010433914619202511
3212.344,17.92022047,2.525600619384833,17.940291448427796,17.939574119599285,18.200128056151897,0.27423990482973704,-0.02007097842779615,-0.019353649599285205
3212.826,17.91747905,2.5256150072605177,17.93970834930928,17.938975905349203,18.20039560205415,0.27407414231755184,-0.022229299309280748,-0.021496855349202093
3213.308,17.93976754,2.525629388261087,17.9391622164704,17.93841507401079,18.20066327585652,0.273908428736225,0.0006053235295979675,0.001352465989207019
3213.79,17.92308103,2.5256437623911476,17.938653117179086,17.937891699535246,18.20093107790348,0.2737427640857564,-0.015572087179087646,-0.014810669535247456
3214.272,17.94379492,2.5256581296553033,17.938181113524063,17.93740585045639,18.201199008539522,0.2735771483661461,0.005613806475935235,0.0063890695436086276
3214.754,17.92080737,2.525672490058155,17.93774626241268,17.93695758988551,18.20146706810911,0.27341158157739404,-0.016938892412682094,-0.016150219885510353
3215.236,17.93323525,2.5256868436042987,17.937348615569586,17.936546975507063,18.201735256956727,0.2732460637195002,-0.004113365569587302,-0.003311725507064267
3215.718,17.91070354,2.5257011902983275,17.936988219536023,17.936174059575222,18.20200357542685,0.27308059479246477,-0.026284679536022537,-0.025470519575222283
3216.2,17.90039816,2.5257155301448297,17.936665115669857,17.935838888911295,18.20227202386395,0.27291517479628746,-0.036266955669855605,-0.03544072891129346
3216.683,17.90884802,2.525729892877804,17.936378786076197,17.935540927227702,18.202541159965527,0.2727494606883354,-0.027530766076196755,-0.026692907227701568
3217.165,17.90575711,2.525744219028825,17.936130447427256,17.93528144432805,18.202809869641456,0.272584138655391,-0.030373337427256786,-0.029524334328051793
3217.647,17.9012994,2.525758538346075,17.935919493978666,17.93505981460781,18.203078710318504,0.2724188655533049,-0.034620093978666944,-0.033760414607812095
3218.129,17.91342199,2.5257728508341293,17.935745946359024,17.934876063136965,18.20334768234116,0.272253641382077,-0.022323956359024066,-0.021454073136965235
3218.611,17.92411295,2.525787156497558,17.93560982002455,17.93473020955265,18.203616786053892,0.2720884661417074,-0.01149687002454769,-0.010617259552649472
3219.093,17.90541177,2.5258014553409285,17.935511125263513,17.93462226806176,18.20388602180119,0.27192333983219613,-0.030099355263512706,-0.029210498061758017
3219.575,17.91818385,2.525815747368805,17.935449867201214,17.93455224744436,18.204155389927514,0.27175826245354306,-0.01726601720121579,-0.016368397444360028
3220.057,17.93700638,2.525830032585748,17.935426045805823,17.934520151058035,18.204424890777354,0.27159323400574825,0.0015803341941769133,0.0024862289419651518
3220.54,17.92344732,2.525844340612499,17.935439723035145,17.934526028345452,18.204695084240214,0.27142791225851964,-0.01199240303514415,-0.011078708345451105
3221.021,17.93553123,2.525858582605052,17.93549068714219,17.93456971732832,18.20496429202548,0.27126332390273333,4.054285780696887e-05,0.000961512671679543
3221.504,17.94384537,2.525872877004499,17.93557934643515,17.93465156840784,18.205234753212757,0.27109810022025405,0.008266023564846847,0.009193801592157769
3221.986,17.92865993,2.525887135009145,17.935705246024913,17.934771172844364,18.20550478867999,0.27093326759740866,-0.0070453160249144275,-0.006111242844365705
3222.468,17.93070728,2.525901386225613,17.93586850495782,17.93492863711854,18.205774958593835,0.2707684839054216,-0.005161224957820565,-0.004221357118538549
3222.95,17.92945249,2.525915630658441,17.936069092409216,17.935123932180254,18.20604526329877,0.2706037491442927,-0.0066166024092169096,-0.0056714421802546156
3223.432,17.95241762,2.5259298683121636,17.936306972457437,17.93535702361105,18.206315703139264,0.27043906331402207,0.016110647542561196,0.017060596388947857
3223.914,17.92884595,2.525944099191312,17.936582104095205,17.935627871635226,18.206586278459806,0.2702744264146096,-0.00773615409520545,-0.006781921635226951
3224.396,17.95134133,2.525958323300414,17.93689444124168,17.935936431131825,18.206856989604866,0.2701098384460555,0.014446888758321563,0.015404898868176531
3224.878,17.93725876,2.525972540643994,17.937243932755244,17.93628265164744,18.20712783691892,0.2699452994083597,1.4827244754656022e-05,0.0009761083525603453
3225.361,17.94151565,2.5259867807020835,17.93763136302208,17.93666731277796,18.20739938309571,0.26978046808660394,0.0038842869779180944,0.004848337222039589
3225.843,17.94046957,2.5260009845141633,17.938055066442818,17.93708876053603,18.207670504065483,0.269616027012141,0.002414503557183423,0.0033808094639695696
3226.325,17.93339643,2.5260151815742806,17.938515740436387,17.937547685955757,18.2079417622384,0.26945163486853635,-0.005119310436388247,-0.00415125595575816
3226.807,17.9417141,2.526029371886946,17.93901331374902,17.938044017387888,18.208213157958934,0.2692872916557899,0.002700786250979803,0.003670082612110548
3227.289,17.92553446,2.5260435554566643,17.939547710140253,17.93857767792733,18.208484691571567,0.26912299737390166,-0.014013250140251898,-0.01304321792732921
3227.771,17.93469034,2.5260577322879385,17.94011884839979,17.939148585430942,18.20875636342077,0.2689587520228718,-0.005428508399791809,-0.004458245430942753
3228.253,17.92197512,2.5260719023852682,17.940726642365007,17.939756652536147,18.209028173851024,0.26879455560270016,-0.0187515223650081,-0.017781532536147893
3228.735,17.93464208,2.526086065753148,17.941371000939114,17.940401786680344,18.209300123206802,0.26863040811338684,-0.006728920939114147,-0.005759706680343868
3229.218,17.93402073,2.5261002517597113,17.942053278454342,17.94108534363248,18.20957277647682,0.26846596915235454,-0.008032548454341537,-0.007064613632479677
3229.7,17.94848386,2.526114401668226,17.942770548657478,17.9418043898445,18.2098450050071,0.2683019196262741,0.005713311342521621,0.006679470155500411
3230.182,17.95071211,2.5261285448607653,17.943524080541373,17.942560194184413,18.210117373497052,0.26813791903105183,0.00718802945862862,0.008151915815588495
3230.664,17.94192995,2.526142681341811,17.944313763457526,17.943352643489252,18.210389882291153,0.26797396736668777,-0.0023838134575271397,-0.0014226934892533905
3231.146,17.94894968,2.5261568111158406,17.945139481924052,17.944181619505176,18.210662531733878,0.2678100646331821,0.0038101980759464027,0.004768060494821924
3231.628,17.95486504,2.5261709341873275,17.94600111564781,17.945046998911714,18.21093532216971,0.26764621083053464,0.008863924352191077,0.009818041088287544
3232.11,17.92150007,2.526185050560743,17.9468985395471,17.945948653346722,18.211208253943123,0.26748240595874556,-0.025398469547099012,-0.02444858334672162
3232.592,17.96562469,2.5261991602405542,17.94783162377505,17.946886449432125,18.211481327398587,0.2673186500178147,0.017793066224950138,0.018738240567873987
3233.074,17.98675008,2.526213263231224,17.948800233743636,17.94786024880044,18.211754542880595,0.267154943007742,0.037949846256363884,0.0388898311995618
3233.557,17.96164044,2.526227388775716,17.949806349813375,17.948872040025247,18.212028468014314,0.26699094543980784,0.011834090186624735,0.012768399974753208
3234.039,17.96106591,2.5262414783876257,17.95084566162241,17.949917484969586,18.212301968879263,0.26682733639296796,0.010220248377589058,0.011148425030413023
3234.521,17.9497093,2.526255561323773,17.951920066897138,17.950998488111654,18.212575612804894,0.26666377627698645,-0.0022107668971393934,-0.0012891881116559034
3235.003,17.96340946,2.5262696375886082,17.953029412327783,17.95211489139657,18.21284940013568,0.2665002650918632,0.010380047672217785,0.011294568603432253
3235.485,17.93950137,2.5262837071865754,17.95417353999279,17.953266531923973,18.2131233312161,0.26633680283759825,-0.014672169992792305,-0.013765161923974034
3235.967,17.96582152,2.5262977701221185,17.955352287386567,17.954453241979078,18.21339740639063,0.2661733895141916,0.010469232613431245,0.011368278020920997
3236.449,17.96904302,2.5263118263996764,17.956565487447744,17.955674849064312,18.213671626003748,0.2660100251216432,0.012477532552257031,0.01336817093568854
3236.931,17.94966315,2.5263258760236833,17.957812968588115,17.95693117593182,18.21394599039993,0.265846709659953,-0.00814981858811592,-0.007268025931821853
3237.414,17.95482383,2.5263399481264663,17.959097248942047,17.95822475453235,18.21422106959659,0.2656831044527421,-0.004273418942048579,-0.0034009245323503023
3237.896,17.96108514,2.5263539844428835,17.960412829708712,17.959550041456747,18.214495724894498,0.26551988695428486,0.0006723102912893353,0.0015350985432540654
3238.378,17.9587784,2.526368014119045,17.961762149538327,17.960909487851257,18.21477052600962,0.26535671838668584,-0.0029837495383269186,-0.002131087851257263
3238.86,17.98559953,2.5263820371593724,17.963145019026957,17.962302897795674,18.21504547328643,0.265193598749945,0.02245451097304141,0.023296632204324652
3239.342,17.97666242,2.5263960535682832,17.964561244397185,17.96373007079227,18.2153205670694,0.2650305280440626,0.012101175602815317,0.012932349207730454
3239.824,17.97073438,2.5264100633501916,17.966010627530473,17.965190801802326,18.215595807703014,0.2648675062690384,0.004723752469526943,0.005543578197674037
3240.306,17.96496852,2.526424066509508,17.967492966000126,17.966684881283403,18.215871195531747,0.2647045334248724,-0.002524446000126801,-0.001716361283403245
3240.788,17.96102612,2.5264380630506413,17.96900805310478,17.968212095227283,18.216146730900075,0.26454160951156475,-0.007981933104780126,-0.007185975227283592
3241.271,17.97377928,2.5264520819958682,17.97055892241655,17.969775496044907,18.216422986263392,0.2643783966650774,0.0032203575834479636,0.004003783955091933
3241.753,17.94887169,2.526466065300134,17.972138936591854,17.971368386813413,18.216698818052226,0.2642155707150025,-0.023267246591853308,-0.022496696813412598
3242.235,17.98071905,2.5264800419994264,17.973751053533896,17.9729937431381,18.216974798414803,0.26405279369578594,0.006967996466105575,0.007725306861900094
3242.717,17.99469555,2.5264940120981394,17.97539504977998,17.974651333530527,18.217250927695595,0.26389006560742767,0.0193005002200195,0.020044216469472076
3243.199,17.98213,2.526507975600663,17.97707069776848,17.97634092223564,18.217527206239083,0.2637273864499276,0.005059302231522622,0.005789077764362105
3243.681,17.98251811,2.5265219325113835,17.978777765875517,17.97806226927345,18.217803634389742,0.26356475622328585,0.0037403441244840963,0.004455840726549809
3244.163,17.97634812,2.5265358828346844,17.98051601845224,17.97981513048131,18.21808021249205,0.2634021749275024,-0.0041678984522377505,-0.0034670104813088187
3244.645,17.98342543,2.526549826574945,17.98228521586252,17.981599257556766,18.218356940890484,0.26323964256257715,0.0011402141374787789,0.0018261724432342419
3245.127,17.99412938,2.526563763736542,17.984085114521278,17.983414398101015,18.218633819929522,0.2630771591285102,0.01004426547872228,0.010714981898985343
3245.61,17.97650154,2.5265777232186504,17.985919295827667,17.985264157117744,18.21891142486191,0.2629143876751209,-0.009417755827666241,-0.008762617117742622
3246.092,18.00517741,2.526591647222409,17.987779913022955,17.98714061423581,18.2191886065299,0.26275200220428674,0.017397496977046956,0.018036795764192703
3246.574,18.00654638,2.5266055646606205,17.989670476874064,17.98904730293847,18.21946593987264,0.26258966566431097,0.016875903125935565,0.017499077061529533
3247.056,17.98501584,2.526619475537648,17.991590728384566,17.990983954879198,18.219743425234608,0.26242737805519334,-0.006574888384566435,-0.005968114879198794
3247.538,17.97592921,2.5266333798578513,17.99354040480776,17.992950297840828,18.220021062960278,0.262265139376934,-0.017611194807759745,-0.017021087840827676
3248.02,17.95933103,2.5266472776255844,17.995519239687845,17.99494605578228,18.220298853394123,0.262102949629533,-0.0361882096878432,-0.0356150257822776
3248.502,17.97916474,2.5266611688452008,17.997526962901556,17.99697094888584,18.22057679688063,0.26194080881299026,-0.01836222290155476,-0.01780620888583684
3248.984,17.98804247,2.526675053521049,17.999563300700224,17.999024693604884,18.220854893764265,0.2617787169273057,-0.011520830700224138,-0.010982223604884211
3249.467,17.97829041,2.526688960443493,18.001632288572747,18.001111352346957,18.22113372183302,0.26161633783463994,-0.023341878572747277,-0.022820942346957196
3249.948,17.99421676,2.526702803258817,18.003720707186375,18.00321758534848,18.221411549100846,0.26145467994851157,-0.009503947186374262,-0.00900082534847968
3250.431,17.99490754,2.526716697088339,18.005845638689102,18.005360612800114,18.221690686327044,0.2612923989205949,-0.01093809868910256,-0.010453072800114427
3250.913,17.98995731,2.5267305556189967,18.007993683050326,18.007526912753484,18.221969400565452,0.2611305028598598,-0.01803637305032524,-0.017569602753482627
3251.395,17.9973132,2.5267444076275885,18.010168919768386,18.00972059173243,18.22224826992409,0.26096865572998296,-0.012855719768385399,-0.012407391732430995
3251.877,18.00507571,2.5267582531184405,18.012371054243665,18.011941344839826,18.22252729474744,0.2608068575309644,-0.007295344243665625,-0.0068656348398263845
3252.359,18.01557985,2.5267720920958796,18.01459978855807,18.014188863797393,18.22280647537998,0.26064510826280407,0.0009800614419326337,0.0013909862026082465
3252.841,18.00064465,2.526785924564227,18.01685482152043,18.01646283699713,18.223085812166175,0.26048340792550206,-0.016210171520427252,-0.01581818699712656
3253.323,18.00311799,2.5267997505277995,18.019135848712455,18.01876294955315,18.223365305450518,0.2603217565190583,-0.016017858712455535,-0.015644959553149818
3253.805,18.03632153,2.526813569990913,18.021442562534983,18.021088883353976,18.223644955577473,0.26016015404347276,0.014878967465016046,0.015232646646023085
3254.288,18.03050001,2.526827411608737,18.02377951677604,18.023445221891073,18.223925343568265,0.2599982653762796,0.0067204932239590676,0.007054788108927568
3254.77,18.02483094,2.5268412180703983,18.026136720239954,18.02582188310041,18.224205308741073,0.259836760863927,-0.0013057802399529805,-0.0009909431004082592
3255.252,18.0475477,2.526855018044533,18.028518668259633,18.028223391712412,18.224485431790647,0.2596753052824326,0.01902903174036652,0.01932430828758669
3255.734,18.04320608,2.5268688115354423,18.030925040976605,18.03064941723736,18.224765713061462,0.25951389863179647,0.012281039023395834,0.012556662762641224
3256.216,18.06944926,2.526882598547424,18.033355515588624,18.03309962622706,18.225046152897995,0.25935254091201865,0.03609374441137447,0.03634963377293943
3256.698,18.05749703,2.5268963790847723,18.035809766398106,18.035573682329332,18.22532675164472,0.259191232123099,0.021687263601894102,0.02192334767066839
3257.18,18.06359626,2.5269101531517784,18.038287464861,18.038071246342813,18.225607509646117,0.2590299722650377,0.02530879513900075,0.0255250136571874
3257.662,18.0527458,2.526923920752729,18.040788279635844,18.040591976272083,18.225888427246662,0.25886876133783465,0.011957520364155982,0.012153823727917512
3258.145,18.05953757,2.526937710435278,18.04331713576059,18.043140827942086,18.226170088105764,0.258707265031365,0.01622043423941122,0.016396742057914082
3258.627,18.04258417,2.5269514651035765,18.045863224408546,18.045706899081026,18.22645132627094,0.25854615206739484,-0.0032790544085443685,-0.003122729081024289
3259.109,18.06755143,2.5269652133186726,18.048431418349228,18.048295093212104,18.226732725069414,0.25838508803428295,0.019120011650773705,0.01925633678789751
3259.591,18.0535429,2.5269789550848394,18.051021375544163,18.050905057715703,18.227014284845655,0.2582240729320292,0.0025215244558367544,0.0026378422842974203
3260.073,18.06750845,2.5269926904063484,18.05363275140808,18.05353643745837,18.227296005944147,0.2580631067606339,0.013875698591917285,0.013972012541628942
3260.555,18.07229431,2.5270064192874675,18.056265198859847,18.056188874849614,18.227577888709362,0.25790218952009675,0.016029111140152708,0.016105435150386427
3261.037,18.08580877,2.5270201417324603,18.058918368373746,18.05886200989898,18.227859933485778,0.25774132121041793,0.02689040162625389,0.02694676010101915
3261.519,18.06803862,2.5270338577455873,18.061591908031023,18.061555480273377,18.228142140617873,0.2575805018315973,0.006446711968976615,0.006483139726622511
3262.001,18.07078284,2.5270475673311066,18.06428546357168,18.0642689213546,18.228424510450125,0.2574197313836349,0.006497376428320933,0.006513918645399741
3262.484,18.09336653,2.527061298916395,18.06700432771033,18.067007656637344,18.228707629664527,0.25725867647026346,0.0263622022896719,0.026358873362656965
3262.966,18.07972352,2.5270749956461445,18.06973688280147,18.069759975947395,18.228990326269855,0.25709800398553395,0.00998663719852999,0.009963544052606466
3263.448,18.09426088,2.527088685961047,18.072488376719274,18.072531158205408,18.22927318660949,0.2569373804316628,0.021772503280725886,0.02172972179459265
3263.93,18.09318585,2.527102369865347,18.075258446357484,18.075320830228016,18.2295562110279,0.2567768058086498,0.017927403642516992,0.017865019771985402
3264.412,18.11153161,2.527116047363285,18.07804672653146,18.07812861683756,18.22983939986957,0.2566162801164952,0.03348488346853884,0.03340299316244
3264.894,18.10347213,2.5271297184590997,18.08085285003143,18.080954140920745,18.230122753478966,0.2564558033551988,0.022619279968569828,0.02251798907925462
3265.376,18.10012305,2.5271433831570236,18.08367644767592,18.08379702348741,18.23040627220058,0.2562953755247605,0.016446602324080573,0.01632602651259063
3265.858,18.13221176,2.5271570414612885,18.086517148365395,18.08665688372951,18.23068995637887,0.2561349966251807,0.04569461163460531,0.04555487627049004
3266.341,18.11631992,2.5271707216929578,18.089380524546968,18.089539323814186,18.230974395431286,0.2559743340725327,0.026939395453030812,0.0267805961858123
3266.823,18.11091528,2.5271843672093404,18.092254344166594,18.092432023238896,18.231258411901443,0.2558140531361857,0.018660935833406,0.018483256761104627
3267.305,18.12394257,2.527198006344746,18.09514414178099,18.095340546796685,18.231542594862432,0.255653821130697,0.028798428219008798,0.02860202320331595
3267.787,18.12769137,2.527211639103391,18.09804953915544,18.098264506996667,18.231826944658728,0.2554936380560665,0.029641830844560957,0.029426863003333636
3268.269,18.11081906,2.5272252654894904,18.10097015640839,18.101203514826665,18.23211146163481,0.2553335039122943,0.00984890359161028,0.00961554517333596
3268.751,18.12898519,2.527238885507255,18.103905612066214,18.104157179812777,18.232396146135155,0.2551734186993802,0.02507957793378779,0.02482801018722469
3269.233,18.1398343,2.527252499160893,18.106855523118032,18.107125110079004,18.23268099850424,0.2550133824173246,0.032978776881968486,0.032709189920996806
3269.715,18.14270941,2.527266106454608,18.109819505070778,18.110106912406945,18.23296601908654,0.25485339506612714,0.03288990492922039,0.03260249759305367
3270.198,18.13582374,2.5272797356037118,18.112803363693608,18.113108420304712,18.233251800080698,0.2546931248742028,0.0230203763063912,0.02271531969528695
3270.68,18.1480812,2.5272933301770086,18.11579435550114,18.116116808758527,18.23353715847364,0.2545332354862382,0.032286844498859324,0.03196439124147332
3271.162,18.13048204,2.5273069184029855,18.118798255581765,18.11913788133732,18.233822686113946,0.2543733950291319,0.011683784418234922,0.01134415866268057
3271.644,18.14900067,2.5273205002858337,18.121814674063817,18.122171240048484,18.23410838334609,0.25421360350288397,0.02718599593618265,0.026829429951515493
3272.126,18.14910672,2.5273340758297405,18.1248432198705,18.12521648585603,18.234394250514548,0.254053860907494,0.02426350012949996,0.023890234143969735
3272.608,18.15971894,2.527347645038892,18.127883500775607,18.12827321874043,18.2346802879638,0.25389416724296254,0.03183543922439469,0.03144572125957268
3273.09,18.1546635,2.527361207917468,18.13093512345931,18.131341037758357,18.234966496038325,0.25373452250928935,0.023728376540692153,0.02332246224164436
3273.572,18.15666431,2.5273747644696476,18.133997693564037,18.134419541102513,18.235252875082594,0.25357492670647436,0.022666616435962794,0.022244768897486722
3274.054,18.15679643,2.527388314699606,18.13707081575047,18.137508326161353,18.23553942544109,0.25341537983451773,0.019725614249530565,0.01928810383864743
3274.537,18.1432068,2.527401886704352,18.140160500877375,18.14061342832932,18.235826742495917,0.25325555103569136,0.00304629912262655,0.002593371670680966
3275.019,18.16880198,2.5274154242892846,18.143253557394964,18.143721585299943,18.236113636873498,0.25309610212696754,0.025548422605037757,0.025080394700058406
3275.501,18.14912532,2.527428955564509,18.14635597381948,18.146838811081377,18.236400703599454,0.25293670214910186,0.0027693461805178288,0.0022865089186225873
3275.983,18.16521619,2.527442480534188,18.149467351443604,18.149964700440187,18.236687943018254,0.25277735110209454,0.015748838556394418,0.01525148955981237
3276.465,18.18424007,2.52745599920248,18.152587290858875,18.153098847636585,18.236975355474378,0.2526180489859456,0.031652779141126075,0.031141222363416432
3276.947,18.1958249,2.527469511573541,18.155715392011963,18.156240846483755,18.237262941312302,0.2524587958006548,0.04010950798803847,0.03958405351624705
3277.429,18.18116456,2.5274830176515217,18.158851254260867,18.159390290407096,18.237550700876504,0.2522995915462223,0.02231330573913226,0.021774269592903295
3277.911,18.18494299,2.527496517440573,18.161994476431175,18.162546772503315,18.237838634511462,0.25214043622264815,0.022948513568824325,0.0223962174966843
3278.394,18.17939549,2.5275100389331304,18.165151199470596,18.165716454685015,18.238127340477735,0.25198099978454525,0.01424429052940468,0.013679035314986265
3278.875,18.17734883,2.527523498168463,18.168301393513683,18.168879222311467,18.238415025371545,0.2518222723680745,0.00904743648631623,0.008469607688532221
3279.358,18.1932061,2.5275370070778322,18.1714708520519,18.1720609683205,18.23870408192829,0.2516629339947206,0.021735247948100778,0.02114513167949994
3279.84,18.19254009,2.5275504817395773,18.174639504996396,18.175241540360133,18.238992715655392,0.25150397449609585,0.017900585003605585,0.0172985496398681
3280.322,18.20115924,2.527563950133097,18.177813505135784,18.178427112339755,18.239281525176352,0.2513450639283293,0.023345734864214762,0.022732127660244572
3280.804,18.20321158,2.52757741226252,18.180992449281433,18.181617276617892,18.23957051083564,0.25118620229142097,0.02221913071856818,0.021594303382109103
3281.286,18.20349015,2.5275908681319743,18.184175934105696,18.184811625634378,18.239859672977737,0.251027389585371,0.01931421589430471,0.01867852436562245
3281.768,18.20630882,2.5276043177455816,18.18736355619795,18.188009751968227,18.240149011947118,0.25086862581017927,0.018945263802049084,0.018299068031772947
3282.25,18.2192148,2.527617761107462,18.1905549121206,18.191211248395376,18.240438528088262,0.2507099109658457,0.028659887879399548,0.02800355160462331
3282.732,18.22672506,2.527631198221733,18.193749598464937,18.19441570794616,18.240728221745645,0.2505512450523706,0.03297546153506303,0.03230935205384
3283.215,18.24299651,2.5276446569508972,18.196953848722767,18.197629379898338,18.24101869484206,0.2503922990397402,0.046042661277233776,0.04536713010166338
3283.697,18.23532884,2.5276580815693452,18.200153990896425,18.200838550130193,18.24130874493543,0.25023373108949787,0.03517484910357638,0.034490289869808066
3284.179,18.24537374,2.5276714999525223,18.203356253161147,18.204049463833467,18.241598973579187,0.2500752120701137,0.04201748683885498,0.041324276166534446
3284.661,18.25084916,2.5276849121045326,18.20656023278185,18.207261715627947,18.241889381117804,0.24991674198158792,0.04428892721815103,0.04358744437205431
3285.143,18.25821411,2.5276983180294774,18.2097655273307,18.21047490067223,18.24217996789576,0.24975832082392035,0.04844858266930174,0.047739209327769316
3285.625,18.25749662,2.527711717731454,18.21297173474245,18.213688614719786,18.24247073425753,0.24959994859711102,0.044524885257551716,0.04380800528021567
3286.107,18.25324428,2.5277251112145556,18.216178453369604,18.216902454174903,18.242761680547595,0.24944162530115999,0.03706582663039626,0.036341825825097374
3286.589,18.25794475,2.527738498482875,18.21938528203758,18.220116016148282,18.243052807110427,0.2492833509360673,0.03855946796241838,0.037828733851718255
3287.072,18.27591433,2.527751907295576,18.222598472088443,18.22333556325844,18.243344718850235,0.24912479728416045,0.053315857911556463,0.052578766741557814
3287.554,18.29459998,2.5277652821337173,18.225804317631916,18.226547362043448,18.24363620736784,0.24896662088230048,0.06879566236808543,0.06805261795655326
3288.036,18.28929955,2.5277786507693385,18.229009072250292,18.22975767863959,18.243927877192352,0.24880849341129885,0.06029047774970664,0.059541871360409004
3288.518,18.28588,2.5277920132065175,18.23221233720987,18.232966113535895,18.244219728668263,0.24865041487115552,0.053667662790129356,0.05291388646410411
3289.0,18.2957585,2.52780536944933,18.235413714523123,18.23617226820183,18.24451176214004,0.2484923852618704,0.060344785476878826,0.05958623179817124
3289.482,18.30804014,2.5278187195018478,18.2386128070028,18.239375745141196,18.244803977952156,0.24833440458344352,0.06942733299720061,0.06866439485880349
3289.964,18.30552937,2.5278320633681406,18.241809218315996,18.24257614794568,18.245096376449105,0.24817647283587502,0.06372015168400225,0.0629532220543183
3290.446,18.27940773,2.527845401052273,18.245002553037796,18.245773081348133,18.245388957975347,0.24801859001916474,0.03440517696220269,0.03363464865186572
3290.928,18.28273738,2.527858732558308,18.248192416704956,18.248966151275475,18.24568172287537,0.24786075613331265,0.034544963295044084,0.033771228724525315
3291.411,18.29676854,2.527872085529807,18.251385021536468,18.252161576000994,18.245975279462076,0.24770264387450389,0.04538351846353095,0.04460696399900499
3291.893,18.30787889,2.527885404679026,18.254566754578953,18.25534573174905,18.246268412525314,0.24754490795188477,0.05331213542104862,0.05253315825095228
3292.375,18.31936063,2.5278987176623247,18.25774383866898,18.25852484868353,18.246561729996476,0.24738722096012383,0.06161679133101927,0.06083578131647016
3292.857,18.30140104,2.5279120244837534,18.260915883723932,18.261698538033208,18.246855232220035,0.24722958289922115,0.04048515627606619,0.03970250196679004
3293.339,18.30196319,2.5279253251473586,18.264082500887625,18.264866412480583,18.24714891954047,0.24707199376917682,0.037880689112373744,0.03709677751941598
3293.821,18.30881086,2.527938619657184,18.267243302582592,18.268028086212713,18.24744279230226,0.24691445356999073,0.04156755741740881,0.04078277378728856
3294.303,18.3102042,2.52795190801727,18.270397902562067,18.27118317497167,18.247736850849883,0.24675696230166283,0.03980629743793429,0.0390210250283296
3294.785,18.31817917,2.527965190231655,18.273545915961737,18.274331296104666,18.248031095527807,0.24659951996419333,0.04463325403826346,0.04384787389533429
3295.268,18.30353947,2.5279784938417094,18.27669346852825,18.27747857683694,18.248326137727613,0.24644180006610805,0.02684600147174976,0.026060893163059262
3295.75,18.30531869,2.5279917637640605,18.27982714431345,18.280611605002075,18.24862075608754,0.24628445569187132,0.02549154568654899,0.02470708499792451
3296.232,18.30277382,2.5280050275528114,18.282953086946687,18.28373652692721,18.248915561611916,0.24612716024849285,0.019820733053311557,0.01903729307278823
3296.714,18.31030111,2.5280182852119872,18.286070917609116,18.286852966876967,18.249210554645224,0.24596991373597266,0.024230192390884753,0.02344814312303356
3297.196,18.32268122,2.528031536745609,18.28918025911918,18.2899605509658,18.249505735531937,0.24581271615431077,0.03350096088081855,0.032720669034198124
3297.678,18.31212466,2.5280447821576963,18.29228073598275,18.293058907205726,18.249801104616537,0.2456555675035071,0.019843924017248327,0.019065752794272584
3298.16,18.31814791,2.5280580214522645,18.295371974442883,18.29614766555359,18.250096662243497,0.2454984677835617,0.02277593555711732,0.022000244446410022
3298.642,18.32220732,2.5280712546333253,18.298453602529353,18.299226457958007,18.25039240875729,0.24534141699447465,0.023753717470647473,0.022980862041993788
3299.125,18.31743712,2.528084509140598,18.30153161219014,18.30230127351345,18.250688958673923,0.2451840894571129,0.015905507809861774,0.015135846486550975
3299.607,18.31952563,2.5280977300940064,18.304592889159053,18.30535901550819,18.250985084388496,0.2450271366312586,0.014932740840947645,0.014166614491809781
