wavenumber_cm_inverse,reflectance_percent,index_wang,two_beam_percent,airy_percent,baseline_percent,amplitude_percent,residual_two_beam_pp,residual_airy_pp
2000.302,17.07884414,2.444008700855278,17.07480096856602,17.07848360961254,17.779731964704645,0.8792882490927217,0.00404317143398103,0.0003605303874607557
2000.784,17.08388117,2.4440769848097803,17.082255416208383,17.08580736871756,17.78051023099069,0.8789842449522108,0.001625753791618223,-0.0019261987175589468
2001.266,17.08656604,2.4441452138686657,17.089807817221715,17.093228227755212,17.781288214274767,0.8786802951487759,-0.003241777221713704,-0.00666218775521088
2001.749,17.10209854,2.444213529473393,17.097473062715718,17.100760875719043,17.782067527821575,0.8783757692503807,0.004625477284282198,0.0013376642809568295
2002.23,17.11394037,2.444281507532022,17.10520215111632,17.10835721042104,17.782843332127175,0.8780725585531336,0.00873821888368198,0.005583159578961272
2002.713,17.13078006,2.4443497134087875,17.11305824911477,17.116079368609174,17.783622078859366,0.8777681415543551,0.017721810885230838,0.014700691390824971
2003.195,17.13895853,2.444417723352366,17.12099173603964,17.123878633744738,17.784398930274506,0.8774644092119563,0.017966793960358274,0.01507989625526207
2003.677,17.13013846,2.444485678690318,17.129017647857967,17.131769839443646,17.78517549905053,0.8771607312066332,0.0011208121420338557,-0.0016313794436442208
2004.159,17.13220282,2.4445535794803868,17.13713484042154,17.139751916066515,17.78595178525997,0.876857107538386,-0.004932020421538397,-0.007549096066515659
2004.641,17.14668605,2.44462142578024,17.145342157034488,17.147823781566466,17.786727788975377,0.8765535382072146,0.0013438929655116283,-0.001137731566466016
2005.123,17.18067712,2.4446892176474684,17.153638428635798,17.155984341629104,17.78750351026928,0.8762500232131191,0.027038691364200673,0.024692778370894786
2005.605,17.17733653,2.4447569551395874,17.162022473983562,17.16423248981412,17.788278949214217,0.8759465625560996,0.015314056016439537,0.013104040185883292
2006.087,17.18059998,2.444824638314034,17.170493099840836,17.17256710769859,17.789054105882734,0.8756431562361557,0.010106880159163723,0.00803287230140981
2006.57,17.1943481,2.444892407480761,17.179066940108658,17.181004621732793,17.78983058767744,0.8753391749488109,0.015281159891340934,0.013343478267206166
2007.052,17.19048835,2.4449599820794847,17.187707273563383,17.189508950031108,17.790605179425473,0.8750358774157515,0.002781076436615848,0.0009793999688909594
2007.534,17.21073747,2.445027502532517,17.196430535169046,17.19809631991556,17.791379489114853,0.8747326342197678,0.014306934830955242,0.012641150084441222
2008.016,17.2163739,2.4450949688969947,17.205235485575262,17.20676556647353,17.792153516818114,0.8744294453608601,0.01113841442473884,0.009608333526472279
2008.498,17.22237255,2.4451623812299776,17.214120874389486,17.215515513550187,17.792927262607805,0.8741263108390283,0.008251675610512876,0.0068570364498121705
2008.98,17.23732967,2.4452297395884504,17.22308544037197,17.224344973901253,17.793700726556455,0.8738232306542721,0.01424422962803007,0.012984696098747861
2009.462,17.22189492,2.4452970440293234,17.232127911632087,17.23325274934739,17.794473908736613,0.8735202048065922,-0.010232991632086907,-0.01135782934738927
2009.944,17.26725373,2.4453642946094307,17.24124700582608,17.242237630930045,17.79524680922081,0.8732172332959879,0.02600672417392147,0.025016099069954834
2010.427,17.2628049,2.445431630742042,17.250460583329374,17.251317275375445,17.796021030732593,0.8729136877200765,0.012344316670624522,0.01148762462455366
2010.909,17.28372004,2.4454987736593736,17.259729187767444,17.260452853630902,17.79679336745844,0.8726108249963563,0.02399085223255426,0.02326718636909675
2011.391,17.27504647,2.4455658628861126,17.26907050465347,17.269661845470534,17.7975654227061,0.8723080166097124,0.005975965346529222,0.0053846245294657535
2011.873,17.29964464,2.4456328984787947,17.278483211815136,17.2789430003882,17.798337196548115,0.8720052625601442,0.02116142818486466,0.020701639611800715
2012.355,17.29220425,2.4456998804938803,17.287965977635604,17.288295057901543,17.79910868905701,0.8717025628476518,0.004238272364396778,0.003909192098458192
2012.837,17.28802226,2.4457668089877567,17.297517461258984,17.29771674771719,17.799879900305342,0.8713999174722353,-0.009495201258982178,-0.009694487717187172
2013.319,17.31696722,2.4458336840167365,17.30713631279673,17.30720678989724,17.800650830365644,0.8710973264338948,0.009830907203269845,0.009760430102758733
2013.801,17.3306003,2.4459005056370584,17.316821173535367,17.31676389502752,17.80142147931045,0.87079478973263,0.013779126464633862,0.013836404972479954
2014.283,17.33993155,2.445967273904886,17.326570676145188,17.32638676438706,17.802191847212306,0.8704923073684411,0.013360873854811217,0.013544785612939592
2014.766,17.34324827,2.4460341272337516,17.336403868137747,17.33609425439563,17.80296353154246,0.8701892519537715,0.00684440186225288,0.007154015604371011
2015.248,17.36582948,2.4461007888543906,17.346278646028214,17.345844849300672,17.803733336993325,0.8698868783764669,0.019550833971784698,0.019984630699326544
2015.73,17.37473995,2.4461673972907025,17.356213911310743,17.355657255390458,17.804502861619014,0.8695845591362383,0.01852603868925584,0.019082694609540596
2016.212,17.37952871,2.4462339525985564,17.366208264283117,17.36553013842472,17.805272105492055,0.8692822942330853,0.01332044571688229,0.013998571575278618
2016.694,17.38540643,2.446300454833749,17.376260297686386,17.37546215572676,17.806041068684983,0.8689800836670084,0.00914613231361372,0.009944274273241405
2017.176,17.41040498,2.4463669040520024,17.38636859691956,17.385451956361685,17.806809751270354,0.8686779274380073,0.024036383080439094,0.02495302363831442
2017.658,17.41137633,2.4464333003089678,17.39653174025511,17.395498181316224,17.807578153320698,0.8683758255460821,0.014844589744889447,0.01587814868377535
2018.14,17.41929403,2.4464996436602204,17.406748299055266,17.40559946367972,17.80834627490855,0.8680737779912325,0.012545730944733435,0.013694566320278767
2018.623,17.4587967,2.446566071638525,17.41703819504604,17.415775552064666,17.809115708846576,0.8677711582879967,0.04175850495396105,0.043021147935334625
2019.105,17.4457405,2.446632309235317,17.427357375656314,17.425982924904424,17.809883269145576,0.8674692195200315,0.01838312434368561,0.019757575095574964
2019.587,17.45351635,2.446698494092804,17.437725643521812,17.436241205978817,17.810650549199856,0.8671673350891423,0.01579070647818881,0.01727514402118402
2020.069,17.44975158,2.446764626266272,17.44814154453108,17.446548998611895,17.811417549081963,0.866865504995329,0.0016100354689214669,0.0032025813881055853
2020.551,17.47804151,2.446830705810934,17.458603618756104,17.456904899156786,17.812184268864428,0.8665637292385914,0.019437891243896388,0.0211366108432145
2021.033,17.48494717,2.446896732781931,17.46911040067319,17.467307497185026,17.812950708619788,0.8662620078189298,0.01583676932681044,0.017639672814976137
2021.515,17.50597793,2.446962707234331,17.479660419384146,17.477755375676963,17.81371686842059,0.8659603407363439,0.02631751061585419,0.028222554323036775
2021.997,17.50513683,2.447028629223131,17.490252198838174,17.488247111213674,17.814482748339373,0.8656587279908341,0.014884631161827144,0.01688971878632728
2022.479,17.52664222,2.4470944988032546,17.500884258054413,17.49878127416997,17.815248348448666,0.8653571695824,0.02575796194558677,0.027860945830028072
2022.962,17.53076729,2.4471604525254333,17.511577289337822,17.509378410675634,17.816015256331887,0.8650550400404061,0.01919000066217791,0.021388879324366172
2023.444,17.53495519,2.4472262173442436,17.522285522372314,17.51999319629573,17.816780296459697,0.8647535904188564,0.012669667627687176,0.014961993704272203
2023.926,17.56191591,2.4472919299188334,17.533029561772423,17.53064608216388,17.817545056995787,0.8644521951343824,0.02888634822757652,0.031269827836119646
2024.408,17.56707054,2.4473575903038403,17.54380790906247,17.541335615774447,17.818309538012706,0.8641508541869845,0.02326263093753056,0.025734924225552902
2024.89,17.58949522,2.4474231985538304,17.554619061956235,17.552060339399752,17.81907373958299,0.8638495675766622,0.034876158043765315,0.03743488060024802
2025.372,17.59637412,2.447488754723298,17.56546151458185,17.56281879029045,17.819837661779182,0.8635483353034159,0.030912605418151884,0.03355532970955011
2025.854,17.60528451,2.447554258866667,17.576333757707115,17.57360950087698,17.820601304673808,0.8632471573672456,0.028950752292885795,0.03167500912302046
2026.336,17.61219384,2.4476197110382896,17.587234278965106,17.58443099897219,17.821364668339424,0.8629460337681509,0.02495956103489405,0.02776284102780835
2026.819,17.62407271,2.4476852469236907,17.598184260561077,17.595304349468933,17.822129335721307,0.8626443399375906,0.025888449438923544,0.02876836053106757
2027.301,17.64371336,2.4477505952070495,17.60913684036931,17.606183044765856,17.822892140567568,0.8623433251253804,0.03457651963068997,0.037530315234143075
2027.783,17.64492984,2.4478158916814055,17.62011314150286,17.61708808226222,17.82365466640258,0.862042364650246,0.02481669849714052,0.02784175773777875
2028.265,17.64180184,2.447881136400828,17.63111164131111,17.62801797334053,17.82441691329888,0.8617414585121873,0.010690198688887875,0.013783866659469624
2028.747,17.67120381,2.447946329419316,17.64213081513982,17.638971225795206,17.82517888132901,0.8614406067112046,0.029072994860182888,0.032232584204795245
2029.229,17.66238911,2.4480114707907963,17.653169136557633,17.649946344041602,17.825940570565507,0.8611398092472978,0.00921997344236658,0.012442765958397217
2029.711,17.67443885,2.448076560569127,17.66422507758261,17.660941829325736,17.826701981080916,0.8608390661204669,0.010213772417390743,0.013497020674265059
2030.193,17.70341002,2.4481415988080966,17.67529710890877,17.671956179935286,17.82746311294777,0.8605383773307118,0.02811291109123104,0.031453840064713745
2030.676,17.71007707,2.4482067203352287,17.68640671543196,17.683010795780895,17.82822554448288,0.8602371192115851,0.023670354568039897,0.02706627421910568
2031.157,17.70318267,2.44827152088275,17.697483319979284,17.69403545676021,17.82898454102598,0.8599371627624294,0.0056993500207163095,0.009147213239788954
2031.64,17.72149345,2.4483365393862777,17.708617499526458,17.705120330552422,17.829746414471373,0.8596360135429192,0.01287595047354273,0.016373119447578688
2032.122,17.725147,2.4484013718978486,17.719738599522348,17.716195098653326,17.830506431891976,0.8593355422142003,0.005408400477652009,0.008951901346673452
2032.604,17.74432739,2.448466153138057,17.730868128173917,17.727281183441978,17.83126617102688,0.859035125222557,0.013459261826081814,0.017046206558021026
2033.086,17.74932043,2.4485308831602723,17.74200455298449,17.73837706992953,17.832025631948618,0.8587347625679898,0.007315877015511063,0.010943360070470476
2033.568,17.78023824,2.4485955620177933,17.75314634171687,17.749481241669418,17.832784814729727,0.8584344542504984,0.0270918982831283,0.030756998330581098
2034.05,17.78485195,2.44866018976385,17.764291962618803,17.760592180974875,17.83354371944275,0.8581342002700827,0.020559987381197686,0.024259769025125166
2034.532,17.79458869,2.448724766451603,17.775439884647962,17.771708369137095,17.83430234616023,0.857834000626743,0.019148805352038778,0.0228803208629067
2035.014,17.80976706,2.4487892921341445,17.78658857769681,17.782828286644282,17.835060694954695,0.8575338553204792,0.02317848230318731,0.026938773355716705
2035.497,17.84513503,2.448853900576569,17.797759639465202,17.793973489594578,17.835820338371214,0.8572331418124026,0.04737539053479978,0.05116154040542398
2035.979,17.83507302,2.4489183243021406,17.808905282762815,17.80509630499058,17.836578130961055,0.8569331052930231,0.02616773723718424,0.029976715009418342
2036.461,17.83320006,2.448982697181472,17.820047111443902,17.81621828542149,17.837335645845656,0.8566331231107194,0.013152948556097499,0.016981774578511022
2036.943,17.87109057,2.4490470192673786,17.831183601383817,17.827337910365227,17.838092883097556,0.8563331952654916,0.039906968616183036,0.04375265963477304
2037.425,17.84776565,2.4491112906126085,17.842313230511007,17.83845365960097,17.838849842789294,0.8560333217573397,0.005452419488992888,0.009311990399030634
2037.907,17.87370854,2.449175511269841,17.853434479028934,17.849564013431372,17.839606524993414,0.8557335025862636,0.02027406097106521,0.024144526568626645
2038.389,17.91042935,2.4492396812916875,17.864545829637787,17.860667452905563,17.840362929782447,0.8554337377522634,0.04588352036221366,0.04976189709443801
2038.871,17.89624768,2.44930380073069,17.87564576775542,17.871762460042312,17.841119057228937,0.8551340272553389,0.020601912244579523,0.024485219957686155
2039.354,17.90796743,2.4493680025098805,17.886755769359716,17.8828705047059,17.84187647527115,0.854833749458696,0.021211660640283014,0.02509692529410046
2039.836,17.9396621,2.4494320208358804,17.89782831921125,17.89394407286254,17.84263204767515,0.854534147748656,0.041833780788749664,0.04571802713746109
2040.318,17.94391201,2.4494959887363645,17.908884928212444,17.90500465965661,17.843387342954376,0.8542346003756917,0.03502708178755398,0.03890735034338988
2040.8,17.95670158,2.449559906263605,17.919924094856487,17.91605075323044,17.844142361181365,0.8539351073398034,0.036777485143513644,0.040650826769560666
2041.282,17.97107082,2.4496237734698045,17.930944321449754,17.92708084381845,17.84489710242866,0.853635668640991,0.04012649855024719,0.04398997618154965
2041.764,17.98550185,2.4496875904070987,17.941944114328496,17.938093423972333,17.845651566768797,0.8533362842792545,0.04355773567150223,0.047408426027665485
2042.246,17.98993815,2.449751357127555,17.952921984074987,17.949086988786444,17.84640575427432,0.8530369542545936,0.03701616592501367,0.04085116121355625
2042.728,18.02225744,2.449815073683175,17.963876445732566,17.960060036123465,17.84715966501776,0.8527376785670087,0.05838099426743426,0.06219740387653516
2043.21,18.01187735,2.4498787401258926,17.974806019020026,17.971011066840084,17.84791329907166,0.8524384572164997,0.03707133097997328,0.040866283159914474
2043.693,18.03855779,2.4499424884397647,17.9857318208857,17.981961230734978,17.84866821920331,0.8521386695810989,0.05282596911429849,0.05659655926502083
2044.175,18.0498244,2.450006054708508,17.996607137085288,17.992863690458986,17.849421299522085,0.851839557017474,0.05321726291471052,0.05696070954101273
2044.657,18.06177229,2.450069571019854,18.007453151219227,18.003739653269573,17.850174103369092,0.8515404987909252,0.0543191387807731,0.058032636730427356
2045.139,18.05764993,2.4501330374254673,18.0182684038442,18.014587634265805,17.850926630816865,0.8512414949014523,0.03938152615580037,0.04306229573419529
2045.621,18.07893705,2.4501964539769476,18.029051441250182,18.02540615267022,17.85167888193795,0.850942545349055,0.04988560874981829,0.05353089732977878
2046.103,18.07068343,2.4502598207258264,18.039800815668837,18.036193732054443,17.85243085680488,0.8506436501337339,0.030882614331162017,0.03448969794555623
2046.585,18.0946436,2.4503231377235695,18.05051508548096,18.046948900564843,17.8531825554902,0.8503448092554885,0.04412851451904132,0.04769469943515858
2047.067,18.10401634,2.450386405021576,18.061192815422693,18.057670191147643,17.853933978066443,0.850046022714319,0.04282352457730809,0.04634614885235777
2047.55,18.11547108,2.450449753776554,18.071854610528582,18.068378274048936,17.854686682714576,0.8497466707903516,0.04361646947141651,0.047092805951063355
2048.032,18.1295289,2.4505129217261743,18.08245489818765,18.079027350088108,17.85543755271783,0.8494479930360662,0.04707400181235144,0.050501549911892596
2048.514,18.13883805,2.4505760401299637,18.09301437743422,18.08963817508268,17.856188146829776,0.8491493696188569,0.04582367256578124,0.049199874917320585
2048.996,18.16771197,2.4506391090390576,18.1035316404806,18.10020930343894,17.85693846512296,0.8488508005387233,0.06418032951939878,0.06750266656105808
2049.478,18.1705524,2.450702128504524,18.114005286908572,18.110739295485985,17.857688507669913,0.8485522857956658,0.05654711309142613,0.05981310451401356
2049.96,18.17089214,2.450765098577366,18.124433923868413,18.121226717699095,17.858438274543182,0.8482538253896841,0.04645821613158674,0.04966542230090454
2050.442,18.17260359,2.45082801930852,18.13481616627671,18.13167014292263,17.859187765815303,0.8479554193207782,0.037787423723290914,0.040933447077371454
2050.924,18.20376505,2.450890890748858,18.14515063701263,18.14206815059239,17.859936981558814,0.8476570675889481,0.05861441298737091,0.06169689940761103
2051.406,18.20875937,2.450953712949186,18.155435967113018,18.152419326957414,17.860685921846258,0.847358770194194,0.05332340288698134,0.05634004304258511
2051.889,18.21988723,2.4510166161436104,18.165691976615395,18.16274358957658,17.86143613971065,0.8470599084314685,0.054195253384605735,0.05714364042342268
2052.371,18.23055798,2.451079339914181,18.17587484317351,18.172996786005665,17.862184528732467,0.8467617198235986,0.0546831368264904,0.057561193994335014
2052.853,18.24215388,2.4511420145968716,18.186004510303757,18.183198950085323,17.86293264251598,0.8464635855528047,0.05614936969624296,0.05895492991467677
2053.335,18.2675368,2.451204640242229,18.196079643614205,18.19334869753913,17.863680481133734,0.8461655056190864,0.07145715638579375,0.07418810246086949
2053.817,18.27396261,2.4512672169007326,18.206098917824637,18.203444652003462,17.86442804465827,0.8458674800224443,0.06786369217536503,0.0705179579965396
2054.299,18.28734618,2.4513297446227966,18.216061016952796,18.21348544524504,17.865175333162117,0.8455695087628778,0.07128516304720378,0.07386073475495891
2054.781,18.27585253,2.451392223458773,18.225964634499242,18.2234697173777,17.86592234671782,0.8452715918403872,0.04988789550075978,0.0523828126223016
2055.263,18.30108127,2.4514546534589465,18.23580847363036,18.233396117077994,17.866669085397923,0.8449737292549727,0.06527279636964067,0.06768515292200661
2055.746,18.31556327,2.451517164044468,18.245611479206158,18.243283710657266,17.867417097669595,0.8446753032036807,0.06995179079384073,0.07227955934273211
2056.228,18.3217172,2.4515794964225774,18.25533177991415,18.253090219847596,17.868163286246208,0.8443775494051503,0.06638542008584736,0.06862698015240198
2056.71,18.3199937,2.4516417801154575,18.264988468891318,18.262834853417253,17.86890920016498,0.8440798499436958,0.055005231108683716,0.05715884658274817
2057.192,18.34712351,2.4517040151731373,18.274580289788517,18.27251629645164,17.869654839498455,0.8437822048193171,0.0725432202114824,0.07460721354835798
2057.674,18.33120862,2.4517662016455803,18.28410599681415,18.282133243662994,17.87040020431918,0.8434846140320145,0.047102623185850234,0.04907537633700798
2058.156,18.34624561,2.4518283395826868,18.293564354907314,18.291684399599763,17.87114529469968,0.8431870775817875,0.052681255092686285,0.054561210400237314
2058.638,18.35149469,2.4518904290342918,18.302954139909318,18.30116847885468,17.871890110712506,0.8428895954686364,0.04854055009068148,0.05032621114531821
2059.12,18.36542779,2.4519524700501676,18.31227413873328,18.310584206271713,17.87263465243019,0.8425921676925614,0.05315365126671878,0.05484358372828524
2059.603,18.39152149,2.4520145912451743,18.321542263731576,18.31994963418511,17.87338046376371,0.8422941773527028,0.06997922626842268,0.0715718558148879
2060.084,18.36865398,2.4520764069735006,18.3306999818645,18.32920555745578,17.87412291327031,0.8419974751516386,0.03795399813550304,0.039448422544221984
2060.567,18.38799057,2.4521384313449754,18.33982226667034,18.338427701814638,17.874868175238994,0.8416995937113969,0.04816830332966049,0.04956286818536171
2061.049,18.39241496,2.452200279014354,18.34885106136834,18.347557329065843,17.87561161993312,0.8414023833963578,0.043563898631660436,0.044857630934156845
2061.531,18.40073971,2.452262078496011,18.35780417395957,18.3566123870913,17.876354790694958,0.8411052274183946,0.04293553604043154,0.04412732290870025
2062.013,18.4352902,2.452323829839337,18.366680461274765,18.36559166653334,17.877097687597043,0.8408081257775071,0.06860973872523601,0.06969853346666
2062.495,18.41679101,2.452385533093661,18.375478792353235,18.374493969694576,17.87784031071191,0.8405110784736955,0.04131221764676596,0.04229704030542436
2062.977,18.42679837,2.4524471883082453,18.384198048597455,18.383318110732876,17.87858266011211,0.84021408550696,0.04260032140254566,0.043480259267123955
2063.459,18.45131115,2.4525087955322924,18.39283712392594,18.392062915854837,17.879324735870174,0.8399171468773002,0.05847402607405883,0.059248234145162115
2063.941,18.45102168,2.4525703548149416,18.401394924923956,18.400727223507435,17.880066538058642,0.8396202625847162,0.049626755076044304,0.05029445649256559
2064.424,18.44518887,2.4526319937725107,18.40988786855475,18.40932760525664,17.880809604907075,0.839322816855908,0.03530100144524795,0.035861264743360266
2064.906,18.4709843,2.452693457220319,18.418279717879912,18.4178273102987,17.88155085960678,0.8390260413502083,0.05270458212008933,0.053156989701300006
2065.388,18.48948066,2.4527548728738693,18.426587087934436,18.426243106226266,17.882291840954654,0.8387293201815846,0.06289357206556545,0.0632375537737353
2065.87,18.47533997,2.452816240782051,18.43480893746564,18.434573882355455,17.883032549023245,0.8384326533500367,0.040531032534360634,0.04076608764454548
2066.352,18.49779695,2.4528775609936893,18.442944238611275,18.442818541173935,17.883772983885084,0.8381360408555646,0.05485271138872605,0.05497840882606653
2066.834,18.5019676,2.4529388335575466,18.450991977037994,18.450975998521407,17.884513145612722,0.8378394826981684,0.05097562296200664,0.05099160147859294
2067.316,18.5189518,2.4530000585223255,18.458951152077695,18.459045183767937,17.885253034278684,0.8375429788778482,0.06000064792230475,0.059906616232062504
2067.798,18.50815691,2.4530612359366644,18.46682077686168,18.467025039990187,17.885992649955522,0.8372465293946038,0.0413361331383193,0.041131870009813554
2068.281,18.52591942,2.45312249262534,18.47461592290145,18.474930797712243,17.88673352633826,0.8369495193772292,0.05130349709855153,0.05098862228775758
2068.763,18.5292111,2.4531835749860673,18.48230335163987,18.482728690122464,17.887472595688468,0.836653178680869,0.04690774836013034,0.04648240987753738
2069.245,18.49421283,2.453244609942001,18.489898351677443,18.490434164618403,17.888211392267312,0.8363568923215847,0.004314478322555715,0.0037786653815956583
2069.727,18.54471228,2.453305597541532,18.49739999267152,18.49804622085292,17.888949916147332,0.8360606602993763,0.047312287328477254,0.04666605914707844
2070.209,18.5347841,2.453366537832991,18.504807358717517,18.5055638730346,17.889688167401072,0.8357644826142436,0.029976741282482067,0.02922022696539983
2070.691,18.54685424,2.4534274308646453,18.512119548469766,18.512986150090608,17.89042614610107,0.835468359266187,0.03473469153023245,0.033868089909390164
2071.173,18.54300483,2.4534882766847024,18.519335675260386,18.52031209582727,17.89116385231986,0.8351722902552062,0.02366915473961484,0.022692734172732543
2071.655,18.55453534,2.4535490753413085,18.526454867215744,18.52754076908819,17.89190128612999,0.834876275581301,0.028080472784257182,0.026994570911810456
2072.137,18.573151,2.4536098268825466,18.533476267370617,18.534671243909944,17.892638447603993,0.8345803152444718,0.0396747326293827,0.03847975609005516
2072.62,18.55658096,2.45367065725044,18.54041329326046,18.541717093923882,17.893376865347232,0.8342837953883394,0.016167666739541176,0.014863866076119336
2073.102,18.55869019,2.453731314607453,18.54723639191126,18.548648247115207,17.89411348180197,0.8339879438383947,0.011453798088741252,0.010041942884793542
2073.584,18.56306213,2.453791924993084,18.553959216756432,18.555478514845927,17.894849826138348,0.8336921466255257,0.00910291324356649,0.007583615154072021
2074.066,18.58861189,2.453852488455175,18.560580971592504,18.562207033463892,17.895585898428916,0.8333964037497326,0.028030918407495165,0.026404856536107246
2074.548,18.57786063,2.453913005041504,18.56710087566098,18.5688329552505,17.8963216987462,0.8331007152110155,0.010759754339019878,0.009027674749500392
2075.03,18.59449453,2.453973474799791,18.573518163748616,18.575355448560863,17.897057227162747,0.8328050810093739,0.020976366251382217,0.019139081439135452
2075.512,18.59571581,2.454033897777694,18.5798320862852,18.581773697961246,17.89779248375109,0.8325095011448085,0.015883723714800624,0.013942112038755283
2075.994,18.61068302,2.454094274022811,18.58604190943909,18.588086904363777,17.898527468583783,0.8322139756173188,0.024641110560910562,0.022596115636222436
2076.477,18.607146,2.4541547286992444,18.59215947175016,18.594307053002055,17.899263705752126,0.83191789147262,0.014986528249838926,0.0128389469979453
2076.959,18.62571351,2.4542150115246315,18.598158738421947,18.600407620256153,17.899998146727683,0.8316224747320147,0.027554771578053305,0.025305889743847843
2077.441,18.62256682,2.4542752477597616,18.604051798159166,18.606400845091592,17.900732316165346,0.8313271123284852,0.018515021840833867,0.01616597490840732
2077.923,18.61812726,2.4543354374519923,18.609837981024274,18.612285995129543,17.901466214137656,0.8310318042620316,0.008289278975727399,0.005841264870458218
2078.405,18.63331826,2.4543955806486197,18.61551663325955,18.61806235496814,17.902199840717152,0.8307365505326536,0.01780162674045016,0.015255905031860806
2078.887,18.64255973,2.4544556773968806,18.621087117368003,18.623729226299954,17.90293319597638,0.8304413511403519,0.021472612631995958,0.018830503700044687
2079.369,18.65852848,2.4545157277439524,18.62654881219184,18.629285928026462,17.903666279987874,0.8301462060851258,0.031979667808162304,0.029242551973538866
2079.851,18.63305955,2.454575731736952,18.6319011129884,18.63473179636941,17.90439909282417,0.8298511153669758,0.001158437011600455,-0.0016722463694129885
2080.333,18.66477327,2.454635689422937,18.63714343150371,18.64006618497926,17.905131634557815,0.8295560789859016,0.02762983849629208,0.02470708502074004
2080.816,18.6527429,2.4546957250984147,18.642285727549417,18.64529918268286,17.90586542421348,0.8292604850024446,0.01045717245058242,0.0074437173171411075
2081.298,18.6731314,2.454755590215476,18.64730615196538,18.65040850853456,17.906597423397354,0.8289655574082546,0.025825248034617942,0.022722891465438266
2081.78,18.67951594,2.454815409166436,18.65221492786823,18.65540452000131,17.90732915169634,0.8286706841511403,0.027301012131772495,0.02411141999869315
2082.262,18.66948217,2.4548751819981134,18.657011533678638,18.660286641507113,17.908060609182982,0.8283758652311021,0.012470636321360473,0.009195528492885074
2082.744,18.70032637,2.454934908757269,18.661695464636132,18.665054315400052,17.90879179592981,0.8280811006481398,0.03863090536386693,0.035272054599946756
2083.226,18.69075566,2.4549945894906053,18.666266232857595,18.66970700204169,17.909522712009377,0.8277863904022532,0.024489427142405873,0.021048657958310457
2083.708,18.69061779,2.4550542242447637,18.670723367393148,18.674244179893314,17.91025335749421,0.8274917344934426,0.019894422606853368,0.016373610106686698
2084.19,18.69105839,2.455113813066329,18.675066414279637,18.678665345598944,17.910983732456852,0.8271971329217079,0.01599197572036104,0.01239304440105471
2084.673,18.68903982,2.455173479487219,18.67930359011719,18.682978823487005,17.911715351428416,0.8269019746496845,0.009736229882811642,0.006060996512996297
2085.155,18.6943283,2.4552329764880567,18.683416929116174,18.687166284822503,17.912445185003428,0.8266074818648339,0.0109113708838251,0.007162015177495817
2085.637,18.69665236,2.4552924276957944,18.687414920175073,18.691236332909845,17.913174748274017,0.8263130434170591,0.009237439824929083,0.005416027090156206
2086.119,18.68841368,2.4553518331567816,18.691297177796454,18.695188537926178,17.913904041312723,0.8260186593063604,-0.0028834977964535824,-0.006774857926178157
2086.601,18.70309315,2.4554111929173077,18.695063333698553,18.699022488596665,17.914633064192085,0.8257243295327377,0.008029816301448278,0.004070661403336118
2087.083,18.73061978,2.455470507023605,18.69871303685341,18.70273779225749,17.915361816984646,0.8254300540961905,0.031906743146592476,0.027881987742510717
2087.565,18.68987939,2.455529775521847,18.702245953522393,18.70633407491537,17.916090299762942,0.8251358329967194,-0.012366563522391516,-0.016454684915370166
2088.047,18.73027181,2.4555889984581487,18.705661767289225,18.70981098130367,17.916818512599512,0.8248416662343242,0.02461004271077627,0.02046082869633281
2088.53,18.72263263,2.4556482986060173,18.70896690003104,18.713175015402484,17.91754796554154,0.8245469436737342,0.013665729968959539,0.009457614597515374
2089.011,18.71379948,2.455707307829103,18.712140907242972,18.716405338150935,17.918274128737636,0.8242534957207612,0.0016585727570266329,-0.002605858150936058
2089.494,18.72824219,2.4557665168946645,18.715209919005105,18.719528513348155,17.919003041039723,0.8239588820597881,0.013032270994894901,0.008713676651844082
2089.976,18.75242229,2.455825557949101,18.718154258996357,18.722524487792107,17.919730174275422,0.8236649327584288,0.0342680310036414,0.02989780220789129
2090.458,18.71348153,2.4558845536713996,18.72098017435632,18.725399591734238,17.92045703793224,0.8233710377941454,-0.0074986443563211935,-0.011918061734238705
2090.94,18.71234651,2.455943504107328,18.723687453188024,18.72815358329222,17.921183632082723,0.823077197166938,-0.011340943188024255,-0.015807073292219087
2091.422,18.73407959,2.456002409302596,18.726275901075873,18.730786239606235,17.921909956799407,0.8227834108768062,0.007803688924127528,0.0032933503937648823
2091.904,18.7350517,2.456061269302858,18.728745341098087,18.733297356867197,17.922636012154832,0.8224896789237505,0.006306358901913001,0.0017543431328022052
2092.386,18.73385585,2.4561200841537074,18.731095613836555,18.73568675034145,17.92336179822154,0.8221960013077706,0.00276023616344645,-0.001830900341449393
2092.868,18.71140469,2.456178853900684,18.73332657738413,18.73795425439197,17.924087315072057,0.8219023780288666,-0.021921887384131367,-0.026549564391970648
2093.351,18.74762077,2.456237700377915,18.735442363888957,18.740104046726966,17.92481406716251,0.8216082000793268,0.012178406111043927,0.0075167232730350975
2093.833,18.7241348,2.4562963799601896,18.73743410529004,18.742127097919877,17.925539045240125,0.821314685587307,-0.013299305290036756,-0.017992297919875
2094.315,18.71642332,2.456355014574956,18.739306216711807,18.74402787731142,17.92626375431933,0.8210212254323632,-0.02288289671180621,-0.027604557311420308
2094.797,18.73218822,2.4564136042675244,18.741058626348906,18.74580629583146,17.926988194472663,0.8207278196144951,-0.00887040634890468,-0.013618075831459464
2095.279,18.73967813,2.4564721490831474,18.7426912799049,18.747462283559067,17.92771236577266,0.820434468133703,-0.0030131499048984267,-0.007784153559065032
2095.761,18.71227923,2.4565306490670213,18.74420414058423,18.74899578972234,17.92843626829186,0.8201411709899867,-0.031924910584230304,-0.03671655972233978
2096.243,18.71837259,2.456589104264285,18.745597189081558,18.75040678269469,17.929159902102807,0.8198479281833464,-0.027224599081556278,-0.0320341926946881
2096.725,18.73469138,2.4566475147200206,18.746870423568602,18.75169524998755,17.92988326727804,0.8195547397137817,-0.012179043568600889,-0.01700386998754766
2097.208,18.7326109,2.4567060015236115,18.74802612818932,18.75286348987575,17.930607863811417,0.8192609974756755,-0.015415228189318952,-0.020252589875749294
2097.69,18.73936936,2.4567643225387235,18.749059550568784,18.753906690742816,17.931330691375877,0.8189679177929954,-0.009690190568782953,-0.014537330742815158
2098.172,18.74750619,2.45682259894731,18.749973258268454,18.754827443279495,17.932053250522394,0.818674892447391,-0.002467068268455108,-0.007321253279496176
2098.654,18.74046915,2.4568808307942285,18.750767319221808,18.75562581144489,17.932775541323494,0.8183819214388625,-0.010298169221808706,-0.015156661444891029
2099.136,18.73587011,2.456939018124279,18.75144181873546,18.756301878246322,17.93349756385173,0.8180890047674098,-0.015571708735460987,-0.02043176824632198
2099.618,18.7348731,2.456997160982208,18.75199685946076,18.756855745710787,17.934219318179643,0.817796142433033,-0.017123759460758947,-0.021982645710785675
2100.1,18.73573374,2.457055259412702,18.752432561362948,18.757287534852807,17.934940804379757,0.817503334435732,-0.016698821362947314,-0.021553794852806618
2100.582,18.71734221,2.457113313460395,18.75274906168785,18.75759738563884,17.935662022524628,0.8172105807755069,-0.03540685168784918,-0.04025517563883696
2101.064,18.7218878,2.457171323169864,18.752946514925963,18.757785456948138,17.936382972686783,0.8169178814523578,-0.031058714925961795,-0.03589765694813707
2101.547,18.74792252,2.4572294087998157,18.753025132356253,18.757851938162336,17.93710514985172,0.8166246293754935,-0.005102612356253644,-0.00992941816233639
2102.029,18.74690169,2.457287329874586,18.752984777647637,18.75779675092989,17.93782556371047,0.8163320388392287,-0.00608308764763521,-0.010895060929890121
2102.511,18.72460723,2.45734520674462,18.75282594284148,18.757620374357764,17.938545709804274,0.8160395026400397,-0.028218712841479032,-0.03301314435776348
2102.993,18.72556701,2.4574030394542734,18.752548851034494,18.75732304255408,17.93926558820568,0.8157470207779264,-0.026981841034494636,-0.03175603255408177
2103.475,18.7432277,2.4574608280478434,18.752153742351688,18.756905008291795,17.939985198987216,0.8154545932528892,-0.008926042351689034,-0.013677308291796919
2103.957,18.73426174,2.4575185725695743,18.751640873895745,18.756366542948765,17.940704542221432,0.8151622200649278,-0.017379133895744303,-0.022104802948764046
2104.439,18.74181222,2.457576273063654,18.751010519693942,18.75570793644439,17.941423617980856,0.8148699012140422,-0.009198299693942147,-0.013895716444391581
2104.921,18.7309638,2.4576339295742162,18.750262970642726,18.754929497172935,17.94214242633804,0.8145776367002324,-0.019299170642725016,-0.023965697172933176
2105.404,18.72153302,2.4576916616278495,18.749396619732103,18.75402956498669,17.9428624578367,0.8142848203348018,-0.02786359973210395,-0.0324965449866923
2105.886,18.74439805,2.457749230212531,18.748415379373668,18.75301221205916,17.94358073105261,0.8139926646078763,-0.004017329373667167,-0.008614162059160435
2106.368,18.72254263,2.457806754945855,18.747317918204228,18.751876062451476,17.944298737084043,0.8137005632180268,-0.024775288204228474,-0.029333432451476682
2106.85,18.70737501,2.4578642358717335,18.746104594028456,18.750621497760484,17.945016476003538,0.8134085161652531,-0.03872958402845583,-0.04324648776048434
2107.332,18.71032554,2.4579216730340265,18.744775781206737,18.749248917673842,17.94573394788363,0.8131165234495553,-0.034450241206737786,-0.03892337767384291
2107.814,18.71997052,2.457979066476537,18.74333187058542,18.74775873988341,17.946451152796865,0.8128245850709335,-0.023361350585417995,-0.027788219883408516
2108.296,18.71229573,2.458036416243014,18.741773269424723,18.746151399995323,17.947168090815783,0.8125327010293872,-0.029477539424721755,-0.0338556699953223
2108.778,18.7057137,2.458093722377152,18.74010040132428,18.74442735143685,17.94788476201292,0.8122408713249171,-0.03438670132428001,-0.03871365143685068
2109.26,18.68848289,2.458150984922592,18.73831370614644,18.74258706536011,17.948601166460815,0.8119490959575225,-0.04983081614643936,-0.05410417536010925
2109.743,18.69251695,2.458208322589303,18.736409580367077,18.740626852406837,17.949318789717857,0.811656769753334,-0.04389263036707547,-0.04810990240683566
2110.225,18.69234363,2.458265497997842,18.734396381546645,18.73855533659491,17.95003466033184,0.811365103172824,-0.04205275154664534,-0.04621170659491014
2110.707,18.69304571,2.4583226299483676,18.732270773039627,18.73636910316419,17.950750264414353,0.8110734909293897,-0.03922506303962692,-0.043323393164190094
2111.189,18.67158483,2.458379718484303,18.730033258978963,18.734068693175903,17.95146560203793,0.8107819330230315,-0.05844842897896285,-0.0624838631759026
2111.671,18.6930242,2.458436763649017,18.727684359342227,18.731654664887387,17.952180673275112,0.8104904294537489,-0.034660159342227104,-0.03863046488738675
2112.153,18.68245344,2.458493765485825,18.725224609861304,18.729127593637216,17.952895478198446,0.8101989802215424,-0.042771169861303804,-0.046674153637216165
2112.635,18.68999492,2.4585507240379894,18.722654561929822,18.726488071727324,17.95361001688046,0.8099075853264114,-0.03265964192982196,-0.03649315172732415
2113.117,18.69235228,2.458607639348717,18.719974782508483,18.723736708302198,17.954324289393696,0.8096162447683566,-0.027622502508481972,-0.031384428302196454
2113.6,18.70303154,2.4586646294082213,18.717179954821447,18.720868075098938,17.955039776875257,0.8093243542756017,-0.014148414821445243,-0.01783653509893668
2114.082,18.69668465,2.4587214582759955,18.714282250505928,18.71789469409971,17.95575351671672,0.809033122504431,-0.01759760050592618,-0.02121004409970695
2114.564,18.68833799,2.4587782440317234,18.71127660929281,18.714811400206244,17.956466990607176,0.8087419450703363,-0.022938619292808937,-0.026473410206243386
2115.046,18.70704963,2.458834986718398,18.708163659451724,18.711618868700846,17.95718019861916,0.8084508219733175,-0.001114029451724008,-0.004569238700845801
2115.528,18.66680191,2.45889168637896,18.70494404431318,18.70831779106083,17.957893140825217,0.8081597532133746,-0.03814213431317981,-0.041515881060828264
2116.01,18.69999716,2.458948343056296,18.701618422160937,18.704908874820724,17.958605817297887,0.8078687387905071,-0.001621262160938386,-0.004911714820725166
2116.492,18.65782385,2.45900495679324,18.69818746612246,18.701392843431712,17.959318228109705,0.8075777787047159,-0.04036361612245898,-0.0435689934317125
2116.974,18.67030945,2.4590615276325707,18.694651864057157,18.697770436118446,17.96003037333321,0.8072868729560007,-0.024342414057155537,-0.027460986118445163
2117.457,18.67650351,2.459118172850475,18.69100465996413,18.694034563973464,17.96074372969385,0.8069954181746792,-0.014501149964129212,-0.017531053973463884
2117.938,18.6465725,2.4591745407892525,18.687269546259298,18.690209528607415,17.96145386730545,0.8067052244697974,-0.0406970462592966,-0.0436370286074137
2118.421,18.64707985,2.45923110024789,18.68341619511006,18.686264308844382,17.96216669175104,0.8064138785880929,-0.03633634511005823,-0.03918445884438171
2118.903,18.64380792,2.459287499834915,18.67946896783471,18.682223886993032,17.96287777479636,0.8061231903004136,-0.035661047834707915,-0.03841596699303196
2119.385,18.64726526,2.4593438567375236,18.67542075234945,18.678081018456556,17.96358859261622,0.8058325563498099,-0.028155492349448252,-0.03081575845655493
2119.867,18.63632331,2.459400170998179,18.671272322476185,18.673836533979177,17.964299145283153,0.8055419767362821,-0.03494901247618287,-0.037513223979175336
2120.349,18.64734309,2.4594564426592926,18.667024465930684,18.669491279004408,17.965009432869703,0.8052514514598305,-0.019681375930684197,-0.02214818900440818
2120.831,18.63806982,2.4595126717632216,18.6626779841951,18.665046113511913,17.965719455448404,0.8049609805204546,-0.024608164195100812,-0.026976293511914662
2121.313,18.60418397,2.459568858352272,18.65823369238863,18.660501911852137,17.9664292130918,0.8046705639181546,-0.05404972238862982,-0.05631794185213579
2121.795,18.62785291,2.459625002468697,18.653692419136267,18.655859562578538,17.96713870587243,0.8043802016529303,-0.025839509136265093,-0.028006652578536517
2122.278,18.61965265,2.4596812205041614,18.649045285901988,18.651110034642098,17.967849405015,0.8040892914826595,-0.029392635901988484,-0.03145738464209913
2122.76,18.59930818,2.4597372797139894,18.644312392202032,18.646273912872346,17.96855836773858,0.8037990380043193,-0.04500421220203066,-0.04696573287234429
2123.242,18.57880237,2.4597932965777267,18.639485084441482,18.641342394601857,17.969267065817164,0.8035088388630554,-0.060682714441483654,-0.06254002460185859
2123.724,18.58903692,2.4598492711374185,18.634564243946684,18.636316423503914,17.96997549932329,0.8032186940588671,-0.045527323946682685,-0.04727950350391197
2124.206,18.59026335,2.4599052034350573,18.629550764866234,18.631196956583867,17.970683668329496,0.8029286035917549,-0.03928741486623366,-0.04093360658386658
2124.688,18.59280824,2.459961093512584,18.624445554029016,18.625984963998786,17.971391572908317,0.8026385674617186,-0.03163731402901604,-0.03317672399878546
2125.17,18.5780158,2.4600169414118884,18.619249530800616,18.620681428875336,17.9720992131323,0.8023485856687581,-0.04123373080061654,-0.04266562887533709
2125.652,18.54643366,2.4600727471748076,18.613963626937892,18.61528734712559,17.97280658907398,0.8020586582128734,-0.06752996693789015,-0.06885368712558915
2126.135,18.59651729,2.4601286264916578,18.608577543532526,18.60979225808794,17.973515167568095,0.8017681837540356,-0.012060253532524712,-0.013274968087937822
2126.617,18.58584612,2.4601843480199097,18.60311454097033,18.604219938456136,17.974222014614863,0.8014783650850352,-0.017268420970331988,-0.01837381845613706
2127.099,18.56710467,2.460240027537066,18.597564527934793,18.598560136934424,17.974928597597096,0.8011886007531108,-0.030459857934793888,-0.03145546693442469
2127.581,18.57094962,2.4602956650847587,18.59192848428602,18.592813898724064,17.97563491658734,0.8008988907582621,-0.02097886428601825,-0.02186427872406327
2128.063,18.5522644,2.4603512607045674,18.58620740152389,18.58698228086407,17.976340971658125,0.8006092351004893,-0.03394300152389107,-0.034717880864072015
2128.545,18.5605175,2.4604068144380213,18.580402282633116,18.581066352036768,17.977046762881997,0.8003196337797925,-0.01988478263311677,-0.02054885203676804
2129.027,18.56125506,2.460462326326598,18.574514141926702,18.575067192371648,17.97775229033149,0.8000300867961714,-0.013259081926701555,-0.013812132371647579
2129.509,18.52240431,2.460517796411724,18.568544004887972,18.56898589324794,17.97845755407915,0.7997405941496262,-0.04613969488797309,-0.04658158324794215
2129.991,18.54092993,2.4605732247347745,18.562492908011098,18.562823557095523,17.97916255419751,0.799451155840157,-0.0215629780110973,-0.02189362709552256
2130.474,18.52613426,2.4606287262036983,18.556349096367065,18.556568264145287,17.97986875259425,0.7991611715425612,-0.030214836367065345,-0.030434004145288185
2130.956,18.53076324,2.460684071040093,18.550139070042338,18.550247042114897,17.980573225125063,0.7988718420199763,-0.019375830042339004,-0.019483802114898197
2131.438,18.50603942,2.46073937423832,18.543851260038373,18.54384815700277,17.981277434244344,0.798582566834467,-0.03781184003837268,-0.03780873700276999
2131.92,18.52535593,2.460794635839551,18.537486745290654,18.53737275344495,17.98198138002464,0.7982933459860337,-0.01213081529065363,-0.012016823444948699
2132.402,18.52463105,2.460849855884908,18.53104661492655,18.530821986112457,17.982685062538483,0.7980041794746764,-0.006415564926548711,-0.006190936112457024
2132.884,18.49901494,2.4609050344154615,18.524531968097506,18.524197019504566,17.983388481858416,0.7977150673003948,-0.02551702809750722,-0.02518207950456741
2133.366,18.51180148,2.460960171472233,18.517943913809987,18.517499027740897,17.98409163805698,0.7974260094631891,-0.00614243380998758,-0.0056975477408975905
2133.848,18.50076469,2.461015267096192,18.511283570755094,18.510729194352507,17.98479453120671,0.7971370059630594,-0.010518880755093107,-0.009964504352506509
2134.331,18.48041963,2.461070435505659,18.50453802817819,18.50387444759277,17.985498618845785,0.7968474573768971,-0.024118398178188727,-0.02345481759277135
2134.813,18.46841573,2.4611254483009546,18.497736357454045,18.496964375316995,17.986200985570104,0.7965585626636517,-0.029320627454044512,-0.02854864531699519
2135.295,18.4648099,2.4611804197861313,18.490865812810025,18.489986068894083,17.986903089463354,0.7962697222874819,-0.02605591281002617,-0.025176168894084583
2135.777,18.46914492,2.461235350001959,18.483927549966115,18.48294074740915,17.98760493059808,0.7959809362483881,-0.014782629966113348,-0.013795827409147421
2136.259,18.47465513,2.4612902389891564,18.47692273345668,18.47582963829927,17.988306509046826,0.7956922045463702,-0.0022676034566799785,-0.0011745082992717926
2136.741,18.46954357,2.4613450867883926,18.469852536452922,18.468653977139073,17.989007824882123,0.7954035271814281,-0.0003089664529234426,0.0008895928609256032
2137.223,18.44968982,2.461399893440287,18.462718140584435,18.46141500742571,17.98970887817652,0.795114904153562,-0.013028320584435704,-0.011725187425710715
2137.705,18.44509338,2.4614546589854096,18.45552073575957,18.454113980363086,17.990409669002542,0.7948263354627717,-0.0104273557595711,-0.009020600363086828
2138.188,18.43394148,2.4615094969578832,18.44824639595417,18.446736818825155,17.991111650538517,0.7945372225880429,-0.01430491595416683,-0.01279533882515338
2138.67,18.43242335,2.4615641803258974,18.44092645067509,18.43931533822946,17.991811916101263,0.794248762684137,-0.00850310067508886,-0.00689198822945869
2139.152,18.41637873,2.461618822708635,18.433547116552177,18.431835600618506,17.992511919413413,0.7939603571173067,-0.017168386552175008,-0.01545687061850387
2139.634,18.40779305,2.4616734241464653,18.4261096148084,18.424298885867906,17.9932116605475,0.7936720058875524,-0.01831656480840138,-0.01650583586790688
2140.116,18.40633644,2.461727984679711,18.418615174032276,18.41670648047226,17.99391113957607,0.7933837089948741,-0.012278734032275196,-0.0103700404722602
2140.598,18.41127703,2.4617825043486437,18.411065029992564,18.409059677326525,17.99461035657166,0.7930954664392714,0.00021200000743704095,0.002217352673476114
2141.08,18.39156767,2.4618369831934865,18.403460425452042,18.40135977550668,17.995309311606803,0.7928072782207448,-0.011892755452041825,-0.00979210550667986
2141.562,18.38494672,2.461891421254413,18.395802609980414,18.393608080050377,17.996008004754053,0.7925191443392939,-0.010855889980415867,-0.008661360050378875
2142.044,18.37566736,2.4619458185715484,18.388092839766465,18.385805901737136,17.996706436085937,0.7922310647949191,-0.012425479766463354,-0.010138541737134688
2142.527,18.37587897,2.4620002879157408,18.380316225070008,18.37793821757875,17.997406053887588,0.7919424420814323,-0.004437255070008916,-0.0020592475787495346
2143.009,18.3488032,2.462054603781148,18.372506238255404,18.370038929872194,17.998103961263556,0.7916544713239416,-0.023703038255405318,-0.021235729872195463
2143.491,18.36320587,2.4621088790229257,18.364648105740294,18.362093126656475,17.998801607041933,0.7913665549035267,-0.0014422357402921193,0.0011127433435262901
2143.973,18.34446954,2.4621631136810027,18.356743108307857,18.354102139488052,17.99949899129525,0.7910786928201878,-0.012273568307858085,-0.009632599488053728
2144.455,18.32570016,2.46221730779526,18.34879253240946,18.346067304564055,18.000196114096056,0.7907908850739247,-0.02309237240945805,-0.020367144564055195
2144.937,18.31916159,2.4622714614055274,18.34079766997253,18.33798996250206,18.000892975516887,0.7905031316647376,-0.02163607997253081,-0.018828372502060375
2145.419,18.29661737,2.4623255745515884,18.332759818207816,18.329871458119797,18.001589575630277,0.7902154325926262,-0.03614244820781565,-0.03325408811979713
2145.901,18.30580316,2.4623796472731763,18.324680279416068,18.321713140215113,18.002285914508775,0.7899277878575908,-0.018877119416067956,-0.01590998021511325
2146.384,18.29116977,2.4624337916683086,18.316543473424506,18.313499316540774,18.002983436098123,0.7896396008555376,-0.02537370342450629,-0.02232954654077446
2146.865,18.28176178,2.462487671601627,18.30840137424054,18.305282477610653,18.003677808851233,0.7893526613987474,-0.026639594240538855,-0.02352069761065323
2147.348,18.2781045,2.462541735178805,18.30018759215293,18.29699565530873,18.004374807250425,0.789064583296311,-0.02208309215292914,-0.018891155308729424
2147.83,18.27266784,2.462595646515374,18.291954349056855,18.28869157328461,18.00507010137342,0.7887771560223116,-0.019286509056854584,-0.01602373328460871
2148.312,18.276486,2.4626495176254966,18.28368600273658,18.280354476573116,18.005765134624372,0.788489783085388,-0.007200002736581723,-0.0038684765731176185
2148.794,18.25035968,2.4627033485486165,18.275383881951935,18.271985733246968,18.006459907075808,0.7882024644855403,-0.02502420195193622,-0.02162605324696898
2149.276,18.23322566,2.462757139324129,18.267049319185194,18.263586713824218,18.007154418800273,0.7879152002227684,-0.033823659185195254,-0.030361053824218942
2149.758,18.23395614,2.462810889991383,18.2586836504441,18.255158791050654,18.007848669870302,0.7876279902970725,-0.024727510444101597,-0.021202651050653998
2150.24,18.2489254,2.4628646005896777,18.250288215064646,18.246703339682426,18.008542660358444,0.7873408347084523,-0.0013628150646454174,0.002222060317574659
2150.722,18.24272606,2.4629182711582662,18.24186435551344,18.238221736269338,18.009236390337236,0.7870537334569078,0.0008617044865601997,0.004504323730660786
2151.205,18.20744454,2.462972012961569,18.23339585690939,18.22969768605736,18.009931298342025,0.7867660910659052,-0.025951316909388567,-0.022253146057359174
2151.687,18.19044917,2.463025603505464,18.224919135967983,18.22116786719705,18.010624506979624,0.7864790986012453,-0.034469965967982574,-0.030718697197048783
2152.169,18.19297439,2.4630791541372035,18.216418037864013,18.212616037409926,18.01131745532564,0.7861921604736611,-0.023443647864013428,-0.019641647409926577
2152.651,18.20446459,2.463132664895849,18.20789391561093,18.204043578266443,18.01201014345261,0.785905276683153,-0.003429325610930789,0.0004210117335574637
2153.133,18.18255241,2.463186135820415,18.199348124361258,18.195451872055646,18.012702571433074,0.7856184472297206,-0.016795714361258263,-0.012899462055646183
2153.615,18.17937092,2.4632395669498677,18.19078202120783,18.186842301572305,18.01339473933957,0.7853316721133642,-0.011411101207830399,-0.007471381572305091
2154.097,18.16608073,2.4632929583231267,18.182196964985067,18.17821624990493,18.014086647244643,0.7850449513340833,-0.016116234985066313,-0.012135519904930447
2154.579,18.14974949,2.463346309979063,18.173594316070044,18.169575100224456,18.01477829522082,0.7847582848918784,-0.023844826070043013,-0.019825610224454948
2155.062,18.13877581,2.4633997325210455,18.164957538763336,18.16090226612572,18.015471117485774,0.7844710782123094,-0.02618172876333702,-0.02212645612572217
2155.544,18.11713995,2.463453004776565,18.156323761341984,18.15223504506174,18.0161622452829,0.784184520556989,-0.03918381134198512,-0.03509509506174169
2156.026,18.1292407,2.463506237431175,18.14767648245709,18.143556876759202,18.016853113368914,0.7838980172387443,-0.018435782457089545,-0.014316176759201937
2156.508,18.12965637,2.463559430523559,18.139017066668934,18.13486914262188,18.01754372181634,0.7836115682575756,-0.00936069666893502,-0.005212772621881356
2156.99,18.11498487,2.4636125840923535,18.130346879085874,18.12617322309263,18.01823407069773,0.7833251736134828,-0.01536200908587304,-0.011188353092627779
2157.472,18.09713802,2.4636656981761487,18.12166728516561,18.117470497447677,18.018924160085614,0.7830388333064655,-0.02452926516561149,-0.020332477447677633
2157.954,18.09618782,2.4637187728134866,18.112979650516877,18.108762343592062,18.01961399005254,0.7827525473365243,-0.01679183051687616,-0.012574523592061126
2158.436,18.08198709,2.4637718080428637,18.104285340700933,18.100050137856005,18.020303560671046,0.782466315703659,-0.02229825070093483,-0.018063047856006875
2158.918,18.09348473,2.463824803902729,18.095585721033586,18.09133525479243,18.020992872013665,0.7821801384078697,-0.002100991033586297,0.0021494752075703616
2159.401,18.08397441,2.4638778702589446,18.08686409604488,18.082600983193228,18.0216833534523,0.7818934218895426,-0.0028896860448810457,0.0013734268067722155
2159.883,18.04351468,2.463930787413468,18.0781579467142,18.073884862577852,18.022372145923228,0.7816073533806375,-0.03464326671419826,-0.030370182577851068
2160.365,18.04629015,2.463983665313629,18.069450582856458,18.065170178458047,18.023060679336044,0.7813213392088083,-0.02316043285645719,-0.018880028458045928
2160.847,18.02754098,2.4640365039976895,18.060743366826863,18.056458296270357,18.02374895376328,0.7810353793740545,-0.033202386826861385,-0.028917316270355542
2161.329,18.04066412,2.464089303503867,18.05203765974814,18.04775057867878,18.024436969277485,0.7807494738763772,-0.011373539748142036,-0.007086458678781327
2161.811,18.03080702,2.464142063870332,18.04333482131407,18.039048385379445,18.02512472595119,0.7804636227157754,-0.012527801314067943,-0.008241365379443977
2162.293,18.00704524,2.4641947851352097,18.03463620959368,18.03035307290662,18.02581222385694,0.7801778258922496,-0.02759096959367824,-0.023307832906620973
2162.775,18.01288613,2.464247467336578,18.02594318083567,18.021665994440113,18.02649946306727,0.7798920834057997,-0.013057050835673323,-0.008779864440114693
2163.258,17.98825964,2.464300219690137,18.017239076486053,18.012970507409047,18.027187868656863,0.7796058025989062,-0.028979436486054055,-0.024710867409048376
2163.74,17.98027338,2.4643528237976913,18.00856129274419,18.00430396619287,18.027874590157637,0.7793201688993406,-0.02828791274419018,-0.024030586192871795
2164.222,17.96764012,2.4644053889557744,17.999893150638226,17.995649699268682,18.028561053180763,0.7790345895368506,-0.03225303063822693,-0.028009579268683638
2164.704,17.96796218,2.4644579152022814,17.99123599718436,17.987009044489863,18.02924725779878,0.7787490645114367,-0.023273817184360723,-0.01904686448986226
2165.186,17.97844961,2.4645104025750606,17.9825911766079,17.978383335412026,18.029933204084223,0.7784635938230987,-0.004141566607902547,6.627458797225927e-05
2165.668,17.94385777,2.4645628511119155,17.973960030150824,17.9697739011088,18.030618892109636,0.7781781774718365,-0.030102260150822957,-0.025916131108797202
2166.15,17.93836145,2.464615260850603,17.96534389588006,17.96118206598892,18.031304321947555,0.7778928154576501,-0.026982445880062045,-0.022820615988919712
2166.632,17.91703563,2.464667631828836,17.956744108496316,17.95260914961499,18.031989493670523,0.7776075077805398,-0.039708478496315536,-0.03557351961498867
2167.115,17.91435579,2.464720072617198,17.948144213235363,17.944038744309452,18.03267582806563,0.7773216626850799,-0.03378842323536446,-0.02968295430945389
2167.597,17.90198346,2.4647723661072534,17.939581150119075,17.935507649884418,18.033360483241182,0.7770364637948535,-0.037597690119074656,-0.03352418988441741
2168.079,17.88078447,2.464824620949795,17.931038418635513,17.926999404725077,18.034044880519545,0.7767513192417032,-0.05025394863551469,-0.04621493472507865
2168.561,17.86577904,2.4648768371823517,17.92251733811456,17.918515307214772,18.034729019973263,0.7764662290256287,-0.05673829811455988,-0.052736267214772425
2169.043,17.8766113,2.46492901484241,17.914019223574552,17.910056650006748,18.035412901674874,0.7761811931466301,-0.037407923574551916,-0.03344535000674753
2169.525,17.85921774,2.4649811539674085,17.905545385535632,17.901624719852112,18.03609652569692,0.7758962116047075,-0.04632764553563362,-0.042406979852113835
2170.007,17.86636969,2.4650332545947427,17.897097129833842,17.893220797429482,18.036779892111937,0.7756112843998606,-0.03072743983384285,-0.026851107429482823
2170.489,17.86869231,2.465085316761761,17.888675757436147,17.88484615717622,18.037463000992467,0.7753264115320898,-0.019983447436146662,-0.016153847176219926
2170.971,17.8408947,2.4651373405057693,17.88028256425635,17.87650206712141,18.038145852411052,0.7750415930013947,-0.039387864256351435,-0.035607367121411215
2171.454,17.83610846,2.465189433677591,17.871901520375285,17.868172577269192,18.038829862342904,0.7747562380671763,-0.035793060375286956,-0.03206411726919356
2171.936,17.84167077,2.4652413806077895,17.86356861738444,17.859893435141668,18.03951219852143,0.7744715283233656,-0.021897847384440894,-0.018222665141667704
2172.418,17.85116859,2.4652932892266994,17.855267751855486,17.851648609785546,18.040194277455775,0.7741868729166307,-0.004099161855485534,-0.00048001978554523816
2172.9,17.82737736,2.4653451595714455,17.84700019765482,17.843439341944304,18.04087609921848,0.7739022718469717,-0.019622837654818426,-0.016061981944304193
2173.382,17.79842045,2.4653969916791088,17.8387672226889,17.835266865142568,18.041557663882084,0.7736177251143884,-0.04034677268890263,-0.03684641514256981
2173.864,17.79236101,2.465448785586725,17.830570088726013,17.82713240552909,18.04223897151913,0.7733332327188812,-0.038209078726012535,-0.03477139552908781
2174.346,17.80966065,2.465500541331286,17.82241005121898,17.8190371817216,18.042920022202146,0.7730487946604497,-0.012749401218979273,-0.00937653172159969
2174.828,17.79478995,2.4655522589497383,17.814288359129172,17.810982404653394,18.043600816003682,0.7727644109390941,-0.019498409129173666,-0.016192454653396027
2175.311,17.78313895,2.465604045658358,17.806189528909496,17.8029526968016,18.044282764631845,0.7724794917163095,-0.023050578909494135,-0.019813746801599308
2175.792,17.76301323,2.465655579955885,17.798164973539926,17.794998995137142,18.044961633252463,0.7721958065076105,-0.03515174353992734,-0.031985765137143574
2176.275,17.74274488,2.4657072904388833,17.790149192585048,17.787056346864276,18.045643067415362,0.7719109961844426,-0.04740431258504785,-0.04431146686427567
2176.757,17.75690718,2.4657588558427306,17.782193326887604,17.7791754021419,18.046322833884087,0.7716268299241231,-0.025286146887605554,-0.02226822214189994
2177.239,17.7503855,2.4658103833046154,17.77428195046669,17.771340840730083,18.047002343834176,0.7713427180008794,-0.02389645046669031,-0.020955340730083094
2177.721,17.7264264,2.4658618728612214,17.766416269683976,17.76355382431398,18.047681597338165,0.7710586604147116,-0.03998986968397489,-0.03712742431397942
2178.203,17.73607298,2.4659133245491844,17.758597483208924,17.755815505869545,18.048360594468605,0.7707746571656197,-0.022524503208924074,-0.019742525869546057
2178.685,17.7136698,2.4659647384050993,17.75082678185206,17.74812702952437,18.04903933529802,0.7704907082536037,-0.03715698185205696,-0.03445722952436725
2179.167,17.71277524,2.4660161144655146,17.743105348399844,17.74048953042032,18.049717819898955,0.7702068136786634,-0.030330108399844846,-0.027714290420320253
2179.649,17.71049296,2.4660674527669375,17.735434357450625,17.732904134578057,18.050396048343956,0.769922973440799,-0.024941397450625402,-0.02241117457805686
2180.132,17.70433878,2.4661188597393786,17.72779922185693,17.72535638793442,18.05107542702107,0.7696385988290646,-0.023460441856929748,-0.02101760793441798
2180.614,17.70035748,2.4661701225540096,17.720232716816305,17.71787865338317,18.051753142840738,0.7693548673780846,-0.01987523681630421,-0.017521173383169497
2181.096,17.69786475,2.466221347718978,17.71272012970092,17.710456346368357,18.05243060272224,0.7690711902641804,-0.014855379700918547,-0.01259159636835605
2181.578,17.67414819,2.4662725352706167,17.705262600726,17.703090555087066,18.053107806738105,0.7687875674873519,-0.031114410726001296,-0.02894236508706527
2182.06,17.66589824,2.4663236852452117,17.697861261119318,17.695782357964845,18.053784754960883,0.7685039990475995,-0.03196302111931715,-0.029884117964844137
2182.542,17.66736514,2.4663747976790082,17.690517232965455,17.688532823531236,18.054461447463105,0.768220484944923,-0.02315209296545362,-0.021167683531235326
2183.024,17.65383606,2.4664258726082076,17.683231629051814,17.681343010297063,18.055137884317315,0.7679370251793223,-0.02939556905181462,-0.02750695029706307
2183.506,17.66271678,2.466476910068967,17.676005552716063,17.67421396663383,18.05581406559605,0.7676536197507974,-0.01328877271606288,-0.011497186633828704
2183.989,17.66416057,2.4665280158677025,17.668825295375026,17.667132133302932,18.056491393441938,0.7673696808504965,-0.004664725375025824,-0.002971563302931912
2184.471,17.64755205,2.4665789784223335,17.66172167479421,17.660127864170423,18.05716706325748,0.767086384208856,-0.014169624794210023,-0.01257581417042175
2184.953,17.63849391,2.4666299036168136,17.654680835820464,17.653187449806186,18.05784247771532,0.7668031419042912,-0.016186925820463216,-0.01469353980618493
2185.435,17.63267041,2.4666807914871267,17.647703842476,17.646311896831232,18.058517636887988,0.7665199539368023,-0.015033432476002417,-0.013641486831232896
2185.917,17.61938028,2.4667316420692154,17.64079174859318,17.63950220115088,18.05919254084803,0.7662368203063894,-0.021411468593178995,-0.020121921150877853
2186.399,17.61617273,2.466782455398979,17.633945597671218,17.632759347845138,18.059867189667983,0.7659537410130524,-0.017772867671219217,-0.016586617845138818
2186.881,17.60830862,2.4668332315122727,17.627166422734735,17.62608431106096,18.06054158342039,0.765670716056791,-0.01885780273473614,-0.017775691060961663
2187.363,17.5966634,2.4668839704449104,17.620455246193753,17.619478053906313,18.06121572217779,0.7653877454376057,-0.02379184619375252,-0.022814653906312543
2187.845,17.60903151,2.466934672232663,17.61381307970548,17.612941528346116,18.061889606012716,0.7651048291554963,-0.0047815697054787165,-0.003910018346115152
2188.328,17.58961258,2.466985441986149,17.607227362324583,17.606462334577113,18.062564632303356,0.7648213804164373,-0.017614782324582023,-0.016849754577112463
2188.81,17.58786909,2.4670360695143936,17.600726355546346,17.600068232528727,18.063238005982456,0.764538572921212,-0.012857265546344365,-0.01219914252872556
2189.292,17.56425995,2.467086660004883,17.594297329937273,17.593746651991136,18.063911124956853,0.7642558197630626,-0.030037379937272846,-0.02948670199113579
2189.774,17.55521603,2.467137213493216,17.5879412527715,17.587498499329648,18.06458398929909,0.7639731209419892,-0.03272522277150003,-0.03228246932964751
2190.256,17.55004783,2.4671877300149525,17.581659079904504,17.58132466927387,18.065256599081703,0.7636904764579916,-0.031611249904504035,-0.03127683927386826
2190.738,17.54299494,2.4672382096056067,17.57545175564543,17.57522604482479,18.06592895437723,0.7634078863110698,-0.0324568156454319,-0.032231104824791856
2191.22,17.55742777,2.4672886523006516,17.569320212630934,17.569203497163667,18.066601055258218,0.7631253505012239,-0.011892442630934141,-0.01177572716366626
2191.702,17.52962729,2.4673390581355186,17.563265371700965,17.56325788556272,18.0672729017972,0.7628428690284537,-0.03363808170096405,-0.033630595562719634
2192.185,17.5169364,2.4673895316073624,17.557275822185087,17.557377964817217,18.067945887147413,0.7625598560008287,-0.040339422185088125,-0.04044156481721828
2192.667,17.5281366,2.4674398637517068,17.55137726395046,17.551588919050854,18.068617224692698,0.7622774833149428,-0.023240663950460316,-0.023452319050853987
2193.149,17.51331459,2.467490159141985,17.545558100148096,17.545879316537146,18.06928830811375,0.761995164966133,-0.03224351014809557,-0.032564726537145816
2193.631,17.49244218,2.467540417813461,17.53981920320003,17.540249968030885,18.069959137483107,0.7617129009543989,-0.04737702320002768,-0.04780778803088381
2194.113,17.50117367,2.4675906398013536,17.534161433137932,17.53470167195888,18.070629712873306,0.7614306912797408,-0.032987763137931836,-0.033528001958881504
2194.595,17.4837515,2.467640825140842,17.52858563749003,17.529235214341593,18.07130003435688,0.7611485359421586,-0.04483413749002807,-0.04548371434159293
2195.077,17.49752837,2.4676909738670627,17.523092651169993,17.523851368716677,18.071970102006382,0.7608664349416518,-0.025564281169991432,-0.026322998716675983
2195.559,17.48411426,2.4677410860151108,17.517683296367778,17.518550896064326,18.072639915894346,0.7605843882782214,-0.03356903636777986,-0.034436636064327786
2196.042,17.48727994,2.4677912654733736,17.51234742323379,17.513323810385014,18.073310864958692,0.7603018109620299,-0.02506748323379071,-0.026043870385013435
2196.524,17.48575791,2.4678413044944874,17.50710792426744,17.508192492833317,18.073980171015094,0.7600198730854836,-0.021350014267440542,-0.02243458283331634
2197.006,17.47752651,2.4678913070425357,17.501954447595214,17.503146756616253,18.07464922352772,0.7597379895460132,-0.024427937595213223,-0.02562024661625273
2197.488,17.50358924,2.4679412731524466,17.496887763431864,17.498187311746378,18.07531802256912,0.7594561603436187,0.006701476568135689,0.005401928253622401
2197.97,17.48216499,2.4679912028591073,17.491908628751663,17.49331485533209,18.075986568211828,0.7591743854783001,-0.00974363875166162,-0.011149865332090059
2198.452,17.48586537,2.4680410961973633,17.48701778719111,17.48853007151366,18.076654860528386,0.758892664950057,-0.0011524171911112546,-0.002664701513662493
2198.934,17.44685307,2.4680909532020183,17.482215968953604,17.48383363140107,18.077322899591326,0.75861099875889,-0.035362898953604116,-0.03698056140106942
2199.416,17.43828587,2.468140773907835,17.477503890716175,17.479226193013528,18.077990685473193,0.7583293869047991,-0.03921802071617364,-0.040940323013526125
2199.898,17.44950035,2.4681905583495363,17.472882255538277,17.474708401220816,18.078658218246524,0.758047829387784,-0.023381905538276015,-0.025208051220815264
2200.381,17.43176772,2.4682404097362234,17.46834244859216,17.470271796248888,18.07932688211868,0.7577657422328344,-0.03657472859216071,-0.03850407624888774
2200.863,17.44530638,2.468290121678635,17.463903944963185,17.465935368590507,18.07999390836781,0.7574842935027035,-0.018597564963183544,-0.02062898859050577
2201.345,17.45169411,2.46833979746092,17.45955791234361,17.46169044392069,18.080660681726183,0.7572028991096484,-0.007863802343610615,-0.00999633392069299
2201.827,17.44241445,2.4683894371176356,17.45530499842255,17.457537613931827,18.081327202266326,0.7569215590536691,-0.012890548422550552,-0.015123163931825445
2202.309,17.42391296,2.4684390406832977,17.451145836846372,17.453477456899492,18.081993470060784,0.7566402733347657,-0.02723287684637299,-0.02956449689949281
2202.791,17.43772035,2.4684886081923825,17.447081047139875,17.44951053763415,18.08265948518209,0.7563590419529382,-0.00936069713987564,-0.011790187634151295
2203.273,17.42906358,2.4685381396793242,17.443111234629743,17.445637407434585,18.08332524770279,0.7560778649081867,-0.014047654629742112,-0.016573827434584132
2203.755,17.43164745,2.468587635178517,17.439236990370045,17.441858604043027,18.083990757695414,0.7557967422005111,-0.007589540370045,-0.010211154043027193
2204.238,17.43512026,2.4686371973001293,17.43545115302453,17.438167107500874,18.0846573951725,0.7555150907569952,-0.0003308930245289332,-0.003046847500872474
2204.719,17.40476425,2.468686518351026,17.431777499023198,17.434586060612716,18.085321020386626,0.7552346597963874,-0.027013249023198682,-0.029821810612716604
2205.202,17.40638015,2.4687360085198438,17.428186027540583,17.431086181543883,18.085987152123334,0.7549531172524878,-0.02180587754058294,-0.02470603154388229
2205.684,17.38418008,2.4687853603368213,17.424699882308342,17.427689990570748,18.08665165220584,0.7546722120058482,-0.04051980230834218,-0.043509910570747934
2206.166,17.40658893,2.46883467633748,17.42131204511136,17.424390611275577,18.08731590012312,0.7543913610962844,-0.014723115111358709,-0.01780168127557502
2206.648,17.38745427,2.468883956555971,17.41802301989344,17.42118849918469,18.08797989594772,0.7541105645237964,-0.030568749893440383,-0.0337342291846916
2207.13,17.41237832,2.468933201026404,17.414833295864444,17.418084096000776,18.088643639752174,0.7538298222883844,-0.00245497586444543,-0.005705776000777263
2207.612,17.39540965,2.468982409782848,17.41174334744314,17.41507782957131,18.08930713160903,0.7535491343900481,-0.016333697443137396,-0.019668179571308286
2208.094,17.39338211,2.469031582859334,17.40875363420215,17.412170113858714,18.089970371590816,0.7532685008287879,-0.015371524202148379,-0.018788003858713154
2208.576,17.37241252,2.4690807202898504,17.405864600815217,17.40936134891213,18.090633359770077,0.7529879216046035,-0.033452080815216334,-0.03694882891213069
2209.059,17.37502522,2.4691299239423445,17.403070998325614,17.40664640314163,18.091297470929614,0.7527068147721374,-0.028045778325612503,-0.03162118314162754
2209.541,17.36986074,2.4691789901089516,17.40038480987352,17.404036891332122,18.09195995519941,0.7524263443348373,-0.0305240698735183,-0.03417615133212237
2210.023,17.37394332,2.4692280207313875,17.39780054622173,17.401527447426652,18.092622187884444,0.752145928234613,-0.023857226221732475,-0.027584127426653282
2210.505,17.37160085,2.469277015843481,17.395318591933073,17.399118415542038,18.093284169057263,0.7518655664714645,-0.023717741933072745,-0.02751756554203766
2210.987,17.36276363,2.4693259754790216,17.392939316440465,17.396810125764762,18.093945898790402,0.751585259045392,-0.0301756864404652,-0.0340464957647626
2211.469,17.36009337,2.469374899671758,17.390663074007453,17.394602894132394,18.094607377156404,0.7513050059563953,-0.030569704007451293,-0.0345095241323925
2211.951,17.37671402,2.4694237884554013,17.388490203690893,17.392497022616524,18.095268604227805,0.7510248072044745,-0.011776183690891173,-0.01578300261652288
2212.433,17.36655814,2.46947264186362,17.386421029305918,17.390492799107378,18.095929580077147,0.7507446627896295,-0.019862889305919396,-0.02393465910737902
2212.916,17.34893317,2.4695215611756267,17.38445189059547,17.38858665684579,18.096591675314077,0.750463991668597,-0.035518720595472786,-0.03965348684578984
2213.398,17.37080628,2.4695703438606302,17.38259123506976,17.386786748882216,18.097252148416082,0.7501839560406365,-0.011784955069760628,-0.015980468882215604
2213.88,17.36900463,2.469619091271052,17.38083515571427,17.3850892684714,18.097912370513797,0.7499039747497516,-0.011830525714270124,-0.01608463847140129
2214.362,17.37101323,2.4696678034404025,17.37918391503952,17.383494447025406,18.09857234167976,0.7496240477959426,-0.00817068503952001,-0.012481217025406721
2214.844,17.34753587,2.469716480402154,17.377637760172547,17.382002501821045,18.09923206198651,0.7493441751792096,-0.03010189017254561,-0.03446663182104359
2215.326,17.36207945,2.4697651221897403,17.3761969228353,17.380613635993694,18.099891531506586,0.7490643568995523,-0.01411747283530218,-0.018534185993694052
2215.808,17.37068191,2.4698137288365536,17.374861619325277,17.3793280385327,18.100550750312525,0.748784592956971,-0.004179709325278225,-0.008646128532703301
2216.29,17.3813297,2.469862300375949,17.373632050498394,17.378145884278286,18.10120971847687,0.7485048833514655,0.007697649501604786,0.0031838157217123353
2216.772,17.35894119,2.469910836841241,17.3725084017541,17.377067333919978,18.10186843607216,0.7482252280830359,-0.013567211754100583,-0.018126143919978688
2217.255,17.33900189,2.4699594388546653,17.371488842295108,17.37609061953253,18.10252826902491,0.7479450471232455,-0.032486952295109006,-0.03708872953253106
2217.737,17.35974092,2.470007905198943,17.370577748601654,17.375219918085605,18.103186485180228,0.7476655006417001,-0.010836828601654247,-0.015478998085605156
2218.219,17.35713351,2.4700563365688963,17.36977303860754,17.37445321793645,18.10384445098426,0.7473860084972306,-0.01263952860754003,-0.01731970793644777
2218.701,17.35844941,2.470104732997684,17.36907483575039,17.37379062315665,18.104502166509544,0.7471065706898371,-0.010625425750390605,-0.0153412131566526
2219.183,17.37204842,2.4701530945184254,17.36848324797062,17.373232223681693,18.105159631828617,0.7468271872195194,0.0035651720293792266,-0.001183803681694684
2219.665,17.36493857,2.470201421164201,17.367998367710083,17.372778095318314,18.105816847014026,0.7465478580862775,-0.003059797710083245,-0.007839525318313889
2220.147,17.37027531,2.4702497129680534,17.36762027191283,17.37242829975333,18.106473812138304,0.7462685832901115,0.0026550380871697143,-0.0021529897533305586
2220.629,17.36239825,2.470297969962985,17.36734902202821,17.372182884564015,18.107130527273988,0.7459893628310215,-0.004950772028212924,-0.009784634564017125
2221.112,17.36122263,2.4703462921919312,17.367184434161988,17.37204169924964,18.107788354194923,0.7457096175826645,-0.0059618041619877715,-0.010819069249638602
2221.594,17.38798069,2.47039447959583,17.36712722035206,17.372005347842236,18.10844456905277,0.7454305059104586,0.020853469647938994,0.01597534215776264
2222.076,17.37718387,2.470442632289654,17.367176943913638,17.372073435006097,18.1091005341398,0.7451514485753286,0.010006926086362,0.005110434993902402
2222.558,17.3715345,2.470490750306252,17.367333604360347,17.372245951983192,18.109756249528548,0.7448724455772745,0.004200895639652202,-0.0007114519831930011
2223.04,17.36087642,2.4705388336784337,17.367597185759823,17.372522875979243,18.110411715291548,0.7445934969162963,-0.006720765759823166,-0.011646455979242631
2223.522,17.38489537,2.4705868824389707,17.36796765675017,17.372904170182764,18.111066931501345,0.7443146025923938,0.016927713249828003,0.011991199817234843
2224.004,17.37248152,2.470634896620597,17.368444970558542,17.373389783785413,18.111721898230478,0.7440357626055674,0.004036549441458703,-0.000908263785412089
2224.486,17.37414069,2.4706828762560065,17.36902906502196,17.373979652003886,18.112376615551486,0.7437569769558169,0.005111624978042073,0.0001610379961149988
2224.969,17.39294956,2.4707309208132093,17.369721406656133,17.37467524425724,18.11303244109517,0.7434776674188935,0.02322815334386874,0.018274315742761615
2225.451,17.39733574,2.470778831382615,17.37051903557349,17.375473587409452,18.11368665930048,0.7431989905560271,0.02681670442650841,0.021862152590546913
2225.933,17.39274083,2.470826707503727,17.37142316631709,17.37637590698167,18.114340628315432,0.7429203680302365,0.021317663682911103,0.01636492301832959
2226.415,17.37943118,2.4708745492090873,17.372433675383924,17.377382082508515,18.114994348212562,0.742641799841522,0.006997504616077066,0.002049097491486407
2226.897,17.39468214,2.470922356531201,17.373550424017942,17.378491979679985,18.11564781906442,0.7423632859898833,0.021131715982058097,0.016190160320014968
2227.379,17.40046704,2.4709701295025326,17.374773258243927,17.379705450371787,18.116301040943533,0.7420848264753204,0.025693781756071843,0.020761589628211397
2227.861,17.38828732,2.4710178681555113,17.376102008903672,17.38102233267697,18.116954013922452,0.7418064212978334,0.012185311096327922,0.007264987323029715
2228.343,17.38998869,2.4710655725225266,17.377536491694162,17.382442450938964,18.117606738073707,0.7415280704574223,0.012452198305837214,0.007546239061035465
2228.825,17.38552446,2.4711132426359317,17.379076507208016,17.38396561578603,18.11825921346984,0.741249773954087,0.006447952791983624,0.0015588442139709002
2229.308,17.39866916,2.4711609773221412,17.380725363852903,17.385595104385935,18.1189127930924,0.7409709545784056,0.0179437961470974,0.013074055614065827
2229.79,17.40203571,2.4712085789543323,17.382476004166175,17.387323952291627,18.119564770680196,0.7406927668619546,0.01955970583382438,0.01471175770837263
2230.272,17.4019684,2.47125614642981,17.384331488267694,17.389155196249057,18.120216499730642,0.7404146334825794,0.01763691173230697,0.012813203750944524
2230.754,17.41138738,2.4713036797807755,17.38629155674829,17.39108859236943,18.120867980316273,0.7401365544402801,0.02509582325171067,0.020298787630569137
2231.236,17.41169652,2.471351179039393,17.388355935328416,17.39312388324157,18.121519212509632,0.7398585297350567,0.023340584671583287,0.01857263675842802
2231.718,17.40907596,2.471398644237788,17.390524334911273,17.39526079797456,18.12217019638326,0.7395805593669093,0.018551625088726098,0.013815162025437644
2232.2,17.41140991,2.4714460754080507,17.392796451637988,17.397499052241752,18.122820932009688,0.7393026433358376,0.01861345836201167,0.01391085775824763
2232.682,17.41299002,2.4714934725822313,17.395171966944886,17.39983834832609,18.123471419461463,0.7390247816418418,0.017818053055112415,0.01315167167390996
2233.165,17.41353707,2.471540934020983,17.397655796803722,17.402283541949735,18.124123007597564,0.7387463979775939,0.0158812731962783,0.011253528050264805
2233.646,17.41680503,2.471588165070367,17.40023184587851,17.404818808407544,18.1247716501312,0.7384692212650776,0.01657318412149067,0.011986221592454882
2234.129,17.41752923,2.4716355585362115,17.402921173283037,17.40746489244562,18.12542274125182,0.7381909465004468,0.014608056716962636,0.010064337554378966
2234.611,17.43202188,2.4716828199756007,17.405707016469343,17.410205318992656,18.126072236216157,0.7379133022674871,0.026314863530657817,0.02181656100734486
2235.093,17.42722246,2.4717300475786717,17.40859444616711,17.41304509882824,18.126721483368687,0.7376357123716031,0.018628013832888257,0.01417736117176105
2235.575,17.42574364,2.4717772413772527,17.4115830568716,17.415983854893376,18.127370482781945,0.737358176812795,0.014160583128401072,0.009759785106624008
2236.057,17.42565559,2.471824401403135,17.414672428831476,17.419021197093794,18.128019234528473,0.7370806955910629,0.010983161168525157,0.006634392906207154
2236.539,17.43724122,2.471871527688072,17.417862128122263,17.422156722355997,18.128667738680818,0.7368032687064063,0.01937909187773812,0.015084497644004102
2237.021,17.44672785,2.4719186202637813,17.421151706721773,17.42539001468462,18.129315995311504,0.7365258961588259,0.02557614327822577,0.021337835315378584
2237.503,17.43403433,2.4719656791619427,17.424540702587525,17.42872064522114,18.129964004493083,0.7362485779483214,0.009493627412474837,0.0053136847788586294
2237.986,17.43604657,2.47201280194201,17.42803597863192,17.432155383766545,18.13061310994515,0.7359707388951241,0.008010591368076803,0.00389118623345297
2238.468,17.44142107,2.4720597935102613,17.431622570957543,17.43567955259839,18.131260623933112,0.7356935294715039,0.00979849904245711,0.005741517401609997
2238.95,17.45715586,2.4721067514958497,17.4353071100442,17.43929969550823,18.13190789068974,0.7354163743849594,0.021848749955800884,0.01785616449177141
2239.432,17.45436411,2.472153675930308,17.439089078552612,17.44301533277217,18.132554910287556,0.7351392736354908,0.015275031447387732,0.011348777227830453
2239.914,17.43625462,2.4722005668451326,17.44296794553933,17.44682597211654,18.133201682799115,0.734862227223098,-0.006713325539330128,-0.010571352116539146
2240.396,17.46439322,2.472247424271783,17.446943166545548,17.450731108784463,18.133848208296943,0.7345852351477811,0.017450053454453496,0.013662111215538175
2240.878,17.48186789,2.472294248241682,17.451014183687892,17.454730225603768,18.13449448685359,0.7343082974095402,0.03085370631210793,0.027137664396231997
2241.36,17.47390507,2.4723410387862175,17.455180425750957,17.45882279305619,18.135140518541586,0.7340314140083751,0.018724644249044076,0.015082276943811479
2241.843,17.49188711,2.4723878929085834,17.459450246253144,17.463017049104792,18.13578764297967,0.7337540106666114,0.03243686374685595,0.028870060895208383
2242.325,17.48103249,2.4724346166272198,17.46380536613671,17.467295071261184,18.13643318063619,0.7334772360523307,0.017227123863289506,0.013737418738816842
2242.807,17.49367186,2.4724813070144993,17.46825391697553,17.471664880943553,18.137078471641836,0.7332005157751257,0.025417943024468315,0.022006979056445886
2243.289,17.48983048,2.472527964101662,17.472795275161577,17.47612589994218,18.13772351606914,0.7329238498349964,0.01703520483842169,0.013704580057819271
2243.771,17.51154717,2.4725745879199135,17.477428804245097,17.48067753806686,18.13836831399065,0.7326472382319432,0.034118365754903124,0.03086963193313963
2244.253,17.50564795,2.4726211785004226,17.4821538550379,17.48531919322383,18.139012865478897,0.7323706809659659,0.023494094962099865,0.020328756776169854
2244.735,17.50187293,2.472667735874322,17.486969765718477,17.490050251494086,18.139657170606423,0.7320941780370643,0.014903164281523829,0.011822678505915007
2245.217,17.50672814,2.4727142600727086,17.491875861938748,17.494870087212885,18.140301229445768,0.7318177294452388,0.014852278061251667,0.01185805278711527
2245.699,17.51888952,2.4727607511266427,17.496871456932567,17.4997780630506,18.140945042069472,0.7315413351904891,0.02201806306743137,0.019111456949399752
2246.182,17.5047478,2.4728073054185185,17.501966491978255,17.504783984624968,18.141589943494427,0.7312644220099674,0.0027813080217455877,-3.618462496746133e-05
2246.664,17.52068428,2.4728537302079827,17.507139157109282,17.50986646191633,18.142233263394022,0.7309881365421017,0.01354512289071863,0.01081781808366955
2247.146,17.53391541,2.472900121946025,17.5123991858038,17.515035096770266,18.14287633729574,0.7307119054113121,0.021516224196197697,0.018880313229733048
2247.628,17.50957844,2.4729464806635626,17.517745842716987,17.520289206008087,18.143519165272124,0.7304357286175984,-0.008167402716988903,-0.010710766008088513
2248.11,17.5169816,2.472992806391477,17.523178380653494,17.525628095209754,18.144161747395714,0.7301596061609605,-0.00619678065349305,-0.008646495209752914
2248.592,17.53575828,2.473039099160613,17.528696040685837,17.531051058802355,18.14480408373905,0.7298835380413987,0.0070622393141626105,0.004707221197644884
2249.074,17.55689925,2.473085359001781,17.534298052274256,17.53655738014989,18.145446174374666,0.7296075242589125,0.02260119772574498,0.020341869850110328
2249.556,17.54215868,2.4731315859457546,17.539983633388218,17.542146331644293,18.14608801937511,0.7293315648135023,0.00217504661178225,1.2348355706848224e-05
2250.039,17.5556714,2.473177875827465,17.54576404366473,17.547829024640638,18.14673094967687,0.7290550873444139,0.00990735633527251,0.007842375359363274
2250.521,17.55312193,2.473224037001139,17.551614541612537,17.553581177737914,18.147372303115336,0.728779236685888,0.0015073883874627825,-0.0004592477379148363
2251.003,17.57492777,2.473270165369793,17.557546193583008,17.559413711666952,18.148013411136393,0.7285034403644378,0.017381576416990896,0.015514058333046421
2251.485,17.56673387,2.4733162609640575,17.563558172804726,17.565325855845092,18.148654273812582,0.7282276983800636,0.0031756971952745516,0.0014080141549079883
2251.967,17.57654362,2.4733623238145306,17.569649641645725,17.57131682919189,18.149294891216442,0.7279520107327653,0.006893978354273855,0.005226790808109172
2252.449,17.57482271,2.473408353951773,17.575819751743808,17.577385840227684,18.14993526342051,0.7276763774225428,-0.0009970417438083246,-0.002563130227684951
2252.931,17.59008864,2.473454351406311,17.582067644138448,17.583532087173445,18.150575390497327,0.7274007984493962,0.00802099586155336,0.006556552826555873
2253.413,17.58526758,2.4735003162086358,17.5883924494039,17.589754758051836,18.151215272519433,0.7271252738133256,-0.0031248694039014424,-0.0044871780518356275
2253.896,17.59400572,2.473546343650295,17.5948066459521,17.596066175757826,18.15185623635256,0.7268492320556706,-0.0008009259521024603,-0.0020604557578280946
2254.378,17.61150753,2.473592243171941,17.601282782462224,17.602439372541394,18.15249562797483,0.7265738162064841,0.01022474753777658,0.009068157458607118
2254.86,17.63012104,2.4736381101326983,17.60783316025,17.60888649540822,18.15313477476015,0.7262984546943735,0.022287879749999462,0.02123454459177765
2255.342,17.64535918,2.473683944562919,17.61445686936791,17.615406692603198,18.153773676781068,0.7260231475193388,0.030902310632090035,0.029952487396801786
2255.824,17.6265208,2.473729746492917,17.62115299008985,17.621999102697103,18.154412334110123,0.72574789468138,0.005367809910151067,0.004521697302898531
2256.306,17.62458422,2.473775515952974,17.62792059305227,17.6286628546951,18.155050746819853,0.7254726961804969,-0.003336373052270858,-0.004078634695101613
2256.788,17.64590215,2.4738212529733357,17.63475873939664,17.635397068146464,18.155688914982797,0.7251975520166898,0.011143410603359882,0.01050508185353749
2257.27,17.65387503,2.4738669575842125,17.641666480913013,17.642200853255478,18.156326838671493,0.7249224621899586,0.012208549086984988,0.011674176744520537
2257.752,17.66604965,2.4739126298157808,17.64864286018496,17.649073310993625,18.15696451795848,0.7246474267003032,0.01740678981504118,0.016976339006376406
2258.235,17.66520078,2.473958364353129,17.655701594617256,17.656028001820438,18.157603275141543,0.7243718751038902,0.009499185382743747,0.009172778179561192
2258.717,17.68504591,2.474003971849449,17.662812478409453,17.66303520909579,18.158240465336057,0.724096948401119,0.02223343159054636,0.022010700904210978
2259.199,17.66800083,2.4740495470568438,17.66998907188407,17.670108335726933,18.15887741134663,0.7238220760354239,-0.0019882418840708738,-0.0021075057269328568
2259.681,17.68109075,2.47409509000535,17.677230382252755,17.677246446881593,18.159514113245805,0.7235472580068045,0.0038603677472437425,0.0038443031184058896
2260.163,17.68200749,2.4741406007249704,17.684535408262466,17.684448599073708,18.16015057110612,0.723272494315261,-0.002527918262465789,-0.002441109073707537
2260.645,17.66552281,2.4741860792456736,17.691903140347222,17.6917138402828,18.160786785000113,0.7229977849607934,-0.02638033034722298,-0.026191030282802785
2261.127,17.68824735,2.4742315255973937,17.699332560780682,17.699041210074494,18.161422755000327,0.7227231299434017,-0.011085210780681365,-0.010793860074493011
2261.609,17.72547097,2.4742769398100304,17.70682264382992,17.70642973972226,18.162058481179297,0.7224485292630858,0.018648326170080054,0.01904123027773963
2262.092,17.69381412,2.474322416033833,17.71438808047627,17.713893967968897,18.16269528178452,0.7221734133781064,-0.020573960476269804,-0.020079847968897724
2262.573,17.70788973,2.474367671937479,17.721980655740058,17.72138636295722,18.163329202363673,0.7218994909136817,-0.014090925740056548,-0.013496632957217258
2263.056,17.70339789,2.474413083899318,17.729662457809106,17.728968235888996,18.163965514678306,0.721624483928319,-0.026264567809104022,-0.025570345888993984
2263.538,17.70842187,2.4744583697875293,17.73738489537596,17.73659167381292,18.164600265792526,0.721350100709039,-0.02896302537596185,-0.028169803812922112
2264.02,17.71509528,2.4745036236857016,17.74516275002953,17.744271305818938,18.165234773448354,0.7210757718268351,-0.03006747002952892,-0.029176025818937745
2264.502,17.73638311,2.4745488456235303,17.752994951265052,17.75200611603292,18.165869037718327,0.720801497281707,-0.01661184126505333,-0.015623006032921438
2264.984,17.75013221,2.4745940356306737,17.760880421674177,17.75979508117327,18.166503058674984,0.7205272770736547,-0.010748211674176389,-0.009662871173269139
2265.466,17.76590609,2.47463919373676,17.768818077106133,17.767637170681827,18.167136836390863,0.7202531112026783,-0.002911987106131164,-0.0017310806818251478
2265.948,17.73683439,2.4746843199713795,17.77680682682949,17.775531346855836,18.167770370938502,0.7199789996687778,-0.039972436829490476,-0.03869695685583707
2266.43,17.78547992,2.474729414364091,17.784845573694966,17.783476564981154,18.168403662390446,0.7197049424719532,0.000634346305034228,0.00200335501884652
2266.913,17.78766602,2.4747745704022015,17.792950043692407,17.79148841226779,18.16903802394514,0.719430371198024,-0.005284023692407658,-0.003822392267789354
2267.395,17.79464012,2.4748196011337273,17.801085566520598,17.79953265319411,18.169670828919337,0.7191564227880836,-0.006445446520597642,-0.004892533194109205
2267.877,17.77466835,2.4748646001118773,17.809267755853604,17.80762475899272,18.170303391015604,0.7188825287152192,-0.03459940585360499,-0.03295640899272101
2268.359,17.79685529,2.474909567366075,17.817495490500548,17.81576365824405,18.170935710306477,0.7186086889794304,-0.020640200500547934,-0.018908368244051843
2268.841,17.81972287,2.474954502925709,17.825767643677434,17.82394827319952,18.1715677868645,0.7183349035807177,-0.006044773677434279,-0.004225403199519917
2269.323,17.82014196,2.4749994068201353,17.834083083174058,17.832177519921185,18.172199620762214,0.7180611725190807,-0.013941123174056713,-0.012035559921184102
2269.805,17.82931944,2.4750442790786757,17.842440671521523,17.840450308422504,18.172831212072154,0.7177874957945198,-0.013121231521523669,-0.011130868422505102
2270.287,17.84556207,2.475089119730619,17.850839266160456,17.848765542810007,18.173462560866863,0.7175138734070345,-0.005277196160456299,-0.003203472810007213
2270.77,17.83113025,2.4751340217372997,17.859295267408978,17.85713950093615,18.174094976316187,0.7172397378445391,-0.028165017408976922,-0.026009250936148476
2271.252,17.8497497,2.4751787991983565,17.867772506537623,17.86553639882725,18.17472583979528,0.7169662242439381,-0.01802280653762267,-0.015786698827248813
2271.734,17.85214502,2.475223545140541,17.876287293021335,17.873972418601422,18.175356460976907,0.7166927649804131,-0.024142273021336536,-0.02182739860142391
2272.216,17.85688432,2.475268259593007,17.88483846562193,17.882446442164582,18.175986839933614,0.7164193600539639,-0.027954145621929882,-0.0255621221645832
2272.698,17.86705779,2.4753129425848766,17.8934248588598,17.890957346240114,18.176616976737932,0.7161460094645907,-0.026367068859798337,-0.02389955624011364
2273.18,17.86510356,2.4753575941452373,17.902045303185048,17.899504002516508,18.1772468714624,0.7158727132122933,-0.036941743185046505,-0.03440044251650676
2273.662,17.89250886,2.475402214303145,17.910698625149127,17.908085277796214,18.17787652417957,0.7155994712970717,-0.018189765149127624,-0.01557641779621477
2274.144,17.88757436,2.4754468030876193,17.919383647576762,17.916700034145233,18.178505934961965,0.715326283718926,-0.03180928757676327,-0.02912567414523437
2274.626,17.87893009,2.4754913605276507,17.92809918973846,17.925347129043878,18.17913510388214,0.715053150477856,-0.049169099738460176,-0.046417039043877395
2275.109,17.90665903,2.475535978997513,17.936862240094143,17.93404345190763,18.179765335589398,0.7147795050766027,-0.030203210094143174,-0.02738442190763024
2275.591,17.89444721,2.4755804737706106,17.945635323344575,17.94275183988686,18.180394020501318,0.7145064806224171,-0.05118811334457618,-0.048304629886860795
2276.073,17.92003012,2.475624937286091,17.954435362070633,17.951489110460972,18.181022463768777,0.7142335105053074,-0.034405242070633335,-0.03145899046097256
2276.555,17.92929415,2.475669369572811,17.963261163050078,17.96025410428394,18.181650665464314,0.7139605947252736,-0.0339670130500771,-0.03095995428394005
2277.037,17.92105346,2.475713770659595,17.972111530373194,17.969045658191057,18.182278625660473,0.7136877332823156,-0.05105807037319465,-0.047992198191057156
2277.519,17.93801892,2.4757581405752322,17.980985265616894,17.97786260535502,18.18290634442979,0.7134149261764335,-0.042966345616893165,-0.03984368535502014
2278.001,17.93823162,2.475802479348481,17.989881168019036,17.986703775442813,18.1835338218448,0.7131421734076272,-0.05164954801903576,-0.04847215544281269
2278.483,17.96148602,2.4758467870080674,17.9987980346528,17.995567994773353,18.184161057978052,0.7128694749758968,-0.03731201465280165,-0.03408197477335406
2278.966,17.98345994,2.4758911554105025,18.007753221021865,18.00447254426907,18.184789353470737,0.712596265286077,-0.024293281021865454,-0.021012604269071034
2279.448,18.00275935,2.4759354008644032,18.016708436787923,18.013379370144634,18.18541610675787,0.712323675641231,-0.013949086787921061,-0.010620020144632036
2279.93,17.99759153,2.4759796152906794,18.025680994254778,18.02230570326329,18.186042618981013,0.7120511403334607,-0.02808946425477643,-0.02471417326328762
2280.412,17.99484415,2.4760237987179248,18.034669683580855,18.031250358138944,18.186668890212697,0.7117786593627665,-0.03982553358085639,-0.03640620813894557
2280.894,18.00229107,2.4760679511747012,18.04367329363402,18.04021214673806,18.187294920525463,0.711506232729148,-0.04138222363402022,-0.037921076738062
2281.376,18.03172919,2.476112072689538,18.052690612166575,18.049189878641833,18.187920709991857,0.7112338604326052,-0.02096142216657526,-0.017460688641833144
2281.858,18.03973157,2.4761561632909324,18.061720425990085,18.05818236120933,18.18854625868441,0.7109615424731385,-0.021988855990084488,-0.0184507912093288
2282.34,18.03303157,2.4762002230073485,18.070761521150327,18.06718839974114,18.18917156667567,0.7106892788507476,-0.037729951150328844,-0.03415682974114276
2282.823,18.04957074,2.476244343181345,18.079831471067916,18.076225520029375,18.18979793060834,0.7104165048723615,-0.030260731067915714,-0.026654780029375047
2283.305,18.04742496,2.476288341149139,18.088891501951174,18.08525510088924,18.190422756915616,0.7101443500368549,-0.0414665419511735,-0.03783014088923764
2283.787,18.06628113,2.4763323083172133,18.097959166939855,18.09429464042061,18.19104734273936,0.7098722495384242,-0.03167803693985505,-0.028013510420610288
2284.269,18.06270049,2.4763762447139026,18.10703325076364,18.103342937337775,18.19167168815212,0.7096002033770694,-0.04433276076363768,-0.040642447337774
2284.751,18.07736906,2.47642015036751,18.11611253825974,18.112398789125212,18.192295793226425,0.7093282115527901,-0.03874347825973956,-0.035029729125213294
2285.233,18.0793393,2.476464025306307,18.12519581454705,18.12146099220502,18.19291965803482,0.7090562740655871,-0.045856514547050864,-0.04212169220501849
2285.715,18.08623407,2.476507869558531,18.1342818652001,18.130528342104935,18.193543282649845,0.7087843909154599,-0.04804779520010172,-0.04429427210493486
2286.197,18.09733402,2.47655168315239,18.14336947642275,18.13959963362693,18.194166667144035,0.7085125621024084,-0.04603545642275009,-0.04226561362692749
2286.679,18.11513733,2.476595466116058,18.15245743522166,18.14867366101621,18.19478981158993,0.708240787626433,-0.03732010522166007,-0.03353633101621156
2287.162,18.09693521,2.476639309218421,18.161563380733547,18.15776804784083,18.195414008143594,0.7079685038092888,-0.06462817073354543,-0.06083283784082738
2287.644,18.1289745,2.476683030942702,18.17064839421835,18.166843927738615,18.196036672212877,0.7076968381201975,-0.04167389421834855,-0.037869427738613126
2288.126,18.11907926,2.476726722121183,18.179730120338498,18.17591892209413,18.196659096451633,0.707425226768182,-0.06065086033849809,-0.056839662094130716
2288.608,18.1051134,2.4767703827819108,18.188807351043682,18.184991824626287,18.1972812809324,0.7071536697532425,-0.08369395104368138,-0.07987842462628691
2289.09,18.13675794,2.476814012952901,18.197878879949354,18.194061429349926,18.197903225727725,0.7068821670753788,-0.061120939949354636,-0.057303489349926906
2289.572,18.12583344,2.4768576126621373,18.206943502508103,18.20312653074741,18.19852493091014,0.7066107187345911,-0.08111006250810249,-0.07729309074741053
2290.054,18.11766266,2.476901181937571,18.21600001618061,18.212185923940716,18.19914639655219,0.7063393247308793,-0.09833735618061112,-0.0945232639407152
2290.536,18.11737758,2.4769447208071225,18.2250472206062,18.221238404863733,18.199767622726412,0.7060679850642433,-0.10766964060620055,-0.10386082486373382
2291.019,18.1375723,2.476988319533702,18.234102654355183,18.230301525408958,18.200389897610854,0.7057961369585326,-0.09653035435518476,-0.09272922540895934
2291.5,18.11561305,2.4770317074401023,18.24310891218682,18.239317818730314,18.201009356961528,0.7055254687421989,-0.1274958621868194,-0.12370476873031322
2291.983,18.11941936,2.477075245368415,18.25213969411116,18.248361060483344,18.201631152280275,0.7052537295361048,-0.13272033411116269,-0.1289417004833453
2292.465,18.1283515,2.477118662830186,18.261137676997894,18.25737384839694,18.20225142081243,0.7049826073305048,-0.13278617699789308,-0.1290223483969406
2292.947,18.12796214,2.4771620500252585,18.270120384988136,18.266373719458326,18.20287145023961,0.7047115394619805,-0.1421582449881349,-0.1384115794583245
2293.429,18.1297028,2.4772054069813656,18.279086634352467,18.275359478111568,18.203491240634346,0.7044405259305324,-0.1493838343524665,-0.14565667811156757
2293.911,18.12545463,2.4772487337262064,18.288035244719424,18.284329930826477,18.20411079206918,0.70416956673616,-0.16258061471942398,-0.15887530082647672
2294.393,18.10819152,2.477292030287449,18.29696503924158,18.293283886272725,18.204730104616647,0.7038986618788635,-0.18877351924158248,-0.18509236627272685
2294.875,18.1129471,2.4773352966927304,18.305874844760954,18.302220155493945,18.205349178349294,0.7036278113586428,-0.1929277447609543,-0.18927305549394546
2295.357,18.13454447,2.477378532969657,18.31476349197367,18.311137552081938,18.20596801333966,0.7033570151754981,-0.18021902197367012,-0.17659308208193636
2295.84,18.13130573,2.4774218287539025,18.32364818644472,18.32005332989498,18.206587892807086,0.7030857116808374,-0.19234245644472026,-0.18874759989497747
2296.322,18.13356452,2.477465004794448,18.332490975440805,18.328929387770142,18.20720625003556,0.702815024284577,-0.19892645544080523,-0.19536486777014161
2296.804,18.12797806,2.477508150789326,18.341309120584288,18.33778302837887,18.20782436873952,0.7025443912253923,-0.21333106058428797,-0.20980496837886875
2297.286,18.11593206,2.4775512667660182,18.35010146962981,18.346613077254887,18.208442248991503,0.7022738125032836,-0.2341694096298106,-0.23068101725488788
2297.768,18.13681051,2.4775943527519746,18.358866874998817,18.355418363351475,18.209059890864047,0.7020032881182507,-0.2220563649988172,-0.21860785335147526
2298.25,18.13228677,2.477637408774615,18.36760419393976,18.364197719215337,18.209677294429692,0.7017328180702938,-0.23531742393975819,-0.23191094921533661
2298.732,18.14975754,2.4776804348613273,18.376312288687267,18.37294998116059,18.21029445976098,0.7014624023594125,-0.226554748687267,-0.22319244116059167
2299.214,18.14691448,2.4777234310394696,18.38499002662061,18.381673989442316,18.21091138693045,0.7011920409856073,-0.23807554662061037,-0.23475950944231627
2299.697,18.16532252,2.47776648644702,18.393654185200134,18.39038659564689,18.211529355201126,0.7009211732023802,-0.22833166520013393,-0.22506407564689113
2400.459,18.58261171,2.486132335446269,18.57917475365092,18.576580590996794,18.335332667947263,0.6456065608375666,0.003436956349077036,0.006031119003203855
2400.941,18.5859259,2.486169585810916,18.572521153304894,18.569863205324214,18.33590095383084,0.6453476674050832,0.013404746695105274,0.01606269467578514
2401.423,18.57533007,2.486206811433001,18.56583973938566,18.56311963758345,18.336469016934704,0.6450888283096755,0.009490330614340792,0.0122104324165484
2401.905,18.54994018,2.486244012334162,18.55913156363306,18.556350971768392,18.33703685733139,0.6448300435513435,-0.009191383633059047,-0.006410791768391988
2402.387,18.57555673,2.4862811885360117,18.55239768061563,18.549558293707694,18.33760447509344,0.6445713131300875,0.023159049384368302,0.025998436292304916
2402.869,18.53617133,2.486318340060143,18.545639147578047,18.542742690895942,18.338171870293387,0.6443126370459076,-0.00946781757804871,-0.006571360895943457
2403.352,18.55679483,2.486355543929205,18.538842929707762,18.535891044826176,18.33874021947942,0.6440534787956455,0.01795190029223903,0.020903785173825185
2403.834,18.54702317,2.4863926461114914,18.532038232672004,18.529032818912764,18.339307169311418,0.6437949114983497,0.014984937327994885,0.017990351087235013
2404.316,18.52269413,2.486429723680738,18.525212074090035,18.522154941312362,18.339873896799084,0.6435363985381298,-0.002517944090033808,0.0005391886876395802
2404.798,18.53771376,2.4864667766584434,18.518365520386784,18.515258504506317,18.340440402014963,0.6432779399149857,0.019348239613215412,0.022455255493682102
2405.28,18.52621553,2.486503805066082,18.511499639897803,18.508344601804293,18.34100668503159,0.6430195356289173,0.01471589010219887,0.017870928195709013
2405.762,18.51143773,2.486540808925108,18.504615502715815,18.50141432717827,18.341572745921507,0.6427611856799251,0.0068222272841858,0.010023402821730087
2406.244,18.52766872,2.48657778825695,18.49771418053703,18.4944687750971,18.342138584757244,0.6425028900680086,0.02995453946297033,0.03319994490290057
2406.726,18.50619624,2.4866147430830137,18.490796746507552,18.487509040361626,18.34270420161135,0.6422446487931682,0.015399493492449068,0.018687199638375063
2407.208,18.481579,2.486651673424684,18.48386427506955,18.48053621794038,18.343269596556368,0.6419864618554034,-0.002285275069549897,0.001042782059620606
2407.691,18.48965879,2.48668865584612,18.476903416353647,18.473536899781394,18.343835941992594,0.6417277937663833,0.012755373646353263,0.01612189021860644
2408.173,18.46719111,2.486725537232375,18.46994407222739,18.466541165275565,18.344400892877022,0.6414697156155028,-0.002752962227386746,0.0006499447244365797
2408.655,18.47110266,2.4867623941982937,18.46297292249387,18.459535629632917,18.344965622070124,0.6412116918016981,0.008129737506131107,0.01156703036708251
2409.137,18.46028772,2.4867992267651684,18.455991045243046,18.452521386861857,18.345530129644438,0.6409537223249695,0.004296674756954388,0.007766333138143011
2409.619,18.44712814,2.486836034954268,18.44899951909184,18.445499530326757,18.346094415672507,0.6406958071853167,-0.001871379091838321,0.0016286096732436306
2410.101,18.44885199,2.4868728187868396,18.441999423030428,18.438471152587777,18.346658480226868,0.6404379463827397,0.0068525669695738145,0.010380837412224508
2410.583,18.44586836,2.4869095782841066,18.434991836268797,18.431437345241648,18.347222323380063,0.6401801399172388,0.01087652373120207,0.014431014758351068
2411.065,18.42776462,2.48694631346727,18.42797783808325,18.42439919876305,18.347785945204624,0.6399223877888135,-0.00021321808324969993,0.003365421236949828
2411.548,18.41710015,2.486983100495943,18.420943939942696,18.41734319101724,18.348350514424002,0.6396641554112269,-0.003843789942695963,-0.00024304101723870986
2412.03,18.41405224,2.487019787064078,18.41392034853443,18.410299629065783,18.348913693350113,0.6394065120696858,0.00013189146557124332,0.003752610934217415
2412.512,18.41260096,2.4870564493816207,18.406893584634364,18.40325499335273,18.349476651165368,0.6391489230652206,0.005707375365634704,0.009345966647270387
2412.994,18.40395202,2.487093087469681,18.399864726251753,18.39621036829249,18.3500393879423,0.6388913883978315,0.0040872937482454574,0.007741651707508623
2413.476,18.3874125,2.4871297013493483,18.39283485069725,18.389166836397315,18.350601903753446,0.6386339080675182,-0.00542235069724839,-0.0017543363973153703
2413.958,18.37064395,2.487166291041687,18.38580503443065,18.382125478124124,18.351164198671356,0.6383764820742807,-0.01516108443064823,-0.011481528124122065
2414.44,18.36806589,2.48720285656774,18.378776352908933,18.375087371722163,18.35172627276856,0.6381191104181192,-0.010710462908932072,-0.007021481722162548
2414.922,18.35303812,2.487239397948529,18.371749880434447,18.36805359308172,18.352288126117596,0.6378617930990335,-0.01871176043444578,-0.0150154730817178
2415.405,18.34841169,2.487275990941931,18.364712123224425,18.36101064024549,18.35285092377469,0.6376039964328801,-0.016300433224426314,-0.01259895024548996
2415.887,18.34084911,2.4873124840451766,18.35769329652176,18.35398874915078,18.35341233538741,0.6373467879006787,-0.016844186521758786,-0.013139639150779203
2416.369,18.33957698,2.4873489530661272,18.350679895551746,18.3469744000493,18.353973526469737,0.6370896337055532,-0.011102915551745696,-0.007397420049301218
2416.851,18.33812753,2.487385398025715,18.343672988484087,18.339968657896325,18.35453449709421,0.6368325338475035,-0.005545458484085941,-0.0018411278963235134
2417.333,18.33312808,2.4874218189448474,18.336673641580106,18.332972584546667,18.355095247333363,0.6365754883265297,-0.0035455615801041063,0.0001554954533347086
2417.815,18.31699194,2.4874582158444105,18.329682919043265,18.325987238609596,18.35565577725974,0.6363184971426317,-0.01269097904326344,-0.008995298609594471
2418.297,18.32859892,2.4874945887452693,18.322701882869964,18.319013675304852,18.35621608694588,0.6360615602958096,0.005897037130036864,0.009585244695148987
2418.779,18.3170201,2.4875309376682644,18.315731592701034,18.312052946319838,18.356776176464326,0.6358046777860634,0.001288507298966124,0.004967153680162539
2419.261,18.29753854,2.487567262634216,18.308773105673442,18.305106099667896,18.357336045887607,0.6355478496133931,-0.0112345656734405,-0.00756755966789413
2419.744,18.2882151,2.4876036389523937,18.30181308034875,18.298159814209136,18.357896856157954,0.6352905431084818,-0.013597980348752259,-0.009944714209137118
2420.226,18.27657508,2.487639916017032,18.294881390210502,18.291243895070092,18.35845628515228,0.6350338237226957,-0.018306310210501664,-0.014668815070091767
2420.708,18.28638596,2.4876761691869955,18.287964660300393,18.28434498100541,18.359015494269222,0.6347771586739855,-0.0015787003003921996,0.0020409789945894374
2421.19,18.28891048,2.487712398483015,18.281063936262242,18.277464103929443,18.35957448358131,0.6345205479623511,0.007846543737755951,0.01144637607055543
2421.672,18.26562333,2.4877486039257994,18.274180260502895,18.270602291391157,18.360133253161084,0.6342639915877927,-0.008556930502894744,-0.004978961391156389
2422.154,18.25191475,2.487784785536035,18.267314672047267,18.263760566439686,18.360691803081085,0.6340074895503102,-0.01539992204726559,-0.011845816439684853
2422.636,18.26620484,2.4878209433343867,18.26046820639413,18.25693994749079,18.361250133413854,0.6337510418499034,0.005736633605870622,0.009264892509211364
2423.118,18.26396172,2.4878570773414976,18.2536418953725,18.250141448194842,18.361808244231934,0.6334946484865726,0.010319824627501362,0.013820271805158768
2423.601,18.2428073,2.4878932624707963,18.246822671205468,18.243352045258963,18.362367292830783,0.6332377776930947,-0.0040153712054689095,-0.0005447452589635304
2424.083,18.23597404,2.4879293489080134,18.2400397966745,18.2366008576119,18.36292496438204,0.6329814931166481,-0.00406575667449971,-0.0006268176119021973
2424.565,18.23467531,2.4879654116158294,18.23328015092921,18.22987480274051,18.36348241663637,0.6327252628772774,0.0013951590707890205,0.004800507259488995
2425.047,18.23610461,2.4880014506147985,18.226544749688095,18.223174873926606,18.364039649666317,0.6324690869749826,0.009559860311906476,0.012929736073395759
2425.529,18.20653462,2.4880374659254554,18.21983460429179,18.21650205904479,18.364596663544418,0.6322129654097636,-0.013299984291791134,-0.009967439044789472
2426.011,18.20284066,2.48807345756831,18.213150721563828,18.20985734043807,18.365153458343208,0.6319568981816205,-0.010310061563828299,-0.007016680438070466
2426.493,18.1980941,2.4881094255638527,18.20649410367196,18.203241694794773,18.365710034135233,0.6317008852905532,-0.008400003671962253,-0.005147594794774335
2426.975,18.1796493,2.488145369932552,18.19986574799044,18.19665609302677,18.36626639099303,0.6314449267365618,-0.02021644799043898,-0.017006793026769884
2427.458,18.20375918,2.4881813651947313,18.19325298697803,18.190087934308607,18.366823682574946,0.6311884916545176,0.010506193021967647,0.01367124569139122
2427.939,18.18800093,2.4882171878711805,18.18669778796685,18.183578875160627,18.36737844819609,0.6309331726398067,0.0013031420331515164,0.004422054839373857
2428.422,18.16405247,2.488253135884034,18.18014662275545,18.177075741688896,18.36793530136471,0.6306768464573793,-0.016094152755449898,-0.013023271688894056
2428.904,18.15196817,2.488288985900774,18.1736412568297,18.170619976068725,18.36849078275744,0.630421105364424,-0.021673086829700594,-0.018651806068724852
2429.386,18.15077624,2.4883248123927264,18.167169065327663,18.16419902001252,18.36904604557879,0.6301654186085445,-0.01639282532766373,-0.013422780012522395
2429.868,18.15338119,2.488360615380229,18.16073101400397,18.157813807278135,18.369601089901295,0.6299097861897409,-0.00734982400397044,-0.004432617278133932
2430.35,18.14013085,2.4883963948835985,18.154328062878825,18.151465265032193,18.370155915797497,0.6296542081080131,-0.014197212878826804,-0.011334415032195011
2430.832,18.1397582,2.488432150923129,18.147961166107137,18.145154313739276,18.37071052333994,0.6293986843633612,-0.00820296610713811,-0.005396113739276842
2431.314,18.12231224,2.4884678835190943,18.14163127184873,18.138881867052355,18.371264912601156,0.6291432149557852,-0.019319031848731072,-0.01656962705235543
2431.796,18.12346817,2.488503592691746,18.135339322139547,18.1326488317048,18.371819083653687,0.6288877998852851,-0.011871152139548258,-0.00918066170480003
2432.279,18.12275021,2.4885393524738677,18.12907332065265,18.126443301951568,18.37237418562328,0.6286319094142913,-0.006323110652651565,-0.003693091951568306
2432.761,18.12976146,2.488575014812071,18.12286014457041,18.12029186767979,18.37292792002372,0.6283766031306753,0.006901315429590937,0.009469592320211717
2433.243,18.12053171,2.4886106537876294,18.116687703036416,18.114182524199098,18.373481436433245,0.6281213511841353,0.0038440069635861107,0.006349185800903712
2433.725,18.11638716,2.488646269420709,18.11055691230891,18.108116149496194,18.37403473492439,0.6278661535746712,0.005830247691090307,0.008271010503804632
2434.207,18.09793783,2.4886818617314543,18.104468681893128,18.102093614118697,18.3745878155697,0.6276110103022828,-0.006530851893128187,-0.0041557841186978806
2434.689,18.07724332,2.4887174307399893,18.09842391441857,18.096115781075422,18.375140678441714,0.6273559213669706,-0.021180594418570564,-0.0188724610754214
2435.171,18.0919501,2.488752976466416,18.092423505517544,18.09018350573821,18.37569332361296,0.627100886768734,-0.0004734055175461549,0.001766594261788157
2435.653,18.08215663,2.488788498930815,18.08646834370475,18.084297635745198,18.376245751155995,0.6268459065075733,-0.004311713704751696,-0.0021410057451980435
2436.135,18.07599323,2.488823998153246,18.080559310257986,18.07845901090546,18.376797961143346,0.6265909805834884,-0.004566080257983884,-0.0024657809054566826
2436.618,18.06758146,2.488859547731283,18.074685166670697,18.072656500069236,18.3773510986342,0.6263355802737366,-0.007103706670697818,-0.005075040069236536
2437.1,18.05456927,2.4888950004817567,18.068871104460314,18.066914955483742,18.377902873276827,0.626080763136536,-0.014301834460315632,-0.012345685483744262
2437.582,18.05951063,2.4889304300503556,18.063105771626137,18.06122312925628,18.378454430581538,0.6258260003364114,-0.0035951416261390534,-0.0017124992562820296
2438.064,18.03470484,2.4889658364570546,18.057390019312464,18.055581828937722,18.37900577062088,0.6255712918733627,-0.0226851793124645,-0.020876988937722274
2438.546,18.03987138,2.4890012197218083,18.05172469084742,18.049991853794474,18.379556893467388,0.6253166377473899,-0.011853310847417475,-0.010120473794472673
2439.028,18.02349724,2.4890365798645484,18.046110621630813,18.044453994721717,18.380107799193603,0.6250620379584928,-0.022613381630812057,-0.02095675472171621
2439.51,18.03858853,2.4890719169051874,18.040548639023122,18.038969034158036,18.38065848787206,0.6248074925066714,-0.0019601090231233798,-0.0003805041580378088
2439.992,18.01859498,2.4891072308636155,18.035039562235838,18.033537746001684,18.381208959575307,0.624553001391926,-0.016444582235838112,-0.01494276600168476
2440.475,18.01507167,2.48914259495337,18.029572940445245,18.02814979735068,18.381760355757926,0.6242980367936078,-0.014501270445244074,-0.013078127350677704
2440.957,18.00757583,2.4891778627591794,18.024172213735124,18.022828256422347,18.38231039327858,0.6240436544657468,-0.01659638373512351,-0.015252426422346588
2441.439,18.00807033,2.4892131075423656,18.018826802146044,18.017562659078386,18.382860214041784,0.6237893264749618,-0.010756472146045581,-0.009492329078387485
2441.921,17.97902458,2.4892483293227348,18.01353749120366,18.01235374422676,18.383409818120082,0.6235350528212525,-0.03451291120365951,-0.033329164226760355
2442.403,17.99829317,2.489283528120074,18.00830505775496,18.00720224183694,18.383959205586013,0.623280833504619,-0.010011887754959758,-0.00890907183693912
2442.885,17.97798268,2.489318703954147,18.00313026986634,18.00210887286467,18.384508376512116,0.6230266685250613,-0.02514758986633936,-0.02412619286467077
2443.367,17.99853733,2.4893538568446987,17.998013886722987,17.997074349178074,18.385057330970927,0.6227725578825796,0.0005234432770144792,0.0014629808219268625
2443.849,17.97368322,2.489388986811453,17.99295665852965,17.992099373485225,18.385606069034992,0.6225185015771738,-0.019273438529648246,-0.018416153485222964
2444.332,17.96438352,2.489424166686546,17.98794902127494,17.98717450581618,18.386155728563942,0.6222639726902891,-0.02356550127494117,-0.022790985816182996
2444.814,17.95410869,2.4894592508173337,17.98301244372484,17.98232082434778,18.386704033607547,0.6220100251717675,-0.02890375372483689,-0.028212134347779028
2445.296,17.96914801,2.4894943120834103,17.978137218374137,17.977528744724356,18.38725212247417,0.621756131990322,-0.008989208374135416,-0.008380734724354966
2445.778,17.95105598,2.4895293505044154,17.97332405852141,17.972798932298293,18.387799995236353,0.6215022931459521,-0.022268078521410217,-0.02174295229829326
2446.26,17.95025412,2.4895643660999696,17.968573668009157,17.968132042920917,18.388347651966633,0.621248508638658,-0.01831954800915625,-0.017877922920916944
2446.742,17.95233482,2.4895993588896714,17.963886741132974,17.96352872287859,18.388895092737553,0.6209947784684399,-0.01155192113297332,-0.011193902878588347
2447.224,17.94374868,2.4896343288930995,17.959263962552132,17.958989608830173,18.38944231762164,0.6207411026352978,-0.015515282552133414,-0.015240928830174028
2447.706,17.94007752,2.4896692761298116,17.95470600720164,17.954515327745902,18.38998932669145,0.6204874811392315,-0.014628487201640894,-0.014437807745903086
2448.188,17.93529871,2.489704200619345,17.950213540205752,17.9501064968477,18.39053612001951,0.620233913980241,-0.014914830205750462,-0.014807786847697457
2448.671,17.94023384,2.4897391747678994,17.945778102754733,17.94575478273057,18.391083831432773,0.6199798752545983,-0.005544262754732188,-0.0055209427305698
2449.153,17.91747695,2.4897740537745134,17.941418707404022,17.941478803489577,18.391630193047742,0.6197264168824922,-0.023941757404021047,-0.024001853489576064
2449.635,17.91479383,2.4898089100924783,17.937126737380755,17.937270068242807,18.392176339138736,0.6194730128474616,-0.022332907380754108,-0.02247623824280609
2450.117,17.92008946,2.4898437437412486,17.93290281770982,17.933129154628723,18.39272226977829,0.6192196631495072,-0.012813357709820394,-0.013039694628723453
2450.599,17.91480024,2.4898785547402595,17.92874756319509,17.92905663025956,18.393267985038946,0.6189663677886286,-0.013947323195086625,-0.014256390259557605
2451.081,17.92760447,2.4899133431089253,17.924661578341876,17.925053052669956,18.393813484993245,0.6187131267648259,0.0029428916581224485,0.0025514173300429377
2451.563,17.90716586,2.48994810886664,17.920645457281047,17.9211189692669,18.394358769713723,0.618459940078099,-0.013479597281047973,-0.013953109266900299
2452.045,17.90499016,2.489982852032777,17.916699783694625,17.917254917281117,18.39490383927292,0.618206807728448,-0.011709623694624582,-0.01226475728111609
2452.528,17.89550916,2.4900176446376667,17.91281716626158,17.913453627106588,18.395449823923308,0.6179532047142391,-0.017308006261579578,-0.017944467106588036
2453.01,17.8805514,2.4900523426319183,17.909014245601956,17.90973135669586,18.395994462931547,0.6177001811514721,-0.028462845601954,-0.029179956695859488
2453.492,17.90827748,2.4900870180926318,17.90528346118261,17.90608066891032,18.396538886996275,0.6174472119257812,0.0029940188173895876,0.0021968110896786186
2453.974,17.90296445,2.4901216710390983,17.901625354154795,17.902502059794394,18.397083096190027,0.6171942970371663,0.0013390958452035306,0.00046239020560534527
2454.456,17.89818193,2.490156301490591,17.898040454872206,17.898996014993138,18.397627090585353,0.6169414364856272,0.00014147512779416616,-0.0008140849931379535
2454.938,17.88236623,2.490190909466362,17.89452928282592,17.895563009711616,18.39817087025478,0.616688630271164,-0.012163052825922449,-0.013196779711616813
2455.42,17.89225425,2.4902254949856415,17.891092346581168,17.892203508675742,18.398714435270854,0.6164358783937767,0.0011619034188328214,5.0741324258751774e-05
2455.902,17.88383895,2.490260058067643,17.88773014371546,17.888917966094258,18.399257785706112,0.6161831808534651,-0.0038911937154573195,-0.005079016094256872
2456.385,17.88551166,2.4902946703693956,17.884436419814392,17.885700241148108,18.39980204824819,0.6159300135506894,0.001075240185606674,-0.00018858114810882398
2456.867,17.89379497,2.490329188587942,17.881225289720383,17.882564091554247,18.400344969294625,0.6156774247972622,0.012569680279614914,0.011230878445751102
2457.349,17.89275204,2.490363684426764,17.878090320170333,17.87950320044459,18.400887675978012,0.6154248903809109,0.01466171982966813,0.013248839555412673
2457.831,17.89716711,2.490398157904992,17.87503196418267,17.876517979584598,18.401430168370897,0.6151724103016354,0.022135145817330226,0.020649130415403505
2458.313,17.8872891,2.4904326090417377,17.872050663503675,17.873608830052795,18.401972446545805,0.6149199845594358,0.015238436496325392,0.013680269947204948
2458.795,17.87131369,2.490467037856091,17.869146848555516,17.870776142210616,18.402514510575294,0.6146676131543121,0.0021668414444846462,0.0005375477893849734
2459.277,17.86567191,2.490501444367124,17.866320938385936,17.8680202956737,18.403056360531888,0.6144152960862642,-0.0006490283859363899,-0.002348385673698772
2459.759,17.8838442,2.4905358285938877,17.863573340619638,17.86534165928437,18.403597996488138,0.6141630333552923,0.020270859380360662,0.01850254071563029
2460.241,17.88413266,2.490570190555413,17.860904451411294,17.86274059108546,18.40413941851657,0.6139108249613962,0.023228208588705,0.021392068914540374
2460.724,17.87050828,2.4906046014918224,17.858309364857412,17.860212284766558,18.404681749306018,0.6136581478198623,0.012198915142587197,0.010295995233441602
2461.206,17.87300159,2.490638918933791,17.85579920037164,17.857767546445775,18.405222743253,0.6134060482128504,0.017202389628362624,0.015234043554226417
2461.688,17.87222721,2.4906732141675345,17.853368864380894,17.85540138606789,18.40576352348993,0.6131540029429144,0.01885834561910471,0.016825823932109074
2462.17,17.85739577,2.490707487212006,17.851018706699296,17.853114118218386,18.406304090089364,0.6129020120100543,0.006377063300703867,0.004281651781614215
2462.652,17.85253376,2.490741738086136,17.848749065461103,17.85090604657121,18.40684444312383,0.6126500754142702,0.003784694538897071,0.0016277134287889794
2463.134,17.86451012,2.4907759668088376,17.84656026708387,17.848777463870018,18.407384582665877,0.6123981931555618,0.017949852916128606,0.015732656129980427
2463.616,17.8448596,2.4908101733990033,17.844452626233213,17.84672865191083,18.407924508788035,0.6121463652339292,0.00040697376678622277,-0.0018690519108304215
2464.098,17.839135,2.490844357875505,17.842426445789375,17.844759881525835,18.408464221562852,0.6118945916493727,-0.003291445789376013,-0.0056248815258364004
2464.581,17.86056192,2.490878591110552,17.840478067906478,17.842867578230642,18.40900484013478,0.6116423502192723,0.020083852093520704,0.01769434176935647
2465.062,17.86309306,2.490912660562909,17.838619618526923,17.841063493899497,18.4095430073606,0.611391207491487,0.024473441473077173,0.022029566100503217
2465.545,17.85594993,2.490946849573292,17.836835910837827,17.839332864254814,18.410083198716183,0.6111390749610035,0.019114019162174145,0.016617065745187176
2466.027,17.85388312,2.4909809457377685,17.83513853556838,17.837686917023117,18.410622058385055,0.6108875188374828,0.018744584431619415,0.01619620297688229
2466.509,17.85505912,2.4910150198826884,17.833523957765504,17.836122201024683,18.411160705069435,0.6106360170510381,0.02153516223449614,0.01893691897531724
2466.991,17.85354715,2.4910490720268066,17.831992408964233,17.834638921014417,18.41169913884185,0.6103845696016692,0.021554741035767933,0.018908228985583975
2467.473,17.84281947,2.491083102188858,17.83054410872748,17.83323727070422,18.412237359774853,0.6101331764893763,0.012275361272518381,0.009582199295778082
2467.955,17.85062355,2.4911171103875582,17.829179264626198,17.83191743275644,18.41277536794097,0.609881837714159,0.021444285373803496,0.018706117243560527
2468.438,17.82628482,2.4911511671297055,17.827895501230813,17.830677095952165,18.413314278949947,0.6096300319954924,-0.0016106812308116503,-0.004392275952163516
2468.919,17.84181193,2.491185060969671,17.826700715047203,17.82952386931922,18.413850746262725,0.6093793231749525,0.015111214952796104,0.01228806068077759
2469.402,17.84304309,2.491219073787617,17.82558514217902,17.82844831250414,18.414389231218692,0.6091276263559025,0.017457947820979314,0.01459477749585858
2469.884,17.82990756,2.491252994274287,17.824556132668615,17.827457500635514,18.414926388601938,0.6088765050417213,0.005351427331383718,0.0024500593644845026
2470.366,17.81385441,2.49128689289093,17.823611436988973,17.826549248805925,18.41546333358115,0.6086254380646161,-0.009757026988971518,-0.012694838805924036
2470.848,17.83492698,2.4913207696561464,17.822751190414277,17.825723673286994,18.416000066228868,0.6083744254245866,0.012175789585722185,0.009203306713004622
2471.33,17.82184407,2.491354624588514,17.82197551613613,17.824980879288187,18.41653658661763,0.6081234671216332,-0.00013144613613036427,-0.003136809288186271
2471.812,17.82112033,2.4913884577065946,17.821284525257475,17.82432096095961,18.417072894819984,0.6078725631557556,-0.00016419525747579655,-0.003200630959611317
2472.294,17.83492129,2.4914222690289276,17.82067831678822,17.823744001396022,18.417608990908455,0.6076217135269537,0.01424297321177903,0.011177288603978042
2472.776,17.84483095,2.4914560585740357,17.820156977642636,17.82325007264191,18.418144874955594,0.6073709182352278,0.024673972357362572,0.021580877358090333
2473.259,17.82908952,2.4914898963954637,17.819719765599324,17.822838469749183,18.418681658166506,0.6071196571276114,0.009369754400676555,0.006251050250817514
2473.741,17.82996821,2.491523642396524,17.819368553877922,17.822510947116474,18.41921711790905,0.6068689706227697,0.010599656122078471,0.007457262883526994
2474.223,17.83267476,2.4915573666758464,17.819102399740807,17.822266605262666,18.419752365828018,0.606618338455004,0.013572360259193061,0.01040815473733403
2474.705,17.84583852,2.491591069251876,17.81892134170242,17.82210547208217,18.420287401995964,0.6063677606243141,0.026917178297580335,0.023733047917829708
2475.187,17.84240075,2.4916247501430373,17.818825406194023,17.822027564461667,18.42082222648542,0.6061172371307001,0.0235753438059767,0.02037318553833245
2475.669,17.81681256,2.491658409367738,17.818814607571333,17.82203288829194,18.421356839368926,0.605866767974162,-0.0020020475713344865,-0.005220328291940746
2476.151,17.85375149,2.4916920469443644,17.818888948123863,17.822121438480895,18.421891240719024,0.6056163531546996,0.03486254187613724,0.03163005151910525
2476.633,17.83841919,2.491725662891285,17.819048418085906,17.82229319896757,18.42242543060825,0.6053659926723132,0.019370771914093865,0.01612599103242829
2477.115,17.83464063,2.4917592572268488,17.819292995649278,17.822548142737332,18.422959409109144,0.6051156865270026,0.015347634350721506,0.012092487262666651
2477.598,17.83243788,2.491792899599945,17.819623419305792,17.822887019665064,18.423494283475428,0.6048649155806282,0.012814460694208663,0.009550860334936573
2478.08,17.83960263,2.4918264507230234,17.820038274901535,17.82330837756569,18.42402783897909,0.6046147182222019,0.01956435509846699,0.016294252434310152
2478.562,17.82735032,2.491859980289716,17.820538100439162,17.823812772016154,18.424561183312186,0.6043645752008514,0.006812219560838884,0.003537547983846423
2479.044,17.83357728,2.4918934883182953,17.821122826076632,17.824400132338027,18.42509431654726,0.604114486516577,0.012454453923368192,0.00917714766197264
2479.526,17.83376227,2.4919269748270154,17.82179237001832,17.82507037699144,18.42562723875685,0.6038644521693782,0.01196989998168263,0.008691893008560214
2480.008,17.81766122,2.491960439834111,17.822546638537816,17.825823413596716,18.426159950013492,0.6036144721592556,-0.00488541853781399,-0.008162193596714218
2480.49,17.84338919,2.491993883357799,17.82338552600241,17.82665913895716,18.42669245038973,0.6033645464862085,0.02000366399758846,0.016730051042838312
2480.972,17.84369415,2.4920273054162756,17.824308914899213,17.82757743908285,18.4272247399581,0.6031146751502372,0.01938523510078838,0.01611671091714939
2481.455,17.84675128,2.492060775301313,17.825318854261894,17.82858035107496,18.427757922470132,0.6028643399152965,0.02143242573810511,0.0181709289250378
2481.937,17.85127399,2.4920941544394446,17.826411020702206,17.82966358634265,18.428289790203404,0.6026145773662098,0.02486296929779286,0.021610403657348343
2482.419,17.86193295,2.492127512166882,17.827587264711443,17.830828989586152,18.42882144734658,0.6023648691541988,0.03434568528855664,0.031103960413847886
2482.901,17.84339358,2.492160848501747,17.828847421525946,17.832076403879938,18.429352893972194,0.6021152152792637,0.014546158474054494,0.011317176120062555
2483.383,17.85329158,2.492194163462142,17.830191314657302,17.833405661640317,18.429884130152793,0.6018656157414046,0.02310026534269838,0.019885918359683785
2483.865,17.87651248,2.492227457066152,17.831618755928314,17.834816584655584,18.430415155960908,0.6016160705406212,0.04489372407168446,0.041695895344414424
2484.347,17.86595021,2.4922607293318424,17.833129545510612,17.836308984117224,18.430945971469086,0.6013665796769136,0.03282066448938892,0.029641225882777178
2484.829,17.84740025,2.4922939802772603,17.83472347196382,17.83788266065216,18.431476576749862,0.601117143150282,0.01267677803618028,0.009517589347840527
2485.312,17.86823369,2.4923272788394715,17.836403877226168,17.839540921552214,18.432008072062196,0.6008672436267748,0.031829812773832344,0.028692768447786676
2485.794,17.86578085,2.4923604871542713,17.838163568139873,17.841276679519222,18.432538256670007,0.6006179158870276,0.027617281860127463,0.024504170480778242
2486.276,17.85407852,2.492393674202864,17.840005691825187,17.84309305290109,18.433068231268187,0.6003686424843561,0.014072828174814589,0.010985467098912238
2486.758,17.86701049,2.492426840003224,17.841929990794092,17.84498980038808,18.43359799592927,0.6001194234187606,0.025080499205905937,0.022020689611917277
2487.24,17.85982564,2.4924599845733035,17.843936196166624,17.846966670282715,18.4341275507258,0.5998702586902409,0.01588944383337676,0.012858969717285618
2487.722,17.85157167,2.492493107931038,17.846024027719533,17.849023400538208,18.434656895730317,0.5996211482987969,0.005547642280465226,0.002548269461790653
2488.204,17.87543153,2.4925262100943444,17.8481931939366,17.851159718797945,18.43518603101536,0.5993720922444289,0.027238336063401647,0.02427181120205546
2488.686,17.87011311,2.492559291081121,17.850443392060424,17.85337534243596,18.435714956653467,0.5991230905271367,0.019669717939574838,0.01673776756403811
2489.168,17.87903266,2.4925923509092467,17.85277430814578,17.85566997859842,18.436243672717172,0.5988741431469206,0.026258351854220763,0.023362681401579266
2489.651,17.87150082,2.492625458119615,17.855190703167082,17.858048329802532,18.436773275547942,0.5986247337846554,0.016310116832919164,0.013452490197469302
2490.133,17.87268726,2.492658475640201,17.857682234600272,17.860500234069978,18.437301572246053,0.5983758951913234,0.015005025399727145,0.012187025930021633
2490.615,17.87271844,2.4926914720557023,17.8602534748572,17.863030210682325,18.437829659587532,0.5981271109350673,0.012464965142800821,0.009688229317674768
2491.097,17.87674692,2.492724447383924,17.862904065782715,17.865637926288795,18.438357537644922,0.5978783810158869,0.013842854217283929,0.011108993711204107
2491.579,17.90504494,2.492757401642655,17.865633638323498,17.86832303753354,18.438885206490763,0.5976297054337826,0.039411301676501864,0.036721902466460676
2492.061,17.88671937,2.4927903348496634,17.86844181259048,17.871085191103194,18.439412666197597,0.5973810841887541,0.018277557409522416,0.01563417889680707
2492.543,17.89684019,2.4928232470227005,17.87132819792267,17.873924023775444,18.439939916837957,0.5971325172808014,0.025511992077330348,0.0229161662245545
2493.025,17.90791359,2.4928561381794987,17.8742923929525,17.876839162468592,18.440466958484386,0.5968840047099248,0.03362119704749844,0.031074427531407878
2493.508,17.9145154,2.4928890765113065,17.877340376194265,17.8798365084657,18.44099488400626,0.5966350310590931,0.03717502380573379,0.03467889153429837
2493.99,17.89113668,2.4929219256452417,17.88045910327852,17.88290325705914,18.44152150744922,0.5963866272751006,0.01067757672148062,0.008233422940858048
2494.472,17.91394046,2.492954753816063,17.88365437148379,17.886045132937845,18.44204792211602,0.5961382778281838,0.03028608851620973,0.02789532706215425
2494.954,17.92548844,2.49298756104143,17.88692573727668,17.889261724078153,18.442574128079197,0.595889982718343,0.03856270272331841,0.036226715921845454
2495.436,17.89368362,2.4930203473389843,17.89027274676552,17.892552608859887,18.44310012541129,0.5956417419455783,0.0034108732344826365,0.0011310111401137135
2495.918,17.90791609,2.493053112726348,17.89369493577419,17.895917356121878,18.443625914184842,0.5953935555098893,0.014221154225811716,0.011998733878122891
2496.4,17.91604711,2.493085857221127,17.897191829917382,17.899355525218454,18.444151494472383,0.5951454234112762,0.01885528008261872,0.01669158478154742
2496.882,17.91149985,2.4931185808409086,17.9007629446772,17.902866666076974,18.44467686634646,0.594897345649739,0.010736905322797696,0.008633183923024035
2497.365,17.91118781,2.493151351429646,17.904415423681183,17.906457829274096,18.44520311921399,0.5946488077103409,0.006772386318818491,0.004729980725905136
2497.846,17.9261824,2.493183965525734,17.908125847781317,17.910106016006118,18.445726985144372,0.5944013531378921,0.018056552218681077,0.016076383993880228
2498.329,17.906813,2.4932166943658483,17.91192455701871,17.913841085292884,18.446252820683785,0.5941529240981106,-0.005111557018711466,-0.007028085292883901
2498.811,17.90807011,2.493249334618,17.915787658376278,17.917639572952986,18.44677735919767,0.5939050637976092,-0.00771754837627725,-0.00956946295298522
2499.293,17.91932845,2.4932819540828537,17.919722407429784,17.921508641648895,18.447301689660943,0.593657257834184,-0.0003939574297859849,-0.002180191648896823
2499.775,17.93219217,2.4933145527778873,17.923728260529725,17.92544778598965,18.447825812146135,0.5934095062078344,0.008463909470275865,0.006744384010350046
2500.257,17.93117304,2.493347130720562,17.927804664467732,17.929456491587352,18.448349726725787,0.5931618089185607,0.0033683755322684306,0.0017165484126486774
2500.739,17.9306109,2.4933796879283205,17.931951056563687,17.933534235122455,18.448873433472436,0.592914165966363,-0.0013401565636854684,-0.002923335122453352
2501.221,17.93735849,2.493412224418587,17.936166864754068,17.93768048441008,18.449396932458626,0.5926665773512412,0.0011916252459336363,-0.00032199441007918495
2501.703,17.94256284,2.493444740208769,17.940451507681548,17.94189469846724,18.449920223756887,0.5924190430731952,0.002111332318452952,0.0006681415327598472
2502.186,17.93893048,2.4934773027120034,17.94481349619711,17.946185280320883,18.450444392459865,0.5921710497448472,-0.00588301619711018,-0.0072548003208829925
2502.668,17.94720652,2.493509777111309,17.94923416751867,17.95053390423822,18.45096726816939,0.5919236242536854,-0.002027647518669795,-0.003327384238218656
2503.15,17.94859814,2.49354223086268,17.95372187338477,17.95494881668936,18.451489936408766,0.5916762530995996,-0.005123733384767348,-0.006350676689358181
2503.632,17.94829503,2.4935746639834497,17.95827599616479,17.959429442173104,18.452012397250524,0.5914289362825895,-0.009980966164789606,-0.011134412173102959
2504.114,17.95356744,2.4936070764909375,17.962895909400654,17.963975196740993,18.45253465076721,0.5911816738026554,-0.00932846940065346,-0.010407756740992369
2504.596,17.9629861,2.493639468402443,17.96758097790351,17.96858548807035,18.453056697031357,0.5909344656597971,-0.004594877903510763,-0.005599388070351097
2505.078,17.96715025,2.4936718397352484,17.972330557851663,17.97325971553821,18.45357853611551,0.5906873118540148,-0.005180307851663457,-0.0061094655382092355
2505.56,17.97085,2.4937041905066173,17.977143996889545,17.977997270296257,18.454100168092204,0.5904402123853083,-0.006293996889546349,-0.007147270296258057
2506.042,17.96663717,2.493736520733797,17.98202063422785,17.98279753534669,18.45462159303398,0.5901931672536775,-0.015383464227852528,-0.01616036534669263
2506.525,17.98046907,2.4937688974452645,17.98697011250858,17.987670037582294,18.4551438921634,0.5899456640865716,-0.006501042508578081,-0.007200967582292606
2507.007,17.97449992,2.4938011865932017,17.991971258465483,17.99259396684178,18.4556649028238,0.5896987277418252,-0.017471338465483655,-0.01809404684178162
2507.489,17.98892632,2.493833455248619,17.99703356933935,17.997578705938285,18.456185706667053,0.5894518457341547,-0.00810724933934992,-0.008652385938283658
2507.971,18.00197928,2.4938657034286935,18.002156351612133,18.002623606037528,18.4567063037657,0.58920501806356,-0.00017707161213209588,-0.0006443260375270654
2508.453,18.00817346,2.4938979311505824,18.00733890384893,18.00772801054941,18.457226694192272,0.5889582447300412,0.000834556151069421,0.000445449450587887
2508.935,18.0151709,2.4939301384314274,18.012580516804405,18.012891255209567,18.457746878019314,0.5887115257335983,0.0025903831955957912,0.0022796447904340766
2509.417,18.04380973,2.4939623252883516,18.01788047353026,18.01811266816178,18.458266855319362,0.5884648610742313,0.02592925646974109,0.02569706183821907
2509.899,18.04800529,2.4939944917384604,18.02323804948364,18.023391570041415,18.45878662616496,0.5882182507519401,0.024767240516357703,0.024613719958583857
2510.382,18.05310263,2.494026704470731,18.02866380458496,18.028738402550363,18.459307268348738,0.5879711832962676,0.024438825415042942,0.024364227449638065
2510.864,18.05933629,2.494058830116208,18.03413453125004,18.034130330259536,18.459826626075092,0.5877246817608608,0.025201758749961556,0.02520595974046458
2511.346,18.07229978,2.4940909354061183,18.03966065748885,18.039577663136505,18.46034577756477,0.5874782345625297,0.03263912251115286,0.03272211686349635
2511.828,18.07051177,2.4941230203574967,18.045241429468884,18.04507969262028,18.460864722890296,0.5872318417012745,0.02527034053111521,0.025432077379718976
2512.31,18.08763796,2.4941550849873617,18.050876086319686,18.05063570307243,18.461383462124225,0.5869855031770952,0.03676187368031236,0.03700225692756831
2512.792,18.0889355,2.4941871293127154,18.056563860246694,18.056244971865834,18.46190199533908,0.5867392189899918,0.03237163975330759,0.03269052813416806
2513.274,18.07858537,2.494219153350541,18.062303976646184,18.0619067694746,18.46242032260741,0.5864929891399643,0.01628139335381462,0.016678600525398934
2513.756,18.08645555,2.494251157117804,18.068095654220862,18.06762035956469,18.462938444001754,0.5862468136270126,0.018359895779138213,0.018835190435311233
2514.239,18.10960816,2.49428320696625,18.073950278592626,18.073397011465424,18.46345743389445,0.5860001818827736,0.03565788140737425,0.03621114853457641
2514.721,18.10072683,2.4943151702012516,18.07984281129598,18.079212054315146,18.46397514333169,0.5857541151567063,0.020884018704020235,0.02151477568485305
2515.203,18.11495363,2.4943471132165214,18.085784520623296,18.08507663914048,18.46449264711271,0.5855081027677147,0.029169109376702806,0.029876990859520447
2515.685,18.10252615,2.494379036028956,18.091774599663747,18.090990003286763,18.46500994531005,0.5852621447157991,0.01075155033625208,0.011536146713236661
2516.167,18.12495277,2.494410938655436,18.097812235403865,18.096951377758415,18.465527037996253,0.5850162410009593,0.027140534596135524,0.02800139224158471
2516.649,18.14214109,2.494442821112823,18.10389660884788,18.10295998731499,18.466043925243852,0.5847703916231952,0.03824448115211965,0.03918110268500996
2517.131,18.11926068,2.494474683417963,18.11002689513898,18.109015050568082,18.46656060712539,0.5845245965825072,0.009233784861020666,0.010245629431917536
2517.613,18.10677072,2.494506525587684,18.116202263681064,18.11511578007916,18.46707708371341,0.584278855878895,-0.009431543681063914,-0.00834506007916147
2518.095,18.12759528,2.4945383476387963,18.122421878261356,18.121261382458204,18.467593355080442,0.5840331695123587,0.0051734017386451114,0.006333897541797029
2518.578,18.12306802,2.494570215546359,18.128697935520734,18.127463945371684,18.468110491762634,0.5837870279293618,-0.005629915520731998,-0.004395925371682097
2519.06,18.15420741,2.4946019973689673,18.135003599098006,18.13369697893746,18.468626352479927,0.5835414503497097,0.01920381090199541,0.020510431062540135
2519.542,18.16116737,2.4946337591233325,18.141350965836843,18.139972468804245,18.469142008194005,0.5832959271071334,0.019816404163158552,0.021194901195755733
2520.024,18.15371216,2.494665500826197,18.147739178285892,18.14628959876853,18.469657458977405,0.5830504582016331,0.0059729817141089825,0.007422561231472002
2520.506,18.15641727,2.494697222494286,18.154167373999876,18.152647547181683,18.470172704902676,0.5828050436332087,0.0022498960001229307,0.0037697228183155573
2520.988,18.17175512,2.4947289241443085,18.160634685665855,18.159045487053703,18.470687746042344,0.5825596834018602,0.011120434334145557,0.012709632946297234
2521.47,18.17802295,2.4947606057929557,18.16714024123017,18.165482586157825,18.471202582468962,0.5823143775075874,0.010882708769827332,0.012540363842173718
2521.952,18.17123054,2.494792267456902,18.173683164025842,18.171958007135867,18.471717214255058,0.5820691259503904,-0.0024526240258424536,-0.0007274671358672435
2522.435,18.17523396,2.494823974778731,18.180276260439935,18.17848445821896,18.472232708536964,0.5818234200788273,-0.0050423004399355875,-0.003250498218960729
2522.917,18.19231437,2.494855596481854,18.186891342820886,18.185034065992912,18.472746930835456,0.5815782773085146,0.005423027179112694,0.007280304007085903
2523.399,18.19955012,2.494887198250232,18.193541134184024,18.191619452071293,18.473260948711197,0.581333188875278,0.006008985815977752,0.00793066792870789
2523.881,18.20453861,2.4949187801004715,18.200224740685186,18.198239759630926,18.473774762236733,0.5810881547791171,0.004313869314813701,0.0062988503690739606
2524.363,18.19438724,2.4949503420491617,18.206941264511766,18.204894127256505,18.474288371484594,0.5808431750200322,-0.012554024511764794,-0.010506887256504172
2524.845,18.22216186,2.494981884112876,18.213689804013104,18.211581689050853,18.474801776527325,0.5805982495980231,0.008472055986896265,0.010580170949147316
2525.327,18.22709,2.4950134063081695,18.22046945383112,18.218301574745805,18.475314977437463,0.5803533785130895,0.00662054616887886,0.008788425254195431
2525.809,18.2286738,2.4950449086515816,18.227279305031452,18.22505290981395,18.47582797428755,0.5801085617652323,0.0013944949685473773,0.0036208901860490528
2526.292,18.24530966,2.4950764564554344,18.234132664133693,18.2318489170915,18.476341830823735,0.5798632916051026,0.011176995866307493,0.013460742908499412
2526.773,18.24286494,2.4951078538488347,18.24098595874967,18.238646409339573,18.47685335609772,0.5796190912807452,0.0018789812503321457,0.004218530660427433
2527.256,18.26494217,2.4951393619493016,18.247895259515204,18.245501025474955,18.47736680403068,0.5793739300202324,0.01704691048479745,0.01944114452504664
2527.738,18.2622464,2.4951707850092113,18.254816814071813,18.252369388507308,18.477878984943267,0.579129330733411,0.0074295859281861,0.009877011492690713
2528.22,18.26845617,2.495202188299717,18.261763974387513,18.25926476649073,18.478390962158652,0.5788847857836655,0.0066921956124872395,0.009191403509269946
2528.702,18.28768446,2.495233571837258,18.268735812837807,18.26618626172269,18.478902735749365,0.5786402951709957,0.01894864716219402,0.021498198277310365
2529.184,18.28743765,2.4952649356382555,18.27573139914949,18.273132973044298,18.479414305787955,0.5783958588954019,0.011706250850512134,0.014304676955703144
2529.666,18.28597884,2.495296279719115,18.2827498005342,18.280103995957774,18.479925672346955,0.5781514769568842,0.003229039465797001,0.005874844042224936
2530.148,18.29525843,2.495327604096225,18.289790081822282,18.287098422744673,18.48043683549891,0.5779071493554421,0.005468348177718241,0.008160007255327173
2530.63,18.31715053,2.4953589087859567,18.29685130559675,18.29411534258469,18.480947795316357,0.577662876091076,0.020299224403249383,0.023035187415310077
2531.113,18.3180329,2.4953902586909074,18.303947243809525,18.30116846616658,18.481459611321494,0.5774181505419967,0.014085656190474083,0.016864433833418957
2531.595,18.30408781,2.4954215240141724,18.311047570554482,18.308227669756498,18.481970164266063,0.5771739860645149,-0.006959760554483552,-0.00413985975649922
2532.077,18.3007522,2.495452769699109,18.318166013435054,18.31530661461574,18.48248051409389,0.5769298759241087,-0.017413813435052106,-0.014554414615737699
2532.559,18.33640322,2.495483995762023,18.32530162738531,18.322404378712868,18.48299066087752,0.5766858201207785,0.011101592614689793,0.013998841287133246
2533.041,18.32799036,2.495515202219204,18.33245346576485,18.32952003751882,18.483500604689482,0.5764418186545243,-0.004463105764848763,-0.001529677518817607
2533.523,18.32619303,2.4955463890869236,18.33962058049356,18.33665266412946,18.484010345602325,0.576197871525346,-0.013427550493560148,-0.010459634129460937
2534.005,18.3554561,2.4955775563814377,18.34680202218663,18.34380132938889,18.484519883688584,0.5759539787332434,0.008654077813371686,0.011654770611112752
2534.487,18.34972658,2.495608704118986,18.353996840289494,18.350965102013184,18.485029219020802,0.5757101402782169,-0.004270260289494843,-0.0012385220131854169
2534.969,18.3738104,2.495639832315792,18.3612040832128,18.358143048714844,18.485538351671515,0.575466356160266,0.012606316787199034,0.015667351285156172
2535.452,18.36613986,2.4956710055085907,18.36843778631941,18.365349166911965,18.486048337374157,0.5752221207724284,-0.002297926319410948,0.0007906930880352547
2535.934,18.343518,2.495702094632058,18.3756670414841,18.372552679064086,18.486557064459358,0.5749784454413619,-0.03214904148410014,-0.029034679064086077
2536.416,18.3848771,2.4957331642633864,18.38290585986323,18.3797675527123,18.48706558908082,0.5747348244473713,0.001971240136771968,0.0051095472877022985
2536.898,18.39956778,2.4957642144187333,18.39015328707759,18.386992847806084,18.487573911311088,0.5744912577904565,0.009414492922410034,0.012574932193917476
2537.38,18.36233997,2.4957952451142407,18.397408368388355,18.394227622921484,18.4880820312227,0.5742477454706177,-0.03506839838835418,-0.03188765292148332
2537.862,18.41286803,2.4958262563660325,18.40467014883185,18.40147093538843,18.48858994888819,0.5740042874878547,0.008197881168147347,0.011397094611567127
2538.344,18.40789787,2.4958572481902177,18.41193767335428,18.408721841418785,18.489097664380107,0.5737608838421676,-0.004039803354281446,-0.0008239714187858738
2538.826,18.41492899,2.4958882206028883,18.41920998694633,18.41597939623471,18.489605177770983,0.5735175345335563,-0.004280996946331328,-0.0010504062347109766
2539.309,18.45868447,2.4959192378178474,18.426501233843403,18.42325772846941,18.490113541436603,0.5732737348571522,0.03218323615659813,0.035426741530592665
2539.791,18.41699398,2.4959501714155103,18.433780266379205,18.43052575209336,18.4906206504241,0.5730304943354253,-0.01678628637920454,-0.01353177209335854
2540.273,18.4392758,2.4959810856498708,18.441061222588207,18.437797583556335,18.491127557528323,0.572787308150774,-0.0017854225882061314,0.0014782164436653034
2540.755,18.46078897,2.496011980536956,18.44834314898306,18.445072275413313,18.49163426282182,0.5725441763031988,0.012445821016939362,0.01571669458668623
2541.237,18.47953734,2.4960428560927763,18.455625092791593,18.452348879878024,18.492140766377123,0.5723010987926994,0.023912247208407678,0.027188460121976732
2541.719,18.47657823,2.4960737123333274,18.462906102090358,18.459626448953813,18.492647068266773,0.5720580756192759,0.01367212790964345,0.01695178104618833
2542.201,18.47997034,2.4961045492745875,18.470185225937765,18.466904034564667,18.493153168563314,0.5718151067829282,0.009785114062236033,0.013066305435334158
2542.683,18.48978201,2.496135366932519,18.477461514507084,18.474180688686733,18.493659067339276,0.5715721922836564,0.012320495492915029,0.01560132131326597
2543.166,18.49894037,2.496166229200127,18.484749102812543,18.481470553762883,18.494165813622438,0.5713288283186859,0.014191267187456447,0.017469816237117186
2543.648,18.50515923,2.4961970082993004,18.492016865668905,18.488742494853888,18.494671309157155,0.5710860226062985,0.01314236433109528,0.016416735146112416
2544.13,18.51454607,2.496227768162969,18.4992789498209,18.496010660051947,18.49517660338907,0.5708432712309868,0.015267120179100147,0.018535409948054138
2544.612,18.51973439,2.496258508807032,18.506534411228266,18.503274102863394,18.49568169639072,0.570600574192751,0.013199978771734067,0.01646028713660641
2545.094,18.53592053,2.49628923024737,18.513782307625945,18.5105318775084,18.496186588234643,0.5703579314915911,0.022138222374053385,0.025388652491599828
2545.576,18.54462994,2.4963199324998504,18.52102169865506,18.51778303905402,18.496691278993378,0.570115343127507,0.02360824134494166,0.026846900945979968
2546.058,18.55557335,2.4963506155803223,18.528251645993432,18.5250266435474,18.497195768739463,0.5698728091004989,0.027321704006567415,0.030546706452600603
2546.54,18.55746568,2.4963812795046203,18.535471213485767,18.532261748149107,18.497700057545444,0.5696303294105666,0.02199446651423287,0.025203931850892758
2547.022,18.55055339,2.496411924288563,18.54267946727335,18.53948741126677,18.498204145483857,0.5693879040577101,0.007873922726652438,0.011065978733231674
2547.505,18.57270819,2.496442613466795,18.54989039202816,18.546717650708935,18.498709077827574,0.5691450302539817,0.022817797971839582,0.025990539291065318
2547.987,18.59316152,2.4964732199777884,18.55707319836639,18.553921587276726,18.4992127638321,0.5689027136880095,0.036088321633609866,0.039239932723273085
2548.469,18.58974753,2.4965038073958175,18.564241902574594,18.56111326446021,18.49971624918683,0.5686604514591131,0.02550562742540663,0.02863426553978954
2548.951,18.60038513,2.4965343757366374,18.571395581274118,18.568291746996625,18.500219533964298,0.5684182435672928,0.028989548725881775,0.0320933830033745
2549.433,18.58013263,2.4965649250159863,18.578533314024504,18.575456101539775,18.500722618237045,0.5681760900125482,0.0015993159754970065,0.004676528460226592
2549.915,18.63702627,2.496595455249587,18.585654183450345,18.58260539679419,18.501225502077606,0.5679339907948796,0.051372086549655194,0.05442087320581024
2550.397,18.60594573,2.4966259664531467,18.592757275367397,18.5897387036491,18.50172818555853,0.5676919459142867,0.01318845463260132,0.01620702635089799
2550.879,18.61404409,2.4966564586423563,18.5998416789082,18.596855095312545,18.502230668752343,0.5674499553707698,0.014202411091801537,0.01718899468745505
2551.362,18.62687604,2.49668699503554,18.60692112292715,18.603968355547952,18.502733993604394,0.5672075172784748,0.019954917072848133,0.02290768445204705
2551.844,18.64295163,2.496717449203693,18.61396538753731,18.611048106517764,18.503236076026464,0.5669656355218421,0.02898624246268966,0.03190352348223513
2552.326,18.63710046,2.4967478844045075,18.62098825045306,18.61810817526924,18.503737958379197,0.5667238081022854,0.016112209546939482,0.018992284730760645
2552.808,18.6745633,2.496778300653611,18.62798881532619,18.62514764563134,18.504239640735136,0.5664820350198044,0.046574484673808314,0.04941565436865858
2553.29,18.6670478,2.4968086979666166,18.634966189744357,18.63216560442155,18.504741123166824,0.5662403162743993,0.03208161025564138,0.034882195578447295
2553.772,18.65995586,2.4968390763591213,18.641919485352922,18.63916114157934,18.505242405746785,0.5659986518660702,0.01803637464707819,0.020794718420660274
2554.254,18.67920172,2.496869435846706,18.648847817976065,18.6461333502996,18.505743488547573,0.5657570417948168,0.030353902023932733,0.03306836970039839
2554.736,18.68083444,2.4968997764449354,18.655750307737208,18.653081327165832,18.50624437164172,0.5655154860606394,0.025084132262794157,0.027753112834169258
2555.219,18.67777663,2.496930161057894,18.662640315886122,18.66001850828564,18.506746093656666,0.565273483679778,0.015136314113878058,0.017758121714361863
2555.7,18.69259879,2.496960401035514,18.669474261380802,18.6669009894111,18.507245539000262,0.565032537603512,0.023124528619199225,0.025697800588901032
2556.183,18.70297355,2.496990747869264,18.67630810671248,18.67378511039279,18.50774686113687,0.5647906441222674,0.026665443287519963,0.029188439607210626
2556.665,18.71372484,2.497021013026372,18.683098454702336,18.680627139484002,18.508246945716206,0.564549305849126,0.030626385297665593,0.033097700515998696
2557.147,18.71159247,2.4970512593717507,18.68985862732677,18.687440473283047,18.508746830951747,0.5643080219130604,0.02173384267322831,0.02415199671695234
2557.629,18.74341691,2.4970814869208717,18.696587773002182,18.69422423149759,18.509246516916043,0.5640667923140708,0.04682913699781821,0.04919267850241127
2558.111,18.74756361,2.4971116956891906,18.703285045266135,18.70097753814931,18.50974600368162,0.5638256170521568,0.04427856473386527,0.0465860718506903
2558.593,18.75412665,2.49714188569215,18.709949602891662,18.707699521704797,18.510245291321027,0.563584496127319,0.04417704710833803,0.046427128295203346
2559.075,18.74861586,2.497172056945174,18.71658061000043,18.714389315205903,18.5107443799068,0.5633434295395569,0.03203524999956997,0.034226544794098146
2559.557,18.73905119,2.4972022094636723,18.723177236175335,18.721046056399807,18.511243269511475,0.5631024172888706,0.015873953824666387,0.01800513360019451
2560.04,18.75982597,2.4972324057618485,18.72975223231189,18.727682592341566,18.511742994628886,0.5628609595190596,0.030073737688113056,0.03214337765843567
2560.522,18.77702916,2.4972625208186763,18.736277552181445,18.73427058862792,18.512241486076544,0.5626200560552576,0.04075160781855658,0.042758571372083054
2561.004,18.78007047,2.497292617187148,18.74276603206286,18.740822973621057,18.512739778760874,0.5623792069285315,0.03730443793713789,0.039247496378941094
2561.486,18.77215255,2.497322694882612,18.749216864502944,18.747338905191086,18.513237872754424,0.5621384121388813,0.022935685497056824,0.02481364480891557
2561.968,18.77850578,2.4973527539204006,18.755629248058735,18.753817546556434,18.513735768129717,0.5618976716863069,0.02287653194126449,0.024688233443566077
2562.45,18.79691975,2.4973827943158318,18.7620023874045,18.760258066410778,18.514233464959307,0.5616569855708085,0.03491736259550038,0.03666168358922306
2562.932,18.78348626,2.4974128160842075,18.76833549343767,18.76665963904936,18.51473096331573,0.5614163537923859,0.0151507665623285,0.01682662095063847
2563.414,18.80330376,2.497442819240815,18.77462778338396,18.7730214444947,18.515228263271524,0.5611757763510388,0.028675976616039378,0.030282315505299806
2563.896,18.81821263,2.4974728038009255,18.780878480901283,18.779342668621542,18.515725364899225,0.560935253246768,0.03733414909871868,0.03886996137845955
2564.379,18.80325832,2.497502831930571,18.787099651980515,18.785635488402235,18.516223298985196,0.5606942856381991,0.016158668019485845,0.01762283159776601
2564.861,18.82440185,2.4975327793049384,18.793264771596387,18.791873043182886,18.516720003763247,0.5604538713208125,0.03113707840361357,0.03252880681711545
2565.343,18.81430343,2.497562708128563,18.7993860078134,18.798067608978418,18.51721651043097,0.5602135113405018,0.014917422186599083,0.016235821021581387
2565.825,18.81064796,2.4975926184166566,18.805462611052747,18.80421839632227,18.517712819060915,0.5599732056972668,0.005185348947254198,0.006429563677730954
2566.307,18.8358607,2.497622510184413,18.81149383867275,18.81032462221485,18.51820892972561,0.5597329543911079,0.024366861327251854,0.025536077785151434
2566.789,18.81359502,2.497652383447014,18.8174789550668,18.816385510244082,18.518704842497606,0.5594927574220245,-0.0038839350667991823,-0.0027904902440809565
2567.271,18.84198595,2.4976822382196233,18.82341723175989,18.82240029070505,18.51920055744944,0.5592526147900174,0.018568718240111082,0.019585659294950375
2567.753,18.83907044,2.4977120745173913,18.829307947504333,18.828368200718984,18.51969607465365,0.5590125264950859,0.00976249249566763,0.010702239281016546
2568.236,18.83802591,2.4977419541990087,18.835162458947813,18.83430071706909,18.52019242161121,0.5587719945979506,0.0028634510521854395,0.0037251929309078946
2568.718,18.84899048,2.497771753554231,18.840955816081898,18.840172524308834,18.520687543127902,0.5585320150899035,0.008034663918103035,0.008817955691167612
2569.2,18.8591979,2.4978015344800024,18.846699491384726,18.84599521306565,18.52118246711473,0.5582920899189322,0.012498408615275736,0.01320268693435267
2569.682,18.87841227,2.4978312969914116,18.852392793467114,18.851768048950873,18.521677193644244,0.5580522190850368,0.026019476532884056,0.026644221049124894
2570.164,18.88429356,2.4978610411035334,18.858035038628373,18.85749030498269,18.52217172278898,0.5578124025882172,0.026258521371627097,0.026803255017309624
2570.646,18.8822138,2.4978907668314267,18.8636255509451,18.863161261699258,18.522666054621478,0.5575726404284734,0.01858824905490053,0.019052538300741162
2571.128,18.89808237,2.4979204741901357,18.86916366235871,18.868780207270884,18.523160189214273,0.5573329326058056,0.02891870764129223,0.029302162729116787
2571.61,18.87777301,2.4979501631946897,18.874648712761847,18.874346437611027,18.52365412663991,0.5570932791202139,0.0031242972381519962,0.0034265723889710387
2572.093,18.90045884,2.497979895398447,18.880091262135508,18.879870637869967,18.524148891123634,0.556853182934512,0.020367577864490727,0.020588202130031874
2572.575,18.91640764,2.498009547701718,18.88546812898743,18.88532924405899,18.524642434023885,0.5566136382358043,0.0309395110125692,0.031078395941008807
2573.057,18.91379089,2.4980391816958627,18.89079000174922,18.890733068907334,18.525135779974743,0.5563741478741726,0.02300088825078106,0.023057821092667297
2573.539,18.93990673,2.4980687973958506,18.89605625297513,18.896081440406657,18.525628929048757,0.5561347118496165,0.04385047702487199,0.043825289593343086
2574.021,18.9297654,2.498098394816637,18.901266263584326,18.901373694830447,18.526121881318453,0.5558953301621365,0.028499136415675252,0.028391705169553916
2574.503,18.93881026,2.4981279739731606,18.906419422939965,18.90660917683819,18.526614636856376,0.5556560028117323,0.03239083706003498,0.0322010831618087
2574.985,18.94362513,2.498157534880346,18.911515128926858,18.91178723957823,18.527107195735066,0.5554167297984041,0.03211000107314277,0.031837890421769544
2575.467,18.95261182,2.498187077553104,18.91655278802797,18.9169072447895,18.52759955802706,0.5551775111221517,0.0360590319720302,0.0357045752105023
2575.949,18.9457346,2.4982166020063286,18.92153181539954,18.921968562901746,18.528091723804902,0.5549383467829752,0.02420278460046177,0.02376603709825531
2576.432,18.9484874,2.49824616945227,18.926461780098062,18.926980888672926,18.528584713620244,0.5546987407585152,0.022025619901938853,0.021506511327075373
2576.914,18.95563797,2.498275657473332,18.931321699942238,18.93192285418925,18.529076486180063,0.5544596852062228,0.02431627005776349,0.023715115810752252
2577.396,18.97783239,2.4983051273194867,18.936121285148328,18.936804295783563,18.529568062443495,0.5542206839910064,0.04171110485167162,0.04102809421643627
2577.878,18.96543969,2.4983345790055713,18.940859986310056,18.941624619645175,18.53005944248308,0.5539817371128659,0.024579703689944665,0.023815070354824996
2578.36,18.97454019,2.498364012546407,18.945537263050777,18.94638324113611,18.530550626371355,0.5537428445718012,0.029002926949221575,0.028156948863887976
2578.842,18.9894246,2.498393427956799,18.950152584090784,18.95107958488326,18.53104161418086,0.5535040063678125,0.039272015909215696,0.03834501511673949
2579.324,18.96911451,2.4984228252515392,18.954705427313232,18.955713084869135,18.53153240598414,0.5532652225008995,0.014409082686768215,0.013401425130865618
2579.806,18.95796524,2.498452204445405,18.959195279828663,18.960283184521003,18.532023001853727,0.5530264929710625,-0.0012300398286626546,-0.0023179445210033123
2580.289,18.98166923,2.4984816264495286,18.963630755007454,18.96479861881476,18.532514419086024,0.5527873226580359,0.018038474992547293,0.016870611185240136
2580.771,19.00399462,2.4985109694484398,18.967992991401296,18.969240151958996,18.533004622899725,0.5525487019150832,0.03600162859870437,0.03475446804100457
2581.253,18.9905484,2.498540294390748,18.97229075341342,18.97361667150484,18.533494630997506,0.5523101355092063,0.018257646586580023,0.016931728495162446
2581.735,19.02222609,2.4985696012911736,18.976523565702102,18.977927659541194,18.5339844434519,0.5520716234404053,0.045702524297897895,0.04429843045880588
2582.217,18.99033112,2.498598890164418,18.980690962455384,18.982172608025184,18.534474060335455,0.55183316570868,0.009640157544616557,0.008158511974816207
2582.699,19.00471819,2.498628161025172,18.984792487447404,18.986351018862113,18.53496348172071,0.5515947623140307,0.019925702552594515,0.018367171137885663
2583.181,19.00340129,2.4986574138881092,18.98882769409325,18.990462403983795,18.535452707680196,0.5513564132564573,0.014573595906750114,0.01293888601620452
2583.663,19.02321769,2.4986866487678894,18.992796145502467,18.99450628542519,18.53594173828646,0.5511181185359597,0.030421544497531983,0.028711404574810473
2584.146,19.01799781,2.498715926276488,18.996705438323158,18.998490373200074,18.536431587590265,0.5508793839343669,0.021292371676842947,0.019507436799926836
2584.627,19.01433323,2.4987450646365454,19.00053108383228,19.002389676371354,18.536919213729465,0.5506416921061923,0.013802146167719798,0.011943553628643855
2585.11,19.03016925,2.498774306177562,19.00430448751166,19.006236173137566,18.53740867187983,0.550403066404216,0.025864762488339466,0.023933076862434177
2585.592,19.01201753,2.4988034692338483,19.00800160242551,19.010005320611565,18.53789692139397,0.5501649891447545,0.00401592757449265,0.002012209388436048
2586.074,19.03452606,2.4988326143800896,19.01162992404525,19.013704727820667,18.538384975917726,0.5499269662223688,0.022896135954752594,0.020821332179334462
2586.556,19.02802165,2.4988617416308583,19.015189074711106,19.017333978956824,18.538872835523648,0.549688997637059,0.012832575288893366,0.010687671043175584
2587.038,19.01928875,2.4988908510007124,19.018678686792157,19.0208926688045,18.539360500284268,0.5494510833888251,0.0006100632078442914,-0.0016039188044985053
2587.52,19.03848155,2.498919942504196,19.022098402728396,19.024380402803633,18.53984797027213,0.5492132234776671,0.01638314727160406,0.014101147196367236
2588.002,19.03849917,2.4989490161558385,19.025447875071215,19.02779679711066,18.540335245559778,0.5489754179035848,0.013051294928786206,0.01070237288934095
2588.484,19.03402853,2.4989780719701553,19.028726766522492,19.03114147865781,18.540822326219736,0.5487376666665784,0.0053017634775081035,0.0028870513421921373
2588.967,19.05306072,2.499007170187926,19.031941331609314,19.034420799683318,18.541310222259515,0.5484994766760358,0.021119388390687277,0.0186399203166836
2589.449,19.04457573,2.499036190334147,19.035077942079912,19.037620829276023,18.541796913478315,0.5482618342259138,0.009497787920086154,0.006954900723975754
2589.931,19.05741134,2.499065192686531,19.03814302041082,19.0407480914304,18.542283410287208,0.5480242461128676,0.019268319589180294,0.016663248569599887
2590.413,19.04674498,2.4990941772595363,19.041136270288618,19.0438022567604,18.542769712758723,0.5477867123368974,0.005608709711381721,0.0029427232395988767
2590.895,19.06166496,2.499123144067606,19.04405740572377,19.046783006924326,18.54325582096541,0.5475492328980028,0.01760755427623195,0.01488195307567608
2591.377,19.07263068,2.499152093125168,19.04690615108081,19.04969003467294,18.543741734979793,0.5473118077961842,0.02572452891918786,0.022940645327061304
2591.859,19.06399986,2.4991810244466395,19.04968224110715,19.052523043895526,18.54422745487443,0.5470744370314415,0.014317618892849993,0.011476816104472931
2592.341,19.05713965,2.499209938046419,19.05238542096023,19.0552817496641,18.544712980721847,0.5468371206037747,0.0047542290397686315,0.0018579003358993873
2592.823,19.06900508,2.499238833938894,19.055015446233377,19.057965878275645,18.54519831259459,0.5465998585131837,0.013989633766623655,0.011039201724354797
2593.306,19.05722882,2.499267772033331,19.05757731076168,19.06058050278338,18.545684456874,0.546362158683883,-0.0003484907616808641,-0.0033516827833821594
2593.788,19.05900653,2.4992966325176353,19.06006018257117,19.063114545028004,18.546169400612946,0.5461250053801763,-0.0010536525711692946,-0.004108015028002399
2594.27,19.06773164,2.4993254753377387,19.062469229000108,19.065573256263622,18.546654150594982,0.5458879064135456,0.005262410999893774,0.0021583837363792213
2594.752,19.07129079,2.4993543005079695,19.064804247634807,19.067956408093835,18.54713870689265,0.5456508617839905,0.006486542365191639,0.0033343819061641966
2595.234,19.07791875,2.4993831080426436,19.067065046603886,19.07026378352893,18.547623069578492,0.5454138714915114,0.010853703396112024,0.007654966471069002
2595.716,19.08962422,2.4994118979560627,19.069251444595025,19.072495177016226,18.548107238725045,0.5451769355361082,0.02037277540497584,0.017129042983775378
2596.198,19.10000561,2.4994406702625134,19.071363270870254,19.074650394468414,18.548591214404848,0.5449400539177808,0.02864233912974612,0.025355215531586595
2596.68,19.10396563,2.499469424976269,19.073400365279735,19.07672925328988,18.549074996690436,0.5447032266365294,0.030565264720266327,0.027236376710121135
2597.163,19.10212729,2.4994982217139374,19.075366571318185,19.078735656945685,18.54955958875005,0.5444659625186622,0.026760718681813955,0.023391633054313132
2597.645,19.10709992,2.49952694124864,19.077253608178207,19.080661137540773,18.55004298406398,0.544229244024295,0.029846311821792426,0.02643878245922693
2598.127,19.10273042,2.49955564323341,19.07906549611196,19.082509780606006,18.55052618620147,0.5439925798670037,0.023664923888041756,0.020220639393993878
2598.609,19.08896903,2.4995843276824665,19.080802117452006,19.08428144975897,18.55100919523505,0.5437559700467881,0.008166912547995508,0.004687580241032663
2599.091,19.09328047,2.4996129946100107,19.082463365165484,19.085976020209944,18.55149201123727,0.5435194145636486,0.01081710483451559,0.007304449790055401
2599.573,19.11623631,2.4996416440302327,19.08404914285883,19.087593378775942,18.55197463428066,0.5432829134175848,0.03218716714117065,0.028642931224059254
2600.055,19.10994485,2.4996702759573055,19.08555936478108,19.089133423892726,18.55245706443777,0.5430464666085969,0.024385485218921588,0.02081142610727582
2600.537,19.08609799,2.4996988904053907,19.08699395582563,19.09059606562463,18.552939301781134,0.542810074136685,-0.0008959658256308956,-0.004498075624631781
2601.02,19.10499216,2.4997275467003313,19.088355592092014,19.091984018858334,18.553422346275525,0.5425732457302513,0.016636567907983846,0.013008141141664709
2601.502,19.09248993,2.4997561261966776,19.089638581434276,19.093291469615345,18.553904197809363,0.5423369620452236,0.002851348565723555,-0.000801539615345348
2601.984,19.09687875,2.4997846882564643,19.090845778362063,19.09452131691833,18.55438585674722,0.5421007326972718,0.006032971637935702,0.002357433081670024
2602.466,19.10527311,2.499813232893796,19.09197715035617,19.095673517427976,18.554867323161645,0.5418645576863957,0.013295959643830457,0.009599592572023141
2602.948,19.10685076,2.4998417601227643,19.093032675528196,19.096748039452034,18.555348597125164,0.5416284370125956,0.013818084471804326,0.010102720547966015
2603.43,19.10959538,2.4998702699574458,19.094012342613397,19.09774486294279,18.555829678710328,0.5413923706758714,0.015583037386601717,0.01185051705720852
2603.912,19.09112737,2.4998987624119047,19.094916150961975,19.098663979492457,18.556310567989673,0.541156358676223,-0.0037887809619761015,-0.007536609492458268
2604.394,19.1106927,2.4999272375001897,19.095744110528962,19.099505392326446,18.556791265035734,0.5409204010136506,0.014948589471039497,0.01118730767355558
2604.876,19.11686625,2.4999556952363373,19.09649624186258,19.10026911629464,18.55727176992106,0.5406844976881536,0.020370008137419404,0.016597133705360534
2605.359,19.1078055,2.4999841946213306,19.097173900510445,19.100956520519368,18.55775307901813,0.5404481594429622,0.01063159948955672,0.006848979480633233
2605.841,19.12609324,2.5000126176593267,19.097774322209506,19.101564796748395,18.55823319940129,0.5402123649043499,0.028318917790493003,0.024528443251604415
2606.323,19.12456599,2.5000410233872388,19.098299040859942,19.102095498404253,18.558713127841475,0.5399766247028134,0.02626694914005867,0.022470491595747433
2606.805,19.11862341,2.500069411819047,19.09874811925882,19.102548686729524,18.55919286441123,0.5397409388383528,0.019875290741182994,0.016074723270477875
2607.287,19.12254835,2.5000977829687185,19.099121630716127,19.102924434516318,18.55967240918309,0.539505307310968,0.02342671928387219,0.01962391548368103
2607.769,19.11722525,2.5001261368502057,19.099419659034368,19.103222826085148,18.560151762229594,0.539269730120659,0.017805590965632945,0.014002423914853068
2608.251,19.12726082,2.5001544734774486,19.09964229848666,19.103443957261693,18.560630923623282,0.5390342072674259,0.027618521513339545,0.02381686273830752
2608.733,19.11317674,2.500182792864373,19.0997896537934,19.103587935351566,18.561109893436694,0.5387987387512687,0.013387086206599008,0.009588804648434035
2609.216,19.14604345,2.5002111537251688,19.099861911808983,19.10365493801191,18.561589664859333,0.5385628362175108,0.04618153819101778,0.042388511988090016
2609.698,19.12275813,2.5002394386374815,19.09985889909547,19.103644818217596,18.562068251332718,0.538327476488238,0.02289923090453172,0.019113311782405162
2610.18,19.13679658,2.5002677063512,19.099780979119032,19.103557936155568,18.562546646443597,0.5380921710960409,0.03701560088096656,0.03323864384443098
2610.662,19.1273989,2.5002959568801946,19.09962829814846,19.103394444781575,18.563024850264505,0.5378569200409198,0.027770601851539567,0.024004455218424425
2611.144,19.12392944,2.500324190238323,19.099401012761525,19.10315450837458,18.563502862867985,0.5376217233228745,0.024528427238475814,0.020774931625421544
2611.626,19.11691289,2.5003524064394287,19.099099289813072,19.10283830249939,18.563980684326577,0.5373865809419048,0.017813600186926237,0.01407458750060897
2612.108,19.12398117,2.5003806054973428,19.098723306401663,19.10244601396735,18.564458314712816,0.5371514928980113,0.025257863598337593,0.02153515603265177
2612.59,19.12197483,2.5004087874258807,19.09827324983486,19.101977840794984,18.564935754099242,0.5369164591911937,0.023701580165138125,0.01999698920501558
2613.073,19.11310185,2.500437010654287,19.097748153945496,19.101432785330598,18.565413992502013,0.5366809923688693,0.015353696054503985,0.011669064669401763
2613.554,19.10005511,2.5004650999500306,19.09715171729207,19.10081468835977,18.565890060162825,0.536446554788786,0.002903392707928276,-0.0007595783597693639
2614.037,19.12692604,2.5004932889177427,19.0964791982276,19.100118641799412,18.566367916137043,0.5362111968660784,0.030446841772402422,0.02680739820058875
2614.519,19.12166708,2.5005214024312665,19.095734773330342,19.09934897747573,18.566844591854036,0.5359763806202968,0.02593230666965951,0.022318102524270245
2615.001,19.11441633,2.500549498884324,19.094917364140695,19.098504585626408,18.56732107693406,0.5357416187115908,0.019498965859305883,0.015911744373592995
2615.483,19.11081879,2.5005775782906507,19.094027218433457,19.0975857305449,18.567797371449664,0.535506911139961,0.016791571566542984,0.013233059455100005
2615.965,19.1195964,2.5006056406639696,19.09306459391035,19.09659268738619,18.568273475473383,0.5352722579054068,0.026531806089650445,0.02300371261380718
2616.447,19.13040083,2.5006336860179883,19.092029758154318,19.095525742110098,18.56874938907775,0.5350376590079287,0.038371071845681115,0.034875087889901124
2616.929,19.11090375,2.5006617143664034,19.090922988582438,19.094385191422724,18.56922511233532,0.5348031144475264,0.019980761417560444,0.01651855857727469
2617.411,19.14687244,2.5006897257228955,19.089744572397485,19.093171342716047,18.569700645318616,0.5345686242241999,0.05712786760251376,0.05370109728395178
2617.894,19.12957318,2.5007177781631174,19.0884921397063,19.091881768600256,18.570176974090867,0.5343337020129258,0.041081040293700966,0.03769141139974508
2618.376,19.12271029,2.5007457555415753,19.087171183729627,19.090522138081255,18.570652126348868,0.5340993205764836,0.03553910627037382,0.03218815191874569
2618.858,19.11776527,2.500773715969104,19.085779501624682,19.089090195917223,18.571127088550362,0.5338649934771172,0.03198576837531775,0.02867507408277703
2619.34,19.14272894,2.5008016594593334,19.084317419246428,19.087586291624955,18.571601860767903,0.5336307207148268,0.05841152075357314,0.05514264837504612
2619.822,19.12380535,2.500829586025877,19.082785271973663,19.086010785077903,18.572076443074025,0.5333965022896122,0.04102007802633878,0.03779456492209832
2620.304,19.12542233,2.500857495682338,19.081183404652748,19.084364046435066,18.572550835541268,0.5331623382014735,0.04423892534725127,0.04105828356493291
2620.786,19.13016325,2.5008853884423043,19.079512171540138,19.082646456068154,18.573025038242164,0.5329282284504108,0.050651078459861054,0.0475167939318446
2621.268,19.09747676,2.5009132643193506,19.077771936243604,19.08085840448705,18.57349905124926,0.5326941730364237,0.019704823756395484,0.01661835551294999
2621.75,19.0964469,2.5009411233270398,19.075963071662176,19.07900029226354,18.573972874635096,0.5324601719595128,0.020483828337823695,0.017446607736459896
2622.233,19.09467349,2.500969023225208,19.074081994829392,19.077068458335564,18.574447490918036,0.5322257399094805,0.020591495170609875,0.01760503166443783
2622.715,19.10825344,2.5009968484998866,19.07213688686609,19.075071323213276,18.574920934885935,0.5319918476194536,0.03611655313390827,0.03318211678672256
2623.197,19.08818424,2.501024656945842,19.070124324283917,19.073005389651332,18.57539418945034,0.5317580096665028,0.018059915716083452,0.015178850348668504
2623.679,19.11059856,2.501052448576583,19.068044716540697,19.07087109769411,18.57586725468379,0.5315242260506277,0.04255384345930224,0.039727462305890526
2624.161,19.09512929,2.501080223405606,19.065898482066792,19.068668897042024,18.576340130658828,0.5312904967718284,0.02923080793320665,0.026460392957975643
2624.643,19.10260985,2.5011079814463937,19.06368604819775,19.066399246965627,18.576812817447983,0.5310568218301052,0.038923801802251745,0.03621060303437318
2625.125,19.0987536,2.5011357227124154,19.061407851105812,19.06406261621816,18.577285315123806,0.5308232012254577,0.03734574889418596,0.034690983781839435
2625.607,19.0808894,2.5011634472171274,19.05906433573018,19.06165948294655,18.57775762375883,0.5305896349578861,0.02182506426981945,0.019229917053451118
2626.09,19.08899031,2.5011912124415456,19.056650891959748,19.05918514360712,18.578230722730602,0.5303556386192874,0.032339418040251644,0.029805166392879556
2626.572,19.09121377,2.50121890342925,19.05417797641837,19.056650341441486,18.578702653109822,0.5301221811386,0.037035793581630116,0.034563428558513465
2627.054,19.07667622,2.5012465776959627,19.051641130284093,19.054050527701698,18.579174394666016,0.5298887779949886,0.025035089715906622,0.022625692298301914
2627.536,19.06410529,2.5012742352550883,19.04904083286153,19.05138621720899,18.579645947471725,0.529655429188453,0.01506445713847171,0.012719072791011143
2628.018,19.06721681,2.5013018761200176,19.046377571856425,19.048657933711393,18.58011731159948,0.5294221347189932,0.020839238143576466,0.018558876288608417
2628.5,19.06187962,2.5013295003041276,19.043651843299216,19.045866209786126,18.580588487121823,0.5291888945866094,0.018227776700783238,0.016013410213872703
2628.982,19.05968397,2.501357107820784,19.040864151467407,19.043011586740647,18.581059474111296,0.5289557087913015,0.018819818532591626,0.016672383259351164
2629.464,19.07810791,2.501384698683338,19.0380150088069,19.04009461451246,18.581530272640435,0.5287225773330694,0.040092901193098385,0.0380132954875414
2629.947,19.07303642,2.501412330095769,19.035098835384993,19.037109607722005,18.582001858955596,0.5284890167059043,0.03793758461500829,0.03592681227799588
2630.429,19.05719107,2.501439887655639,19.03212823591888,19.03406949452668,18.582472280391066,0.5282559940345564,0.02506283408111898,0.0231215754733185
2630.911,19.05045957,2.501467428601412,19.029097772290932,19.030968733921448,18.582942513583976,0.5280230257002845,0.021361797709069208,0.019490836078553286
2631.393,19.06179543,2.5014949529463877,19.0260079888291,19.027807909352777,18.583412558606867,0.5277901117030883,0.035787441170899825,0.03398752064722288
2631.875,19.06523206,2.5015224607038524,19.02285943762052,19.02458761237675,18.583882415532265,0.5275572520429681,0.04237262237947803,0.04064444762325081
2632.357,19.05181312,2.501549951887081,19.0196526784266,19.021308442551355,18.584352084432723,0.5273244467199237,0.03216044157339937,0.03050467744864349
2632.839,19.05206403,2.501577426509334,19.01638827859715,19.017971007327766,18.58482156538077,0.5270916957339552,0.03567575140284873,0.03409302267223424
2633.321,19.02297103,2.5016048845838594,19.01306681298355,19.01457592194036,18.585290858448953,0.5268589990850627,0.00990421701645161,0.008395108059641387
2633.803,19.04346488,2.501632326123893,19.009688863850908,19.011123809295743,18.585759963709812,0.5266263567732459,0.03377601614909054,0.032341070704255515
2634.286,19.04381913,2.501659808023871,19.0062478389448,19.007607962612454,18.58622985389872,0.5263932863073227,0.03757129105519752,0.03621116738754537
2634.768,19.03866368,2.5016872165003394,19.002758584680638,19.004043579286662,18.58669858337327,0.5261607527823903,0.035905095319360925,0.034620100713336655
2635.25,19.0157487,2.5017146084819712,18.999214638543222,19.00042408367725,18.58716712525826,0.5259282735945336,0.016534061456777494,0.015324616322750728
2635.732,19.04174387,2.501741983981951,18.995616611570128,18.996750128263656,18.587635479626236,0.525695848743753,0.04612725842987331,0.04499374173634507
2636.214,19.01991031,2.50176934301345,18.99196512175938,18.99302237262694,18.58810364654973,0.525463478230048,0.027945188240618535,0.026887937373061277
2636.696,19.0470178,2.501796685589625,18.988260793976142,18.989241483332744,18.58857162610128,0.525231162053419,0.05875700602385692,0.05777631666725469
2637.178,19.04040985,2.5018240117236235,18.984504259858465,18.985408133813408,18.589039418353433,0.524998900213866,0.055905590141534844,0.055001716186591665
2637.66,19.01124792,2.501851321428577,18.980696157722285,18.981523004249315,18.589507023378722,0.5247666927113886,0.030551762277713834,0.029724915750684033
2638.143,19.01347487,2.5018786713256316,18.976829073705407,18.9775785623805,18.58997541080181,0.524534057956899,0.03664579629459297,0.03589630761949891
2638.625,19.01147113,2.501905948177826,18.97291967309457,18.97359183582226,18.59044264120293,0.5243019592413061,0.038551456905430825,0.03787929417774194
2639.107,19.0073569,2.501933208640324,18.96896065988843,18.96955541050674,18.590909684594955,0.5240699148627889,0.03839624011157028,0.0378014894932619
2639.589,19.01096885,2.501960452726208,18.964952698160204,18.965469992415375,18.591376541050426,0.5238379248213476,0.04601615183979746,0.045498857584625796
2640.071,19.00352483,2.501987680448547,18.960896458173178,18.961336293671646,18.591843210641887,0.5236059891169823,0.04262837182682233,0.04218853632835362
2640.553,19.01456442,2.502014891820398,18.956792616280776,18.95715503241764,18.592309693441866,0.5233741077496927,0.057771803719223414,0.057409387582360694
2641.035,19.00697048,2.5020420868548037,18.952641854826016,18.952926932690087,18.592775989522913,0.5231422807194791,0.054328625173983625,0.05404354730991301
2641.517,18.98967186,2.5020692655647965,18.948444862040038,18.948652724295616,18.59324209895756,0.5229105080263413,0.04122699795996354,0.04101913570438498
2642.0,19.00382823,2.5020964842999707,18.94419348315891,18.94432413424575,18.593708988269395,0.5226783089832853,0.05963474684109116,0.05950409575424942
2642.481,18.97557546,2.502123574063601,18.93991496422647,18.9399689288299,18.59417375817782,0.5224471256512933,0.0356604957735307,0.03560653117010304
2642.964,18.96613573,2.5021507601474164,18.935574432281605,18.93555163855722,18.594640273785995,0.5222150355078541,0.03056129771839622,0.030584091442779737
2643.446,18.99031132,2.5021778736560663,18.9311994213133,18.931100315857684,18.595105636973894,0.5219834802757524,0.059111898686701636,0.05921100414231617
2643.928,18.98261239,2.5022049709052956,18.926781706385004,18.926606617243614,18.595570813878236,0.5217519793807265,0.05583068361499599,0.05600577275638585
2644.41,18.9787204,2.5022320519080608,18.92232200889919,18.92207130450083,18.596035804571574,0.5215205328227764,0.05639839110081013,0.05664909549917141
2644.892,18.95497398,2.502259116677304,18.917821055417146,18.91749514429644,18.596500609126437,0.5212891406019023,0.03715292458285191,0.03747883570355981
2645.374,18.94217254,2.502286165225956,18.913279577552302,18.91287890805001,18.59696522761537,0.521057802718104,0.028892962447699233,0.02929363194999013
2645.856,18.93909585,2.5023131975669344,18.90869831186283,18.9082233718044,18.59742966011091,0.5208265191713813,0.03039753813717283,0.030872478195600905
2646.338,18.95602244,2.502340213713145,18.904077999743734,18.90352931609616,18.5978939066856,0.5205952899617349,0.051944440256267654,0.0524931239038402
2646.821,18.93358604,2.5023672696771926,18.899409682854316,18.89878767015519,18.598358930000423,0.5203636355297293,0.0341763571456859,0.034798369844811106
2647.303,18.93818871,2.5023942534390016,18.89471344374511,18.89401885862937,18.598822804565668,0.520132515106967,0.0434752662548874,0.04416985137062923
2647.785,18.92515129,2.5024212210447114,18.889980411895976,18.88921389656229,18.59928649342783,0.5199014490212807,0.03517087810402231,0.03593739343770963
2648.267,18.91409809,2.5024481725071768,18.885211346967758,18.884373581171594,18.599749996659448,0.51967043727267,0.028886743032241924,0.02972450882840505
2648.749,18.90499434,2.502475107839242,18.88040701290994,18.87949871351603,18.600213314333057,0.5194394798611355,0.024587327090056732,0.025495626483969858
2649.231,18.90382151,2.502502027053737,18.87556817784965,18.87459009836443,18.600676446521202,0.5192085767866764,0.02825333215034931,0.02923141163557119
2649.713,18.90188388,2.502528930163479,18.870695613979965,18.869648544064248,18.601139393296418,0.5189777280492935,0.03118826602003466,0.03223533593575212
2650.195,18.89316063,2.502555817181276,18.8657900974479,18.864674862410148,18.601602154731246,0.5187469336489864,0.027370532552101423,0.028485767589852884
2650.677,18.88625001,2.502582688119921,18.860852408241914,18.859669868512437,18.602064730898224,0.5185161935857552,0.025397601758086807,0.026580141487563935
2651.16,18.90714594,2.5026095986910053,18.8558729887051,18.854623902466045,18.602528080994805,0.5182850293149918,0.05127295129489795,0.05252203753395435
2651.642,18.88062817,2.5026364374763843,18.85087324624956,18.849558681310448,18.602990286459704,0.5180543980386447,0.029754923750441975,0.031069488689553282
2652.124,18.900292,2.502663260220944,18.845843694647336,18.844464613531816,18.60345230687453,0.5178238210993736,0.05444830535266476,0.055827386468184415
2652.606,18.88464838,2.5026900669374292,18.840785128126406,18.83934252619126,18.60391414231181,0.5175932984971783,0.04386325187359574,0.04530585380874186
2653.088,18.91134962,2.502716857638571,18.835698344187502,18.8341932490065,18.604375792844092,0.517362830232059,0.07565127581249698,0.07715637099349948
2653.57,18.86055036,2.5027436323370904,18.83058414348923,18.829017614220042,18.604837258543913,0.5171324163040156,0.029966216510771915,0.031532745779959015
2654.052,18.87774545,2.5027703910456935,18.82544332973294,18.823816456467586,18.605298539483805,0.516902056713048,0.05230212026705772,0.05392899353241276
2654.534,18.87506855,2.5027971337770762,18.820276709547382,18.818590612646368,18.605759635736316,0.5166717514591562,0.05479184045261931,0.056477937353633934
2655.017,18.87982935,2.5028239159770584,18.815074295961516,18.8133300061031,18.606221503430337,0.5164410228998262,0.06475505403848558,0.0664993438969006
2655.499,18.86082056,2.5028506267589545,18.809858444603908,18.808057262370383,18.606682230142912,0.5162108264328188,0.050962115396092855,0.05276329762961751
2655.981,18.85543503,2.502877321601668,18.80461922480133,18.802762357266616,18.607142772385867,0.5159806843028871,0.05081580519867046,0.05267267273338305
2656.463,18.83303167,2.5029040005178453,18.799357453736818,18.797446135425584,18.607603130231748,0.5157505965100314,0.0336742162631829,0.035585534574416045
2656.945,18.85400645,2.5029306635201207,18.794073950939204,18.792109443086595,18.608063303753088,0.5155205630542515,0.05993249906079612,0.06189700691340505
2657.427,18.82987767,2.502957310621116,18.78876953816618,18.786753127963994,18.608523293022433,0.5152905839355476,0.04110813183381978,0.04312454203600424
2657.909,18.83271397,2.50298394183344,18.783445039287137,18.78137803911687,18.608983098112326,0.5150606591539195,0.04926893071286287,0.05133593088313049
2658.391,18.8273115,2.5030105571696923,18.778101280165824,18.775985026819047,18.60944271909529,0.5148307887093673,0.04921021983417617,0.051326473180953514
2658.874,18.81744594,2.5030372118116033,18.772727945078664,18.77056370103269,18.609903109041323,0.5146004958614707,0.04471799492133499,0.04688223896731003
2659.356,18.8040581,2.5030637954005814,18.76734811479672,18.7651373641014,18.610362361646484,0.5143707342038026,0.036709985203277284,0.0389207358985999
2659.838,18.80481188,2.503090363151232,18.76195151438046,18.759695662304892,18.6108214303625,0.5141410268832105,0.04286036561953921,0.04511621769510654
2660.32,18.79616891,2.5031169150761055,18.756538976497882,18.7542394494837,18.611280315261904,0.5139113738996944,0.03962993350211619,0.04192946051630031
2660.802,18.79152658,2.503143451187738,18.751111335222397,18.74876958004789,18.611739016417236,0.5136817752532541,0.040415244777602055,0.04275699995210758
2661.284,18.80028434,2.5031699714986555,18.74566942591475,18.743286908849146,18.612197533901035,0.5134522309438896,0.054614914085252764,0.05699743115085454
2661.766,18.79107912,2.50319647602137,18.74021408510491,18.737792291053417,18.612655867785843,0.513222740971601,0.05086503489508942,0.05328682894658243
2662.248,18.77552975,2.5032229647683826,18.734746150373912,18.732286582013916,18.6131140181442,0.5129933053363883,0.040783599626088574,0.043243167986084075
2662.73,18.77642642,2.503249437752183,18.729266460235642,18.72677063714468,18.61357198504864,0.5127639240382514,0.047159959764357495,0.04965578285532146
2663.213,18.7776396,2.503275949859408,18.723764451954914,18.72123383930627,18.614030718139478,0.5125341213515967,0.053875148045086974,0.05640576069373182
2663.695,18.75473987,2.5033023913215624,18.71826374965335,18.715699971834827,18.61448831797348,0.5123048488403441,0.03647612034665215,0.03903989816517495
2664.177,18.74715974,2.503328817057924,18.712753813646092,18.710158435656496,18.614945734571332,0.5120756306661675,0.03440592635390871,0.037001304343505126
2664.659,18.75692366,2.503355227080935,18.707235484997522,18.704610085172895,18.615402968005576,0.5118464668290666,0.049688175002479795,0.052313574827106635
2665.141,18.75547606,2.503381621403024,18.701709605113898,18.699055774221684,18.615860018348755,0.5116173573290416,0.053766454886101656,0.056420285778315815
2665.623,18.74993699,2.5034080000366075,18.696177015625306,18.69349635595325,18.61631688567341,0.5113883021660924,0.053759974374692376,0.05644063404674782
2666.105,18.74502301,2.5034343629940907,18.69063855826776,18.687932682708208,18.616773570052075,0.5111593013402193,0.054384451732239825,0.05709032729179242
2666.587,18.7343309,2.5034607102878677,18.68509507476535,18.682365605895296,18.617230071557294,0.5109303548514219,0.049235825234649866,0.051965294104704185
2667.07,18.73009172,2.5034870965440224,18.679535893261704,18.676784418556405,18.617687336790933,0.5107009878762007,0.050555826738296616,0.053307301443595634
2667.552,18.72314365,2.5035134125150846,18.673984875944164,18.6712130818474,18.61814347238784,0.5104721501742875,0.049158774055836574,0.05193056815259922
2668.034,18.71565711,2.5035397128595744,18.668431358150688,18.665640890753732,18.61859942532907,0.5102433668094504,0.04722575184931088,0.05001621924626676
2668.516,18.7116854,2.503565997589838,18.662876180381115,18.660068691747245,18.61905519568716,0.510014637781689,0.04880921961888518,0.05161670825275522
2668.998,18.71159363,2.503592266718208,18.657320182536157,18.65449732976794,18.619510783534643,0.5097859630910035,0.05427344746384222,0.057096300232061026
2669.48,18.71183296,2.503618520257007,18.651764203800575,18.648927648105968,18.61996618894407,0.509557342737394,0.0600687561994242,0.06290531189403126
2669.962,18.70020816,2.5036447582185457,18.646209082526497,18.643360488284618,18.62042141198797,0.5093287767208601,0.05399907747350241,0.05684767171538141
2670.444,18.69091477,2.5036709806151225,18.64065565611708,18.637796689943933,18.620876452738887,0.5091002650414023,0.05025911388291959,0.05311808005606622
2670.927,18.67389087,2.5036972418139105,18.635093247740954,18.632225561231863,18.62133225476989,0.5088713337776146,0.038797622259046705,0.04166530876813823
2671.408,18.67817918,2.5037233787625235,18.629557232063117,18.626682526155726,18.621785987651933,0.5086434046937142,0.04862194793688346,0.05149665384427493
2671.891,18.66003148,2.503749608828342,18.62400240769784,18.621122324393568,18.622241424704164,0.5084145823295433,0.036029072302159904,0.03890915560643293
2672.373,18.66128385,2.503775769055641,18.618464123044234,18.61558034144231,18.62269573663102,0.5081862881111214,0.04281972695576641,0.04570350855768979
2672.855,18.66958153,2.5038019137793195,18.61293170370245,18.610045887621805,18.623149866627738,0.5079580482297754,0.05664982629754789,0.05953564237819364
2673.337,18.65099245,2.5038280430116044,18.607405978948755,18.604519788867915,18.62360381476686,0.5077298626855052,0.04358647105124547,0.04647266113208559
2673.819,18.63656739,2.5038541567647132,18.6018877763032,18.599002868440937,18.624057581120923,0.507501731478311,0.03467961369679884,0.037564521559062314
2674.301,18.66479784,2.5038802550508494,18.596377921415776,18.593495946815835,18.62451116576247,0.5072736546081926,0.06841991858422247,0.07130189318416313
2674.783,18.6373375,2.503906337882207,18.590877237952697,18.587999841573293,18.624964568764035,0.5070456320751502,0.04646026204730447,0.04933765842670823
2675.265,18.63597142,2.5039324052709655,18.58538654748333,18.582515367291702,18.625417790198167,0.5068176638791835,0.05058487251666932,0.053456052708298785
2675.748,18.6242538,2.503958511262971,18.579895312132226,18.577031996172018,18.625871769865665,0.5065892772264462,0.04435848786777541,0.04722180382798413
2676.23,18.62441133,2.5039845477710556,18.574427088382286,18.571573243332654,18.62632462800621,0.5063614178173638,0.04998424161771453,0.05283808666734657
2676.712,18.63014726,2.5040105688730407,18.56897131031452,18.56612854777554,18.626777304797088,0.5061336127453573,0.0611759496854809,0.06401871222445976
2677.194,18.60529567,2.504036574581062,18.56352878998178,18.560698711000697,18.627229800310833,0.5059058620104266,0.041766880018219155,0.04459695899930338
2677.676,18.60947025,2.504062564907241,18.558100336780296,18.555284530979232,18.627682114619983,0.505678165612572,0.05136991321970541,0.05418571902076863
2678.158,18.5978776,2.504088539863691,18.552686757339128,18.549886802050946,18.628134247797085,0.505450523551793,0.04519084266087248,0.04799079794905481
2678.64,18.58832888,2.504114499462511,18.547288855410137,18.54450631482279,18.62858619991467,0.5052229358280899,0.041040024589861446,0.04382256517720862
2679.122,18.56929889,2.504140443715789,18.541907431758542,18.539143856068396,18.62903797104528,0.5049954024414628,0.027391458241456945,0.030155033931603015
2679.604,18.57421457,2.504166372635603,18.536543284053874,18.53380020862847,18.629489561261458,0.5047679233919115,0.03767128594612501,0.04041436137152843
2680.087,18.56913748,2.5041923399807513,18.53118613464847,18.52846512645224,18.629941906981774,0.5045400269004162,0.03795134535153011,0.04067235354775889
2680.569,18.56107316,2.50421823823807,18.52585895887399,18.523161476993135,18.630393135211737,0.5043126566377492,0.035214201126009925,0.03791168300686465
2681.051,18.56409045,2.5042441211981106,18.5205514340303,18.517878964386824,18.630844182745026,0.5040853407121579,0.043539015969699335,0.04621148561317412
2681.533,18.55127799,2.504269988872904,18.515264344318226,18.51261835475788,18.631295049654195,0.5038580791236428,0.036013645681773454,0.03865963524211935
2682.015,18.5660437,2.5042958412744682,18.509998470306318,18.50738040981512,18.631745736011773,0.5036308718722032,0.05604522969368375,0.05866329018488159
2682.497,18.52767548,2.5043216784148123,18.504754588825293,18.502165886758032,18.632196241890302,0.5034037189578396,0.022920891174706526,0.02550959324196711
2682.979,18.54241513,2.5043475003059323,18.499533472863202,18.496975538184326,18.632646567362322,0.5031766203805521,0.042881657136796036,0.04543959181567203
2683.461,18.51770929,2.504373306959813,18.494335891461215,18.49181011199859,18.633096712500375,0.5029495761403403,0.02337339853878362,0.02589917800140995
2683.944,18.52283639,2.5043991518817976,18.48915190244795,18.486659715110097,18.633547610726755,0.5027221153602786,0.03368448755204767,0.036176674889901506
2684.426,18.53905284,2.5044249280655584,18.484003733765334,18.48154641373393,18.633997395040726,0.5024951799069509,0.05504910623466586,0.05750642626606961
2684.908,18.49595756,2.504450689047991,18.478881383617782,18.47646025091791,18.63444699923849,0.5022682987906992,0.017076176382218478,0.019497309082090908
2685.39,18.48660578,2.5044764348410347,18.47378560422084,18.471401954890055,18.634896423392597,0.5020414720115235,0.012820175779161502,0.015203825109946223
2685.872,18.49747448,2.5045021654566177,18.468717143331958,18.46637224874369,18.63534566757558,0.5018146995694235,0.028757336668043365,0.031102231256312507
2686.354,18.48967419,2.504527880906656,18.46367674415041,18.461371850352364,18.63579473185998,0.5015879814643994,0.025997445849590406,0.02830233964763451
2686.836,18.50181967,2.5045535812030555,18.45866514521798,18.456401472285872,18.63624361631834,0.5013613176964513,0.0431545247820182,0.04541819771412747
2687.318,18.48573318,2.5045792663577098,18.45368308032036,18.451461821727275,18.63669232102319,0.5011347082655787,0.032050099679640454,0.03427135827272565
2687.801,18.46964493,2.5046049896240943,18.448721036902732,18.446543450513815,18.637141776410193,0.5009076831969507,0.02092389309726883,0.02310147948618635
2688.283,18.46862548,2.504630644499541,18.44380028695657,18.441667421935353,18.6375901214531,0.5006811825529627,0.024825193043430005,0.026958058064646906
2688.765,18.46409198,2.504656284268881,18.43891124437776,18.436824210707627,18.638038286960267,0.5004547362460505,0.025180735622239325,0.02726776929237218
2689.247,18.47212491,2.504681908943963,18.434054622946586,18.432014501647455,18.63848627300424,0.5002283442762142,0.038070287053415086,0.040110408352546756
2689.729,18.45960563,2.5047075185366237,18.429231131205825,18.42723897378647,18.638934079657556,0.5000020066434537,0.030374498794174087,0.03236665621352941
2690.211,18.44075658,2.5047331130586894,18.424441472366972,18.422498300294713,18.63938170699275,0.4997757233477692,0.01631510763302657,0.01825827970528593
2690.693,18.44027428,2.504758692521975,18.419686344217315,18.41779314840537,18.63982915508237,0.49954949438916024,0.020587935782685918,0.022481131594631165
2691.175,18.43280624,2.5047842569382848,18.414966439027804,18.41312417934056,18.64027642399895,0.4993233197676275,0.017839800972197395,0.019682060659441447
2691.657,18.42907431,2.50480980631941,18.410282443461796,18.408492048238287,18.64072351381503,0.49909719948317055,0.01879186653820497,0.020582261761713738
2692.14,18.41966905,2.5048353936373706,18.40562543507084,18.40388791103814,18.641171351617906,0.49887066457578444,0.014043614929160952,0.015781138961859398
2692.622,18.42406025,2.5048609129523283,18.401015373873257,18.399331476350476,18.641618083079397,0.49864465307821176,0.02304487612674322,0.024728773649524527
2693.104,18.40169682,2.504886417267437,18.396443249126957,18.394813809133918,18.642064635658166,0.49841869591771487,0.005253570873044566,0.006883010866083339
2693.586,18.41502449,2.504911906594444,18.39190972415773,18.390335539467785,18.642511009426737,0.49819279309429393,0.023114765842269236,0.02468895053221587
2694.068,18.39182871,2.5049373809450852,18.38741545624082,18.38589729099822,18.642957204457655,0.4979669446079487,0.004413253759178559,0.005931419001779403
2694.55,18.39667131,2.5049628403310864,18.382961096515,18.381499680871745,18.643403220823462,0.49774115045867945,0.013710213484998235,0.015171629128253983
2695.032,18.38173746,2.5049882847641625,18.378547289897817,18.377143319669944,18.643849058596693,0.49751541064648613,0.003190170102183032,0.004594140330056007
2695.514,18.36404327,2.5050137142560156,18.374174675001587,18.37282881134515,18.644294717849892,0.49728972517136866,-0.010131405001587268,-0.008785541345151415
2695.997,18.37482186,2.5050391815301354,18.3698349429181,18.368547934503702,18.644741122704186,0.49706362597541615,0.004986917081900799,0.00627392549629846
2696.479,18.39494943,2.50506458114367,18.365546690382132,18.36431900686366,18.645186424764933,0.4968380492871829,0.029402739617868434,0.030630423136340568
2696.961,18.37145645,2.5050899658510497,18.361301508026205,18.36013370476045,18.645631548523415,0.49661252693602553,0.010154941973794962,0.011322745239549903
2697.443,18.36983082,2.5051153356639326,18.357100008408455,18.355992604994988,18.64607649405217,0.49638705892194396,0.012730811591545432,0.0138382150050127
2697.925,18.37801636,2.505140690593966,18.352942797376823,18.351896277434218,18.64652126142374,0.4961616452449383,0.02507356262317728,0.026120082565782354
2698.407,18.37751705,2.505166030652787,18.348830473991075,18.34784528495351,18.64696585071066,0.4959362859050086,0.028686576008926323,0.029671765046490606
2698.889,18.37783094,2.5051913558520207,18.34476363044594,18.343840183380177,18.64741026198547,0.49571098090215476,0.033067309554059676,0.03399075661982209
2699.371,18.35425917,2.5052166662032826,18.340742851995152,18.339881521438016,18.64785449532071,0.4954857302363767,0.01351631800484654,0.014377648561982426
2699.854,18.37435895,2.5052420141830827,18.336760520666118,18.335961774381577,18.648299471880986,0.4952600667518578,0.03759842933388313,0.038397175618424484
2700.335,18.3633479,2.5052672424082925,18.332841796238927,18.332105675500276,18.648742428462644,0.49503539191604845,0.030506103761073433,0.031242224499724358
2700.818,18.35859526,2.5052925606886567,18.328954656108177,18.328281685986852,18.649187048769036,0.49480983733114603,0.029640603891824213,0.03031357401314949
2701.3,18.36433864,2.5053178117332586,18.325123950010354,18.324514227146953,18.6496305707029,0.49458480412640404,0.03921468998964528,0.039824412853047164
2701.782,18.35004731,2.5053430479878203,18.321342129711415,18.320795844197757,18.650073915060048,0.4943598252587379,0.028705180288586263,0.02925146580224336
2702.264,18.3454752,2.505368269463891,18.317609737269645,18.317127042124437,18.650517081913005,0.4941349007281477,0.02786546273035384,0.028348157875562663
2702.746,18.33822346,2.5053934761730083,18.313927307300915,18.313508318451305,18.650960071334318,0.49391003053463334,0.02429615269908325,0.024715141548693254
2703.228,18.33418536,2.505418668126698,18.310295366911358,18.309940163195193,18.651402883396532,0.4936852146781948,0.023889993088641148,0.024245196804805857
2703.71,18.33126611,2.505443845336478,18.306714435631235,18.306423058819778,18.651845518172177,0.49346045315883225,0.02455167436876593,0.02484305118022334
2704.192,18.32641449,2.505469007813852,18.30318502534995,18.302957480191083,18.652287975733795,0.4932357459765455,0.023229464650050602,0.023457009808918627
2704.675,18.3046408,2.505494207728789,18.299700480186004,18.299536866772744,18.652731173564078,0.49301062710307664,0.004940319813997007,0.005103933227257329
2705.157,18.28774705,2.5055193407453187,18.296275726165522,18.296175842923706,18.653173276547978,0.4927860287076741,-0.008528676165521887,-0.008428792923705686
2705.639,18.30336365,2.505544459063916,18.292903983339368,18.292867724333664,18.65361520253562,0.49256148464934746,0.01045966666063336,0.010495925666337058
2706.121,18.31154287,2.5055695626960444,18.289585732389767,18.28961295503795,18.654056951599543,0.49233699492809674,0.02195713761023299,0.0219299149620511
2706.603,18.30711747,2.5055946516531526,18.286321446050067,18.286411971267633,18.65449852381229,0.4921125595439218,0.020796023949934295,0.02070549873236871
2707.085,18.2915359,2.5056197259466817,18.28311158904667,18.28326520141125,18.654939919246395,0.49188817849682287,0.008424310953330405,0.00827069858874907
2707.567,18.29399719,2.505644785588061,18.27995661804208,18.280173065977795,18.655381137974402,0.4916638517867998,0.014040571957920633,0.013824124022203677
2708.049,18.28560993,2.505669830588709,18.27685698157922,18.27713597756067,18.655822180068853,0.4914395794138525,0.008752948420781337,0.008473952439331356
2708.531,18.27402634,2.505694860960033,18.273813120026855,18.274154340802703,18.656263045602277,0.49121536137798105,0.00021321997314416308,-0.0001280008027038093
2709.014,18.27335168,2.505719928598145,18.27081932579551,18.27122254058684,18.656704648756435,0.49099073266575416,0.0025323542044901615,0.002129139413160175
2709.496,18.29333447,2.5057449297147087,18.267888420134827,18.26835310617729,18.657145161019503,0.4907666234167671,0.025446049865173848,0.02498136382271099
2709.978,18.26609951,2.5057699162361295,18.265014561772233,18.265540290098915,18.657585496939323,0.49054256850485584,0.0010849482277670575,0.0005592199010848731
2710.46,18.28267841,2.505794888173773,18.262198157841173,18.262784464846366,18.65802565658842,0.4903185679300204,0.020480252158826318,0.019893945153633297
2710.942,18.27480848,2.5058198455389933,18.259439607046314,18.260085994804303,18.658465640039353,0.49009462169226087,0.015368872953686719,0.014722485195697743
2711.424,18.26137651,2.5058447883431323,18.256739299616203,18.257445236218597,18.658905447364646,0.48987072979157725,0.004637210383798163,0.003931273781404343
2711.906,18.25966103,2.5058697165975237,18.254097617257294,18.25486253716855,18.659345078636846,0.4896468922279694,0.00556341274270622,0.004798492831451284
2712.388,18.27354956,2.5058946303134886,18.251514933109114,18.252338237540165,18.659784533928487,0.48942310900143754,0.022034626890885534,0.021211322459834037
2712.871,18.2563885,2.505919581145313,18.24898643854985,18.249867614989487,18.660224724497322,0.4891989160006442,0.007402061450150654,0.006520885010512956
2713.353,18.28046869,2.5059444657882444,18.246522960019114,18.24746122381157,18.660663827680747,0.4889752415609966,0.03394572998088563,0.033007466188429646
2713.835,18.28570315,2.5059693359266735,18.244119547998324,18.245114202946173,18.66110275510138,0.48875162145842477,0.04158360200167621,0.040588947053826985
2714.317,18.2752641,2.50599419157188,18.24177654091828,18.242826859241376,18.661541506831764,0.48852805569292884,0.03348755908172052,0.03243724075862531
2714.799,18.27564498,2.506019032735133,18.239494268437586,18.240599491233162,18.66198008294444,0.48830454426450887,0.03615071156241356,0.035045488766836996
2715.281,18.26545611,2.50604385942769,18.237273051405403,18.238432389124714,18.662418483511946,0.4880810871731646,0.028183058594596133,0.027023720875284596
2715.763,18.26771689,2.5060686716607976,18.235113201825442,18.23632583476658,18.662856708606824,0.4878576844188964,0.03260368817455728,0.03139105523342067
2716.245,18.26875898,2.506093469445694,18.23301502282122,18.2342801016379,18.66329475830161,0.487634336001704,0.03574395717878076,0.034478878362101284
2716.728,18.24770205,2.506118304196339,18.230974648703473,18.23229140098266,18.66373354093969,0.48741057871234417,0.016727401296527944,0.015410649017340461
2717.21,18.25547663,2.506143073088561,18.229000813974515,18.23036822470524,18.664171239688386,0.487187339082036,0.02647581602548499,0.025108405294758995
2717.692,18.25455054,2.5061678275662413,18.227089506146694,18.228506640199257,18.664608763254762,0.4869641537888037,0.02746103385330656,0.02604389980074373
2718.174,18.24430142,2.506192567640574,18.22524099248249,18.226706887272208,18.665046111711355,0.4867410228326473,0.019060427517509027,0.017594532727791545
2718.656,18.26026682,2.506217293322743,18.223455531209765,18.22496919728072,18.66548328513071,0.48651794621356675,0.036811288790232766,0.035297622719276944
2719.138,18.24017511,2.5062420046239215,18.221733371494725,18.223293793117552,18.665920283585354,0.48629492393156204,0.018441738505273975,0.016881316882447095
2719.62,18.24796107,2.506266701555273,18.220074753416203,18.221680889199497,18.666357107147835,0.48607195598663333,0.027886316583796145,0.02628018080050154
2720.102,18.24116861,2.506291384127949,18.218479907941223,18.220130691456305,18.66679375589069,0.4858490423787804,0.022688702058776045,0.02103791854369419
2720.584,18.23787634,2.506316052353092,18.216949056901896,18.2186433973205,18.66723022988646,0.4856261831080033,0.020927283098103544,0.019232942679501264
2721.067,18.22157649,2.5063407573760856,18.215479437029646,18.21721630665409,18.667667434211474,0.48540291597988544,0.0060970529703539,0.004360183345909263
2721.549,18.21845264,2.5063653969098376,18.21407733754744,18.215855509449664,18.668103558568518,0.48518016549599263,0.0043753024525585715,0.0025971305503347253
2722.031,18.22485743,2.506390022129442,18.212739843369313,18.21455815742673,18.668539508396247,0.4849574693491758,0.012117586630687072,0.010299272573270457
2722.513,18.20826206,2.5064146330459995,18.2114671395632,18.213324413928035,18.668975283767196,0.48473482753943464,-0.003205079563201707,-0.00506235392803589
2722.995,18.22944593,2.5064392296706,18.210259401965942,18.212154433762127,18.66941088475391,0.4845122400667695,0.019186528034058625,0.01729149623787407
2723.477,18.22807724,2.5064638120143226,18.209116797167972,18.21104836319873,18.669846311428916,0.4842897069311802,0.01896044283202869,0.017028876801269632
2723.959,18.22349729,2.5064883800882356,18.208039482499323,18.210006339965055,18.67028156386477,0.4840672281326667,0.01545780750067749,0.013490950034945826
2724.441,18.23713545,2.506512933903398,18.207027606016908,18.20902849324292,18.670716642134,0.4838448036712291,0.03010784398309241,0.028106956757081747
2724.924,18.20231307,2.506537524368021,18.206079411474594,18.208113115251724,18.671152448419047,0.48362197225454484,-0.003766341474594981,-0.005800045251724839
2725.406,18.21839747,2.50656204966929,18.20519895483592,18.20726410864778,18.67158717821169,0.48339965657999157,0.013198515164077662,0.01113336135221843
2725.888,18.22584333,2.5065865607449456,18.204384325047936,18.206479615020033,18.672021734055477,0.4831773952425141,0.021459004952063765,0.01936371497996703
2726.37,18.21999159,2.506611057606003,18.20363563295504,18.20575972934095,18.672456116022953,0.48295518824211253,0.016355957044957847,0.014231860659048579
2726.852,18.21144834,2.5066355402634697,18.202952980084653,18.205104538037034,18.672890324186657,0.48273303557878683,0.008495359915347223,0.006343801962966467
2727.334,18.21555744,2.5066600087283413,18.20233645864237,18.204514118991305,18.673324358619123,0.482510937252537,0.01322098135763028,0.011043321008695983
2727.816,18.2281989,2.5066844630116045,18.201786151508447,18.203988541546728,18.673758219392894,0.48228889326336305,0.02641274849155195,0.024210358453270686
2728.298,18.23429705,2.506708903124235,18.201302132235547,18.20352786651049,18.67419190658051,0.48206690361126503,0.032994917764451515,0.030769183489507412
2728.781,18.21752831,2.506733379738738,18.200883667530846,18.203131392714557,18.674626319480158,0.48184450790601424,0.01664464246915287,0.014396917285441901
2729.262,18.24007766,2.506757740881449,18.20053320484127,18.202801424244605,18.675058760487435,0.4816230873182962,0.03954445515872962,0.03727623575539596
2729.745,18.22881802,2.5067821891508095,18.20024787540215,18.20253525240293,18.675492825858093,0.48140080051266243,0.02857014459784679,0.026282767597066936
2730.227,18.21704762,2.506806572661164,18.200029694517895,18.202334759556503,18.67592581906702,0.48117902832160037,0.017017925482104346,0.014712860443495401
2730.709,18.22127427,2.506830942055632,18.199878029403454,18.202199345356938,18.67635863905264,0.48095731046761414,0.021396240596544658,0.019074924643060598
2731.191,18.21790531,2.5068552973451297,18.199792897652735,18.202129019517347,18.67679128588749,0.48073564695070375,0.01811241234726424,0.015776290482651945
2731.673,18.21806789,2.50687963854056,18.199774307552886,18.202123783269155,18.677223759644107,0.4805140377708693,0.01829358244711443,0.015944106730845675
2732.155,18.2109551,2.506903965652817,18.199822258092464,18.202183629373213,18.677656060395037,0.48029248292811055,0.011132841907535607,0.008771470626786737
2732.637,18.21900697,2.5069282786927842,18.199936738970887,18.202308542131746,18.678088188212815,0.4800709824224278,0.01907023102911154,0.016698427868252708
2733.119,18.21891964,2.5069525776713353,18.200117730609183,18.20249849740118,18.67852014316998,0.47984953625382093,0.018801909390816718,0.016421142598819216
2733.602,18.21555048,2.506976912968403,18.200365786675498,18.202754059129845,18.67895282097314,0.47962768515962073,0.015184693324503229,0.012796420870156311
2734.084,18.20387418,2.507001183827584,18.20067984184863,18.203074128018006,18.679384430068442,0.47940634777789815,0.0031943381513706015,0.0008000519819937324
2734.566,18.22100151,2.507025440657931,18.20106029339315,18.203459116340742,18.679815866520904,0.4791850647332514,0.01994121660684911,0.017542393659258693
2735.048,18.218445,2.507049683470276,18.20150708473041,18.203908966298457,18.680247130403064,0.4789638360256806,0.01693791526959032,0.01453603370154255
2735.53,18.21330181,2.507073912275441,18.202020150076283,18.204423611722195,18.680678221787456,0.4787426616551854,0.011281659923717768,0.008878198277805893
2736.012,18.2159713,2.5070981270842405,18.20259941445959,18.2050029780914,18.68110914074662,0.47852154162176624,0.013371885540408357,0.010968321908599421
2736.494,18.23491206,2.5071223279074757,18.20324479374176,18.205646982552455,18.681539887353104,0.478300475925423,0.031667266258239124,0.02926507744754403
2736.976,18.22774802,2.507146514755939,18.20395619463772,18.206355533938098,18.681970461679438,0.47807946456615574,0.02379182536228086,0.02139248606190236
2737.458,18.23242122,2.507170687640413,18.204733514738113,18.207128532787547,18.682400863798165,0.47785850754396425,0.027687705261886464,0.02529268721245259
2737.941,18.2308197,2.5071948966794366,18.205578460085274,18.20796767538639,18.682831986196266,0.4776371466110059,0.025241239914727487,0.022852024613612798
2738.423,18.23678674,2.507219041639323,18.20648741113629,18.2088693708309,18.683262043760497,0.47741629837569866,0.030299328863709007,0.02791736916909926
2738.905,18.26256537,2.5072431726675295,18.207461919379995,18.20983516554356,18.683691929334888,0.4771955044774671,0.0551034506200061,0.0527302044564415
2739.387,18.24708574,2.507267289774797,18.208501846137843,18.21086492709047,18.68412164299198,0.47697476491631163,0.03858389386215677,0.036220812909530054
2739.869,18.22382822,2.5072913929718577,18.209607043736593,18.211958514857194,18.68455118480431,0.47675407969223194,0.014221176263408353,0.011869705142807163
2740.351,18.22850241,2.5073154822694343,18.210777355537946,18.213115780073753,18.684980554844422,0.4765334488052282,0.017725054462054857,0.015386629926247508
2740.833,18.24538717,2.5073395576782382,18.21201261596934,18.214336565840345,18.68540975318485,0.4763128722553004,0.033374554030661585,0.031050604159656103
2741.315,18.22557396,2.507363619208972,18.213312650556038,18.215620707153903,18.685838779898138,0.4760923500424483,0.012261309443960755,0.009953252846095495
2741.798,18.23154177,2.507387716749337,18.21468017413751,18.216970891766696,18.686268524619532,0.4758714248209236,0.016861595862490475,0.01457087823330383
2742.28,18.21157572,2.507411750527259,18.216109331570536,18.21838134740372,18.68669720794046,0.47565101139495564,-0.0045336115705367774,-0.0068056274037218145
2742.762,18.20951466,2.5074357704591783,18.217602686233967,18.2198546148354,18.68712571985201,0.4754306523060638,-0.008088026233966872,-0.010339954835398402
2743.244,18.21357405,2.5074597765557582,18.219160028370734,18.221390496910143,18.687554060426727,0.47521034755424774,-0.005585978370735489,-0.007816446910144492
2743.726,18.21363148,2.5074837688276506,18.220781139499916,18.222988788517586,18.687982229737145,0.4749900971395077,-0.007149659499916083,-0.009357308517586205
2744.208,18.2323915,2.507507747285498,18.222465792455964,18.22464927661981,18.68841022785581,0.4747699010618434,0.009925707544034879,0.007742223380187596
2744.69,18.22073645,2.507531711939932,18.224213751429076,18.2263717402833,18.688838054855264,0.474549759321255,-0.003477301429075652,-0.005635290283301231
2745.172,18.21706655,2.5075556628015763,18.226024772006767,18.228155950711727,18.689265710808037,0.47432967191774245,-0.008958222006768324,-0.011089400711728814
2745.655,18.21582673,2.5075796495287137,18.227902553938456,18.23000556434658,18.689694082507287,0.4741091824076511,-0.01207582393845641,-0.014178834346580516
2746.137,18.23505713,2.507603572808044,18.229839059779927,18.231912677480718,18.690121396229834,0.4738892037910229,0.005218070220074367,0.003144452519283192
2746.619,18.22696088,2.5076274823264146,18.231837842236345,18.233880803621542,18.69054853912347,0.4736692795114705,-0.00487696223634515,-0.0069199236215418125
2747.101,18.22924908,2.5076513780944083,18.23389862290561,18.235909682848202,18.69097551126074,0.47344940956899395,-0.004649542905610815,-0.006660602848203467
2747.583,18.23499428,2.507675260122598,18.236021115007983,18.2379990475523,18.691402312714175,0.4732295939635933,-0.0010268350079840616,-0.0030047675523015016
2748.065,18.24143287,2.5076991284215464,18.23820502343453,18.240148622475196,18.691828943556324,0.47300983269526853,0.00322784656546915,0.0012842475248042717
2748.547,18.23606387,2.507722983001808,18.240450044796596,18.242358124746108,18.69225540385972,0.4727901257640196,-0.0043861747965969755,-0.006294254746109118
2749.029,18.23668215,2.5077468238739264,18.24275586747641,18.24462726392092,18.692681693696905,0.47257047316984657,-0.006073717476411389,-0.007945113920918345
2749.511,18.27487464,2.507770651048435,18.245122171678805,18.24695574202175,18.693107813140415,0.47235087491274946,0.02975246832119538,0.027918897978249646
2749.994,18.24778582,2.5077945139272138,18.247553725926593,18.24934826807006,18.69353464579767,0.47213087556390004,0.00023209407340729626,-0.0015624480700608956
2750.476,18.2648667,2.5078183137097017,18.25004012509215,18.251794621653083,18.693960424318316,0.4719113860936871,0.014826574907850443,0.013072078346915816
2750.958,18.26499816,2.5078420998261453,18.252585997141647,18.254299374760723,18.69438603266306,0.47169195096055005,0.012412162858353781,0.010698785239277697
2751.44,18.25023351,2.5078658722870384,18.255190990092498,18.25686219967558,18.69481147090444,0.4714725701644889,-0.0049574800924965245,-0.006628689675579835
2751.922,18.25901969,2.507889631102867,18.2578547440595,18.259482761355695,18.695236739114996,0.4712532437055036,0.0011649459404985407,-0.00046307135569634283
2752.404,18.27485281,2.5079133762841055,18.26057689131292,18.262160717478572,18.695661837367265,0.47103397158359417,0.01427591868707978,0.012692092521426446
2752.886,18.26997066,2.50793710784122,18.26335705633764,18.264895718485995,18.696086765733785,0.47081475379876064,0.006613603662358969,0.005074941514003228
2753.368,18.27022007,2.5079608257846657,18.266194855893314,18.267687407629538,18.6965115242871,0.4705955903510029,0.004025214106686548,0.0025326623704629014
2753.851,18.28511586,2.5079845792898854,18.26909596461863,18.270541388051015,18.696936993813004,0.4703760267135871,0.016019895381372606,0.0145744719489862
2754.333,18.30072642,2.508008270009133,18.272047970437626,18.27344547038778,18.69736141260559,0.4701569720527137,0.028678449562374198,0.027280949612219274
2754.815,18.30250552,2.5080319471460437,18.275056414481792,18.27640512714884,18.69778566180274,0.46993797172891616,0.027449105518208228,0.02610039285115917
2755.297,18.29973787,2.508055610711034,18.27812088321621,18.279419973280444,18.698209741476987,0.46971902574219443,0.021616986783790537,0.020317896719557638
2755.779,18.31196056,2.5080792607145113,18.281240955696752,18.28248961677736,18.698633651700874,0.46950013409254865,0.03071960430324694,0.029470943222637658
2756.261,18.30209147,2.5081028971668733,18.284416203636138,18.28561365873285,18.69905739254694,0.46928129677997876,0.017675266363863074,0.01647781126715131
2756.743,18.30896395,2.508126520078508,18.28764619147104,18.288791693389253,18.699480964087726,0.4690625138044847,0.021317758528958564,0.02017225661074562
2757.225,18.32033998,2.5081501294597945,18.290930476430074,18.292023308189435,18.69990436639577,0.46884378516606645,0.029409503569926443,0.028316671810564742
2757.708,18.30236137,2.5081737742611234,18.294275589846375,18.295314953682166,18.70032847744489,0.4686246572400841,0.008085780153624711,0.007046416317834314
2758.189,18.31503451,2.5081973076727873,18.29766013100938,18.298645594308205,18.70075066360379,0.4684064909004577,0.017374378990620443,0.016388915691795347
2758.672,18.30117038,2.508220925409212,18.301111780522024,18.302042493858185,18.701174435848817,0.4681874718740922,5.859947797404175e-05,-0.0008721138581861965
2759.154,18.3169304,2.508244480744722,18.304608792869576,18.305484276648563,18.701597161600855,0.46796896069671,0.012321607130424184,0.01144612335143691
2759.636,18.33592391,2.5082680226016536,18.308157781810667,18.308977475721303,18.702019718483005,0.4677505038564037,0.027766128189334438,0.026946434278698916
2760.118,18.31639402,2.508291550990327,18.311758262791532,18.312521638828052,18.702442106567794,0.46753210135317325,0.00463575720846876,0.003872381171948547
2760.6,18.30715205,2.5083150659210545,18.3154097445522,18.316116307300835,18.70286432592777,0.4673137531870186,-0.008257694552199268,-0.008964257300835499
2761.082,18.32174692,2.508338567404137,18.319111729201648,18.319761016109204,18.703286376635468,0.46709545935793995,0.0026351907983510614,0.0019859038907945603
2761.564,18.32494992,2.508362055449867,18.322863712293902,18.323455293918027,18.70370825876343,0.4668772198659371,0.0020862077060996853,0.0014946260819748147
2762.046,18.32816556,2.5083855300685274,18.326665182904872,18.32719866314609,18.704129972384195,0.4666590347110101,0.001500377095126737,0.0009668968539102707
2762.529,18.30631533,2.5084090399311445,18.33052366271863,18.33099855738589,18.704552391970335,0.46644045139607815,-0.024208332718629322,-0.02468322738588924
2763.011,18.32646837,2.508432487698673,18.334422650034497,18.334838751337028,18.7049737684451,0.4662223750280355,-0.007954280034496719,-0.008370381337027055
2763.493,18.32203796,2.5084559220699436,18.338369552903444,18.338726566047672,18.70539497663043,0.46600435299706866,-0.01633159290344466,-0.01668860604767275
2763.975,18.3468493,2.508479343055202,18.34236383526135,18.34266149953917,18.70581601659887,0.46578638530317773,0.00448546473865008,0.004187800460830005
2764.457,18.35580956,2.5085027506646833,18.346404954962644,18.346643043890143,18.70623688842296,0.4655684719463626,0.009404605037357072,0.009166516109857525
2764.939,18.34906874,2.508526144908614,18.350492363862006,18.35067068529921,18.706657592175244,0.4653506129266234,-0.0014236238620064512,-0.0016019452992104277
2765.421,18.32593632,2.5085495257972092,18.35462550789668,18.354743904148425,18.70707812792825,0.46513280824396014,-0.02868918789668129,-0.028807584148424326
2765.903,18.36150808,2.5085728933406766,18.35880382716973,18.35886217506744,18.707498495754525,0.46491505789837256,0.002704252830270093,0.002645904932560228
2766.385,18.35832093,2.508596247549214,18.3630267560338,18.363024966998342,18.707918695726605,0.46469736188986077,-0.004705826033799099,-0.004704036998340655
2766.868,18.3671027,2.508619636844235,18.36730262118306,18.367240516359036,18.708339599178753,0.46447926873617096,-0.00019992118306078055,-0.00013781635903598044
2767.35,18.38853803,2.5086429643858534,18.37161313927455,18.37149082427913,18.708759463312198,0.4642616815145436,0.01692489072544845,0.01704720572086771
2767.832,18.36392352,2.5086662786230987,18.37596653514813,18.37578402542833,18.709179159809214,0.4640441486299921,-0.01204301514813011,-0.011860505428330725
2768.314,18.37639105,2.50868957956613,18.380362220996574,18.38011956664916,18.709598688742346,0.46382667008251655,-0.0039711709965750686,-0.0037285166491614063
2768.796,18.37646689,2.5087128672250993,18.384799603692272,18.384496889431116,18.710018050184132,0.4636092458721169,-0.00833271369227262,-0.008029999431116153
2769.278,18.3679142,2.5087361416101466,18.389278084875187,18.388915429979566,18.710437244207114,0.46339187599879295,-0.02136388487518559,-0.02100122997956433
2769.76,18.37809496,2.5087594027314037,18.393797061041447,18.393374619285346,18.71085627088382,0.4631745604625448,-0.015702101041448202,-0.015279659285347691
2770.242,18.39511435,2.508782650598994,18.39835592363263,18.397873883195015,18.711275130286804,0.46295729926337265,-0.0032415736326285582,-0.0027595331950145408
2770.725,18.39928998,2.5088059334138837,18.402963639221614,18.402422099645705,18.711694690970862,0.4627396418211164,-0.003673659221615111,-0.0031321196457057
2771.207,18.41479526,2.508829154777024,18.40760050876868,18.406999850198837,18.712113215697347,0.4625224894088285,0.007194751231320851,0.007795409801165221
2771.689,18.40708613,2.508852362916829,18.412275408341433,18.411615921515086,18.712531573367865,0.4623053913336166,-0.005189278341433123,-0.004529791515086146
2772.171,18.42401871,2.5088755578433837,18.416987710057807,18.416269719569804,18.712949764054965,0.46208834759548045,0.007030999942191585,0.007748990430194169
2772.653,18.42154701,2.5088987395667646,18.42173678143646,18.420960645555454,18.71336778783118,0.4618713581944202,-0.00018977143646026207,0.0005863644445476268
2773.135,18.41443182,2.5089219080970375,18.426521985489437,18.425688095955813,18.71378564476906,0.4616544231304356,-0.012090165489436089,-0.011256275955812356
2773.617,18.42375042,2.5089450634442603,18.4313426808154,18.430451462620834,18.714203334941136,0.46143754240352713,-0.007592260815400209,-0.006701042620832709
2774.099,18.43373187,2.5089682056184803,18.436198221693434,18.43525013284217,18.714620858419945,0.46122071601369447,-0.0024663516934353424,-0.0015182628421719357
2774.582,18.43044278,2.508991382601562,18.441098137951982,18.440093552765944,18.71503908099048,0.46100349428287185,-0.01065535795198258,-0.009650772765944282
2775.064,18.43392613,2.509014498432607,18.446021484870364,18.444961044147515,18.71545627095492,0.4607867766799234,-0.012095354870364616,-0.011034914147515451
2775.546,18.43440678,2.5090376011207582,18.450977713836075,18.44986197307192,18.71587329444387,0.4605701134140509,-0.016570933836074886,-0.015455193071918671
2776.028,18.42882537,2.509060690676028,18.45596616278924,18.454795709356496,18.71629015152986,0.4603535044852543,-0.027140792789243307,-0.025970339356497618
2776.51,18.44131237,2.509083767108418,18.460986165826696,18.459761618647445,18.716706842285443,0.4601369498935333,-0.019673795826697926,-0.018449248647446126
2776.992,18.45199365,2.5091068304279203,18.466037053298543,18.464759062499063,18.71712336678314,0.45992044963888845,-0.014043403298543922,-0.012765412499064155
2777.474,18.46772827,2.5091298806445184,18.47111815190522,18.46978739845366,18.717539725095506,0.4597040037213195,-0.0033898819052211593,-0.0020591284536628507
2777.956,18.47102144,2.509152917768187,18.476228784794852,18.474845980122055,18.717955917295072,0.4594876121408263,-0.0052073447948508544,-0.003824540122053577
2778.438,18.48474789,2.509175941808891,18.481368271661115,18.479934157264616,18.71837194345438,0.45927127489740904,0.0033796183388865586,0.004813732735385656
2778.921,18.48374977,2.5091990005036005,18.486546678928832,18.48506192193064,18.718788666253975,0.45905454332782825,-0.0027969089288326643,-0.0013121519306409368
2779.403,18.48168271,2.509221998381142,18.49174187580603,18.49020738230405,18.719204360206277,0.4588383148712953,-0.010059165806030279,-0.008524672304048408
2779.885,18.49402977,2.50924498320558,18.49696386456286,18.49538046377465,18.719619888336087,0.4586221407518379,-0.002934094562860423,-0.0013506937746505798
2780.367,18.47962989,2.509267954986842,18.50221195205436,18.500580501516836,18.72003525071595,0.45840602096945665,-0.02258206205436153,-0.02095061151683808
2780.849,18.48359905,2.5092909137348487,18.50748544217579,18.505806827269165,18.7204504474184,0.45818995552415126,-0.023886392175789695,-0.02220777726916623
2781.331,18.49679942,2.5093138594595095,18.512783635962464,18.511058769418888,18.720865478515975,0.4579739444159217,-0.015984215962465242,-0.0142593494188894
2781.813,18.51044068,2.509336792170726,18.518105831690047,18.516335653087186,18.721280344081222,0.45775798764476805,-0.007665151690048333,-0.0058949730871873385
2782.295,18.51760455,2.50935971187839,18.523451324974832,18.521636800214864,18.721695044186674,0.4575420852106903,-0.005846774974830993,-0.004032250214862643
2782.778,18.5178583,2.509382666103187,18.52883056896931,18.526972600844758,18.72211043876354,0.4573257893525431,-0.010972268969307919,-0.009114300844757395
2783.26,18.53107845,2.5094055598064586,18.53422057874194,18.532320275217387,18.722524807824122,0.45710999570534927,-0.003142128741941974,-0.0012418252173880262
2783.742,18.51297238,2.50942844053582,18.539631756494565,18.53769015922672,18.72293901164268,0.4568942563952317,-0.026659376494563958,-0.024717779226719472
2784.224,18.52816967,2.5094513083011267,18.545063388211524,18.543081562954548,18.723353050291752,0.4566785714221899,-0.016893718211523634,-0.014911892954547312
2784.706,18.5498807,2.5094741631122255,18.550514757724073,18.54849379373933,18.72376692384388,0.45646294078622407,-0.0006340577240742107,0.0013869062606701732
2785.188,18.55632009,2.509497004978954,18.55598514681225,18.55392615626506,18.7241806323716,0.45624736448733394,0.00033494318774884846,0.0023939337349396794
2785.67,18.54016358,2.509519833911141,18.56147383530688,18.559377952650795,18.72459417594745,0.4560318425255198,-0.021310255306879355,-0.01921437265079362
2786.152,18.54837887,2.509542649918606,18.566980101191756,18.56484848254057,18.725007554643973,0.4558163749007816,-0.01860123119175583,-0.016469612540568335
2786.635,18.55739395,2.5095655003070627,18.572514696476514,18.57034844850336,18.725421625652668,0.4556005147540677,-0.015120746476512181,-0.01295449850335828
2787.116,18.55855629,2.5095882431986047,18.5780424684465,18.575842929576527,18.725833817689193,0.45538560266253253,-0.019486178446502578,-0.017286639576528984
2787.599,18.55693684,2.5096110677331276,18.58360865714318,18.581376908714404,18.726247558618685,0.4551698514154355,-0.026671817143181897,-0.024440068714405072
2788.081,18.54601087,2.509633832112998,18.58917800875477,18.586915355004358,18.726660278181892,0.45495460125173315,-0.04316713875477163,-0.04090448500435784
2788.563,18.57070286,2.509656583617131,18.594761302041324,18.592468997598345,18.727072833228622,0.4547394054251067,-0.024058442041322792,-0.02176613759834467
2789.045,18.582369,2.5096793222552916,18.600357806055406,18.598037123202808,18.72748522383141,0.45452426393555617,-0.017988806055406314,-0.01566812320280775
2789.527,18.57655122,2.5097020480372363,18.605966788721545,18.603619016692523,18.727897450062795,0.4543091767830815,-0.029415568721546492,-0.027067796692524126
2790.009,18.5816475,2.509724760972713,18.611587516939167,18.609213961204293,18.728309511995313,0.45409414396768266,-0.029940016939168146,-0.027566461204294512
2790.491,18.57650716,2.5097474610714614,18.61721925668567,18.614821238231077,18.72872140970151,0.4538791654893598,-0.04071209668567022,-0.03831407823107824
2790.973,18.59522263,2.509770148343211,18.622861273119433,18.620440127716535,18.72913314325392,0.45366424134811273,-0.027638643119434647,-0.02521749771653603
2791.456,18.59310363,2.5097928698268026,18.628524565313423,18.62608159901217,18.72954556643315,0.45344892581244917,-0.03542093531342161,-0.032977969012168984
2791.938,18.59920168,2.5098155314471478,18.634184945338067,18.63172156786706,18.72995697155542,0.4532341104580863,-0.034983265338066616,-0.032519887867060504
2792.42,18.62392357,2.5098381802696506,18.6398533921128,18.637370979163546,18.730368212741677,0.4530193494407994,-0.015929822112802583,-0.013447409163546808
2792.902,18.60543958,2.509860816304007,18.64552916854973,18.643029107599148,18.730779290064454,0.4528046427605884,-0.04008958854972988,-0.03758952759914891
2793.384,18.60849111,2.509883439559901,18.6512115372572,18.64869522680087,18.731190203596295,0.45258999041745324,-0.042720427257201266,-0.040204116800872214
2793.866,18.60647584,2.509906050047009,18.656899760642755,18.65436860942207,18.73160095340974,0.45237539241139385,-0.05042392064275347,-0.0478927694220701
2794.348,18.65019133,2.509928647775001,18.662593101015922,18.660048527239702,18.732011539577325,0.4521608487424104,-0.012401771015923657,-0.009857197239703908
2794.83,18.61249318,2.5099512327535347,18.66829082069085,18.665734251251678,18.732421962171593,0.4519463594105028,-0.05579764069084803,-0.05324107125167643
2795.312,18.65607253,2.5099738049922604,18.673992182088995,18.671425051774886,18.732832221265078,0.4517319244156711,-0.017919652088995264,-0.01535252177488644
2795.795,18.64381201,2.509996411291553,18.6797082849255,18.67713201821149,18.733243167581374,0.45151709904124954,-0.03589627492549852,-0.03332000821148995
2796.277,18.64300458,2.510018958053197,18.68541472170632,18.682830787215565,18.733653099552082,0.45130277283330206,-0.04241014170631985,-0.03982620721556529
2796.759,18.64913696,2.510041492103951,18.691122587614608,18.68853243906069,18.73406286823978,0.4510885009624305,-0.04198562761460778,-0.03939547906069052
2797.241,18.65124821,2.51006401345343,18.696831146525405,18.694236242323345,18.734472473717005,0.4508742834286348,-0.045582936525406126,-0.042988032323346914
2797.723,18.65492882,2.5100865221112403,18.70253966293215,18.69994146539279,18.7348819160563,0.450660120231915,-0.04761084293215134,-0.045012645392791484
2798.205,18.66904867,2.510109018086979,18.708247402048276,18.70564737657059,18.735291195330195,0.450446011372271,-0.03919873204827695,-0.03659870657059017
2798.687,18.67273156,2.5101315013902346,18.713953629908737,18.711353244170375,18.735700311611243,0.4502319568497029,-0.04122206990873778,-0.03862168417037637
2799.169,18.71238217,2.510153972030588,18.719657613471156,18.717058336617914,18.736109264971976,0.45001795666421074,-0.00727544347115483,-0.0046761666179122585
2799.652,18.67456605,2.510176476597797,18.725370444931666,18.722773753643896,18.736518903428802,0.44980356700122265,-0.05080439493166722,-0.04820770364389659
2800.134,18.69377945,2.510198921914828,18.731067736516295,18.728475096611962,18.736927530828886,0.4495896756026147,-0.03728828651629357,-0.03469564661196145
2800.616,18.6916761,2.5102213545976624,18.736760589708332,18.734173469865446,18.73733599552643,0.4493758385410826,-0.045084489708333564,-0.04249736986544761
2801.098,18.69123943,2.510243774655847,18.74244827616655,18.73986814328379,18.737744297593967,0.4491620558166264,-0.05120884616654919,-0.04862871328379015
2801.58,18.71765391,2.510266182098917,18.748130068975,18.74555838736168,18.738152437104034,0.44894832742924606,-0.03047615897500222,-0.027904477361680335
2802.062,18.71331136,2.5102885769364005,18.753805242742686,18.751243473310197,18.73856041412917,0.4487346533789416,-0.040493882742687504,-0.03793211331019819
2802.544,18.71379943,2.5103109591778163,18.759473073702818,18.756922673157966,18.738968228741925,0.44852103366571294,-0.045673643702816236,-0.04312324315796445
2803.026,18.73923181,2.5103333288326746,18.76513283981178,18.76259525985251,18.739375881014823,0.44830746828956025,-0.025901029811780774,-0.023363449852510598
2803.509,18.73488344,2.5103557322813885,18.770795535244194,18.768272252855116,18.73978421626674,0.44809351433800576,-0.0359120952441927,-0.03338881285511519
2803.991,18.72435754,2.510378076765564,18.77643699244383,18.77392941878552,18.740191543741133,0.4478800577487373,-0.05207945244383083,-0.04957187878552105
2804.473,18.732617,2.5104004086916807,18.78206822850137,18.779577795433433,18.740598709093447,0.44766665549654466,-0.049451228501368405,-0.04696079543343146
2804.955,18.73836032,2.510422728069214,18.787688529253185,18.785216660440014,18.74100571239622,0.44745330758142793,-0.04932820925318282,-0.04685634044001219
2805.437,18.75338577,2.510445034907631,18.793297182748542,18.790845292873414,18.741412553721986,0.44724001400338714,-0.03991141274854115,-0.037459522873412254
2805.919,18.76642267,2.51046732921639,18.798893479346287,18.796462973330563,18.741819233143293,0.44702677476242214,-0.03247080934628599,-0.030040303330562068
2806.401,18.75173072,2.510489611004941,18.804476711811176,18.802068984038808,18.74222575073268,0.44681358985853303,-0.05274599181117523,-0.05033826403880681
2806.883,18.77576458,2.5105118802827247,18.81004617540965,18.807662608957706,18.742632106562674,0.44660045929171976,-0.0342815954096487,-0.03189802895770555
2807.365,18.7729315,2.5105341370591745,18.815601168005365,18.813243133880732,18.743038300705827,0.44638738306198233,-0.042669668005366646,-0.040311633880733666
2807.848,18.77639529,2.5105564274807026,18.82115246730761,18.81882138088242,18.743445175457868,0.4461739192716698,-0.0447571773076092,-0.04242609088241878
2808.33,18.787879,2.5105786592568595,18.826676388710116,18.824373540171454,18.743851046109878,0.44596095182881673,-0.0387973887101154,-0.03649454017145359
2808.812,18.80753333,2.5106008785599476,18.832183747794527,18.82991046739798,18.744256755292813,0.4457480387230395,-0.024650417794529034,-0.022377137397981528
2809.294,18.80892989,2.5106230853993656,18.837673853764084,18.83543145671187,18.744662303079206,0.44553517995433806,-0.02874396376408228,-0.026501566711868207
2809.776,18.8235856,2.510645279784503,18.84314601888927,18.840935804604726,18.745067689541603,0.44532237552271264,-0.01956041888927018,-0.017350204604724695
2810.258,18.8401318,2.5106674617247413,18.848599558600284,18.846422810011163,18.745472914752547,0.445109625428163,-0.008467758600282593,-0.006291010011160836
2810.74,18.8429408,2.510689631229453,18.85403379157891,18.851891774409825,18.745877978784566,0.4448969296706892,-0.011092991578909306,-0.008950974409824397
2811.222,18.84811751,2.510711788308002,18.859448039849955,18.85734200192442,18.746282881710208,0.4446842882502911,-0.011330529849953308,-0.009224491924417322
2811.705,18.85531084,2.5107339789001255,18.864852796949386,18.862784045962346,18.746688463148132,0.4444712601714123,-0.0095419569493842,-0.00747320596234502
2812.187,18.84096714,2.5107561111286767,18.87022501075637,18.868194680704697,18.747093043744766,0.44425872753789875,-0.029257870756371318,-0.027227540704696906
2812.669,18.85069998,2.5107782309591262,18.875575225512492,18.873584506388013,18.74749746345279,0.444046249241461,-0.024875245512490096,-0.02288452638801175
2813.151,18.84825058,2.510800338400805,18.880902777524582,18.87895283872817,18.747901722344736,0.4438338252820991,-0.032652197524583926,-0.030702258728172893
2813.633,18.83840516,2.510822433463034,18.886207006890867,18.884298996588075,18.74830582049315,0.4436214556598131,-0.04780184689086653,-0.04589383658807478
2814.115,18.87280275,2.5108445161551267,18.891487257588782,18.889622302077257,18.748709757970577,0.44340914037460294,-0.018684507588780264,-0.01681955207725494
2814.597,18.86685743,2.5108665864863875,18.896742877562147,18.894922080651245,18.749113534849542,0.44319687942646846,-0.029885447562147505,-0.028064650651245415
2815.079,18.89460163,2.510888644466114,18.901973218807772,18.900197661210665,18.7495171512026,0.4429846728154101,-0.007371588807771445,-0.005596031210664876
2815.562,18.89469764,2.5109107358286065,18.907188407619426,18.905459243490604,18.749921443980973,0.44277208044796484,-0.012490767619425469,-0.010761603490603733
2816.043,18.88379645,2.510932723408104,18.91235549388238,18.910673561705728,18.750323902621126,0.4425604226045209,-0.02855904388238173,-0.026877111705729817
2816.526,18.8964421,2.5109547900627973,18.917516810043455,18.91588331617344,18.75072787404519,0.4423479391366924,-0.021074710043453848,-0.01944121617343697
2817.008,18.90171882,2.510976798703639,18.922639582009133,18.9210554096546,18.751130848687616,0.44213594998667,-0.020920762009133398,-0.019336589654599834
2817.49,18.92671726,2.5109987950393204,18.92773389771319,18.926200003395152,18.751533663166974,0.4419240151737235,-0.0010166377131888282,0.0005172566048479155
2817.972,18.92776688,2.5110207790790877,18.93279913525989,18.931316449036046,18.75193631755581,0.4417121346978526,-0.005032255259891372,-0.0035495690360463072
2818.454,18.92113375,2.511042750832178,18.937834677393447,18.93640410234708,18.752338811926652,0.44150030855905786,-0.01670092739344753,-0.015270352347080518
2818.936,18.91690985,2.5110647103078203,18.942839911579213,18.941462323322956,18.752741146352047,0.441288536757339,-0.025930061579213515,-0.024552473322955848
2819.418,18.9101732,2.5110866575152357,18.94781423008381,18.94649047627882,18.75314332090453,0.4410768192926959,-0.0376410300838117,-0.03631727627882242
2819.9,18.90710261,2.5111085924636365,18.952757030054695,18.951487929945333,18.75354533565665,0.4408651561651287,-0.04565442005469578,-0.044385319945334345
2820.383,18.94852713,2.5111305606322762,18.957677867941946,18.956464327736853,18.75394802423906,0.44065310840873384,-0.00915073794194754,-0.007937197736854529
2820.865,18.93026465,2.511152471064866,18.96255577372972,18.96139844022503,18.75434971927689,0.44044155406805097,-0.032291123729716986,-0.03113379022502727
2821.347,18.94303748,2.5111743692660475,18.96740038128073,18.966299985775958,18.754751254732124,0.4402300540644437,-0.024362901280728266,-0.02326250577595701
2821.829,18.94020373,2.5111962552449993,18.972211108056275,18.971168351732818,18.755152630677294,0.4400186083979125,-0.032007378056274405,-0.03096462173281722
2822.311,18.93825006,2.5112181290108935,18.97698737678461,18.976002930321936,18.755553847184938,0.43980721706845727,-0.038737316784608566,-0.03775287032193475
2822.793,18.97178627,2.5112399905728915,18.981728615535662,18.98080311874457,18.755954904327595,0.4395958800760778,-0.009942345535662866,-0.009016848744572314
2823.275,18.96705414,2.5112618399401474,18.986434257795025,18.985568319268026,18.75635580217781,0.43938459742077424,-0.01938011779502702,-0.018514179268027675
2823.757,18.97935806,2.5112836771218077,18.991103742537085,18.990297939316235,18.756756540808123,0.43917336910254656,-0.011745682537085855,-0.0109398793162363
2824.24,18.96693386,2.511305547394453,18.99574608731156,18.995001091011375,18.75715795120345,0.4389617570575852,-0.028812227311558303,-0.02806723101137365
2824.722,18.96865547,2.5113273602070927,19.000341518381628,18.999657716610194,18.757558371281615,0.43875063752624166,-0.031686048381626364,-0.031002246610192685
2825.204,18.97132145,2.5113491608615437,19.00489914138609,19.004277014649762,18.757958632357642,0.43853957233197405,-0.033577691386089015,-0.032955564649761016
2825.686,18.99264448,2.511370949366919,19.009418417980946,19.008858414083626,18.758358734504068,0.4383285614747824,-0.01677393798094684,-0.016213934083626924
2826.168,18.9857676,2.5113927257323234,19.013898815664067,19.013401349464488,18.75875867779344,0.43811760495466656,-0.028131215664068066,-0.02763374946448849
2826.65,19.01597143,2.5114144899668527,19.01833980784307,19.017905261030446,18.759158462298295,0.4379067027716266,-0.0023683778430694247,-0.001933831030445532
2827.132,19.00886086,2.5114362420795957,19.022740873902414,19.02236959479059,18.759558088091165,0.4376958549256626,-0.013880013902415556,-0.013508734790590893
2827.614,19.01690139,2.5114579820796323,19.027101499269605,19.026793802609653,18.759957555244597,0.4374850614167744,-0.01020010926960424,-0.009892412609652013
2828.096,19.02717891,2.511479709976034,19.031421175480375,19.031177342292004,18.760356863831127,0.43727432224496204,-0.004242265480375096,-0.003998432292004139
2828.579,18.9969049,2.5115014708188292,19.035708232794207,19.03552864345875,18.76075684187082,0.4370632003612424,-0.038803332794206113,-0.03862374345874997
2829.061,19.02727504,2.5115231745100797,19.03994442251384,19.039829157321304,18.76115583321257,0.4368525699763144,-0.012669382513841754,-0.012554117321304403
2829.543,19.02613516,2.5115448661248805,19.04413817396304,19.044087411844274,18.761554666205182,0.43664199392846226,-0.01800301396304249,-0.017952251844274514
2830.025,19.04922736,2.511566545672271,19.04828900375791,19.04830288942605,18.761953340921206,0.43643147221768586,0.000938356242091487,0.0009244705739490655
2830.507,19.03234957,2.5115882131612817,19.052396434935215,19.052475078811643,18.762351857433178,0.4362210048439854,-0.020046864935213904,-0.02012550881164188
2830.989,19.00877476,2.511609868600935,19.056459997012123,19.05660347517142,18.762750215813632,0.43601059180736085,-0.04768523701212146,-0.047828715171419844
2831.471,19.04074351,2.511631512000246,19.060479226044766,19.060687580178858,18.763148416135113,0.4358002331078122,-0.019735716044767315,-0.019944070178858908
2831.953,19.04046225,2.5116531433682217,19.064453664685992,19.064726902087305,18.76354645847016,0.4355899287453393,-0.023991414685990975,-0.024264652087303773
2832.436,19.03217756,2.511674807554783,19.068390966767073,19.068729194835203,18.763945168213557,0.4353792425730532,-0.03621340676707163,-0.03655163483520241
2832.918,19.07207858,2.511696414862159,19.07227438401418,19.07267740660107,18.76434289446595,0.43516904699746467,-0.00019580401417940152,-0.0005988266010703569
2833.4,19.05619638,2.511718010165189,19.076111678070717,19.076579399289482,18.764740462949682,0.434958905758952,-0.01991529807071757,-0.020383019289482718
2833.882,19.04597971,2.511739593472846,19.079902418547714,19.080434708235977,18.76513787373728,0.43474881885751515,-0.0339227085477134,-0.034454998235975864
2834.364,19.08116007,2.511761164794097,19.08364618192668,19.0842428757252,18.765535126901295,0.4345387862931542,-0.002486111926682355,-0.003082805725199478
2834.846,19.06980394,2.511782724137899,19.087342551611293,19.088003451061578,18.76593222251426,0.4343288080658691,-0.01753861161129322,-0.018199511061578022
2835.328,19.06579123,2.5118042715132027,19.090991117978078,19.09171599063895,18.766329160648716,0.43411888417565986,-0.02519988797807926,-0.025924760638950772
2835.81,19.09455044,2.5118258069289494,19.09459147842613,19.095380058009084,18.7667259413772,0.4339090146225265,-4.103842612934727e-05,-0.000829618009085209
2836.292,19.09949165,2.511847330394073,19.09814323742574,19.0989952239491,18.76712256477225,0.433699199406469,0.0013484125742593278,0.0004964260509012774
2836.775,19.08070755,2.5118688865348084,19.10165322253142,19.102568412981043,18.76751985328684,0.43348900339542495,-0.020945672531421877,-0.021860862981043283
2837.257,19.09787705,2.511890386100707,19.10510651774593,19.1060844140073,18.767916161906605,0.4332792969662517,-0.007229467745929696,-0.008207364007297713
2837.739,19.12004032,2.5119118737427537,19.108510067052595,19.109550269107036,18.76831231341071,0.4330696448741544,0.011530252947405728,0.010490050892965286
2838.221,19.09789684,2.51193334946985,19.11186350368738,19.11296557862572,18.768708307871695,0.4328600471191329,-0.013966663687380532,-0.015068738625718225
2838.703,19.09887482,2.5119548132908895,19.115166468185173,19.116329950454144,18.769104145362093,0.43265050370118724,-0.016291648185173813,-0.017455130454145262
2839.185,19.09573631,2.5119762652147584,19.118418608422143,19.119643000088804,18.769499825954448,0.43244101462031753,-0.022682298422143532,-0.023906690088804083
2839.667,19.09466359,2.5119977052503333,19.12161957965705,19.122904350691122,18.769895349721292,0.4322315798765237,-0.026955989657050594,-0.0282407606911228
2840.149,19.09927433,2.512019133406484,19.124769044571497,19.12611363314542,18.77029071673518,0.43202219946980575,-0.025494714571497212,-0.026839303145418825
2840.632,19.09994725,2.512040594111867,19.12787304581621,19.129276980856186,18.77068674684427,0.4318124391701952,-0.02792579581620913,-0.029329730856186842
2841.114,19.1237452,2.5120619985111468,19.130918407477836,19.132380940970805,18.771081800245003,0.43160316755036143,-0.007173207477837451,-0.008635740970806438
2841.596,19.10529282,2.512083391057582,19.13391129514149,19.135431771779427,18.771476697110536,0.4313939502676036,-0.028618475141492183,-0.030138951779427714
2842.078,19.10258461,2.51210477176001,19.13685140157653,19.1384291356287,18.771871437513415,0.4311847873219216,-0.03426679157652757,-0.03584452562870055
2842.56,19.10396749,2.512126140627261,19.139738427160097,19.141372702858963,18.77226602152617,0.4309756787133155,-0.03577093716009827,-0.03740521285896392
2843.042,19.12205142,2.5121474976681566,19.142572079910938,19.144262151854495,18.772660449221352,0.43076662444178526,-0.020520659910939543,-0.0222107318544964
2843.524,19.1113575,2.5121688428915108,19.145352075521924,19.14709716909242,18.773054720671492,0.43055762450733087,-0.03399457552192331,-0.035739669092418325
2844.006,19.1357446,2.51219017630613,19.14807813739165,19.149877449190278,18.773448835949132,0.4303486789099523,-0.012333537391651106,-0.014132849190279018
2844.489,19.12167485,2.512211542144267,19.15075548340538,19.152608291579156,18.77384361230729,0.4301393543217753,-0.029080633405378364,-0.030933441579154675
2844.97,19.13206867,2.5122328077443465,19.153367392211482,19.15527261741375,18.774236598277067,0.42993095072642296,-0.021298722211483323,-0.023203947413751536
2845.453,19.14705095,2.512254149960083,19.155935330466082,19.15789230179209,18.774631062005803,0.4297217350378627,-0.008884380466081865,-0.010841351792088005
2845.935,19.13301411,2.512275436203246,19.15844293223186,19.160450627697813,18.775024552995504,0.42951300690152017,-0.02542882223185927,-0.027436517697811524
2846.417,19.15002143,2.512296710681603,19.160895333375525,19.162952812686967,18.775417888175546,0.42930433310225363,-0.010873903375525629,-0.012931382686968362
2846.899,19.13293265,2.512317973403914,19.163292304146044,19.16539860115883,18.775811067618477,0.4290957136400629,-0.030359654146042914,-0.03246595115883011
2847.381,19.13377163,2.5123392243789286,19.165633622687658,19.167787745947393,18.776204091396835,0.4288871485149479,-0.031861992687659324,-0.034016115947395065
2847.863,19.13843871,2.5123604636153907,19.16791907506253,19.170120008357742,18.776596959583156,0.4286786377269089,-0.0294803650625326,-0.031681298357742804
2848.345,19.14037657,2.512381691122035,19.170148455272187,19.172395158200963,18.776989672249982,0.42847018127594577,-0.029771885272186438,-0.03201858820096248
2848.827,19.14113337,2.512402906907589,19.172321565277908,19.174612973827642,18.77738222946985,0.4282617791620583,-0.031188195277909614,-0.0334796038276437
2849.31,19.1317468,2.5124241549604562,19.174442547591507,19.176777664080813,18.777775445265554,0.4280529991849319,-0.04269574759150885,-0.04503086408081458
2849.792,19.14570171,2.512445347305708,19.176502437308248,19.17888006061917,18.778167691487,0.42784470585792883,-0.030800727308246678,-0.033178350619170516
2850.274,19.14558224,2.5124665279560228,19.178505510297185,19.18092450914505,18.778559782479256,0.4276364668680017,-0.03292327029718578,-0.03534226914505112
2850.756,19.14836713,2.512487696920096,19.180451600556207,19.182910822490296,18.778951718314868,0.42742828221515045,-0.03208447055620667,-0.03454369249029554
2851.238,19.14113305,2.5125088542066165,19.182340550127783,19.184838822171532,18.779343499066364,0.427220151899375,-0.04120750012778274,-0.043705772171531265
2851.72,19.14873107,2.512529999824265,19.1841722091126,19.186708338414704,18.779735124806297,0.42701207592067547,-0.035441139112599274,-0.0379772684147035
2852.202,19.16648094,2.512551133781714,19.185946435681885,19.188519210178153,18.780126595607197,0.42680405427905166,-0.01946549568188516,-0.02203827017815385
2852.684,19.17277235,2.512572256087628,19.187663096088812,19.190271285174145,18.780517911541605,0.42659608697450385,-0.014890746088813245,-0.017498935174145913
2853.167,19.15889414,2.5125934105366245,19.18932544646875,19.191967871253283,18.780909884058836,0.4263877427088109,-0.030431306468749142,-0.033073731253281835
2853.649,19.17810192,2.5126145095413053,19.19092648563471,19.19360180826918,18.781300890156956,0.42617988419114744,-0.012824565634709018,-0.015499888269179252
2854.131,19.16417263,2.512635596920418,19.19246960576653,19.19517654411833,18.781691741606352,0.42597208001055975,-0.028296975766529897,-0.03100391411832959
2854.613,19.16862752,2.5126566726825965,19.193954705552116,19.19669196173182,18.782082438479563,0.42576433016704796,-0.025327185552114884,-0.02806444173181788
2855.095,19.16603775,2.512677736836467,19.195381691800744,19.19814795287938,18.782472980849132,0.4255566346606121,-0.029343941800743067,-0.03211020287938027
2855.577,19.1752486,2.5126987893906483,19.196750479447555,19.199544418181752,18.782863368787595,0.4253489934912519,-0.02150187944755544,-0.024295818181752082
2856.059,19.17205709,2.5127198303537517,19.19806099155692,19.200881267121385,18.78325360236749,0.42514140665896766,-0.026003901556919118,-0.028824177121386185
2856.541,19.16468243,2.5127408597343788,19.199313159324625,19.2021584180517,18.783643681661363,0.42493387416375933,-0.03463072932462552,-0.037475988051699716
2857.023,19.17147069,2.5127618775411262,19.200506922079008,19.20337579820473,18.78403360674175,0.42472639600562695,-0.029036232079008073,-0.031905108204728805
2857.506,19.16323194,2.5127829273519797,19.20164452188721,19.20453568300626,18.78442418617441,0.42451854190117594,-0.03841258188721142,-0.04130374300626016
2857.988,19.17722257,2.512803922012756,19.202721203714784,19.205633214540743,18.78481380272587,0.4243111725299278,-0.02549863371478267,-0.028410644540741714
2858.47,19.18001484,2.5128249051254103,19.20373934723625,19.20667081023237,18.785203265281613,0.42410385749575547,-0.023724507236252634,-0.02665597023237254
2858.952,19.16967846,2.5128458766985076,19.204698924315167,19.207648432891354,18.785592573914176,0.4238965967986589,-0.03502046431516703,-0.03796997289135362
2859.434,19.15822918,2.512866836740605,19.20559991493609,19.20856605422131,18.785981728696097,0.4236893904386383,-0.04737073493609145,-0.050336874221311945
2859.916,19.16293651,2.512887785260253,19.206442307198927,19.209423654817588,18.78637072969992,0.4234822384156936,-0.04350579719892522,-0.04648714481758631
2860.398,19.17282293,2.512908722265992,19.207226097312088,19.21022122416391,18.786759576998183,0.4232751407298248,-0.03440316731208881,-0.037398294163910606
2860.88,19.18085067,2.5129296477663567,19.207951289584614,19.210958760627545,18.787148270663423,0.4230680973810319,-0.027100619584611962,-0.03010809062754305
2861.363,19.16536716,2.5129506051479775,19.20861921853228,19.2116376146902,18.787537616708406,0.4228606789880145,-0.04325205853228198,-0.046270454690201746
2861.845,19.16854969,2.5129715076393406,19.209227138929595,19.212254991512545,18.78792600300686,0.4226537444261058,-0.04067744892959624,-0.0437053015125457
2862.327,19.16465952,2.512992398650904,19.20977652298869,19.212812383844167,18.788314235890056,0.4224468642012728,-0.04511700298868959,-0.04815286384416595
2862.809,19.18346174,2.513013278191172,19.210267407336232,19.21330982552493,18.788702315430537,0.42224003831351586,-0.026805667336233796,-0.029848085524932344
2863.291,19.17733714,2.51303414626864,19.210699836643155,19.213747359230457,18.789090241700848,0.42203326676283476,-0.03336269664315594,-0.03641021923045784
2863.773,19.17334901,2.513055002891798,19.21107386361008,19.214125036457904,18.789478014773525,0.4218265495492296,-0.03772485361007938,-0.040776026457905346
2864.255,19.1819052,2.5130758480691258,19.21138954895162,19.214442917510198,18.789865634721103,0.4216198866727003,-0.029484348951619666,-0.032537717510198405
2864.737,19.16967671,2.5130966818090976,19.211646961379614,19.214701071478686,18.790253101616123,0.4214132781332468,-0.04197025137961319,-0.04502436147868494
2865.219,19.18411743,2.513117504120179,19.211846177585258,19.2148995762243,18.79064041553113,0.4212067239308692,-0.02772874758525745,-0.030782146224300533
2865.702,19.17394678,2.5131383581750852,19.211987514624397,19.215038744768325,18.79102837961836,0.42099979569909357,-0.03804073462439561,-0.04109196476832366
2866.184,19.19376873,2.5131591576300862,19.212070480010787,19.215118096354797,18.791415387473943,0.42079335028360026,-0.01830175001078871,-0.021349366354797894
2866.666,19.18237429,2.5131799456815678,19.21209552714612,19.215138084931848,18.79180224256727,0.42058695920518274,-0.02972123714611996,-0.03276379493184933
2867.148,19.18373982,2.5132007223379653,19.212062764454853,19.21509882323739,18.792188944970892,0.42038062246384117,-0.02832294445485317,-0.03135900323739094
2867.63,19.18404937,2.513221487607707,19.211972308235094,19.215000432661576,18.792575494757344,0.42017434005957555,-0.027922938235093397,-0.030951062661575435
2868.112,19.17389634,2.5132422414992135,19.211824282634254,19.21484304321881,18.792961891999166,0.41996811199238565,-0.03792794263425492,-0.04094670321881111
2868.594,19.17133302,2.513262984020898,19.211618819623624,19.21462679351822,18.79334813676889,0.4197619382622717,-0.040285799623624996,-0.04329377351822217
2869.076,19.19261908,2.5132837151811676,19.21135605897193,19.214351830732692,18.793734229139073,0.4195558188692336,-0.01873697897192983,-0.021732750732692097
2869.559,19.19684407,2.5133044779637754,19.211035425201537,19.21401755785804,18.794120969729423,0.4193493263488915,-0.014191355201536027,-0.017173487858038072
2870.041,19.19676323,2.5133251864028727,19.210658401545018,19.21362552354119,18.794506757202313,0.4191433157427377,-0.013895171545019736,-0.016862293541191065
2870.523,19.19346318,2.5133458835057443,19.2102245464036,19.213175269075215,18.794892392493413,0.4189373594736597,-0.01676136640360326,-0.01971208907521671
2871.005,19.21009415,2.513366569280766,19.209734030465775,19.21266697556582,18.795277875675275,0.41873145754165764,0.00036011953422487863,-0.0025728255658208354
2871.487,19.19293489,2.5133872437363065,19.209187032069227,19.212100832505254,18.79566320682043,0.4185256099467314,-0.016252142069227205,-0.019165942505253497
2871.969,19.19060208,2.5134079068807265,19.208583737168162,19.211477037732532,18.796048386001416,0.418319816688881,-0.01798165716816058,-0.020874957732530675
2872.451,19.19743481,2.5134285587223806,19.20792433929955,19.210795797392255,18.796433413290778,0.41811407776810655,-0.01048952929954794,-0.013360987392253776
2872.933,19.19977059,2.5134491992696137,19.207209039548317,19.21005732589194,18.796818288761052,0.4179083931844079,-0.007438449548317294,-0.010286735891938292
2873.416,19.20654727,2.513469871318336,19.206436389196625,19.209260136383016,18.797203810509092,0.4177023363754994,0.0001108808033762898,-0.0027128663830140454
2873.897,19.20641276,2.5134904465141665,19.205611576261987,19.208409588090337,18.7975875845345,0.41749718702823835,0.000801183738012412,-0.0019968280903377433
2874.38,19.18578229,2.513511095968952,19.204727965729685,19.207498847443464,18.797972802378013,0.41729123911894656,-0.018945675729685973,-0.021716557443465234
2874.862,19.18368789,2.513531691398463,19.20379110507355,19.206533642540773,18.798357070983034,0.41708577199628394,-0.020103215073547176,-0.022845752540771258
2875.344,19.17334983,2.513552275575191,19.202799460393745,19.20551240140721,18.798741188131817,0.41688035921069716,-0.029449630393745707,-0.03216257140720913
2875.826,19.17893011,2.5135728485074376,19.20175327729185,19.20443538707118,18.799125153896902,0.41667500076218633,-0.02282316729185041,-0.025505277071179222
2876.308,19.17234547,2.5135934102034976,19.200652808645977,19.203302870486763,18.79950896835082,0.4164696966507514,-0.0283073386459769,-0.030957400486762765
2876.79,19.15636466,2.513613960671657,19.19949831456809,19.20211513048016,18.79989263156612,0.4162644468763923,-0.04313365456808782,-0.0457504704801579
2877.272,19.17736017,2.513634499920198,19.198290062360343,19.2008724536948,18.80027614361534,0.416059251439109,-0.020929892360342706,-0.023512283694799407
2877.754,19.17114767,2.5136550279573897,19.197028326470516,19.19957513453523,18.800659504571016,0.41585411033890163,-0.025880656470516072,-0.028427464535230484
2878.237,19.18165041,2.513675587345906,19.1957106052548,19.19822061456403,18.80104350939011,0.4156485981410434,-0.014060195254799623,-0.016570204564029467
2878.719,19.18187266,2.513696092961973,19.194342644223646,19.196814812856363,18.80142656806322,0.4154435658277203,-0.01246998422364598,-0.014942152856363577
2879.201,19.19295215,2.5137165873914835,19.192922065887807,19.19535529864025,18.80180947586056,0.415238587851473,3.008411219340701e-05,-0.0024031486402513735
2879.683,19.16861239,2.5137370706426796,19.191449172827127,19.193842396793258,18.80219223285466,0.41503366421230165,-0.022836782827127422,-0.025230006793258042
2880.165,19.17907551,2.513757542723797,19.189924274529943,19.192276439654265,18.80257483911807,0.4148287949102062,-0.010848764529942656,-0.013200929654264115
2880.647,19.16817932,2.5137780036430644,19.18834768734295,19.190657766959838,18.80295729472332,0.4146239799451865,-0.020168367342950688,-0.022478446959837584
2881.129,19.18675264,2.513798453408703,19.186719734420137,19.18898672577949,18.80333959974295,0.41441921931724274,3.290557986446174e-05,-0.0022340857794880264
2881.611,19.17175686,2.513818892028927,19.185040745670854,19.187263670449674,18.80372175424951,0.41421451302637485,-0.013283885670855256,-0.015506810449675612
2882.094,19.15528188,2.5138393618810406,19.183307416678062,19.18548522710184,18.80410455069875,0.4140094365399502,-0.028025536678061513,-0.03020334710183903
2882.576,19.17882032,2.513859778211966,19.181527268648775,19.183659129203562,18.804486404084876,0.4138048390359665,-0.002706948648775409,-0.004838809203562278
2883.058,19.15287989,2.513880183422091,19.17969711525326,19.181782123877053,18.804868107175697,0.41360029586905883,-0.02681722525325725,-0.028902233877051486
2883.54,19.16562344,2.513900577519602,19.177817312898828,19.17985459385867,18.805249660043746,0.4133958070392269,-0.012193872898826896,-0.014231153858670353
2884.022,19.16647123,2.5139209605126744,19.175888224475294,19.177876928804903,18.805631062761563,0.41319137254647087,-0.009416994475294871,-0.011405698804903608
2884.504,19.16325331,2.51394133240948,19.173910219297795,19.17584952521966,18.80601231540169,0.41298699239079073,-0.010656909297793504,-0.012596215219659257
2884.986,19.17142762,2.5139616932181816,19.17188367304888,19.17377278638069,18.806393418036663,0.41278266657218643,-0.00045605304888240994,-0.002345166380692376
2885.468,19.14857062,2.5139820429469344,19.169808967719757,19.17164712226486,18.806774370739028,0.4125783950906581,-0.021238347719755524,-0.023076502264860466
2885.95,19.14590905,2.5140023816038886,19.167686491550654,19.169472949472436,18.807155173581318,0.41237417794620546,-0.021777441550653975,-0.023563899472435423
2886.433,19.14420287,2.514022751359119,19.165512088230887,19.16724603096815,18.80753661621705,0.4121695916210228,-0.021309218230886273,-0.02304316096815029
2886.915,19.1474917,2.514043067873962,19.16329516275648,19.16497601831246,18.807917119246273,0.41196548326345456,-0.015803462756480258,-0.01748431831245867
2887.397,19.13163579,2.5140633733414255,19.161031668899348,19.162658786660927,18.808297472633193,0.41176142924296216,-0.02939587889934714,-0.03102299666092634
2887.879,19.12795982,2.5140836677696288,19.158722019296672,19.160294778343975,18.808677676450348,0.41155742955954555,-0.0307621992966709,-0.0323349583439736
2888.361,19.12421085,2.5141039511666845,19.156366632524815,19.157884441922295,18.80905773077028,0.41135348421320495,-0.032155782524814214,-0.03367359192229458
2888.843,19.14912011,2.514124223540698,19.153965933035046,19.1554282321055,18.809437635665525,0.4111495932039402,-0.004845823035047658,-0.006308122105501468
2889.325,19.12331409,2.514144484899769,19.15152035108852,19.152926609669837,18.809817391208615,0.41094575653175125,-0.028206261088520534,-0.029612519669836246
2889.807,19.12377283,2.514164735251987,19.149030322690603,19.15038004137519,18.810196997472104,0.4107419741966382,-0.025257492690602845,-0.02660721137518962
2890.29,19.10807144,2.5141850165843693,19.146490986760607,19.14778357837749,18.810577241628778,0.41053782358288904,-0.03841954676060766,-0.03971213837748877
2890.772,19.12157396,2.514205244924334,19.14391330622006,19.145148451384323,18.810956549241336,0.4103341500346602,-0.022339346220061174,-0.023574491384323437
2891.254,19.14102529,2.5142254622816944,19.14129252198601,19.142469814880435,18.811335707792054,0.4101305308235073,-0.0002672319860081984,-0.001444524880433562
2891.736,19.118388,2.514245668664512,19.13862909237988,19.13974815872438,18.811714717353475,0.40992696594943023,-0.020241092379880143,-0.021360158724380796
2892.218,19.09371342,2.5142658640808433,19.135923481127705,19.136983978330555,18.81209357799813,0.4097234554124291,-0.042210061127704535,-0.04327055833055482
2892.7,19.1047683,2.5142860485387364,19.133176157290144,19.134177774581435,18.812472289798567,0.40951999921250376,-0.02840785729014428,-0.029409474581434836
2893.182,19.10624003,2.5143062220462324,19.130387595191884,19.13133005373905,18.81285085282732,0.40931659734965437,-0.024147565191885434,-0.025090023739050338
2893.664,19.10493036,2.514326384611366,19.127558274350356,19.128441327355812,18.813229267156935,0.4091132498238806,-0.022627914350355383,-0.023510967355811374
2894.146,19.12093119,2.5143465362421638,19.124688679403807,19.12551211218466,18.81360753285994,0.40890995663518287,-0.003757489403806602,-0.00458092218465822
2894.629,19.10473396,2.5143667187209884,19.121773222968514,19.122536728778844,18.813986434329927,0.40870629618267584,-0.017039262968513214,-0.017802768778842903
2895.111,19.10496061,2.5143868484845244,19.118824472850175,19.11952802536483,18.814364402689367,0.40850311178086246,-0.013863862850175934,-0.014567415364830083
2895.593,19.10457819,2.5144069673377807,19.115836933579345,19.116480414824977,18.814742222639975,0.4082999817161249,-0.011258743579343644,-0.011902224824975605
2896.075,19.08796234,2.514427075288756,19.112811109555814,19.113394433812985,18.815119894254288,0.40809690598846327,-0.024848769555813277,-0.02543209381298439
2896.557,19.09734803,2.5144471723454425,19.109747509931125,19.11027062372428,18.815497417604842,0.4078938845978774,-0.012399479931126223,-0.012922593724280063
2897.039,19.10236841,2.5144672585158236,19.106646648533072,19.107109530602578,18.81587479276418,0.40769091754436726,-0.004278238533071743,-0.0047411206025778085
2897.521,19.10489472,2.5144873338078786,19.103509043789522,19.10391170504596,18.816252019804843,0.4074880048279332,0.0013856762104786924,0.0009830149540412947
2898.003,19.08727362,2.5145073982295774,19.10033521865178,19.10067770211241,18.816629098799364,0.407285146448575,-0.013061598651777473,-0.013404082112408844
2898.486,19.08928229,2.5145274933824924,19.09711900503139,19.09740126114462,18.81700681168109,0.4070819217075015,-0.007836715031391606,-0.00811897114461857
2898.968,19.0885675,2.5145475360648515,19.09387425327324,19.0940965138578,18.81738359449418,0.4068791721150276,-0.005306753273238485,-0.00552901385779947
2899.45,19.04843354,2.514567567900741,19.09059487745684,19.09075728135824,18.817760229478903,0.40667647685962954,-0.042161337456839476,-0.042323741358238465
2899.932,19.07247435,2.5145875888981033,19.08728141785823,19.087384135598132,18.818136716707794,0.4064738359413073,-0.014807067858228606,-0.01490978559813172
2900.414,19.07548928,2.514607599064875,19.083934418885292,19.083977652510363,18.818513056253398,0.40627124936006076,-0.008445138885292636,-0.008488372510363718
2900.896,19.06542416,2.5146275984089836,19.080554428998028,19.08053841191154,18.818889248188245,0.4060687171158903,-0.015130268998028384,-0.015114251911541032
2901.378,19.07119476,2.514647586938351,19.077142000628257,19.077066997404614,18.81926529258488,0.4058662392087957,-0.005947240628255912,-0.005872237404613401
2901.86,19.05172875,2.5146675646608925,19.073697690098903,19.073563996281212,18.81964118951585,0.40566381563877707,-0.02196894009890471,-0.021835246281213472
2902.343,19.05002396,2.514687572998448,19.070214814518266,19.070022635671734,18.82001771846387,0.40546102660913713,-0.02019085451826541,-0.01999867567173297
2902.824,19.06116385,2.514707487717121,19.06671566682111,19.066465601206648,18.820392541270916,0.4052591315099672,-0.005551816821110833,-0.00530175120664822
2903.307,19.0562022,2.514727474435792,19.063171717147902,19.06286391198428,18.8207687750393,0.40505645137994406,-0.006969517147901172,-0.006661711984278895
2903.789,19.04723843,2.5147474089876893,19.059605455325585,19.0592404476902,18.8211440825277,0.40485424527096114,-0.012367025325584535,-0.012002017690200262
2904.271,19.07073148,2.5147673327722466,19.05601014966388,19.055588386385658,18.821519242913272,0.4046520934990544,0.01472133033611911,0.015143093614341296
2904.753,19.03354575,2.5147872457973364,19.052386378119454,19.051908335433623,18.821894256268557,0.4044499960642234,-0.01884062811945597,-0.0183625854336249
2905.235,19.05476066,2.5148071480708247,19.048734721962802,19.048200905194303,18.822269122666096,0.40424795296646826,0.00602593803719742,0.006559754805696372
2905.717,19.02675391,2.5148270396005707,19.045055765694205,19.04446670892564,18.822643842178426,0.40404596420578903,-0.018301855694204505,-0.017712798925639817
2906.199,19.07284418,2.5148469203944273,19.041350096959334,19.040706362683544,18.823018414878092,0.4038440297821857,0.031494083040666254,0.03213781731645682
2906.681,19.03582366,2.514866790460239,19.037618306464587,19.03692048522214,18.823392840837624,0.4036421496956582,-0.0017946464645888227,-0.0010968252221417174
2907.164,19.0355958,2.514886690996669,19.033853166502222,19.033101766234655,18.82376789649021,0.40343990527706847,0.0017426334977770352,0.0024940337653447386
2907.646,19.02594314,2.514906539607684,19.03007086532097,19.029266643154248,18.824142028883042,0.40323813397742525,-0.004127725320969944,-0.003323503154248897
2908.128,19.03972431,2.514926377514166,19.02626423325731,19.025407861608038,18.824516014753513,0.4030364170148579,0.013460076742688898,0.014316448391962666
2908.61,19.03142794,2.514946204723933,19.0224338724122,19.021526050147575,18.824889854174156,0.4028347543893664,0.008994067587799748,0.009901889852425683
2909.092,19.02472219,2.5149660212447955,19.018580387518746,19.01762183952218,18.825263547217524,0.40263314610095075,0.006141802481252512,0.007100350477816875
2909.574,19.01894915,2.514985827084558,19.014704385855623,19.01369586257875,18.82563709395615,0.40243159214961105,0.0042447641443779105,0.005253287421250974
2910.056,19.01211789,2.5150056222510173,19.01080647716031,19.00974875416172,18.82601049446257,0.40223009253534714,0.0013114128396907176,0.002369135838279135
2910.538,19.01256298,2.515025406751965,19.00688727354201,19.005781151012904,18.826383748809327,0.4020286472581592,0.005675706457989094,0.006781828987094229
2911.021,19.01554323,2.515045221608682,19.00293919429093,19.001785398737763,18.826757631000678,0.40182683855100293,0.012604035709067318,0.013757831262235953
2911.503,18.99316742,2.515064984779862,18.99897920522063,18.997778684240114,18.827130592942865,0.40162550206069925,-0.005811785220629417,-0.004611264240114821
2911.985,19.00274393,2.515084737308876,18.99499977219724,18.99375339695411,18.82750340894316,0.4014242199074713,0.00774415780276172,0.00899053304589259
2912.467,18.99243834,2.515104479203488,18.99100151594601,18.989710180214903,18.827876079074098,0.40122299209131934,0.0014368240539894828,0.002728159785096551
2912.949,18.98192013,2.515124210471454,18.98698505912525,18.985649678755706,18.828248603408216,0.4010218186122433,-0.0050649291252504725,-0.0037295487557074125
2913.431,18.98576592,2.515143931120524,18.98295102623802,18.981572538608262,18.82862098201806,0.40082069947024296,0.002814893761978965,0.00419338139173675
2913.913,18.99372008,2.51516364115844,18.978900043543707,18.97747940700363,18.828993214976165,0.4006196346653185,0.014820036456292485,0.016240672996367778
2914.395,19.00410147,2.5151833405929382,18.974832738969408,18.973370932273017,18.829365302355068,0.4004186241974701,0.0292687310305908,0.03073053772698131
2914.877,18.9493187,2.5152030294317487,18.970749742021287,18.96924776374888,18.829737244227317,0.40021766806669745,-0.02143104202128754,-0.019929063748879372
2915.36,18.96799816,2.515222748497839,18.96664316628216,18.965101954091974,18.83010981187622,0.40001634952078313,0.0013549937178396476,0.002896205908026417
2915.842,18.98612638,2.5152424161464904,18.962530649699207,18.960951322381955,18.830481462651264,0.39981550217689477,0.023595730300794315,0.02517505761804628
2916.324,18.94183539,2.5152620732226167,18.958404339162026,18.95678795125043,18.830852968137417,0.39961470917008224,-0.016568949162024893,-0.014952561250428431
2916.806,18.96077792,2.5152817197339203,18.954264869605833,18.9526124930516,18.831224328407217,0.39941397050034566,0.006513050394168829,0.008165426948401944
2917.288,18.95772016,2.5153013556880963,18.95011287709944,18.948425600649742,18.8315955435332,0.39921328616768487,0.007607282900561785,0.009294559350259135
2917.77,18.94628051,2.5153209810928336,18.945948998756073,18.944227927321936,18.831966613587916,0.39901265617209997,0.000331511243928162,0.0020525826780648515
2918.252,18.94152475,2.5153405959558146,18.94177387264395,18.94002012666103,18.8323375386439,0.39881208051359096,-0.0002491226439502725,0.00150462333897039
2918.734,18.93524167,2.515360200284714,18.937588137697038,18.93580285247892,18.832708318773687,0.3986115591921578,-0.002346467697037724,-0.0005611824789184539
2919.217,18.93319716,2.515379834727306,18.933383718926617,18.931567982166605,18.833079722852148,0.398410676357677,-0.0001865589266181189,0.001629177833393669
2919.699,18.93484514,2.5153994179892267,18.9291786674397,18.927333706511444,18.833450213046866,0.3982102638231282,0.005666472560299951,0.007511433488556207
2920.181,18.9194713,2.5154189907400673,18.92496492955054,18.92309192048022,18.833820558533155,0.39800990562565514,-0.005493629550539225,-0.003620620480219827
2920.663,18.90971052,2.5154385529874763,18.92074314676296,18.918843277801074,18.83419075938356,0.3978096017652579,-0.011032626762958131,-0.0091327578010727
2921.145,18.92708689,2.5154581047390963,18.916513960999414,18.914588431943137,18.83456081567062,0.3976093522419367,0.01057292900058826,0.012498458056864337
2921.627,18.90428303,2.515477646002561,18.912278014511664,18.910328036022207,18.83493072746687,0.39740915705569135,-0.007994984511665137,-0.00604500602220881
2922.109,18.92347238,2.5154971767855,18.908035949791515,18.906062742706805,18.835300494844855,0.39720901620652177,0.015436430208485064,0.01740963729319489
2922.591,18.91806649,2.5155166970955354,18.90378840948163,18.901793204124715,18.835670117877108,0.3970089296944281,0.014278080518369762,0.016273285875286092
2923.073,18.91549951,2.515536206940281,18.899536036286428,18.897520071770025,18.836039596636173,0.39680889751941034,0.01596347371357254,0.017979438229975386
2923.556,18.90714503,2.51555574677164,18.895270637928668,18.89323512227669,18.836409697299008,0.3966085048461716,0.011874392071330675,0.0139099077233098
2924.038,18.90816213,2.515575235686954,18.89101052018544,18.88895674977962,18.836778887430366,0.39640858145803803,0.017151609814561652,0.019205380220380874
2924.52,18.88894812,2.5155947141598,18.88674749848309,18.884676734612697,18.8371479335063,0.39620871240698036,0.0022006215169092513,0.004271385387301763
2925.002,18.8941129,2.515614182197766,18.882482214883012,18.88039572481278,18.837516835599356,0.3960088976929986,0.011630685116987394,0.013717175187220931
2925.484,18.90166402,2.515633639808435,18.878215311064075,18.876114367325314,18.837885593782072,0.3958091373160927,0.023448708935923435,0.025549652674683898
2925.966,18.86083301,2.515653086999382,18.873947428234253,18.87183330791443,18.838254208126983,0.39560943127626264,-0.013114418234252412,-0.011000297914428359
2926.448,18.87598826,2.515672523778176,18.869679207042385,18.867553191073565,18.838622678706624,0.39540977957350837,0.00630905295761508,0.008435068926434752
2926.93,18.85423076,2.5156919501523785,18.865411287490076,18.86327465993669,18.838991005593545,0.39521018220783016,-0.011180527490076031,-0.00904389993668886
2927.413,18.850144,2.515711406400853,18.86113545761216,18.85898948695031,18.83935995257674,0.3950102252460249,-0.01099145761216036,-0.008845486950310288
2927.895,18.85803387,2.515730811966986,18.856870062255357,18.85471605735849,18.839727991998092,0.3948107366672308,0.001163807744642753,0.003317812641508766
2928.377,18.84082636,2.51575020715119,18.85260688510336,18.850446135159537,18.840095887944486,0.39461130242551273,-0.01178052510335803,-0.009619775159535493
2928.859,18.85084158,2.5157695919610013,18.848346562689848,18.846180357169718,18.840463640488462,0.3944119225208704,0.0024950173101530027,0.004661222830282696
2929.341,18.83718677,2.515788966403949,18.844089730463715,18.841919358410607,18.840831249702564,0.3942125969533039,-0.006902960463715857,-0.004732588410607974
2929.823,18.84113747,2.5158083304875554,18.83983702270232,18.837663772023955,18.841198715659324,0.3940133257228134,0.0013004472976803072,0.0034736979760445763
2930.305,18.8398026,2.5158276842193366,18.835589072424934,18.833414229187145,18.84156603843129,0.3938141088293987,0.004213527575064546,0.006388370812853594
2930.787,18.83428528,2.5158470276068026,18.83134651130649,18.829171359029356,18.841933218090993,0.3936149462730598,0.0029387686935109514,0.0051139209706434485
2931.27,18.82653253,2.5158664007567797,18.827101186779544,18.82492700907958,18.842301016049102,0.39341542502268817,-0.0005686567795422093,0.0016055209204210996
2931.751,18.81954849,2.515885683378793,18.822880076008847,18.82070814252815,18.842667148363784,0.39321678417160966,-0.0033315860088478644,-0.0011596525281518666
2932.234,18.80439834,2.5159050358347987,18.818648705063296,18.8164802994543,18.843034659867147,0.393017371820855,-0.014250365063297465,-0.012081959454302904
2932.716,18.78839401,2.5159243378985763,18.814434004480386,18.812270387104665,18.843401267506973,0.39281842672555217,-0.026039994480385076,-0.023876377104663504
2933.198,18.81021773,2.515943629655503,18.810227829559103,18.808070260747794,18.84376773239739,0.39261953596732513,-1.0099559101917066e-05,0.0021474692522076566
2933.68,18.80242996,2.51596291111305,18.806030802109383,18.803880535495086,18.84413405461093,0.39242069954617415,-0.00360084210938183,-0.0014505754950846494
2934.162,18.80322728,2.515982182278681,18.801843542001336,18.799701823841648,18.84450023422014,0.39222191746209895,0.0013837379986654241,0.003525456158353535
2934.644,18.79372366,2.516001443159854,18.79766666708154,18.79553473558795,18.84486627129755,0.39202318971509953,-0.0039430070815384965,-0.001811075587948352
2935.126,18.80076211,2.516020693764019,18.79350079308964,18.791379877762243,18.84523216591571,0.3918245163051759,0.007261316910362581,0.009382232237758359
2935.608,18.78133464,2.516039934098621,18.78934653357552,18.787237854543747,18.845597918147156,0.3916258972323284,-0.008011893575520901,-0.005903214543746316
2936.091,18.75593311,2.516059204056851,18.785195919517086,18.783100716034625,18.84596428644334,0.3914269205930072,-0.029262809517085486,-0.02716760603462376
2936.573,18.76518011,2.516078423853366,18.781066747695707,18.778986192528244,18.84632975382394,0.39122841030704386,-0.01588663769570786,-0.013806082528244445
2937.055,18.75505429,2.5160976334026275,18.77695101829495,18.774886299546495,18.846695079035594,0.3910299543581564,-0.021896728294951373,-0.019832009546494334
2937.537,18.74722152,2.516116832712055,18.772849335278675,18.7708016291121,18.84706026215084,0.39083155274634485,-0.02562781527867486,-0.023580109112099734
2938.019,18.7640771,2.5161360217890594,18.768762300012174,18.76673277002561,18.84742530324222,0.39063320547160907,-0.00468520001217243,-0.002655670025607293
2938.501,18.73775153,2.5161552006410473,18.764690511181715,18.762680307792998,18.847790202382267,0.3904349125339491,-0.026938981181714894,-0.02492877779299718
2938.983,18.75189417,2.516174369275417,18.76063456471463,18.75864482455426,18.848154959643526,0.39023667393336514,-0.008740394714628508,-0.006750654554259938
2939.465,18.73710101,2.516193527699562,18.756595053699787,18.75462689901252,18.84851957509854,0.390038489669857,-0.0194940436997868,-0.01752588901252139
2939.948,18.74710409,2.5162127156368683,18.752564241009154,18.750618827285464,18.848884804842104,0.38983994874196937,-0.00546015100915298,-0.0035147372854638093
2940.43,18.73122559,2.516231853641572,18.74855940556637,18.746637778548795,18.849249136608403,0.38964187326534555,-0.01733381556636715,-0.015412188548793893
2940.912,18.72329373,2.516250981458206,18.744572768232707,18.74267600347681,18.849613326786223,0.38944385212579763,-0.021279038232705716,-0.019382273476807654
2941.394,18.72677793,2.516270099094138,18.74060490995148,18.738734066326113,18.8499773754481,0.3892458853233255,-0.01382697995147808,-0.011956136326112698
2941.876,18.71975421,2.516289206556728,18.73665640843737,18.73481252757457,18.850341282666573,0.389047972857929,-0.016902198437367844,-0.015058317574567326
2942.358,18.71660331,2.5163083038533314,18.732727838099954,18.73091194385537,18.850705048514186,0.38885011472960873,-0.01612452809995446,-0.014308633855371511
2942.84,18.71561168,2.5163273909912953,18.728819769967796,18.727032867891904,18.85106867306347,0.3886523109383642,-0.01320808996779732,-0.011421187891905049
2943.322,18.7317702,2.5163464679779617,18.724932771613087,18.72317584843339,18.851432156386974,0.3884545614841956,0.006837428386912592,0.008594351566610925
2943.804,18.70040065,2.5163655348206664,18.721067407076834,18.719341430191424,18.851795498557234,0.3882568663671028,-0.020666757076835296,-0.018940780191424977
2944.287,18.70644467,2.51638463105294,18.717216286870052,18.71552227099357,18.852159453029408,0.3880588156004572,-0.010771616870052014,-0.009077600993570911
2944.769,18.68344215,2.5164036776086935,18.713395915375923,18.711734722536242,18.85252251281832,0.3878612292702488,-0.029953765375921648,-0.028292572536241067
2945.251,18.70874191,2.516422714042467,18.70959884904022,18.707971385681656,18.85288543167175,0.3876636972771159,-0.0008569390402186627,0.0007705243183444566
2945.733,18.68287224,2.5164417403615715,18.705825637034824,18.70423278836346,18.85324820966225,0.3874662196210592,-0.022953397034825684,-0.021360548363460907
2946.215,18.69598157,2.51646075657331,18.702076824635014,18.70051945417247,18.85361084686235,0.38726879630207833,-0.006095254635013703,-0.004537884172467699
2946.697,18.68843075,2.51647976268498,18.698352953148294,18.69683190229811,18.853973343344588,0.3870714273201733,-0.00992220314829595,-0.00840115229811289
2947.179,18.69518197,2.5164987587038725,18.694654559843734,18.693170647470783,18.854335699181508,0.3868741126753442,0.0005274101562662281,0.0020113225292170966
2947.661,18.69488356,2.5165177446372717,18.69098217788206,18.689536199904964,18.854697914445648,0.3866768523675909,0.0039013821179416652,0.0053473600950368905
2948.144,18.68511662,2.5165367598509794,18.687328800212835,18.685921610301406,18.855060740256004,0.3864792373123788,-0.0022121802128367563,-0.000804990301407571
2948.626,18.67316812,2.5165557256143343,18.683710080333704,18.682342347782086,18.85542267430093,0.38628208579150963,-0.010541960333704026,-0.00917422778208632
2949.108,18.68674955,2.5165746813140273,18.680118947014616,18.67879139654132,18.855784467990848,0.3860849886077165,0.006630602985381984,0.00795815345867723
2949.59,18.67760087,2.516593626957318,18.676555916287025,18.675269248168465,18.856146121398293,0.38588794576099933,0.0010449537129737507,0.002331621831533681
2950.072,18.67038868,2.5166125625514586,18.673021499733892,18.67177638946525,18.856507634595804,0.38569095725135794,-0.002632819733893399,-0.0013877094652521293
2950.554,18.68023426,2.5166314881036964,18.66951620442373,18.66831330239401,18.85686900765592,0.3854940230787923,0.010718055576269592,0.011920957605987326
2951.036,18.65748388,2.5166504036212722,18.666040532845336,18.664880464026663,18.85723024065118,0.3852971432433028,-0.008556652845335577,-0.007396584026661657
2951.518,18.65039087,2.5166693091114194,18.662594982843284,18.661478346494725,18.85759133365413,0.38510031774488895,-0.012204112843285486,-0.01108747649472619
2952.0,18.64797909,2.516688204581367,18.65918004755399,18.658107416939917,18.857952286737305,0.3849035465835511,-0.011200957553988644,-0.010128326939916832
2952.483,18.63969935,2.51670712920938,18.655789227611688,18.65476124271823,18.858313848403096,0.38470642168958075,-0.016089877611687342,-0.01506189271822933
2952.965,18.65182667,2.516726004639836,18.652437048041538,18.651454137426597,18.85867452157442,0.3845097593151271,-0.0006103780415394056,0.00037253257340097434
2953.447,18.64868784,2.5167448700717534,18.649116934705145,18.648179592051246,18.85903505504374,0.3843131512777494,-0.00042909470514373993,0.0005082479487548142
2953.929,18.62234358,2.5167637255123356,18.64582936127229,18.64493805328853,18.85939544888359,0.3841165975774474,-0.023485781272292172,-0.022594473288531702
2954.411,18.63174362,2.51678257096878,18.642574796396303,18.64172996261135,18.85975570316651,0.3839200982142214,-0.0108311763963016,-0.009986342611348675
2954.893,18.64033377,2.516801406448276,18.639353703654645,18.63855575622499,18.860115817965042,0.3837236531880713,0.0009800663453560787,0.0017780137750129654
2955.375,18.6245912,2.5168202319580093,18.63616654149032,18.6354158650237,18.860475793351725,0.38352726249899693,-0.01157534149031747,-0.010824665023697833
2955.857,18.60895688,2.516839047505157,18.63301376315398,18.632310714548233,18.860835629399098,0.38333092614699854,-0.024056883153978248,-0.02335383454823159
2956.34,18.61191967,2.516857892102299,18.62988938439381,18.629234392509357,18.861196072293865,0.3831342369644618,-0.017969714393810676,-0.01731472250935795
2956.822,18.60523071,2.5168766877251545,18.626806786051723,18.626200052721767,18.86155562959152,0.38293800939934763,-0.021576076051722737,-0.020969342721766537
2957.304,18.60858298,2.5168954734069375,18.62375990047067,18.623201698591934,18.861915047767642,0.3827418361713093,-0.015176920470668875,-0.014618718591933089
2957.786,18.60104741,2.516914249154801,18.620749159557967,18.620239733826697,18.862274326894756,0.382545717280347,-0.01970174955796722,-0.019192323826697333
2958.268,18.60979012,2.5169330149758924,18.61777498975114,18.61731455657929,18.862633467045406,0.38234965272646043,-0.007984869751140877,-0.0075244365792919155
2958.75,18.58165387,2.5169517708773532,18.61483781196485,18.61442655941183,18.862992468292138,0.3821536425096497,-0.033183941964850305,-0.03277268941182854
2959.232,18.59378758,2.516970516866318,18.611938041538675,18.611576129258694,18.863351330707477,0.3819576866299149,-0.01815046153867428,-0.01778854925869311
2959.714,18.59062354,2.516989252949916,18.609076088185724,18.60876364739058,18.863710054363978,0.38176178508725606,-0.018452548185724282,-0.01814010739058247
2960.197,18.58466336,2.5170080179759915,18.606246537584433,18.60598377396015,18.864069383142276,0.3815655316161528,-0.021583177584432178,-0.02132041396015083
2960.678,18.57966303,2.517026695429494,18.603467243116995,18.603254025065045,18.864427085690593,0.38137014501316574,-0.02380421311699621,-0.023590995065045917
2961.161,18.57155411,2.5170454406394116,18.600715485761558,18.600552065165438,18.86478613673904,0.3811740004416793,-0.029161375761557196,-0.028997955165436906
2961.643,18.5858324,2.517064137152222,18.598008865688954,18.597895156808445,18.865144305798346,0.3809783163600564,-0.012176465688952476,-0.012062756808443709
2962.125,18.57519652,2.517082823795231,18.59534202590187,18.595278017664103,18.865502336461656,0.3807826866155094,-0.020145505901872696,-0.02008149766410483
2962.607,18.56858048,2.5171015005755324,18.5927153413101,18.592700994302557,18.865860228801502,0.38058711120803823,-0.0241348613100989,-0.024120514302556018
2963.089,18.56669717,2.517120167500211,18.590129180860835,18.590164427402367,18.866217982890433,0.38039159013764284,-0.023432010860833685,-0.023467257402366215
2963.571,18.56943627,2.5171388245763464,18.587583907494096,18.58766865172117,18.866575598800985,0.38019612340432346,-0.018147637494095648,-0.018232381721169588
2964.053,18.56842088,2.517157471811013,18.585079878099073,18.585213996067196,18.866933076605694,0.38000071100807986,-0.016658998099071454,-0.016793116067194802
2964.535,18.55317166,2.5171761092112783,18.582617443471342,18.58280078327157,18.8672904163771,0.37980535294891216,-0.02944578347134197,-0.029629123271568858
2965.018,18.55703195,2.5171947754204096,18.580191970328507,18.580424453759903,18.86764835912698,0.3796096440888593,-0.023160020328507613,-0.023392503759904315
2965.5,18.52982171,2.517213393152683,18.5778138411002,18.578095158734243,18.868005422763403,0.37941439481657585,-0.047992131100198065,-0.04827344873424266
2965.982,18.55145184,2.517232001071736,18.57547832273275,18.575808239558604,18.86836234858429,0.37921919988136826,-0.024026482732750765,-0.0243563995586058
2966.464,18.5516538,2.5172505991846124,18.573185741224375,18.573563994882,18.86871913666219,0.3790240592832366,-0.021531941224374407,-0.02191019488200041
2966.946,18.56509323,2.5172691874983477,18.57093641627917,18.57136271724981,18.86907578706963,0.37882897302218077,-0.00584318627917213,-0.006269487249809913
2967.428,18.54328406,2.517287766019975,18.568730661269743,18.56920469308071,18.869432299879158,0.37863394109820075,-0.025446601269742075,-0.02592063308070891
2967.91,18.54631444,2.517306334756518,18.566568783200747,18.56709020264462,18.86978867516331,0.37843896351129674,-0.02025434320074737,-0.020775762644621665
2968.392,18.53614662,2.5173248937149966,18.5644510826734,18.56501952004127,18.870144912994625,0.3782440402614685,-0.028304462673400366,-0.02887290004127152
2968.875,18.53854544,2.5173434813760625,18.56237359897511,18.562988754600266,18.870501752100505,0.37804876711284924,-0.02382815897511037,-0.02444331460026561
2969.357,18.53660087,2.5173620207791947,18.56034522270513,18.561006577432728,18.87085771495897,0.37785395264990523,-0.023744352705129756,-0.024405707432727297
2969.839,18.53668798,2.517380550425298,18.558361887594913,18.5590689936974,18.87121354058237,0.3776591925240371,-0.021673907594912833,-0.02238101369740164
2970.321,18.54212074,2.5173990703213667,18.556423868281563,18.557176252601966,18.87156922904324,0.37746448673524496,-0.014303128281561328,-0.015055512601964693
2970.803,18.54997912,2.5174175804743903,18.554531432835013,18.555328597088575,18.87192478041412,0.37726983528352864,-0.004552312835013339,-0.005349477088575583
2971.285,18.54398837,2.5174360808913523,18.552684842728087,18.55352626381701,18.87228019476755,0.37707523816888816,-0.00869647272808649,-0.00953789381700787
2971.767,18.53385442,2.5174545715792283,18.550884352807554,18.55176948314876,18.87263547217607,0.3768806953913236,-0.01702993280755294,-0.017915063148759458
2972.249,18.53731736,2.517473052544991,18.549130211266107,18.550058479131625,18.872990612712222,0.3766862069508349,-0.011812851266107316,-0.012741119131625567
2972.731,18.54046706,2.517491523795604,18.547422659615286,18.54839346948529,18.87334561644854,0.3764917728474218,-0.006955599615285024,-0.007926409485289554
2973.214,18.53391638,2.517510023629895,18.545758536001273,18.546771355247223,18.873701219554096,0.3762969898600446,-0.01184215600127203,-0.012854975247222455
2973.696,18.52587947,2.5175284754509604,18.544144959664422,18.545199058617353,18.87405594962493,0.37610266454351604,-0.01826548966442232,-0.01931958861735339
2974.178,18.54260666,2.5175469175777505,18.542578657861764,18.543673371819807,18.874410543113697,0.3759083935640633,2.8002138236615792e-05,-0.001066711819806443
2974.66,18.53512525,2.5175653500172053,18.541059845114656,18.542194487118003,18.87476500009294,0.3757141769216864,-0.005934595114656105,-0.007069237118003002
2975.142,18.53680031,2.5175837727762613,18.539588729142316,18.540762590385647,18.875119320635203,0.3755200146163855,-0.002788419142316201,-0.0039622803856467215
2975.624,18.52214172,2.5176021858618465,18.53816551084049,18.539377861096636,18.875473504813016,0.37532590664816035,-0.016023790840488772,-0.017236141096635293
2976.106,18.51868657,2.5176205892808845,18.536790384261177,18.53804047231567,18.875827552698926,0.37513185301701096,-0.018103814261177575,-0.01935390231567169
2976.588,18.52521104,2.517638983040293,18.535463536593223,18.53675059068958,18.876181464365473,0.3749378537229376,-0.010252496593224691,-0.011539550689580125
2977.071,18.49964728,2.5176574052782543,18.53418254638043,18.535505848889258,18.87653597371782,0.37474350644699395,-0.03453526638042703,-0.03585856888925676
2977.553,18.52366436,2.5176757797191263,18.53295289163124,18.53431155517233,18.876889612881012,0.37454961593980485,-0.009288531631238328,-0.010647195172328594
2978.035,18.50976744,2.517694144521099,18.531772036340314,18.533165230266608,18.877243116042607,0.3743557797696916,-0.022004596340313043,-0.023397790266606933
2978.517,18.52691226,2.5177124996910667,18.530640140055407,18.532067015061685,18.87759648327514,0.3741619979366542,-0.003727880055407695,-0.005154755061685279
2978.999,18.48986901,2.517730845235916,18.529557355378888,18.531017043996577,18.87794971465116,0.3739682704406928,-0.0396883453788881,-0.04114803399657774
2979.481,18.50125744,2.51774918116253,18.52852382795424,18.53001544505534,18.878302810243195,0.37377459728180695,-0.027266387954238525,-0.028758005055340874
2979.963,18.49219678,2.517767507477784,18.527539696453534,18.529062339763342,18.87865577012379,0.3735809784599972,-0.03534291645353349,-0.03686555976334205
2980.445,18.50118642,2.517785824188547,18.526605092565884,18.5281578431842,18.879008594365484,0.3733874139752633,-0.025418672565884037,-0.026971423184200205
2980.927,18.49388594,2.5178041313016846,18.52572014098684,18.52730206391745,18.87936128304082,0.37319390382760526,-0.031834200986843086,-0.0334161239174513
2981.41,18.492505,2.5178224667757543,18.524883278480697,18.526493480721513,18.87971456751967,0.37300004671290365,-0.032378278480695855,-0.033988480721511394
2981.892,18.50695183,2.5178407546943324,18.52409808118143,18.525735537592766,18.88006698499901,0.3728066453521299,-0.017146251181433314,-0.018783707592767485
2982.374,18.49028279,2.5178590330358555,18.523362868432898,18.525026598955595,18.880419267129767,0.372613298328432,-0.033080078432899285,-0.03474380895559648
2982.856,18.50604697,2.517877301807165,18.522677736855723,18.524366747529918,18.880771413984462,0.3724200056418098,-0.016630766855723067,-0.018319777529917758
2983.338,18.51532237,2.5178955610150955,18.522042776038838,18.523756059570022,18.881123425635646,0.37222676729226367,-0.006720406038837723,-0.008433689570022551
2983.82,18.49928992,2.517913810666475,18.521458068534734,18.523194604866262,18.881475302155856,0.37203358327979347,-0.022168148534735366,-0.02390468486626318
2984.302,18.51126883,2.517932050768128,18.520923689855756,18.522682446747453,18.881827043617623,0.37184045360439905,-0.009654859855757536,-0.011413616747454114
2984.784,18.52229051,2.5179502813268715,18.520439708471404,18.522219642083883,18.8821786500935,0.37164737826608046,0.001850801528597401,7.086791611854437e-05
2985.267,18.52207214,2.5179685401425593,18.520005338872508,18.521805434999788,18.882530850709937,0.3714539568628123,0.0020668011274906917,0.0002667050002109761
2985.749,18.52507014,2.517986751616148,18.519622434157125,18.521441584672697,18.88288218715196,0.3712609903113781,0.005447705842875905,0.003628555327303218
2986.231,18.51276351,2.5180049535672584,18.51929008996575,18.521127219771923,18.883233388825854,0.3710680780970196,-0.0065265799657510115,-0.008363709771924022
2986.713,18.50299873,2.518023146002683,18.519008346573944,18.520862371363776,18.883584455804158,0.370875220219737,-0.01600961657394251,-0.017863641363774718
2987.195,18.51536608,2.5180413289292116,18.518777237215374,18.52064706408101,18.883935388159415,0.3706824166795304,-0.0034111572153747716,-0.005280984081011297
2987.677,18.51482621,2.518059502353626,18.51859678808492,18.520481316129803,18.88428618596416,0.37048966747639966,-0.0037705780849215387,-0.005655106129804466
2988.159,18.50838243,2.5180776662827027,18.51846701834277,18.52036513929729,18.884636849290935,0.3702969726103447,-0.010084588342767375,-0.011982709297289063
2988.641,18.51869438,2.518095820723212,18.51838794011948,18.520298538959796,18.88498737821228,0.3701043320813657,0.00030643988051792803,-0.0016041589597968198
2989.124,18.5096659,2.5181140033172107,18.51835955233787,18.520281530299865,18.885338499620868,0.3699113463895311,-0.00869365233786823,-0.010615630299863454
2989.605,18.49577785,2.5181321011655844,18.51838187164064,18.52031405727479,18.885688033128826,0.3697192140346352,-0.022604021640638905,-0.02453620727478878
2990.088,18.49993224,2.518150264776964,18.51845507468498,18.520396376533785,18.886038885532454,0.3695263372424172,-0.018522834684979728,-0.02046413653378565
2990.57,18.52285173,2.5181683813111753,18.518578848583928,18.52052811078846,18.886388877279295,0.36933391417447425,0.004272881416071073,0.0023236192115376753
2991.052,18.51376465,2.5181864883906013,18.5187532693998,18.520709352527422,18.88673873498355,0.369141545443607,-0.004988619399799887,-0.00694470252742363
2991.534,18.50339755,2.518204586021978,18.518978307231095,18.52094006885661,18.887088458717756,0.3689492310498158,-0.015580757231095532,-0.017542518856611622
2992.016,18.50678243,2.5182226742120357,18.51925392520908,18.52122022054624,18.88743804855446,0.36875697099310034,-0.01247149520908053,-0.014437790546239171
2992.498,18.49629364,2.518240752967499,18.51958007951052,18.52154976204395,18.887787504566198,0.3685647652734608,-0.023286439510517454,-0.025256122043948892
2992.98,18.51351688,2.518258822295087,18.519956719371333,18.52192864148868,18.88813682682551,0.36837261389089715,-0.006439839371331857,-0.008411761488680725
2993.462,18.52027713,2.518276882201513,18.520383787101274,18.522356800725024,18.88848601540493,0.3681805168454093,-0.0001066571012735551,-0.0020796707250241298
2993.945,18.5224705,2.5182949701328563,18.52086226092425,18.52283521683324,18.88883579441861,0.36798807576462483,0.0016082390757503617,-0.00036471683323924253
2994.427,18.51483243,2.518313011197564,18.521390087956394,18.52336183796712,18.88918471557891,0.3677960875060214,-0.006557657956395957,-0.008529407967120761
2994.909,18.52658424,2.5183310428612287,18.521968128220422,18.523937526647664,18.88953350327709,0.3676041535844937,0.004616111779576215,0.002646713352334018
2995.391,18.52617969,2.5183490651305407,18.52259629647219,18.52456219968556,18.889882157585685,0.36741227400004184,0.003583393527808454,0.001617490314441028
2995.873,18.52038069,2.5183670780121856,18.523274500628638,18.52523576767836,18.890230678577247,0.36722044875266596,-0.0028938106286382492,-0.004855077678360686
2996.355,18.5309773,2.5183850815128412,18.524002641787966,18.525958135028503,18.890579066324303,0.3670286778423659,0.006974658212033802,0.005019164971496792
2996.837,18.51352334,2.5184030756391813,18.524780614250865,18.526729199961885,18.890927320899397,0.3668369612691417,-0.01125727425086609,-0.013205859961885835
2997.319,18.5228769,2.5184210603978734,18.525608305542534,18.52754885454712,18.891275442375072,0.36664529903299337,-0.0027314055425335937,-0.004671954547120549
2997.802,18.50078859,2.5184390730792097,18.526487468013666,18.528418836123105,18.891624152653367,0.3664532936636425,-0.025698878013667326,-0.02763024612310616
2998.284,18.5189378,2.5184570391031857,18.527414335059234,18.529335421881367,18.89197200787205,0.36626174021437846,-0.00847653505923418,-0.010397621881367058
2998.766,18.51906616,2.518474995779496,18.52839054280854,18.530300236485925,18.89231973020908,0.3660702411021902,-0.009324382808539866,-0.011234076485923339
2999.248,18.52140314,2.518492943114786,18.529415951909957,18.531313147567264,18.892667319736994,0.3658787963270779,-0.008012811909956952,-0.00991000756726379
2999.73,18.4855951,2.5185108811156947,18.53049041636044,18.53237401670342,18.893014776528336,0.36568740588904153,-0.04489531636043864,-0.04677891670342049
3000.212,18.51051004,2.518528809788856,18.531613783532947,18.53348269944261,18.893362100655636,0.365496069788081,-0.021103743532947306,-0.022972659442611842
3000.694,18.50641717,2.518546729140897,18.532785894204867,18.534639045326536,18.893709292191446,0.36530478802419625,-0.026368724204868244,-0.02822187532653686
3001.176,18.51801891,2.518564639178441,18.53400658258723,18.535842897914208,18.894056351208295,0.3651135605973874,-0.015987672587232993,-0.017823987914209027
3001.658,18.5150567,2.5185825399081043,18.535275676354864,18.537094094806378,18.894403277778725,0.3649223875076545,-0.020218976354865248,-0.022037394806378785
3002.141,18.5147521,2.51860046844598,18.53659577971101,18.538395210309556,18.894750791327763,0.36473087229954554,-0.021843679711011532,-0.023643110309556903
3002.623,18.52252467,2.5186183505604327,18.537961240758232,18.539740682234143,18.895097452948566,0.36453980799669683,-0.015436570758232904,-0.017216012234143818
3003.105,18.5378087,2.5186362233868347,18.539374550907763,18.541132975388756,18.895443982340723,0.364348798030924,-0.0015658509077631777,-0.003324275388756348
3003.587,18.52732209,2.51865408693178,18.540835511994942,18.542571903784452,18.89579037957677,0.36415784240222704,-0.013513421994943542,-0.015249813784453892
3004.069,18.53812042,2.518671941201858,18.542343919482562,18.544057275604658,18.896136644729243,0.3639669411106059,-0.004223499482563398,-0.005936855604659286
3004.551,18.541336,2.518689786203651,18.543899562496158,18.545588893232964,18.896482777870688,0.36377609415606077,-0.002563562496156635,-0.004252893232962407
3005.033,18.54766028,2.5187076219437365,18.545502223860083,18.5471665532815,18.89682877907364,0.3635853015385914,0.0021580561399154874,0.0004937267184992322
3005.515,18.51298868,2.518725448428686,18.547151680134487,18.548790046619846,18.89717464841064,0.3633945632581979,-0.034163000134487476,-0.035801366619846675
3005.998,18.5390488,2.5187433026206785,18.548851268611774,18.55046266856024,18.897521103115086,0.36320348376152256,-0.009802468611773918,-0.011413868560239848
3006.48,18.52459893,2.5187611105958827,18.55059371538999,18.552177272218067,18.897866708664594,0.36301285426801333,-0.025994785389990227,-0.02757834221806732
3006.962,18.53646775,2.518778909335647,18.55238224904713,18.553937047141567,18.898212182565917,0.36282227911158005,-0.01591449904713116,-0.017469297141566642
3007.444,18.53790079,2.518796698846521,18.554216621459688,18.55574176151879,18.898557524891597,0.36263175829222255,-0.01631583145968918,-0.017840971518790383
3007.926,18.53453821,2.5188144791350484,18.556096578436957,18.557591177948193,18.89890273571417,0.36244129180994095,-0.021558368436956243,-0.02305296794819256
3008.408,18.56998223,2.518832250207768,18.558021859762896,18.559485053470908,18.89924781510618,0.36225087966473524,0.011960370237105167,0.010497176529092656
3008.89,18.53663275,2.518850012071212,18.559992199238668,18.56142313960348,18.89959276314016,0.3620605218566054,-0.023359449238668617,-0.024790389603481344
3009.372,18.55134421,2.5188677647319087,18.562007324726036,18.563405182371213,18.89993757988865,0.3618702183855514,-0.010663114726035872,-0.012060972371212841
3009.854,18.54778762,2.5188855081963792,18.56406695819149,18.56543092234203,18.9002822654242,0.36167996925157325,-0.01627933819148808,-0.017643302342030154
3010.337,18.5665685,2.5189032792546926,18.566175226371694,18.567504432510738,18.900627534526205,0.36148937991613983,0.00039327362830476886,-0.0009359325107389793
3010.819,18.55917725,2.518921004327209,18.568323109182106,18.569616856197854,18.900971957581625,0.361299239569046,-0.009145859182105198,-0.010439606197852669
3011.301,18.54670488,2.5189387202230447,18.570514630332415,18.57177216581699,18.901316249641862,0.361109153559028,-0.023809750332414836,-0.025067285816991358
3011.783,18.5450019,2.5189564269487,18.57274948865287,18.573970080445044,18.90166041077946,0.3609191218860859,-0.02774758865287197,-0.028968180445044567
3012.265,18.56445795,2.5189741245106685,18.575027377310608,18.576210313879027,18.902004441066953,0.36072914455021965,-0.010569427310606727,-0.011752363879026007
3012.747,18.54783221,2.5189918129154396,18.57734798385829,18.57849257467317,18.90234834057689,0.36053922155142926,-0.029515773858289407,-0.030660364673170903
3013.229,18.57123447,2.519009492169496,18.579710990283434,18.58081656617657,18.902692109381807,0.3603493528897148,-0.008476520283434041,-0.00958209617656891
3013.711,18.56083732,2.5190271622793157,18.582116073058504,18.583181986571333,18.903035747554235,0.3601595385650762,-0.02127875305850324,-0.022344666571331828
3014.194,18.5439005,2.519044859882897,18.584568022767932,18.585593564268255,18.90337996770245,0.35996938494107633,-0.04066752276793295,-0.04169306426825514
3014.676,18.55173047,2.5190625117047163,18.587056351422245,18.58804100085816,18.903723344556887,0.3597796794033219,-0.035325881422245686,-0.036310530858159495
3015.158,18.57218358,2.5190801544017125,18.58958575255431,18.590528929610404,18.904066590996607,0.3595900282026434,-0.017402172554309203,-0.018345349610402906
3015.64,18.55233647,2.5190977879803405,18.592155881080096,18.593057028421047,18.904409707094157,0.35940043133904087,-0.03981941108009579,-0.040720558421046604
3016.122,18.56801066,2.5191154124470523,18.594766386661412,18.59562497021803,18.904752692922067,0.35921088881251406,-0.026755726661413348,-0.027614310218030624
3016.604,18.5583809,2.519133027808291,18.597416913760078,18.598232423002457,18.905095548552882,0.35902140062306315,-0.0390360137600787,-0.03985152300245787
3017.086,18.57108111,2.5191506340704968,18.6001071016928,18.600879049890484,18.90543827405914,0.3588319667706882,-0.02902599169279796,-0.029797939890482184
3017.568,18.6019888,2.519168231240104,18.60283658468666,18.60356450915567,18.90578086951338,0.35864258725538883,-0.0008477846866590255,-0.0015757091556700686
3018.051,18.60696539,2.5191858558039,18.605610775720553,18.60629414537332,18.906124045362365,0.3584528693428228,0.0013546142794460536,0.000671244626680334
3018.532,18.58833361,2.5192033983272304,18.608411947655462,18.609050533956633,18.906465670555967,0.3582639912360182,-0.02007833765546252,-0.020716923956634048
3019.015,18.6108742,2.5192210047003005,18.61126301329931,18.611856240071045,18.906808586124882,0.3580743822230688,-0.0003888132993097315,-0.0009820400710438548
3019.497,18.61253737,2.5192385655449385,18.614145996976358,18.614693593493026,18.907150661827302,0.35788522016880575,-0.0016086269763597727,-0.002156223493027909
3019.979,18.62464256,2.519256117329079,18.617066371677637,18.61756799877773,18.907492607840553,0.3576961124516184,0.007576188322364175,0.007074561222271569
3020.461,18.63063069,2.5192736600591235,18.620023742283532,18.620479086052498,18.907834424237176,0.35750705907150704,0.010606947716468085,0.010151603947502252
3020.943,18.61356211,2.519291193741468,18.623017708990893,18.623426480913235,18.908176111089706,0.35731806002847133,-0.009455598990893321,-0.009864370913234666
3021.425,18.60963691,2.519308718382503,18.626047867373437,18.626409804470896,18.90851766847068,0.3571291153225117,-0.016410957373437896,-0.016772894470896915
3021.907,18.61495936,2.5193262339886138,18.629113808442746,18.62942867339849,18.908859096452645,0.3569402249536279,-0.014154448442745604,-0.014469313398489447
3022.389,18.6400649,2.51934374056618,18.632215118709752,18.632482699978556,18.909200395108137,0.35675138892182,0.007849781290246938,0.007582200021442276
3022.872,18.62382033,2.519361274414184,18.635357923053,18.635577936298183,18.90954227219572,0.3565622156203042,-0.011537593052999284,-0.011757606298182566
3023.354,18.65002528,2.51937876293508,18.638528784751443,18.638701168599994,18.90988331214794,0.3563734883753805,0.011496495248557892,0.011324111400007553
3023.836,18.63989213,2.5193962424465526,18.641733747910525,18.64185836870617,18.910224222991463,0.3561848154675328,-0.0018416179105251729,-0.001966238706170742
3024.318,18.61731044,2.5194137129549583,18.644972381656057,18.64504913181377,18.910565004798816,0.35599619689676076,-0.0276619416560564,-0.02773869181377009
3024.8,18.64471377,2.5194311744666518,18.648244250929107,18.648273048974506,18.91090565764254,0.35580763266306464,-0.003530480929107682,-0.0035592789745066966
3025.282,18.6386329,2.519448626987979,18.651548916550695,18.65152970714523,18.911246181595182,0.3556191227664445,-0.012916016550693854,-0.01289680714522845
3025.764,18.64169111,2.5194660705252825,18.65488593528697,18.654818689238898,18.911586576729274,0.3554306672069002,-0.013194825286969802,-0.013127579238897624
3026.246,18.64688589,2.5194835050848994,18.658254859914962,18.658139574176083,18.911926843117357,0.35524226598443176,-0.011368969914961724,-0.011253684176082857
3026.729,18.66258517,2.5195009668165125,18.66166232639979,18.661498924470585,18.912267686378172,0.35505352839434956,0.0009228436002111096,0.001086245529414498
3027.211,18.64892867,2.519518383421152,18.66509376935612,18.664882400115477,18.912607695225123,0.35486523595876535,-0.016165099356118873,-0.01595373011547707
3027.693,18.66138439,2.5195357910670966,18.66855575230855,18.668296491031423,18.91294757554384,0.35467699786025686,-0.007171362308550755,-0.006912101031424811
3028.175,18.6641647,2.519553189760661,18.672047812736118,18.671740760686014,18.91328732740685,0.35448881409882443,-0.00788311273611697,-0.007576060686012909
3028.657,18.66105458,2.519570579508156,18.675569484464308,18.67521476881918,18.913626950886698,0.35430068467446796,-0.014514904464309808,-0.014160188819182906
3029.139,18.69457282,2.5195879603158864,18.679120297733437,18.678718071497585,18.913966446055927,0.35411260958718727,0.015452522266564017,0.015854748502416527
3029.621,18.67183832,2.5196053321901513,18.682699779267463,18.682250221169422,18.914305812987074,0.35392458883698247,-0.010861459267463403,-0.010411901169423032
3030.103,18.68697688,2.519622695137245,18.686307452343243,18.68581076671975,18.914645051752675,0.3537366224238535,0.0006694276567564827,0.0011661132802487373
3030.585,18.70175668,2.5196400491634567,18.68994283686019,18.68939925352626,18.914984162425274,0.3535487103478005,0.01181384313980871,0.012357426473737831
3031.068,18.68157461,2.5196574302515162,18.693613076157895,18.69302275377709,18.91532384822789,0.35336046291896,-0.012038466157896721,-0.011448143777091246
3031.55,18.69688876,2.5196747664363333,18.69730248506802,18.696665801060917,18.915662702666722,0.35317265962979116,-0.0004137250680180671,0.0002229589390836395
3032.032,18.71392061,2.5196920937191165,18.70101814453543,18.700335404286843,18.916001429230317,0.3529849106776982,0.012902465464570412,0.013585205713155801
3032.514,18.70161113,2.5197094121061334,18.70475956164735,18.704031095363423,18.916340027991215,0.35279721606268116,-0.003148431647350236,-0.0024199653634227047
3032.996,18.68364023,2.5197267216036456,18.708526240467474,18.70775240297779,18.91667849902196,0.35260957578474,-0.02488601046747263,-0.02411217297778734
3033.478,18.71346983,2.5197440222179113,18.71231768210785,18.71149885265419,18.917016842395082,0.35242198984387463,0.0011521478921494577,0.0019709773458096436
3033.96,18.68148537,2.5197613139551818,18.716133384800973,18.715269966812954,18.91735505818313,0.3522344582400852,-0.034648014800971794,-0.03378459681295354
3034.442,18.70742719,2.5197785968217037,18.719972843972265,18.719065264829908,18.91769314645864,0.35204698097337167,-0.012545653972264148,-0.011638074829907197
3034.925,18.70033341,2.5197959066526874,18.723843590044698,18.722892210628473,18.918031808325285,0.3518591692559647,-0.02351018004469907,-0.02255880062847382
3035.407,18.70731078,2.5198131717780603,18.727729084229317,18.726734470264528,18.91836964152916,0.35167180077613536,-0.020418304229316675,-0.01942369026452795
3035.889,18.71645566,2.5198304280514066,18.73163680398908,18.730599453201776,18.918707347438268,0.35148448663338194,-0.01518114398907855,-0.014143793201775168
3036.371,18.71019947,2.519847675478951,18.735566234246562,18.734486667235235,18.91904492612514,0.35129722682770437,-0.025366764246562923,-0.024287197235235425
3036.853,18.73268599,2.519864914066915,18.739516857484144,18.738395617419226,18.919382377662323,0.35111002135910263,-0.006830867484143965,-0.005709627419225427
3037.335,18.71880654,2.5198821438215133,18.74348815381811,18.742325806129283,18.919719702122354,0.35092287022757684,-0.024681613818110293,-0.023519266129284233
3037.817,18.73094771,2.519899364748956,18.747479601073046,18.746276733124695,18.920056899577773,0.35073577343312684,-0.016531891073046978,-0.015329023124696306
3038.299,18.76148506,2.5199165768554477,18.751490674856473,18.750247895611224,18.920393970101117,0.35054873097575284,0.009994385143524909,0.01123716438877409
3038.781,18.75517707,2.519933780147188,18.755520848633694,18.754238788304434,18.920730913764928,0.35036174285545457,-0.0003437786336952797,0.0009382816955643136
3039.264,18.73365757,2.519951010294421,18.759578012626204,18.75825724286265,18.921068429300195,0.35017442129928955,-0.025920442626205187,-0.024599672862652966
3039.746,18.75985524,2.5199681959569813,18.763644835469556,18.762286108764286,18.921405119199736,0.34998754196587567,-0.0037895954695557066,-0.0024308687642857763
3040.228,18.75494054,2.5199853728233705,18.767729165493993,18.766333173651095,18.921741682457515,0.3498007169695375,-0.012788625493993067,-0.011392633651094997
3040.71,18.76803476,2.520002540899767,18.77183046834461,18.770397922913638,18.922078119146065,0.34961394631027526,-0.0037957083446116258,-0.0023631629136389165
3041.192,18.77268056,2.5200197001923446,18.775948207901642,18.77447983977463,18.922414429337927,0.349427229988089,-0.0032676479016409132,-0.0017992797746302358
3041.674,18.77758931,2.520036850707272,18.780081846356353,18.778578405354477,18.922750613105638,0.34924056800297854,-0.00249253635635327,-0.0009890953544768877
3042.156,18.76364412,2.520053992450712,18.78423084428718,18.782693098737308,18.923086670521744,0.3490539603549439,-0.020586724287181113,-0.019048978737309596
3042.638,18.7606326,2.520071125428823,18.788394660735918,18.786823397037296,18.923422601658785,0.34886740704398517,-0.027762060735916805,-0.026190797037294544
3043.121,18.77607297,2.520088285166082,18.792581435988886,18.790977391146264,18.92375910314888,0.3486805211992537,-0.01650846598888478,-0.014904421146262337
3043.603,18.78057911,2.520105400613835,18.796773288758406,18.795137352722506,18.92409478168378,0.3484940766751793,-0.01619417875840412,-0.014558242722504389
3044.085,18.78364043,2.520122507314714,18.80097832758356,18.79931133830958,18.924430334157382,0.34830768648818067,-0.017337897583562523,-0.01567090830958051
3044.567,18.78807663,2.5201396052748577,18.805196006121985,18.803498817809114,18.924765760642227,0.34812135063825794,-0.017119376121986107,-0.015422187809114973
3045.049,18.79963749,2.5201566945003973,18.80942577687768,18.80769925948999,18.925101061210842,0.3479350691254111,-0.00978828687768285,-0.008061769489991377
3045.531,18.80657583,2.52017377499746,18.813667091277946,18.81191213005688,18.92543623593578,0.3477488419496402,-0.007091261277945904,-0.0053363000568786845
3046.013,18.79438512,2.5201908467721688,18.81791939975018,18.816136894718973,18.925771284889574,0.34756266911094497,-0.023534279750180076,-0.021751774718971717
3046.495,18.80788335,2.52020790983064,18.822182151798906,18.820373017259094,18.926106208144766,0.3473765506093257,-0.014298801798904748,-0.01248966725909284
3046.978,18.79444061,2.5202249995523993,18.826463670389952,18.824628782061925,18.926441700244244,0.34719010047602783,-0.03202306038995317,-0.030188172061926366
3047.459,18.82370229,2.520242009823309,18.830736780491144,18.828877184389746,18.92677567784949,0.34700447661731487,-0.007034490491143686,-0.005174894389746498
3047.942,18.81243404,2.5202590821070405,18.83503646298874,18.833153012417164,18.92711091839379,0.34681813538363376,-0.022602422988740045,-0.02071897241716414
3048.424,18.80649966,2.5202761103435996,18.839335485132302,18.837429196730746,18.92744533931985,0.3466322343430505,-0.03283582513230243,-0.03092953673074561
3048.906,18.81546914,2.52029312989444,18.843642186076693,18.8417140377554,18.927779634910152,0.34644638763954316,-0.028173046076691577,-0.02624489775539729
3049.388,18.82662753,2.5203101407656496,18.847956011405454,18.846006992182282,18.928113805237242,0.34626059527311165,-0.021328481405454625,-0.01937946218228248
3049.87,18.80757544,2.5203271429633083,18.852276406318513,18.850307515768563,18.928447850373647,0.3460748572437561,-0.04470096631851206,-0.04273207576856208
3050.352,18.8161901,2.5203441364934926,18.85660281570918,18.85461506340888,18.928781770391918,0.34588917355147625,-0.0404127157091807,-0.03842496340887891
3050.834,18.81431587,2.520361121362273,18.86093468424107,18.858929089207056,18.929115565364587,0.34570354419627236,-0.04661881424106795,-0.0446132192070543
3051.316,18.82145051,2.5203780975757155,18.86527145642496,18.863249046548066,18.929449235364196,0.34551796917814437,-0.043820946424961704,-0.0417985365480682
3051.799,18.83224834,2.5203951003333094,18.869621587303616,18.867583367125036,18.92978347233578,0.3453320636558968,-0.03737324730361635,-0.035335027125036333
3052.281,18.84887598,2.5204120592363273,18.873966507387333,18.871913554656757,18.930116892347986,0.34514659742465315,-0.025090527387334305,-0.023037574656758153
3052.763,18.85428527,2.5204290095021866,18.87831466335375,18.876248029158216,18.9304501876049,0.3449611855304852,-0.024029393353750095,-0.021962759158217438
3053.245,18.85866534,2.5204459511369333,18.88266549986996,18.88058624186256,18.93078335817906,0.3447758279733932,-0.02400015986995996,-0.021920901862557685
3053.727,18.86496324,2.5204628841466077,18.887018461833545,18.884927643647504,18.93111640414301,0.3445905247533771,-0.02205522183354347,-0.01996440364750285
3054.209,18.86954383,2.520479808537245,18.89137299444886,18.889271685108717,18.931449325569282,0.34440527587043684,-0.021829164448860183,-0.019727855108715886
3054.691,18.88193596,2.5204967243148757,18.89572854330327,18.893617816633267,18.93178212253042,0.3442200813245724,-0.013792583303271044,-0.011681856633266818
3055.173,18.87988111,2.520513631485525,18.900084554443147,18.897965488473336,18.93211479509897,0.34403494111578387,-0.02020344444314759,-0.018084378473336216
3055.656,18.87150713,2.5205305651055503,18.904449511149917,18.90232317358935,18.932448033152404,0.34384947130496984,-0.032942381149915434,-0.030816043589350528
3056.138,18.8857895,2.520547455062467,18.908804785305183,18.9066722769898,18.932780456895674,0.34366443988306566,-0.023015285305181266,-0.020882776989797236
3056.62,18.88976038,2.520564336430461,18.913158862252725,18.9110212702521,18.933112756464123,0.3434794627982372,-0.023398482252726893,-0.021260890252101206
3057.102,18.88634874,2.5205812092155377,18.917511190634016,18.91536960382953,18.933444931930286,0.3432945400504847,-0.031162450634017347,-0.02902086382952973
3057.584,18.89368115,2.5205980734236966,18.921861219927518,18.919716728411526,18.9337769833667,0.34310967163980804,-0.02818006992751876,-0.026035578411526927
3058.066,18.91243874,2.5206149290609328,18.92620840052366,18.924062094998295,18.934108910845904,0.3429248575662072,-0.013769660523660576,-0.01162335499829581
3058.548,18.90584681,2.5206317761332375,18.930552183799616,18.928405154975522,18.934440714440438,0.3427400978296824,-0.024705373799616126,-0.022558344975522004
3059.03,18.92113678,2.520648614646595,18.934892022193882,18.932745360189237,18.934772394222847,0.34255539243023314,-0.01375524219388069,-0.01160858018923605
3059.512,18.93563946,2.5206654446069856,18.93922736928055,18.93708216302067,18.93510395026566,0.3423707413678599,-0.0035879092805508606,-0.00144270302066829
3059.995,18.92187747,2.5206823009107016,18.9435666582773,18.941424001299357,18.935436070131964,0.342185761718288,-0.021689188277303373,-0.01954653129935835
3060.477,18.92649462,2.520699113765366,18.947891376241746,18.945752349131663,18.935767378656873,0.34200121944279915,-0.021396756241745862,-0.019257729131663126
3060.959,18.93683217,2.5207159180849863,18.95220997005023,18.950075654556564,18.93609856365996,0.3418167315043862,-0.015377800050231372,-0.013243484556564766
3061.441,18.94401581,2.520732713875523,18.956521898560784,18.95439337284911,18.936429625213766,0.34163229790304894,-0.012506088560783724,-0.0103775628491114
3061.923,18.93417004,2.520749501142932,18.96082662213509,18.958704960195533,18.936760563390827,0.34144791863878765,-0.02665658213508948,-0.024534920195531384
3062.405,18.93675816,2.5207662798931625,18.96512360271115,18.963009873768566,18.937091378263684,0.34126359371160214,-0.028365442711148603,-0.026251713768566276
3062.887,18.97027909,2.520783050132161,18.96941230387578,18.967307571802774,18.93742206990488,0.34107932312149253,0.0008667861242166452,0.0029715181972242988
3063.369,18.96476279,2.520799811865867,18.973692190936667,18.9715975136699,18.937752638386947,0.34089510686845886,-0.008929400936665388,-0.006834723669896903
3063.852,18.96767348,2.520816599849134,18.97797158095096,18.975888034041027,18.93808376922589,0.34071056293032054,-0.010298100950961953,-0.008214554041028777
3064.334,18.95310162,2.5208333445724427,18.982232221925262,18.980160827728994,18.93841409135219,0.3405264554641711,-0.02913060192526018,-0.027059207728992618
3064.816,18.98739317,2.520850080808263,18.98648245466506,18.984424249829434,18.93874429053713,0.3403424023350976,0.0009107153349390273,0.0029689201705664914
3065.298,18.97807727,2.520866808562516,18.990721752080585,18.988677765019148,18.93907436685325,0.3401584035430999,-0.012644482080585107,-0.010600495019147615
3065.78,18.9723373,2.520883527841117,18.99494958915874,18.992920839488825,18.939404320373097,0.3399744590881779,-0.02261228915874014,-0.02058353948882541
3066.262,18.98916794,2.5209002386499773,18.999165443033124,18.99715294101813,18.9397341511692,0.33979056897033194,-0.009997503033122968,-0.007985001018127491
3066.744,18.99354521,2.520916940995002,19.003368793053777,19.00137353905093,18.94006385931411,0.3396067331895619,-0.00982358305377673,-0.00782832905093045
3067.226,19.01197029,2.5209336348820925,19.007559120856403,19.0055821047702,18.940393444880357,0.3394229517458678,0.004411169143597959,0.0063881852298024455
3067.708,18.9999984,2.520950320317145,19.011735910431348,19.00977811117306,18.940722907940483,0.3392392246392494,-0.011737510431348852,-0.00977971117305998
3068.191,19.01409058,2.5209670318968365,19.015907269615642,19.01396969744243,18.94105293171912,0.339055170862353,-0.001816689615640854,0.0001208825575709227
3068.673,19.01694996,2.5209837004279763,19.020055413723693,19.01813898306036,18.94138214973084,0.3388715525426189,-0.0031054537236911983,-0.0011890230603590624
3069.155,19.02211512,2.521000360524748,19.024188485333244,19.022294138906574,18.941711245454204,0.33868798855996063,-0.002073365333245647,-0.00017901890657512354
3069.637,19.04114264,2.5210170121930298,19.028305978539365,19.026434645986132,18.942040218961758,0.3385044789143783,0.012836661460635668,0.014707994013868131
3070.119,19.03184983,2.521033655438691,19.032407390130135,19.030559987491195,18.942369070326038,0.3383210236058718,-0.0005575601301366362,0.001289842508803929
3070.601,19.04192574,2.5210502902676,19.036492219653013,19.03466964887515,18.942697799619584,0.33813762263444125,0.005433520346986853,0.007256091124851594
3071.083,19.03816737,2.521066916685618,19.040559969480682,19.038763117926532,18.943026406914935,0.3379542760000866,-0.002392599480682378,-0.0005957479265319421
3071.565,19.07808142,2.521083534698602,19.044610144876486,19.04283988484276,18.943354892284628,0.3377709837028077,0.03347127512351378,0.03524153515724038
3072.048,19.05773156,2.5211001787634566,19.04865060031181,19.046907846382293,18.943683936926703,0.33758736563734487,0.009080959688191115,0.010823713617707398
3072.53,19.0695121,2.5211167799665164,19.05266411551916,19.050949652349093,18.944012178410127,0.3374041821269501,0.01684798448084024,0.018562447650907643
3073.012,19.07389254,2.5211333727820953,19.05665858907139,19.05497324092151,18.944340298185665,0.3372210529536314,0.017233950928609687,0.018919299078490326
3073.494,19.08189743,2.5211499572160316,19.06063353844571,19.05897811267121,18.94466829632585,0.33703797811738856,0.021263891554291092,0.022919317328792488
3073.976,19.06391982,2.5211665332741573,19.064588484329967,19.062963770944172,18.94499617290323,0.33685495761822165,-0.0006686643299680384,0.0009560490558264689
3074.458,19.06938309,2.5211831009623005,19.06852295068508,19.066929721933022,18.945323927990344,0.3366719914561305,0.0008601393149199055,0.0024533680669769353
3074.94,19.10180018,2.521199660286284,19.072436464806962,19.070875474749002,18.945651561659727,0.33648907963111535,0.02936371519303904,0.03092470525099955
3075.422,19.07764074,2.5212162112519256,19.076328557387935,19.074800541493648,18.945979073983917,0.33630622214317596,0.0013121826120645608,0.0028401985063517543
3075.905,19.06642586,2.521232788177135,19.08020676897571,19.078712514357388,18.94630714414399,0.33612303978914654,-0.01378090897571127,-0.012286654357389182
3076.386,19.08722843,2.5212492881314335,19.08404661804302,19.082586680554773,18.946633734886888,0.3359406701785249,0.0031818119569813064,0.004641749445227106
3076.869,19.08269124,2.5212658483343966,19.087879576785152,19.086454777862635,18.946961562216675,0.33575759672411226,-0.005188336785153069,-0.003763537862635502
3077.351,19.09388982,2.52128236590747,19.09168131143682,19.090292236242544,18.947288589634425,0.3355749566972089,0.002208508563182221,0.0035975837574575564
3077.833,19.05093109,2.5212988751512317,19.095459330133128,19.094106615424803,18.947615496069833,0.33539237100738145,-0.04452824013312906,-0.04317552542480385
3078.315,19.08629824,2.521315376071471,19.09921318521122,19.0978974469471,18.947942281595434,0.33520983965462986,-0.012914945211218054,-0.011599206947099816
3078.797,19.08019869,2.5213318686739723,19.102942432818978,19.101664265829847,18.948268946283772,0.33502736263895405,-0.022743742818978063,-0.021465575829846983
3079.279,19.06627297,2.521348352964515,19.10664663297191,19.105406610645023,18.948595490207385,0.33484493996035425,-0.04037366297190914,-0.039133640645022894
3079.761,19.09034533,2.521364828948875,19.110325349609425,19.109124023584478,18.948921913438813,0.3346625716188303,-0.01998001960942375,-0.018778693584476258
3080.243,19.08727787,2.521381296632821,19.11397815065046,19.11281605052791,18.94924821605059,0.33448025761438216,-0.026700280650459263,-0.025538180527910015
3080.726,19.10596363,2.5213977901616107,19.117612104140182,19.116489820147603,18.949575074716286,0.334297619871403,-0.011648474140180554,-0.010526190147601255
3081.208,19.10779587,2.521414241244829,19.12121173796569,19.120129672835947,18.94990113605652,0.3341154146538391,-0.013415867965690609,-0.012333802835946983
3081.69,19.10337448,2.5214306840449283,19.124784183509654,19.123742799052422,18.95022707699488,0.3339332637733512,-0.02140970350965432,-0.02036831905242309
3082.172,19.13314485,2.5214471185676572,19.128329025162202,19.127328760106266,18.9505528976039,0.333751167229939,0.004815824837798743,0.0058160898937345
3082.654,19.13889544,2.521463544818763,19.131845851562144,19.130887121327238,18.95087859795612,0.3335691250236028,0.007049588437855192,0.008008318672761305
3083.136,19.13346468,2.5214799628039866,19.13533425564878,19.1344174521306,18.95120417812408,0.33338713715434243,-0.0018695756487794313,-0.0009527721305992998
3083.618,19.12231118,2.5214963725290653,19.138793834713137,19.137919326081565,18.951529638180318,0.333205203622158,-0.016482654713136924,-0.015608146081564911
3084.1,19.13848032,2.5215127739997305,19.142224190448538,19.141392320959216,18.95185497819738,0.3330233244270493,-0.003743870448538189,-0.002912000959216954
3084.583,19.11565447,2.5215292012239727,19.14563195341684,19.144843132679384,18.95218087285354,0.33284112239550373,-0.02997748341683959,-0.02918866267938469
3085.065,19.14573667,2.521545586185892,19.149002622776507,19.148257057852064,18.952505972761188,0.33265935198727936,-0.003265952776505543,-0.0025203878520621004
3085.547,19.15316688,2.5215619629105768,19.152342900003003,19.151640862358036,18.95283095284742,0.3324776359161309,0.0008239799969977923,0.0015260176419644722
3086.029,19.14411059,2.52157833140374,19.155652404900664,19.15499414146876,18.953155813184786,0.33229597418205825,-0.011541814900663638,-0.010883551468758412
3086.511,19.1469922,2.5215946916710896,19.15893076191893,19.15831649498046,18.953480553845814,0.3321143667850615,-0.011938561918931612,-0.011324294980461502
3086.993,19.17325146,2.52161104371833,19.162177600198827,19.1616075272745,18.95380517490305,0.3319328137251406,0.011073859801172148,0.011643932725498018
3087.475,19.1561495,2.5216273875511583,19.165392553618723,19.164866847376967,18.954129676429027,0.33175131500229554,-0.009243053618721575,-0.008717347376965279
3087.957,19.15419269,2.5216437231752704,19.16857526083944,19.168094069017776,18.95445405849629,0.33156987061652643,-0.014382570839440945,-0.01390137901777777
3088.439,19.17550482,2.521660050596354,19.171725365348575,19.171288810688935,18.95477832117738,0.3313884805678332,0.0037794546514255956,0.00421600931106525
3088.922,19.17686681,2.5216764036688883,19.174848948123337,19.174457221216482,18.95510313691746,0.33120676869752963,0.002017861876662863,0.0024095887835180463
3089.404,19.1753898,2.5216927146839767,19.177932727750363,19.177585808438614,18.955427160796503,0.3310254874357206,-0.002542927750361912,-0.0021960084386130063
3089.886,19.16529018,2.5217090175130887,19.180982863818222,19.180680799556885,18.955751065507133,0.33084426051098736,-0.015692683818222974,-0.01539061955688581
3090.368,19.20135459,2.521725312161895,19.18399901956122,19.18374183269166,18.956074851121897,0.33066308792333016,0.017355570438780887,0.017612757308341997
3090.85,19.18044053,2.521741598636061,19.186980863251463,19.18676855100666,18.956398517713332,0.33048196967274873,-0.006540333251464858,-0.006328021006662965
3091.332,19.18080266,2.5217578769412485,19.18992806823882,19.189760602763013,18.956722065353972,0.3303009057592432,-0.009125408238819688,-0.008957942763011317
3091.814,19.17965701,2.521774147083114,19.19284031299018,19.192717641372504,18.957045494116365,0.33011989618281357,-0.013183302990182,-0.013060631372503906
3092.296,19.17185379,2.5217904090673087,19.195717281127887,19.19563932545004,18.95736880407305,0.3299389409434598,-0.023863491127887215,-0.023785535450038253
3092.779,19.19039432,2.5218066966126536,19.1985645192409,19.19853126907284,18.9576926656944,0.3297576647845897,-0.0081701992409009,-0.008136949072842015
3093.261,19.19435573,2.5218229422815486,19.20136993104534,19.201381165927906,18.958015738011166,0.3295768183321202,-0.0070142010453366765,-0.007025435927904056
3093.743,19.20028771,2.521839179809713,19.204139147791096,19.204194715157907,18.958338691739993,0.32939602621672653,-0.0038514377910949804,-0.003907005157905985
3094.225,19.19281822,2.5218554092027787,19.206871874103044,19.20697159671048,18.958661526953414,0.3292152884384088,-0.014053654103044266,-0.01415337671048178
3094.707,19.2203416,2.5218716304663755,19.209567819942574,19.209711495986856,18.95898424372397,0.32903460499716686,0.010773780057427018,0.01063010401314557
3095.189,19.21724155,2.5218878436061263,19.212226700641434,19.212414103889415,18.95930684212421,0.3288539758930008,0.005014849358566664,0.004827446110585498
3095.671,19.22628049,2.5219040486276505,19.214848236934863,19.215079116868424,18.959629322226657,0.32867340112591065,0.011432253065137843,0.011201373131576986
3096.153,19.22994769,2.521920245536563,19.21743215499388,19.217706236967846,18.95995168410386,0.32849288069589627,0.012515535006119904,0.012241453032153515
3096.635,19.23429996,2.5219364343384734,19.219978186456828,19.22029517187034,18.960273927828354,0.32831241460295774,0.014321773543173322,0.014004788129660994
3097.118,19.23114555,2.521952648600488,19.222491231699074,19.222850886171216,18.960596721660455,0.3281316286053298,0.008654318300926889,0.008294663828785076
3097.6,19.24740428,2.521968821188416,19.224960626961217,19.225362515813927,18.960918729052402,0.32795127129927565,0.022443653038784817,0.022041764186074175
3098.082,19.25530358,2.5219849856861556,19.227391363132956,19.227835117010898,18.96124061850941,0.3277709683302973,0.027912216867044037,0.027468462989101994
3098.564,19.24335823,2.522001142099299,19.229783194032873,19.23026842044304,18.96156239010402,0.32759071969839487,0.013575035967125615,0.013089809556959153
3099.046,19.23334947,2.5220172904334324,19.23213587909258,19.232662162641173,18.96188404390877,0.3274105254035684,0.0012135909074189044,0.0006873073588273826
3099.528,19.26309664,2.5220334306941385,19.234449183383497,19.235016086025432,18.9622055799962,0.3272303854458177,0.02864745661650403,0.028080553974568545
3100.01,19.25892216,2.5220495628869948,19.23672287764273,19.237329938943773,18.96252699843885,0.3270502998251427,0.022199282357270533,0.0215922210562276
3100.492,19.25459197,2.5220656870175744,19.238956738298203,19.239603475709448,18.962848299309258,0.3268702685415438,0.015635231701796926,0.014988494290552268
3100.975,19.2663147,2.5220818365189133,19.241155057182798,19.24184104705728,18.963170148913413,0.3266899182553494,0.025159642817200734,0.024473652942717194
3101.457,19.23935364,2.5220979445249423,19.2433085190475,19.244033153636117,18.96349121461341,0.32650999575863476,-0.003954879047498139,-0.004679513636116184
3101.939,19.27400822,2.5221140444853987,19.245421510553776,19.246184242688447,18.96381216295893,0.32633012759899593,0.028586709446223324,0.027823977311552284
3102.421,19.24072995,2.522130136405836,19.247493831139547,19.248294092756815,18.964132994022517,0.32615031377643294,-0.006763881139548289,-0.007564142756816494
3102.903,19.2556789,2.5221462202918055,19.249525286046854,19.25036248852188,18.96445370787671,0.3259705542909459,0.006153613953145509,0.005316411478119676
3103.385,19.24494137,2.522162296148852,19.251515686342035,19.252389220833855,18.964774304594048,0.32579084914253453,-0.0065743163420357575,-0.007447850833855796
3103.867,19.2455499,2.5221783639825164,19.253464848935106,19.254374086743024,18.96509478424707,0.32561119833119917,-0.007914948935106025,-0.008824186743023432
3104.349,19.25562691,2.522194423798336,19.255372596598257,19.25631688952916,18.965415146908313,0.32543160185693976,0.00025431340174364436,-0.0006899795291595012
3104.832,19.26002001,2.5222105088960136,19.257242586343104,19.25822133772677,18.96573605693909,0.3252516872821789,0.002777423656898037,0.0017986722732317162
3105.313,19.25839175,2.5222265193985622,19.2590631676399,19.260075550168317,18.966055521545638,0.32507257191964845,-0.0006714176399000849,-0.0016838001683154857
3105.796,19.2544869,2.522242588454991,19.260849320484066,19.261894768148622,18.966376197471014,0.3248927662445044,-0.006362420484066433,-0.007407868148622043
3106.278,19.27091074,2.52225861623812,19.262589666568136,19.263667387858295,18.966696092648505,0.32471338723128096,0.0083210734318655,0.007243352141706794
3106.76,19.24239494,2.52227463603103,19.264287799806194,19.26539705490722,18.967015871197066,0.3245340625551332,-0.0218928598061936,-0.02300211490721793
3107.242,19.26686731,2.5222906478392297,19.265943578498415,19.267083610524693,18.96733553318924,0.32435479221606145,0.0009237315015830916,-0.00021630052469490124
3107.724,19.26985654,2.5223066516682233,19.267556866913555,19.268726902345996,18.967655078697558,0.3241755762140657,0.0022996730864441872,0.0011296376540030906
3108.206,19.25137556,2.522322647523512,19.269127535300814,19.27032678443326,18.96797450779457,0.3239964145491457,-0.01775197530081485,-0.01895122443325903
3108.688,19.24719717,2.522338635410591,19.2706554599008,19.271883117295243,18.968293820552805,0.32381730722130153,-0.023458289900801788,-0.024685947295242983
3109.17,19.25190089,2.5223546153349505,19.27214052295575,19.273395767906035,18.968613017044813,0.3236382542305334,-0.0202396329557466,-0.021494877906032883
3109.653,19.24400777,2.522370620430672,19.273585559861313,19.274867611488773,18.968932759214713,0.3234588842668229,-0.029577789861313875,-0.0308598414887733
3110.135,19.26011126,2.522386584429559,19.27498448112379,19.276292433208507,18.969251723151032,0.3232799400629387,-0.014873221123792746,-0.016181173208508426
3110.617,19.27791388,2.5224025404821844,19.27634022346603,19.27767321233259,18.969570571038886,0.32310105019613067,0.0015736565339707909,0.00024066766740915568
3111.099,19.27980545,2.5224184885940226,19.277652693234074,19.279009841874487,18.96988930295082,0.3229222146663984,0.0021527567659269664,0.0007956081255144909
3111.581,19.24964251,2.522434428770541,19.27892180281382,19.28030222138966,18.970207918959364,0.322743433473742,-0.02927929281381836,-0.03065971138966006
3112.063,19.26272455,2.5224503610172047,19.280147470636138,19.28155025698756,18.970526419137062,0.3225647066181616,-0.01742292063613604,-0.0188257069875597
3112.545,19.26847039,2.522466285339474,19.281329621181165,19.282753861342417,18.970844803556457,0.322386034099657,-0.012859231181163722,-0.014283471342416476
3113.027,19.26776841,2.522482201742802,19.282468184981727,19.283912953702938,18.971163072290082,0.32220741591822827,-0.014699774981728808,-0.016144543702939274
3113.51,19.26857099,2.5224981432295848,19.283565324816024,19.28502972575919,18.971481885359065,0.3220284816659511,-0.014994334816023525,-0.016458735759190546
3113.992,19.27973882,2.5225140437949793,19.28461644021428,19.286099485508338,18.97179992269914,0.32184997227140666,-0.004877620214280398,-0.006360665508339025
3114.474,19.2851085,2.5225299364577847,19.285623796704538,19.287124530416172,18.972117844571216,0.3216715172139381,-0.000515296704538315,-0.0020160304161720433
3114.956,19.27539087,2.522545821223437,19.286587349060696,19.288104806116984,18.97243565104783,0.32149311649354534,-0.011196479060696873,-0.01271393611698457
3115.438,19.27777772,2.522561698097369,19.287507058113988,19.28904026485081,18.97275334220153,0.32131477011022846,-0.009729338113988462,-0.011262544850811906
3115.92,19.27971952,2.5225775670850097,19.288382890751425,19.28993086546625,18.973070918104845,0.3211364780639875,-0.008663370751424537,-0.010211345466249355
3116.402,19.27387536,2.5225934281917826,19.28921481991337,19.290776573422097,18.973388378830318,0.32095824035482234,-0.015339459913366937,-0.01690121342209494
3116.884,19.29336464,2.5226092814231076,19.29000282459029,19.291577360787862,18.97370572445049,0.32078005698273304,0.003361815409711255,0.0017872792121380598
3117.366,19.31067488,2.5226251267844,19.29074688981868,19.29233320624311,18.9740229550379,0.3206019279477197,0.01992799018131919,0.018341673756889776
3117.849,19.29197617,2.522640997130775,19.291448413513535,19.29304552320974,18.974340728461875,0.3204234838566845,0.000527756486466302,-0.0010693532097398872
3118.331,19.3094281,2.5226568267519287,19.2921044879291,19.293711354021063,18.974657728963095,0.32024546360855544,0.01732361207089994,0.015716745978938462
3118.813,19.29864365,2.522672648519279,19.292716614241368,19.294332218600864,18.974974614649323,0.3200674976975022,0.005927035758631405,0.004311431399134591
3119.295,19.28700791,2.522688462438224,19.293284801626076,19.294908122053062,18.975291385593096,0.3198895861235248,-0.006276891626075809,-0.007900212053062461
3119.777,19.30218756,2.522704268514156,19.293809065272185,19.295439076071094,18.975608041866955,0.3197117288866233,0.008378494727814711,0.006748483928905813
3120.259,19.29390275,2.5227200667524636,19.29428942637283,19.29592509893031,18.975924583543435,0.31953392598679764,-0.0003866763728304079,-0.0020223489303106135
3120.741,19.3040108,2.5227358571585308,19.294725912115492,19.29636621547933,18.97624101069508,0.3193561774240479,0.009284887884508208,0.007644584520669184
3121.223,19.30981514,2.5227516397377374,19.29511855567131,19.29676245713012,18.976557323394424,0.319178483198374,0.014696584328692808,0.013052682869879817
3121.706,19.29973739,2.5227674472150445,19.295468074416277,19.297114544324366,18.97687417760828,0.3190004748187724,0.004269315583723454,0.002622845675634977
3122.188,19.28999225,2.522783214140441,19.295773066255247,19.297421063732433,18.977190261383573,0.3188228893799828,-0.0057808162552461795,-0.0074288137324316494
3122.67,19.29747959,2.522798973255101,19.296034351316102,19.2976828418554,18.977506230924334,0.318645358278269,0.0014452386838961218,-0.0002032518554031526
3123.152,19.29198998,2.5228147245643857,19.29625198659413,19.297899936250854,18.977822086303114,0.3184678815136312,-0.0042620065941285645,-0.005909956250853554
3123.634,19.29784597,2.5228304680736535,19.296426035002753,19.29807241097334,18.978137827592438,0.3182904590860691,0.001419934997247907,-0.00022644097333923696
3124.116,19.30680526,2.5228462037882577,19.29655656535811,19.29820033655771,18.978453454864848,0.31811309099558294,0.010248694641891376,0.008604923442291579
3124.598,19.31385355,2.5228619317135474,19.296643652362704,19.298283790001268,18.978768968192895,0.3179357772421727,0.01720989763729719,0.015569759998733446
3125.08,19.29827768,2.5228776518548672,19.296687376588306,19.298322854744942,18.979084367649104,0.3177585178258383,0.0015903034116959702,-4.517474494036833e-05
3125.562,19.29440625,2.522893364217557,19.29668782445811,19.298317620653172,18.979399653306018,0.31758131274657975,-0.002281574458109503,-0.00391137065317082
3126.045,19.29482953,2.5229091013810114,19.296644954740973,19.298268035548816,18.97971547900169,0.3174037945282201,-0.0018154247409718494,-0.003438505548814419
3126.527,19.30999383,2.5229247981863345,19.29655904319609,19.298174407584373,18.980030537041916,0.3172266982358458,0.013434786803909304,0.011819422415626946
3127.009,19.31077937,2.5229404872290333,19.29643014970428,19.298036788934915,18.98034548150062,0.3170496562805475,0.0143492202957205,0.012742581065083414
3127.491,19.30687284,2.52295616851443,19.296258383911795,19.29785529494975,18.98066031245034,0.3168726686623249,0.01061445608820577,0.009017545050252096
3127.973,19.28040391,2.5229718420478444,19.296043861215104,19.29763004728498,18.98097502996361,0.31669573538117823,-0.01563995121510331,-0.017226137284978904
3128.455,19.3047832,2.5229875078345896,19.29578670273837,19.29736117387692,18.98128963411298,0.3165188564371075,0.008996497261630765,0.007422026123080627
3128.937,19.30901428,2.5230031658799756,19.295487035310092,19.297048808914383,18.98160412497098,0.3163420318301125,0.013527244689907292,0.011965471085616741
3129.419,19.29589492,2.5230188161893077,19.295144991439084,19.29669309280996,18.98191850261015,0.3161652615601935,0.0007499285609142703,-0.0007981728099615282
3129.902,19.28356819,2.5230344912133376,19.29475986821598,19.296293299727974,18.98223341898649,0.31598817905326737,-0.01119167821597955,-0.012725109727973916
3130.384,19.30250754,2.523050126050439,19.294333404402636,19.295851238166595,18.982547570171107,0.31581151757023257,0.008174135597364796,0.00665630183340582
3130.866,19.29714197,2.5230657531673883,19.293864995818485,19.29536628407645,18.982861608354664,0.3156349104242737,0.0032769741815137365,0.0017756859235475986
3131.348,19.29854228,2.523081372569473,19.293354797449304,19.294838602469287,18.983175533609703,0.31545835761539065,0.005187482550695677,0.0037036775307122127
3131.83,19.29136733,2.5230969842619775,19.292802969829513,19.29426836442113,18.983489346008763,0.3152818591435835,-0.0014356398295127804,-0.0029010344211286565
3132.312,19.29691734,2.5231125882501813,19.292209679013606,19.293655747037217,18.983803045624377,0.31510541500885214,0.004707660986394302,0.0032615929627830553
3132.794,19.30211917,2.523128184539359,19.29157509654695,19.293000933416096,18.98411663252909,0.3149290252111967,0.010544073453051084,0.009118236583905315
3133.276,19.28243782,2.5231437731347826,19.29089939943573,19.29230411261254,18.984430106795443,0.3147526897506172,-0.008461579435731892,-0.009866292612542793
3133.759,19.28439494,2.5231593863592616,19.290181240913956,19.291563903840682,18.98474411850702,0.31457604295512465,-0.005786300913957376,-0.007168963840683773
3134.24,19.29712906,2.5231749272654262,19.28942539642369,19.29078523522981,18.985056717703216,0.3144001818406856,0.0077036635763079175,0.00634382477019102
3134.723,19.29614982,2.523190525096853,19.288625774097802,19.289961838635143,18.98537050403429,0.3142236439448099,0.007524045902197685,0.006187981364856654
3135.205,19.28648584,2.5232060829539673,19.287787413088484,19.289098912189157,18.985683528239576,0.3140475259452663,-0.00130157308848311,-0.0026130721891561848
3135.687,19.30452529,2.5232216331436277,19.286908903707097,19.288195012273885,18.985996440169345,0.3138714622827987,0.01761638629290374,0.01633027772611584
3136.169,19.29065429,2.52323717567108,19.285990455066194,19.287250362861865,18.986309239896137,0.31369545295740686,0.0046638349338046226,0.0034039271381338665
3136.651,19.3022448,2.523252710541564,19.28503228150937,19.28626519359566,18.98662192749249,0.31351949796909084,0.017212518490630657,0.01597960640433982
3137.133,19.29549621,2.5232682377603175,19.284034602575673,19.285239739743215,18.98693450303095,0.31334359731785083,0.011461607424326559,0.010256470256784667
3137.615,19.28967874,2.5232837573325724,19.282997642963327,19.284174242152297,18.98724696658405,0.31316775100368666,0.006681097036672412,0.005504497847702794
3138.097,19.29995394,2.523299269263557,19.28192163249284,19.283068947204075,18.98755931822433,0.3129919590265981,0.01803230750716267,0.01688499279592648
3138.58,19.29158223,2.5233148057171477,19.280804452968006,19.28192169064831,18.98787220570854,0.31281585684215607,0.010777777031993452,0.009660539351688868
3139.062,19.29725237,2.5233303023654323,19.27965097076282,19.28073748078548,18.988184333508997,0.312640173651952,0.017601399237179294,0.016514889214519712
3139.544,19.30647725,2.5233457913881163,19.278459158028685,19.279514245982117,18.9884963496144,0.31246454479882385,0.02801809197131533,0.026963004017883208
3140.026,19.31916459,2.5233612727904107,19.27722926470292,19.278252254282023,18.988808254097297,0.31228897028277147,0.04193532529707866,0.04091233571797659
3140.508,19.29063767,2.5233767465775223,19.27596154565053,19.276951779017036,18.98912004703022,0.31211345010379504,0.014676124349467301,0.01368589098296269
3140.99,19.29468409,2.5233922127546538,19.274656260623395,19.275613098755436,18.98943172848571,0.31193798426189445,0.02002782937660541,0.019070991244564794
3141.472,19.27726164,2.523407671327004,19.27331367421883,19.274236497249635,18.98974329853631,0.31176257275706953,0.003947965781168961,0.0030251427503635853
3141.954,19.27499527,2.523423122299766,19.271934055837512,19.27282226338294,18.990054757254555,0.31158721558932073,0.0030612141624892786,0.002173006617063322
3142.437,19.26459556,2.5234385977104443,19.270514703084,19.271367640948295,18.990366750546464,0.31141154911631225,-0.005919143084000211,-0.006772080948294956
3142.919,19.27701137,2.523454033483858,19.269061772561376,19.26987895273179,18.990677986587016,0.3112363007354476,0.007949597438624778,0.007132417268209679
3143.401,19.26684322,2.523469461673252,19.267572647247526,19.2683535296821,18.990989111512985,0.3110611066916589,-0.0007294272475277808,-0.001510309682100086
3143.883,19.25369846,2.5234848822838036,19.266047615333342,19.266791680669076,18.991300125396904,0.3108859669849461,-0.01234915533334302,-0.013093220669077255
3144.365,19.24414651,2.5235002953206864,19.2644869695936,19.265193719416036,18.991611028311322,0.31071088161530913,-0.020340459593601423,-0.021047209416035884
3144.847,19.25545452,2.5235157007890696,19.262891007341313,19.263559964442045,18.99192182032877,0.3105358505827479,-0.007436487341312414,-0.00810544444204453
3145.329,19.25804203,2.523531098694117,19.261260030381532,19.261890739003547,18.992232501521794,0.3103608738872626,-0.0032180003815334146,-0.0038487090035488336
3145.811,19.24331757,2.5235464890409895,19.25959434496455,19.26018637103533,18.992543071962928,0.3101859515288533,-0.016276774964552487,-0.016868801035332837
3146.293,19.24889845,2.523561871834844,19.25789426173857,19.258447193090753,18.99285353172471,0.31001108350751977,-0.008995811738572002,-0.00954874309075393
3146.776,19.26348959,2.52357727897184,19.25615646263878,19.256669826909697,18.993164524642676,0.3098359071957532,0.007333127361217606,0.006819763090302189
3147.258,19.26303926,2.523592646659466,19.254388463377182,19.254861974390707,18.993474763034133,0.309661147961304,0.00865079662281687,0.00817728560929254
3147.74,19.24978004,2.523608006809528,19.25258702483273,19.253020337382377,18.993784890964008,0.30948644306393064,-0.0028069848327305635,-0.0032402973823764114
3148.222,19.25120624,2.523623359427166,19.250752474769666,19.25114526631115,18.99409490850484,0.30931179250363294,0.0004537652303326922,6.0973688849941254e-05
3148.704,19.26642469,2.523638704517515,19.248885145105223,19.249237115913704,18.994404815729176,0.3091371962804114,0.017539544894777492,0.017187574086296564
3149.186,19.25596169,2.5236540420857065,19.246985371859115,19.24729624517346,18.994714612709544,0.3089626543942657,0.008976318140884842,0.008665444826540636
3149.668,19.21921009,2.5236693721368675,19.24505349510249,19.245323017256574,18.995024299518494,0.3087881668451958,-0.025843405102488504,-0.026112927256573215
3150.15,19.2626916,2.5236846946761213,19.243089858906377,19.24331779944732,18.995333876228557,0.30861373363320177,0.01960174109362356,0.019373800552681786
3150.633,19.23475247,2.523700041474713,19.24109063977814,19.241276704673737,18.995643984845017,0.30843899303286876,-0.006338169778139502,-0.006524234673737084
3151.115,19.23906009,2.523715348989945,19.239064468584818,19.239208560651985,18.99595334134689,0.30826466860775903,-4.378584819164644e-06,-0.0001484706519860879
3151.597,19.24759135,2.5237306490086246,19.237007594383847,19.237109553436625,18.996262587967642,0.30809039851972503,0.010583755616153212,0.010481796563375667
3152.079,19.24493683,2.5237459415358576,19.234920376728596,19.234980066136103,18.996571724779823,0.307916182768767,0.010016453271404657,0.009956763863897322
3152.561,19.239035,2.5237612265767466,19.23280317890732,19.232820485646176,18.99688075185597,0.30774202135488493,0.0062318210926797235,0.006214514353825251
3153.043,19.24378505,2.523776504136389,19.23065636788879,19.230631202582337,18.997189669268614,0.30756791427807867,0.013128682111208434,0.013153847417662234
3153.525,19.24583568,2.523791774219879,19.228480314267518,19.228412611211816,18.997498477090303,0.30739386153834825,0.017355365732480976,0.017423068788183116
3154.007,19.25461985,2.5238070368323067,19.22627539220848,19.226165109385093,18.99780717539357,0.30721986313569377,0.028344457791522615,0.028454740614908047
3154.49,19.25582558,2.5238223236206823,19.224037316402672,19.223884347097837,18.99811640436309,0.3070455582467943,0.03178826359732767,0.03194123290216311
3154.972,19.27011927,2.523837571290764,19.22177573604604,19.221580174014015,18.9984248836203,0.30687166863102394,0.04834353395395752,0.048539095985983494
3155.454,19.22400281,2.523852811505039,19.219486431411983,19.219248305684705,18.998733253576862,0.30669783335232953,0.004516378588018455,0.0047545043152972255
3155.936,19.23684246,2.52386804426858,19.217169790393424,19.216889153607646,18.99904151430531,0.306524052410711,0.019672669606574544,0.019953306392352488
3156.418,19.24604117,2.523883269586457,19.214826204171207,19.214503132515528,18.99934966587819,0.3063503258061684,0.031214965828795016,0.03153803748447359
3156.9,19.23573372,2.5238984874637342,19.212456067156396,19.212090660305282,18.999657708368037,0.3061766535387016,0.02327765284360339,0.023643059694716584
3157.382,19.22403935,2.5239136979054733,19.210059776932226,19.209652157967085,18.999965641847393,0.30600303560831077,0.01397957306777542,0.014387192032916829
3157.864,19.22600576,2.5239289009167307,19.207637734195654,19.207188049512983,19.000273466388794,0.3058294720149957,0.018368025804345933,0.01881771048701708
3158.346,19.21094563,2.52394409650256,19.205190342698614,19.204698761905327,19.000581182064785,0.3056559627587565,0.005755287301386858,0.0062468680946743405
3158.829,19.21830167,2.5239593161710165,19.202712854222753,19.20217948371344,19.000889427023413,0.30548214803109885,0.015588815777245912,0.016122186286558815
3159.311,19.21551327,2.5239744969057516,19.20021593791521,19.199641080129265,19.001196924960706,0.305308747561744,0.01529733208478845,0.015872189870734132
3159.793,19.21263357,2.5239896702302027,19.19769490269845,19.197078796166203,19.00150431425035,0.305135401429465,0.014938667301549913,0.015554773833798663
3160.275,19.21128874,2.5240048361494067,19.195150163955205,19.1944930698718,19.00181159496489,0.30496210963426185,0.016138576044795627,0.016795670128200157
3160.757,19.20827922,2.524019994668396,19.192582139823994,19.19188434188192,19.002118767176867,0.30478887217613454,0.01569708017600746,0.01639487811808138
3161.239,19.18192767,2.524035145792199,19.189991251138363,19.189253055347688,19.002425830958817,0.3046156890550832,-0.008063581138362252,-0.007325385347687785
3161.721,19.18864276,2.524050289525839,19.187377921365808,19.186599655862302,19.002732786383277,0.30444256027110767,0.0012648386341922446,0.0020431041376980374
3162.203,19.21818129,2.524065425874338,19.184742576546423,19.18392459138769,19.003039633522786,0.30426948582420793,0.03343871345357741,0.03425669861231029
3162.686,19.17584056,2.5240805862229436,19.18208011078511,19.1812226965016,19.003347008725267,0.3040961068079838,-0.006239550785110737,-0.005382136501598467
3163.167,19.19004049,2.5240956764359703,19.17940755842041,19.178511270720907,19.003653003237115,0.30392349994163625,0.010632931579589666,0.011529219279093894
3163.65,19.22117287,2.524110822008776,19.176703129073523,19.17576822169327,19.003960161783986,0.303750229825029,0.04446974092647693,0.045404648306728745
3164.132,19.19454593,2.524125928851554,19.173983992123183,19.17301098097166,19.004266576285115,0.30357737283916525,0.020561937876816927,0.021534949028339412
3164.614,19.20265417,2.5241410283342414,19.17124500765965,19.170234348977903,19.004572882864142,0.3034045701903774,0.031409162340349184,0.03241982102209562
3165.096,19.20187671,2.5241561204618335,19.16848661585943,19.16743878634243,19.004879081593607,0.30323182187866554,0.03339009414057159,0.03443792365757048
3165.578,19.20960474,2.5241712052393233,19.165709259034585,19.164624755547436,19.00518517254605,0.30305912790402945,0.04389548096541418,0.04497998445256357
3166.06,19.21490368,2.5241862826716974,19.1629133815694,19.161792720852763,19.00549115579401,0.3028864882664693,0.051990298430599324,0.053110959147236514
3166.542,19.18569378,2.5242013527639413,19.160099429856757,19.158943148221724,19.005797031410026,0.302713902965985,0.02559435014324407,0.026750631778277523
3167.024,19.18466249,2.5242164155210336,19.157267852234433,19.156076505247018,19.006102799466635,0.30254137200257664,0.02739463776556761,0.028585984752982796
3167.507,19.18386747,2.5242315021756605,19.15441317110369,19.153187262311427,19.00640909407526,0.30236853759740273,0.029454298896308018,0.03068020768857238
3167.989,19.18057062,2.524246550262182,19.15154765990941,19.150287854598215,19.0067146470079,0.30219611542087865,0.029022960090589578,0.030282765401786094
3168.471,19.18311517,2.5242615910284787,19.148665879790524,19.147372789334547,19.00702009259891,0.30202374758143036,0.0344492902094764,0.035742380665453766
3168.953,19.158645,2.524276624479514,19.14576828622618,19.144442539891752,19.00732543092082,0.3018514340790579,0.012876713773820825,0.01420246010824755
3169.435,19.14637168,2.5242916506202473,19.14285533631869,19.1414975808998,19.00763066204617,0.3016791749137613,0.0035163436813121507,0.004874099100202756
3169.917,19.15937157,2.5243066694556355,19.139927488728684,19.13853838817339,19.007935786047504,0.30150697008554067,0.019444081271316804,0.020833181826610314
3170.399,19.15288651,2.5243216809906297,19.136985203610255,19.13556543863811,19.00824080299736,0.3013348195943958,0.015901306389743297,0.017321071361887874
3170.881,19.15229966,2.5243366852301783,19.134028942545818,19.132579210256626,19.008545712968278,0.3011627234403268,0.018270717454182517,0.019720449743374502
3171.364,19.13277578,2.5243517132856517,19.13105299339914,19.12957394693191,19.008851148293214,0.30099032474658666,0.0017227866008582282,0.0032018330680898544
3171.846,19.12723288,2.5243667029340258,19.128070143988783,19.126562573465346,19.0091558443023,0.30081833737940195,-0.0008372639887817002,0.0006703065346549408
3172.328,19.12737917,2.524381685301784,19.125074712264514,19.123539361525406,19.009460433550213,0.30064640434929313,0.002304457735487375,0.0038398084745949745
3172.81,19.13832454,2.524396660393858,19.12206716487173,19.120504792489495,19.009764916109493,0.30047452565626015,0.016257375128269302,0.017819747510504413
3173.292,19.12684962,2.524411628215176,19.11904796955714,19.117459348405145,19.01006929205268,0.3003027013003031,0.0078016504428610745,0.009390271594856614
3173.774,19.11781387,2.524426588770662,19.11601759510314,19.11440351191711,19.010373561452315,0.300130931281422,0.0017962748968578524,0.003410358082888365
3174.256,19.13399208,2.5244415420652366,19.11297651126211,19.11133776619465,19.010677724380937,0.2999592155996166,0.021015568737887236,0.022654313805347215
3174.738,19.11279481,2.5244564881038145,19.109925188690664,19.108262594859074,19.01098178091108,0.2997875542548871,0.0028696213093368783,0.00453221514092661
3175.22,19.10961846,2.5244714268913087,19.106864098883825,19.10517848191141,19.011285731115294,0.29961594724723356,0.002754361116174664,0.00443997808859109
3175.703,19.11109359,2.5244863894033998,19.103787334682206,19.102079487084314,19.011590205337352,0.29944403871473524,0.0073062553177933864,0.009014102915685385
3176.185,19.14278225,2.5245013136884284,19.10070811010332,19.098978928037376,19.011893942887095,0.2992725404939659,0.04207413989668041,0.04380332196262415
3176.667,19.1259176,2.5245162307370967,19.097620538129302,19.095870881946365,19.012197574328667,0.2991010966102725,0.028297061870699025,0.030046718053636567
3177.149,19.12032484,2.5245311405543,19.09452509295137,19.092755833613342,19.01250109973462,0.2989297070636549,0.025799747048630195,0.02756900638665627
3177.631,19.10442684,2.524546043144931,19.091422249269574,19.089634267862216,19.012804519177482,0.2987583718541132,0.013004590730425036,0.0147925721377824
3178.113,19.10095312,2.524560938513878,19.08831248222701,19.086506669468,19.01310783272979,0.2985870909816473,0.012640637772989294,0.014446450531998778
3178.595,19.09481694,2.524575826666026,19.085196267343875,19.08337352308635,19.013411040464096,0.29841586444625734,0.009620672656126317,0.01144341691365014
3179.077,19.10210095,2.524590707606255,19.082074080451665,19.080235313183447,19.01371414245293,0.29824469224794303,0.020026869548335213,0.02186563681655329
3179.56,19.08301682,2.5246056121903213,19.078939903276204,19.077085999232175,19.014017767282102,0.2980732194268786,0.004076916723796842,0.005930820767826361
3180.042,19.09146587,2.524620478706402,19.07580719085735,19.07393910658463,19.014320657778597,0.29790215601544867,0.015658679142649845,0.01752676341537196
3180.524,19.09081959,2.5246353380251927,19.072669936122157,19.07078860298361,19.014623442747396,0.29773114694109476,0.018149653877841843,0.02003098701639061
3181.006,19.086815,2.524650190151558,19.069528615489673,19.0676349714415,19.014926122261034,0.29756019220381663,0.017286384510327935,0.01918002855850176
3181.488,19.07237878,2.5246650350903583,19.06638370536163,19.06447869443536,19.01522869639205,0.2973892918036144,0.005995074638370568,0.007900085564642723
3181.97,19.09300447,2.524679872846452,19.063235682056863,19.06132025383888,19.015531165212977,0.29721844574048806,0.029768787943137198,0.03168421616112127
3182.452,19.08326934,2.5246947034246916,19.060085021745987,19.058160130854624,19.015833528796367,0.29704765401443745,0.023184318254013903,0.025109209145377065
3182.934,19.07084148,2.5247095268299264,19.056932200386036,19.054998805946806,19.01613578721475,0.2968769166254628,0.013909279613962156,0.01584267405319295
3183.417,19.06075113,2.5247243737986356,19.053771147613393,19.051830198091995,19.016438567305595,0.29670587951583177,0.00697998238660702,0.008920931908004803
3183.899,19.07188837,2.524739182857537,19.050615428829683,19.04866790743387,19.016740615393775,0.29653525091374144,0.02127294117031653,0.02322046256612964
3184.381,19.04671604,2.524753984757968,19.047458975920097,19.045505852137786,19.01704255853472,0.29636467664872695,-0.0007429359200976648,0.0012101878622132745
3184.863,19.06470287,2.5247687795047633,19.04430226333561,19.04234450904726,19.01734439680097,0.2961941567207883,0.02040060666439203,0.02235836095274024
3185.345,19.02554949,2.524783567102752,19.041145764988766,19.03918435393695,19.017646130265064,0.29602369112992555,-0.015596274988766368,-0.013634863936950126
3185.827,19.04876489,2.5247983475567604,19.037989954189104,19.036025861447783,19.017947758999536,0.2958532798761386,0.010774935810896835,0.012739028552218201
3186.309,19.03820149,2.5248131208716105,19.034835303578898,19.032869505022706,19.018249283076933,0.29568292295942755,0.0033661864211005366,0.005331984977292592
3186.791,19.04664779,2.5248278870521212,19.031682285068836,19.029715756842737,19.01855070256979,0.2955126203797924,0.014965504931165441,0.016932033157264215
3187.273,19.03453698,2.524842646103106,19.0285313697741,19.02656508776361,19.018852017550646,0.2953423721372332,0.006005610225898295,0.00797189223638739
3187.756,19.02742453,2.5248574286276293,19.025376499121837,19.02341144197079,19.01915385290166,0.2951718251888441,0.0020480308781642975,0.004013088029211076
3188.238,19.02415659,2.524872173419225,19.02223120690217,19.02026834686369,19.019454958859683,0.2950016857331691,0.0019253830978307462,0.0038882431363091996
3188.72,19.03707147,2.5248869110957246,19.019089426803312,19.01712973581201,19.019755960523472,0.2948316006145699,0.017982043196688835,0.0199417341879915
3189.202,19.02268669,2.5249016416619283,19.015951626119662,19.013996073742355,19.02005685796557,0.2946615698330466,0.006735063880338288,0.008690616257645445
3189.684,19.04919815,2.5249163651226305,19.012818271032813,19.01086782394608,19.02035765125851,0.2944915933885992,0.03637987896718542,0.03833032605392006
3190.166,19.02082109,2.524931081482623,19.009689826548776,19.007745448018824,19.020658340474842,0.29432167128122766,0.011131263451222395,0.013075641981174613
3190.648,19.02879332,2.524945790746693,19.006566756435458,19.004629405800536,19.0209589256871,0.294151803510932,0.02222656356454067,0.02416391419946251
3191.13,19.01780861,2.5249604929196243,19.00344952316033,19.001520155316065,19.021259406967822,0.29398199007771225,0.014359086839668578,0.01628845468393436
3191.613,19.02062482,2.524975218486565,19.00033214047161,18.998411724875822,19.021560407471306,0.29381187884075677,0.020292679528388646,0.022213095124175908
3192.094,19.0170325,2.524989876011185,18.997234410120672,18.995323852219602,19.021860058024817,0.29364252622250037,0.019798089879326852,0.021708647780396717
3192.577,19.01209644,2.525004587390368,18.99413103081783,18.992231312050492,19.02216085059758,0.29347252388516143,0.017965409182171044,0.01986512794950812
3193.059,18.98770146,2.5250192612318365,18.9910417577882,18.9891537887155,19.02246091666261,0.2933029279129777,-0.003340297788199109,-0.0014523287155014941
3193.541,18.99356488,2.525033928006037,18.987960613208603,18.986085318896514,19.022760879158948,0.2931333862778698,0.005604266791397805,0.007479561103487242
3194.023,18.9939739,2.52504858771773,18.984888050447307,18.983026348505046,19.02306073815914,0.29296389897983777,0.009085849552693759,0.01094755149495441
3194.505,18.99083078,2.5250632403716726,18.981824521143572,18.97997732123644,19.023360493735723,0.2927944660188816,0.009006258856427252,0.010853458763559587
3194.987,18.98502498,2.525077885972618,18.978770475147666,18.9769386785148,19.023660145961234,0.29262508739500126,0.0062545048523325875,0.008086301485199954
3195.469,18.98813169,2.525092524525315,18.975726360461117,18.9739108594385,19.023959694908214,0.29245576310819693,0.012405329538882626,0.014220830561498587
3195.951,18.98274965,2.52510715603451,18.972692623177373,18.97089430072627,19.02425914064921,0.2922864931584684,0.010057026822625659,0.011855349273730553
3196.434,18.97663779,2.525121810838855,18.969663447369243,18.967883214962555,19.02455910419235,0.29211692653256305,0.006974342630758912,0.008754575037446699
3196.916,18.97394262,2.5251364282606774,18.96665181907071,18.964890502955587,19.024858343525228,0.2919477653697187,0.007290800929290242,0.009052117044412
3197.398,18.98936747,2.5251510386532208,18.96365189532858,18.961910347548336,19.02515747986989,0.29177865854395035,0.025715574671419716,0.027457122451664873
3197.88,18.97151123,2.525165642021215,18.96066411401233,18.958943175407892,19.025456513298867,0.2916096060552579,0.010847115987669298,0.012568054592108524
3198.362,18.94010489,2.525180238369388,18.957688910791486,18.955989410560697,19.0257554438847,0.2914406079036412,-0.017584020791485244,-0.015884520560696558
3198.844,18.96196187,2.525194827702461,18.954726719078337,18.953049474342226,19.02605427169993,0.2912716640891004,0.007235150921662381,0.008912395657773686
3199.326,18.95269883,2.525209410025154,18.951777969971086,18.950123785347085,19.026352996817096,0.2911027746116354,0.0009208600289127844,0.002575044652914471
3199.808,18.9659518,2.525223985342182,18.94884309219731,18.94721275937989,19.026651619308737,0.2909339394712464,0.017108707802687917,0.018739040620108227
3200.291,18.93461476,2.5252385838757045,18.94591646791979,18.9443108171681,19.026950758476808,0.2907648085567746,-0.011301707919791681,-0.009696057168099514
3200.773,18.94595656,2.5252531451810225,18.94301064021449,18.941430385821228,19.02724917572247,0.29059608220326977,0.002945919785510398,0.004526174178771214
3201.255,18.95845285,2.525267699494809,18.940119956114227,18.93856584853476,19.027547490560384,0.29042741018684093,0.018332893885773416,0.01988700146523925
3201.737,18.93822036,2.5252822468217633,18.93724483430183,18.93571760946718,19.027845703063072,0.2902587925074879,0.0009755256981698324,0.0025027505328196753
3202.219,18.93521158,2.5252967871665817,18.93438569081302,18.93288606974998,19.028143813303082,0.29009022916521066,0.0008258891869807883,0.0023255102500208125
3202.701,18.94565203,2.5253113205339575,18.931542938982393,18.930071627442175,19.028441821352956,0.28992172016000933,0.014109091017608932,0.015580402557827
3203.183,18.94519763,2.5253258469285798,18.928716989389837,18.927274677485354,19.02873972728523,0.2897532654918839,0.016480640610161856,0.017922952514645374
3203.665,18.94002296,2.5253403663551333,18.925908249807392,18.92449561165942,19.029037531172442,0.2895848651608343,0.014114710192608015,0.015527348340580005
3204.147,18.92959494,2.525354878818299,18.923117125146607,18.921734818538916,19.02933523308713,0.2894165191668606,0.006477814853393937,0.007860121461085612
3204.63,18.92208705,2.525369414409933,18.92033828307655,18.91898701403357,19.029633450423383,0.2892478784136308,0.001748766923448386,0.003100035966429715
3205.112,18.92434982,2.5253839129459315,18.917583629910993,18.9162639589085,19.029930948399464,0.2890796412065414,0.006766190089006585,0.008085861091498003
3205.594,18.9024087,2.525398404532575,18.914847789537042,18.91356032333517,19.030228344620795,0.2889114583365278,-0.012439089537043202,-0.011151623335170058
3206.076,18.90519971,2.5254128891745293,18.912131154900184,18.910876482635466,19.03052563915991,0.28874332980359013,-0.006931444900182271,-0.005676772635464289
3206.558,18.94671386,2.5254273668764573,18.9094341158288,18.908212808716844,19.030822832089353,0.2885752556077283,0.03727974417119739,0.03850105128315562
3207.04,18.92161482,2.5254418376430188,18.906757058984425,18.905569670032474,19.031119923481658,0.28840723574894234,0.014857761015573345,0.016045149967524708
3207.522,18.88947372,2.5254563014788682,18.90410036781237,18.902947431541957,19.03141691340937,0.2882392702272322,-0.01462664781236711,-0.013473711541955424
3208.004,18.90172889,2.5254707583886584,18.901464422492886,18.90034645467266,19.031713801945028,0.28807135904259806,0.00026446750711528466,0.0013824353273399481
3208.487,18.89846771,2.525485238349074,18.898844197166348,18.897761768637604,19.03201120479701,0.2879031540008018,-0.0003764871663491931,0.0007059413623942135
3208.969,18.88094213,2.5254996814063393,18.896250915775244,18.89520443092892,19.032307890556186,0.28773535160305186,-0.015308785775243194,-0.014262300928919558
3209.451,18.87573554,2.5255141175514875,18.893679501470643,18.892669418276853,19.03260447514108,0.28756760354237776,-0.017943961470642478,-0.016933878276852
3209.933,18.87474649,2.525528546789155,18.89113032088725,18.890157077598392,19.03290095862423,0.28739990981877955,-0.01638383088724993,-0.015410587598392311
3210.415,18.88919708,2.525542969123975,18.888603737158142,18.88766775209448,19.033197341078164,0.2872322704322573,0.0005933428418565256,0.0015293279055192954
3210.897,18.88402116,2.5255573845605777,18.886100109869137,18.885201781215144,19.03349362257543,0.28706468538281077,-0.0020789498691371477,-0.0011806212151448392
3211.379,18.88077217,2.525571793103588,18.88361979501362,18.882759500625273,19.03378980318857,0.2868971546704402,-0.002847625013618682,-0.0019873306252726763
3211.861,18.88007704,2.525586194757629,18.88116314494792,18.880341242171035,19.034085882990112,0.28672967829514545,-0.0010861049479196083,-0.00026420217103506616
3212.344,18.86182897,2.525600619384833,18.878725486585274,18.877942392769512,19.034382476012386,0.28656190896478273,-0.016896516585273247,-0.016113422769510777
3212.826,18.89381197,2.5256150072605177,18.87631725929256,18.875573210211495,19.034678354199595,0.2863945413763722,0.01749471070744235,0.018238759788506087
3213.308,18.8868492,2.525629388261087,18.873933732302746,18.873229022748912,19.034974131792975,0.28622722812503765,0.012915467697254712,0.013620177251087995
3213.79,18.87293412,2.5256437623911476,18.87157524298128,18.870910146621448,19.035269808865078,0.28605996921077903,0.0013588770187205057,0.002023973378552313
3214.272,18.86103654,2.5256581296553033,18.869242124841904,18.868616894091392,19.035565385488436,0.28589276463359614,-0.008205584841903146,-0.007580354091391683
3214.754,18.87038153,2.525672490058155,18.866934707505475,18.866349573413896,19.035860861735593,0.28572561439348915,0.0034468224945243264,0.004031956586104002
3215.236,18.86765597,2.5256868436042987,18.86465331665937,18.86410848880773,19.036156237679076,0.28555851849045805,0.0030026533406299905,0.003547481192271107
3215.718,18.87240104,2.5257011902983275,18.862398274017497,18.861893940426732,19.03645151339144,0.28539147692450284,0.010002765982502382,0.010507099573267453
3216.2,18.86210245,2.5257155301448297,18.860169897280823,18.859706224331813,19.036746688945218,0.2852244896956234,0.0019325527191753622,0.0023962256681855365
3216.683,18.86997022,2.525729892877804,18.857963961145124,18.857541178303816,19.037042376498725,0.2850572105265026,0.01200625885487483,0.012429041696183418
3217.165,18.85335975,2.525744219028825,18.855789910012,18.85540805562381,19.037337351745528,0.2848903320845076,-0.0024301600120004707,-0.002048305623809199
3217.647,18.84468412,2.525758538346075,18.85364345405376,18.853302629168986,19.03763222705151,0.28472350797958834,-0.008959334053759704,-0.008618509168986321
3218.129,18.8565407,2.5257728508341293,18.851524894528985,18.85122517835273,19.037927002489216,0.284556738211745,0.005015805471014545,0.005315521647268895
3218.611,18.84679338,2.525787156497558,18.849434528495273,18.849175978364933,19.03822167813118,0.28439002278097747,-0.00264114849527175,-0.0023825983649317095
3219.093,18.8488515,2.5258014553409285,18.847372648773533,18.847155300147783,19.038516254049945,0.28422336168728585,0.0014788512264658493,0.0016961998522155852
3219.575,18.86786504,2.525815747368805,18.845339543912814,18.845163410372088,19.038810730318048,0.28405675493067006,0.022525496087187236,0.02270162962791389
3220.057,18.84390641,2.525830032585748,18.843335498155888,18.84320057141426,19.039105107008034,0.28389020251113023,0.0005709118441110661,0.0007058385857376948
3220.54,18.84466923,2.525844340612499,18.84135672519307,18.841263060503923,19.03939999462263,0.28372335905344304,0.003312504806931571,0.003406169496077638
3221.021,18.85678881,2.525858582605052,18.839415699190404,18.839363073851864,19.0396935619438,0.2835572606832779,0.017373110809597136,0.01742573614813736
3221.504,18.84146407,2.525872877004499,18.83749655042855,18.837485061199924,19.03998825035256,0.28339052612520765,0.00396751957145014,0.0039790088000764
3221.986,18.84534585,2.525887135009145,18.835611559047617,18.835641025227677,19.040282229249538,0.2832241911667038,0.009734290952383873,0.009704824772324372
3222.468,18.82967601,2.525901386225613,18.833756982766594,18.83382728726996,19.040576108931244,0.2830579105452758,-0.004080972766594471,-0.004151277269958342
3222.95,18.81637975,2.525915630658441,18.831933079292625,18.832044083477655,19.040869889470212,0.2828916842609237,-0.015553329292625762,-0.01566433347765539
3223.432,18.81971018,2.5259298683121636,18.830140101803078,18.830291645562838,19.041163570938984,0.2827255123136474,-0.01042992180307678,-0.010581465562836456
3223.914,18.81828178,2.525944099191312,18.828378298916263,18.828570200780543,19.041457153410104,0.2825593947034469,-0.01009651891626362,-0.010288420780543817
3224.396,18.81040958,2.525958323300414,18.82664791466274,18.82687997191108,19.041750636956106,0.2823933314303223,-0.01623833466273794,-0.016470391911077797
3224.878,18.81581008,2.525972540643994,18.824949188457413,18.825221177243005,19.042044021649527,0.2822273224942737,-0.009139108457414835,-0.009411097243006594
3225.361,18.82141141,2.5259867807020835,18.823278930224554,18.82359068777755,19.042337915937285,0.28206102364763697,-0.0018675202245539424,-0.002179277777550226
3225.843,18.83032458,2.5260009845141633,18.821644286642737,18.82199546463729,19.042631102938458,0.28189512349847257,0.008680293357262059,0.008329115362709416
3226.325,18.80629804,2.5260151815742806,18.82004199185282,18.82043230387162,19.042924191304824,0.2817292776863841,-0.01374395185281685,-0.014134263871618202
3226.807,18.81939847,2.526029371886946,18.818472266530872,18.818901405633593,19.043217181108925,0.28156348621137145,0.0009262034691275289,0.0004970643664066188
3227.289,18.82954932,2.5260435554566643,18.816935326607503,18.817402965507895,19.04351007242329,0.2813977490734345,0.012613993392498912,0.012146354492106326
3227.771,18.81565464,2.5260577322879385,18.815431383243943,18.815937174497215,19.04380286532047,0.2812320662725736,0.00022325675605827655,-0.00028253449721304946
3228.253,18.81123234,2.5260719023852682,18.813960642808805,18.81450421900924,19.044095559872993,0.28106643780878854,-0.002728302808804983,-0.0032718790092403083
3228.735,18.81864641,2.526086065753148,18.812523306855574,18.813104280844204,19.04438815615341,0.2809008636820794,0.006123103144425102,0.00554212915579555
3229.218,18.8014242,2.5261002517597113,18.81111669485024,18.811734736241295,19.044681260974713,0.28073500054687617,-0.009692494850241928,-0.01031053624129541
3229.7,18.81615509,2.526114401668226,18.809746823458322,18.810401429036478,19.044973660725017,0.28056953520705136,0.006408266541676255,0.0057536609635207014
3230.182,18.80929809,2.5261285448607653,18.808410932485803,18.80910165713791,19.045265962420974,0.2804041242043023,0.0008871575141959909,0.00019643286209003463
3230.664,18.79984588,2.526142681341811,18.807109204003943,18.807835583792986,19.045558166135123,0.280238767538629,-0.007263324003943694,-0.007989703792986802
3231.146,18.80249116,2.5261568111158406,18.80584181516659,18.806603367587726,19.045850271940015,0.2800734652100317,-0.0033506551665922757,-0.004112207587727568
3231.628,18.81279325,2.5261709341873275,18.804608938191762,18.805405162437687,19.046142279908178,0.2799082172185102,0.008184311808236089,0.007388087562311796
3232.11,18.79674007,2.526185050560743,18.80341074034404,18.80424111757935,19.046434190112155,0.2797430235640648,-0.006670670344043117,-0.007501047579349773
3232.592,18.81207025,2.5261991602405542,18.802247383917607,18.803111377562153,19.04672600262448,0.2795778842466951,0.00982286608239491,0.008958872437847987
3233.074,18.78249223,2.526213263231224,18.801119026220007,18.802016082240957,19.047017717517708,0.2794127992664013,-0.0186267962200084,-0.019523852240958206
3233.557,18.79863211,2.526227388775716,18.800023588135378,18.80095320215158,19.047309939778252,0.27924742629244004,-0.0013914781353783212,-0.0023210921515790517
3234.039,18.78829376,2.5262414783876257,18.798965753177107,18.799927269119998,19.047601459448728,0.2790824500990303,-0.010671993177108874,-0.011633509119999275
3234.521,18.79479925,2.526255561323773,18.797943359088425,18.798936172370897,19.04789288171786,0.27891752824269667,-0.0031441090884243295,-0.004136922370896912
3235.003,18.78556178,2.5262696375886082,18.7969565430715,18.797980032907052,19.0481842066582,0.27875266072343885,-0.011394763071500336,-0.012418252907053784
3235.485,18.7812785,2.5262837071865754,18.79600543727121,18.797058967007274,19.048475434342272,0.278587847541257,-0.01472693727120955,-0.01578046700727498
3235.967,18.80308291,2.5262977701221185,18.795090168763164,18.796173086222137,19.048766564842627,0.2784230886961509,0.00799274123683702,0.006909823777863977
3236.449,18.81145432,2.5263118263996764,18.79421085954243,18.795322497370194,19.049057598231798,0.27825838418812077,0.01724346045756775,0.016131822629805725
3236.931,18.78850878,2.5263258760236833,18.79336762651299,18.794507302534754,19.04934853458233,0.2780937340171664,-0.00485884651298818,-0.005998522534753192
3237.414,18.78827994,2.5263399481264663,18.79255894480274,18.793726018377242,19.04963997726722,0.27792879675463855,-0.004279004802739905,-0.005446078377243424
3237.896,18.78219818,2.5263539844428835,18.791788269862362,18.792981972789075,19.049930719557132,0.27776425537056854,-0.00959008986236043,-0.010783792789073487
3238.378,18.78905233,2.526368014119045,18.791053991389045,18.79227359920827,19.050221365026175,0.27759976832357436,-0.0020016613890447843,-0.0032212692082680405
3238.86,18.78218691,2.5263820371593724,18.79035620582037,18.791600980744978,19.050511913746885,0.277435335613656,-0.008169295820369626,-0.009414070744977465
3239.342,18.7776146,2.5263960535682832,18.789695004460697,18.79096419576554,19.050802365791796,0.2772709572408136,-0.012080404460697025,-0.013349595765539846
3239.824,18.79472253,2.5264100633501916,18.78907047347492,18.790363317892247,19.051092721233452,0.277106633205047,0.005652056525082827,0.004359212107754473
3240.306,18.77044237,2.526424066509508,18.788482693882877,18.789798416003677,19.05138298014439,0.2769423635063563,-0.018040323882875242,-0.019356046003675687
3240.788,18.77894298,2.5264380630506413,18.78793174155455,18.789269554235453,19.051673142597153,0.2767781481447415,-0.008988761554551417,-0.010326574235453023
3241.271,18.78564017,2.5264520819958682,18.78741665910481,18.78877580721733,19.051963810360956,0.27661364659364723,-0.0017764891048095421,-0.0031356372173299007
3241.753,18.80865537,2.526466065300134,18.786939645046818,18.788319274194198,19.052253779915237,0.2764495400189167,0.021715724953182303,0.020336095805802756
3242.235,18.79229831,2.5264800419994264,18.786499655045453,18.787898945354833,19.05254365322911,0.27628548778126194,0.005798654954546123,0.00439936464516677
3242.717,18.80623865,2.5264940120981394,18.786096744326358,18.787514865871213,19.052833430375117,0.27612148988068314,0.02014190567364338,0.018723784128788168
3243.199,18.80337474,2.526507975600663,18.785730962951803,18.787167076183735,19.05312311142579,0.27595754631718017,0.017643777048196085,0.016207663816263818
3243.681,18.78944421,2.5265219325113835,18.785402355820153,18.786855612004995,19.053412696453677,0.2757936570907531,0.004041854179845927,0.002588597995003994
3244.163,18.81467407,2.5265358828346844,18.785110962665986,18.786580504323936,19.05370218553131,0.27562982220140186,0.02956310733401324,0.028093565676062582
3244.645,18.81230665,2.526549826574945,18.784856818060998,18.78634177941057,19.05399157873123,0.2754660416491266,0.027449831939001967,0.025964870589429978
3245.127,18.80284485,2.526563763736542,18.784639951415556,18.7861394588211,19.054280876125983,0.27530231543392714,0.018204898584443185,0.01670539117889902
3245.61,18.80995063,2.5265777232186504,18.784460053230323,18.785973253082833,19.05457067769208,0.27513830404407474,0.02549057676967692,0.023977376917166282
3246.092,18.80403592,2.526591647222409,18.784317887548287,18.78584386258038,19.054859783495715,0.2749746866157595,0.01971803245171344,0.018192057419621932
3246.574,18.82042155,2.5266055646606205,18.784213057138924,18.78575091285686,19.055148793711943,0.2748111235245202,0.03620849286107486,0.034670637143140226
3247.056,18.80635,2.526619475537648,18.784145570786556,18.785694406664494,19.055437708413308,0.2746476147703567,0.022204429213442012,0.020655593335504818
3247.538,18.80160558,2.5266333798578513,18.784115432132673,18.78567434207451,19.055726527672345,0.2744841603532691,0.01749014786732772,0.015931237925489228
3248.02,18.80784339,2.5266472776255844,18.78412263968176,18.78569071248507,19.0560152515616,0.27432076027325747,0.02372075031823684,0.022152677514927888
3248.502,18.80728778,2.5266611688452008,18.784167186807792,18.78574350662967,19.056303880153607,0.2741574145303216,0.02312059319220694,0.021544273370327716
3248.984,18.78407011,2.526675053521049,18.784249061761443,18.785832708586003,19.056592413520907,0.2739941231244616,-0.00017895176144477887,-0.0017625985860050264
3249.467,18.80541824,2.526688960443493,18.784368533721945,18.785958596151474,19.05688145005671,0.2738305474460428,0.021049706278056135,0.01945964384852772
3249.948,18.78585569,2.526702803258817,18.784524722585953,18.786120249021796,19.05716919487154,0.2736677033239692,0.0013309674140487004,-0.00026455902179378654
3250.431,18.79609637,2.526716697088339,18.784718900072136,18.78631898158407,19.057458040926406,0.2735042365451673,0.011377469927865036,0.009777388415930233
3250.913,18.79316304,2.5267305556189967,18.784949943871563,18.786553638050474,19.057746193923386,0.27334116260034325,0.008213096128436348,0.0066094019495253065
3251.395,18.78671164,2.5267444076275885,18.78521818012095,18.786824553135304,19.058034252058505,0.2731781429925952,0.0014934598790503628,-0.00011291313530392699
3251.877,18.79456055,2.5267582531184405,18.78552356651093,18.787131683182857,19.058322215404306,0.27301517772192296,0.00903698348907156,0.007428866817143387
3252.359,18.80517533,2.5267720920958796,18.785866055678692,18.78747497995611,19.058610084033322,0.2728522667883266,0.019309274321308578,0.017700350043892144
3252.841,18.79149047,2.526785924564227,18.786245595220738,18.787854390649123,19.0588978580181,0.27268941019180604,0.005244874779261721,0.0036360793508762868
3253.323,18.78820157,2.5267997505277995,18.786662127706244,18.78826985789989,19.059185537431173,0.27252660793236144,0.0015394422937546892,-6.828789989299366e-05
3253.805,18.79847153,2.526813569990913,18.787115590691155,18.788721319803596,19.059473122345082,0.27236386000999274,0.01135593930884582,0.009750210196404652
3254.288,18.79512626,2.526827411608737,18.787606972276517,18.789209758407967,19.059761209187553,0.27220082894262426,0.007519287723482648,0.00591650159203283
3254.77,18.80837007,2.5268412180703983,18.788134165199935,18.78973308011661,19.060048605125072,0.2720381898071398,0.020235904800063764,0.018636989883390243
3255.252,18.77936385,2.526855018044533,18.7886980711963,18.790292183484834,19.060335906781198,0.27187560500873115,-0.009334221196301229,-0.01092833348483424
3255.734,18.80137001,2.5268688115354423,18.78929860791254,18.790886988568573,19.060623114228473,0.2717130745473984,0.012071402087460825,0.01048302143142621
3256.216,18.78381295,2.526882598547424,18.789935688062762,18.791517410953748,19.060910227539424,0.2715505984231415,-0.0061227380627606465,-0.007704460953746661
3256.698,18.77191337,2.5268963790847723,18.790609219446388,18.79218336177209,19.0611972467866,0.2713881766359605,-0.018695849446388024,-0.020269991772089213
3257.18,18.77840789,2.5269101531517784,18.791319104966814,18.79288474771736,19.061484172042544,0.2712258091858554,-0.012911214966813134,-0.014476857717358627
3257.662,18.788744,2.526923920752729,18.792065242650807,18.793621471062046,19.061771003379786,0.2710634960728261,-0.0033212426508058,-0.004877471062044947
3258.145,18.79190992,2.526937710435278,18.792849186158673,18.794395067802096,19.062058335664428,0.2709009007168912,-0.0009392661586744566,-0.0024851478020977424
3258.627,18.77118782,2.5269514651035765,18.793667577483586,18.795202227931124,19.06234497918741,0.2707386963907462,-0.022479757483583995,-0.02401440793112286
3259.109,18.798994,2.5269652133186726,18.79452188574939,18.79604440568746,19.062631529009472,0.27057654640167705,0.004472114250610559,0.002949594312539716
3259.591,18.77866572,2.5269789550848394,18.795411989673035,18.796921485824274,19.06291798520314,0.2704144507496838,-0.016746269673035385,-0.018255765824275016
3260.073,18.79020862,2.5269926904063484,18.7963377632014,18.79783334876297,19.063204347840955,0.2702524094347664,-0.00612914320139879,-0.0076247287629698235
3260.555,18.79467502,2.5270064192874675,18.79729907553449,18.79877987061231,19.063490616995463,0.27009042245692494,-0.0026240555344898553,-0.0041048506123111395
3261.037,18.79315664,2.5270201417324603,18.79829579114924,18.79976092318794,19.063776792739194,0.2699284898161593,-0.005139151149240462,-0.006604283187940041
3261.519,18.79855613,2.5270338577455873,18.799327769824007,18.80077637403236,19.064062875144696,0.2697666115124695,-0.0007716398240056321,-0.0022202440323582096
3262.001,18.80633423,2.5270475673311066,18.800394866663588,18.801826086435216,19.0643488642845,0.26960478754585543,0.005939363336413095,0.004508143564784461
3262.484,18.82738192,2.527061298916395,18.80149925481141,18.80291220343859,19.06463535327945,0.26944268235116264,0.025882665188589726,0.02446971656140917
3262.966,18.81239818,2.5270749956461445,18.802636206795597,18.80403008225477,19.064921155912366,0.269280967171433,0.009761973204401642,0.008368097745229619
3263.448,18.79514108,2.527088685961047,18.803807814143447,18.805181786876563,19.065206865497355,0.26911930632877923,-0.00866673414344632,-0.010040706876562666
3263.93,18.79776779,2.527102369865347,18.805013913518984,18.806367163785055,19.06549248210696,0.26895769982320133,-0.007246123518982017,-0.008599373785052933
3264.412,18.79242989,2.527116047363285,18.806254337047164,18.807586055316218,19.06577800581372,0.2687961476546993,-0.013824447047163346,-0.015156165316216885
3264.894,18.82466743,2.5271297184590997,18.807528912342562,18.80883829968364,19.066063436690172,0.2686346498232731,0.017138517657439678,0.01582913031636224
3265.376,18.8091967,2.5271433831570236,18.80883746253861,18.81012373100164,19.066348774808855,0.2684732063289227,0.0003592374613923255,-0.0009270310016376015
3265.858,18.81859528,2.5271570414612885,18.810179806317443,18.811442179308756,19.06663402024231,0.2683118171716483,0.008415473682557462,0.007153100691244418
3266.341,18.80017104,2.5271707216929578,18.811558647415833,18.812796308117903,19.066919764570223,0.2681501476883891,-0.011387607415834111,-0.012625268117904653
3266.823,18.81645783,2.5271843672093404,18.8129680858848,18.814180331917434,19.067204824658923,0.26798886731799887,0.0034897441151997555,0.002277498082566609
3267.305,18.83021442,2.527198006344746,18.81441074717417,18.815596838226213,19.067489792280163,0.2678276412846846,0.015803672825832393,0.014617581773787691
3267.787,18.83079956,2.527211639103391,18.81588643246177,18.817045641014328,19.067774667506484,0.2676664695884462,0.014913127538228821,0.013753918985671021
3268.269,18.85252396,2.5272252654894904,18.817394938631928,18.8185265502995,19.06805945041042,0.2675053522292836,0.03512902136807128,0.03399740970050047
3268.751,18.83728899,2.527238885507255,18.81893605830869,18.820039372172918,19.068344141064518,0.2673442892071968,0.018352931691310914,0.01724961782708334
3269.233,18.83170081,2.527252499160893,18.820509579889567,18.821583908825435,19.068628739541314,0.26718328052218604,0.011191230110433992,0.010116901174566095
3269.715,18.82330516,2.527266106454608,18.82211528757986,18.823159958574152,19.068913245913347,0.26702232617425103,0.001189872420141569,0.00014520142584828477
3270.198,18.83944206,2.5272797356037118,18.823756392165034,18.824770683055135,19.06919825022878,0.2668610924024254,0.0156856678349655,0.014671376944864534
3270.68,18.83079618,2.5272933301770086,18.82542587371505,18.826409202886648,19.069482572418192,0.2667002468413747,0.005370306284948612,0.004386977113352231
3271.162,18.83475033,2.5273069184029855,18.827126868710454,18.828078607348598,19.069766802720608,0.2665394556173999,0.0076234612895440534,0.006671722651400813
3271.644,18.84768821,2.5273205002858337,18.82885914493293,18.82977867952877,19.070050941208567,0.266378718730501,0.01882906506707016,0.01790953047123267
3272.126,18.86125954,2.5273340758297405,18.830622466151414,18.83150919877983,19.070334987954613,0.2662180361806778,0.030637073848584606,0.029750341220168508
3272.608,18.83292988,2.527347645038892,18.832416592159547,18.833269940748224,19.070618943031285,0.2660574079679306,0.0005132878404516816,-0.000340060748225568
3273.09,18.85295295,2.527361207917468,18.834241278813575,18.835060677403337,19.070902806511114,0.2658968340922593,0.018711671186423473,0.017892272596661485
3273.572,18.82944649,2.5273747644696476,18.836096278070805,18.836881177067145,19.071186578466644,0.2657363145536638,-0.006649788070806295,-0.007434687067146228
3274.054,18.82635854,2.527388314699606,18.837981338028488,18.83873120444413,19.071470258970418,0.26557584935214423,-0.01162279802848687,-0.0123726644441291
3274.537,18.82111661,2.527401886704352,18.839900206514844,18.84061444992596,19.071754436359218,0.26541510574156046,-0.018783596514843737,-0.01949783992595755
3275.019,18.83129072,2.5274154242892846,18.841844677947723,18.842522872532548,19.072037933987733,0.26525474932692517,-0.010553957947724513,-0.011232152532549833
3275.501,18.85566604,2.527428955564509,18.843818431058793,18.844460095051986,19.07232134038226,0.2650944472493656,0.011847608941206289,0.011205944948013524
3275.983,18.85525111,2.527442480534188,18.84582119889612,18.84642586801852,19.072604655615336,0.26493419950888203,0.009429911103879363,0.008825241981480048
3276.465,18.84339698,2.52745599920248,18.847852710849477,18.848419938504257,19.072887879759502,0.26477400610547436,-0.004455730849475259,-0.005022958504255826
3276.947,18.85862427,2.527469511573541,18.849912692692048,18.85044205015132,19.073171012887293,0.26461386703914247,0.008711577307952467,0.008182219848681171
3277.429,18.85989084,2.5274830176515217,18.852000866622593,18.85249194320434,19.073454055071252,0.26445378230988653,0.007889973377405823,0.0073988967956601925
3277.911,18.84621825,2.527496517440573,18.854116951308058,18.85456935454337,19.073737006383922,0.26429375191770643,-0.00789870130805781,-0.008351104543368848
3278.394,18.86742136,2.5275100389331304,18.85626513797664,18.85667841237978,19.074020453651038,0.26413344401855626,0.011156222023362972,0.010742947620222765
3278.875,18.86811348,2.527523498168463,18.85843171021092,18.858805662976245,19.07430263668553,0.2639738541445739,0.00968176978908275,0.009307817023756826
3279.358,18.88274313,2.5275370070778322,18.860634392764187,18.860968522794394,19.074585902196603,0.26381365514504035,0.022108737235814857,0.02177460720560731
3279.84,18.87304478,2.5275504817395773,18.86285929320807,18.863153364506537,19.074868490561638,0.26365384221389626,0.010185486791929321,0.009891415493463285
3280.322,18.87458959,2.527563950133097,18.865110645662657,18.865364359028067,19.075150988418223,0.263494083619828,0.009478944337342199,0.009225230971932064
3280.804,18.88460769,2.52757741226252,18.86738814851556,18.86760122375505,19.075433395838907,0.26333437936283566,0.01721954148444027,0.017006466244950502
3281.286,18.89060279,2.5275908681319743,18.86969149693259,18.869863672959035,19.07571571289622,0.2631747294429192,0.02091129306741024,0.020739117040964317
3281.768,18.89393865,2.5276043177455816,18.872020382903653,18.872151417822778,19.075997939662702,0.2630151338600787,0.021918267096346256,0.021787232177221227
3282.25,18.88254137,2.527617761107462,18.87437449528901,18.874464166476255,19.0762800762109,0.2628555926143139,0.008166874710987315,0.008077203523743748
3282.732,18.89708098,2.527631198221733,18.876753519865915,18.87680162403308,19.07656212261335,0.26269610570562507,0.020327460134083708,0.020279355966916768
3283.215,18.89194146,2.5276446569508972,18.87916215148272,18.87916841793655,19.07684466382064,0.26253634241752505,0.012779308517281152,0.012773042063450646
3283.697,18.90100621,2.5276580815693452,18.881590095705132,18.881554446465895,19.07712652996256,0.26237696429572044,0.01941611429486656,0.019451763534103605
3284.179,18.90934455,2.5276714999525223,18.88404199075087,18.883964280877077,19.077408306176494,0.2622176405109917,0.025302559249130496,0.025380269122923238
3284.661,18.89197073,2.5276849121045326,18.88651751053267,18.88639761458302,19.07768999253499,0.2620583710633389,0.005453219467330683,0.005573115416979135
3285.143,18.88468907,2.5276983180294774,18.889016326118824,18.88885413816743,19.077971589110582,0.2618991559527619,-0.004327256118823897,-0.0041650681674312295
3285.625,18.88893007,2.527711717731454,18.891538105781944,18.8913335394232,19.078253095975814,0.2617399951792608,-0.00260803578194313,-0.002403469423200022
3286.107,18.90387676,2.5277251112145556,18.89408251504796,18.8938355033912,19.078534513203216,0.2615808887428355,0.009794244952040287,0.01004125660879751
3286.589,18.88385461,2.527738498482875,18.896649216745544,18.896359712399345,19.07881584086534,0.26142183664348617,-0.012794606745544002,-0.012505102399344992
3287.072,18.90227727,2.527751907295576,18.89924326429038,18.898911151104137,19.07909766242342,0.2612625090668197,0.003034005709618981,0.0033661188958618027
3287.554,18.90558054,2.5277652821337173,18.901853573273243,18.90147893100129,19.079378810987148,0.26110356575435456,0.003726966726755876,0.004101608998709594
3288.036,18.8999874,2.5277786507693385,18.904485146769762,18.90406798636243,19.079659870203358,0.2609446767789654,-0.004497746769761335,-0.004080586362430694
3288.518,18.89792325,2.5277920132065175,18.907137637313983,18.906677989055968,19.079940840144594,0.26078584214065204,-0.009214387313981831,-0.008754739055966354
3289.0,18.90144988,2.52780536944933,18.90981069499406,18.90930860843783,19.08022172088339,0.26062706183941453,-0.008360814994059496,-0.007858728437827978
3289.482,18.90341778,2.5278187195018478,18.91250396750335,18.911959511392535,19.080502512492288,0.26046833587525287,-0.009086187503349663,-0.008541731392533336
3289.964,18.92365876,2.5278320633681406,18.915217100191825,18.914630362374535,19.08078321504383,0.26030966424816715,0.008441659808173796,0.009028397625463924
3290.446,18.91742475,2.527845401052273,18.917949736117656,18.917320823449895,19.081063828610553,0.2601510469581573,-0.0005249861176572779,0.00010392655010349472
3290.928,18.91746281,2.527858732558308,18.920701516099125,18.920030554338314,19.081344353264996,0.25999248400522323,-0.0032387060991254657,-0.002567744338314526
3291.411,18.9179503,2.527872085529807,18.923477846094805,18.922764893007788,19.081625370804442,0.25983364658979874,-0.005527546094803881,-0.004814593007786527
3291.893,18.93935265,2.527885404679026,18.926266865778416,18.925512171700355,19.081905717667855,0.25967519242374903,0.013085784221583907,0.013840478299645298
3292.375,18.95576338,2.5278987176623247,18.92907393829493,18.928277684989045,19.082185975836754,0.2595167925947751,0.02668944170507004,0.02748569501095588
3292.857,18.93881895,2.5279120244837534,18.931898696022444,18.931061083629704,19.082466145383687,0.2593584471028771,0.006920253977558133,0.007757866370297961
3293.339,18.92388331,2.5279253251473586,18.934740769362154,18.933862016246476,19.082746226381182,0.25920015594805496,-0.010857459362153321,-0.0099787062464749
3293.821,18.94158306,2.527938619657184,18.937599786791605,18.93668012937565,19.083026218901786,0.2590419191303088,0.003983273208394422,0.004902930624350432
3294.303,18.95331762,2.52795190801727,18.940475374918098,18.939515067509763,19.083306123018033,0.25888373664963826,0.012842245081902348,0.013802552490236764
3294.785,18.94053848,2.527965190231655,18.943367158532325,18.942366473142062,19.083585938802468,0.2587256085060438,-0.002828678532324602,-0.0018279931420615014
3295.268,18.95739461,2.5279784938417094,18.94628080921258,18.94523995250351,19.083866246583494,0.2585672068020528,0.011113800787420303,0.012154657496491694
3295.75,18.97972598,2.5279917637640605,18.949203882815034,18.948123245130855,19.084145885739034,0.2584091874453426,0.030522097184967123,0.03160273486914633
3296.232,18.96596595,2.5280050275528114,18.95214201512558,18.95102192043313,19.084425436780528,0.25825122242570814,0.013823934874420019,0.014944029566869688
3296.714,18.98591935,2.5280182852119872,18.955094824204824,18.95393561335251,19.08470489978051,0.25809331174314964,0.03082452579517536,0.03198373664748999
3297.196,18.97587425,2.528031536745609,18.958061926567503,18.956863957058296,19.084984274811532,0.25793545539766705,0.017812323432497834,0.01901029294170442
3297.678,18.98045244,2.5280447821576963,18.96104293723709,18.9598065829931,19.08526356194612,0.25777765338926023,0.019409502762911757,0.020645857006901025
3298.16,18.98607685,2.5280580214522645,18.964037469800523,18.962763120919213,19.08554276125682,0.2576199057179293,0.02203938019947671,0.02331372908078677
3298.642,18.97161431,2.5280712546333253,18.96704513646306,18.96573319896522,19.085821872816172,0.2574622123836743,0.00456917353693953,0.005881111034778286
3299.125,18.99098986,2.528084509140598,18.97007182749523,18.96872264640419,19.086101475493347,0.2573042463911169,0.020918032504770423,0.02226721359581063
3299.607,18.98387603,2.5280977300940064,18.973104618945342,18.971718708923888,19.08638041158594,0.2571466618437461,0.010771411054658842,0.012157321076113448
