sigma_cm1,R_pct,multi_pct,two_pct,separate_angle_pct,residual_multi_pp
450.297,71.16749425,70.6675470243759,65.5810053203353,70.36229370177558,0.49994722562409777
450.7791,70.98010064,70.57082944596742,65.32361209582794,70.2605354741364,0.40927119403258416
451.2612,70.82048481,70.47307205126242,65.06516363292769,70.15768567144274,0.34741275873757615
451.7433,70.70282142,70.37426473425754,64.80567601623352,70.05373361743375,0.32855668574246977
452.2255,70.57144915,70.27437644267125,64.54511125490636,69.94864660119713,0.297072707328752
452.7076,70.50729414,70.17343825696105,64.28359364106205,69.84245727968455,0.3338558830389502
453.1897,70.40394957,70.07141910187518,64.02108552377483,69.73513292073247,0.33253046812481557
453.6718,70.33961065,69.96830838356894,63.75760324641372,69.62666234161956,0.37130226643105857
454.1539,70.28215802,69.86409538384495,63.49316321450907,69.51703423074298,0.41806263615504236
454.636,70.21670863,69.75876925921351,63.227781894732956,69.40623714673927,0.45793937078649094
455.1182,70.14454297,69.65229684206632,62.96142048032858,69.29423616729797,0.49224612793368294
455.6003,70.08058573,69.54471119473104,62.69420603761787,69.18106604109146,0.5358745352689596
456.0824,70.03487672,69.43597912871802,62.426100067107576,69.06669182811426,0.5988975912819825
456.5645,69.95112175,69.32608929020523,62.15711926977545,68.95110155951178,0.6250324597947667
457.0466,69.85889173,69.21503019558442,61.887280402584935,68.83428313256317,0.6438615344155778
457.5287,69.78578433,69.10279023061139,61.61660027744236,68.71622430992856,0.6829940993886083
458.0109,69.69037707,68.98933399619284,61.34503935874834,68.59688783979738,0.7010430738071562
458.493,69.60142149,68.87469667002675,61.07272720222601,68.47631070793489,0.7267248199732563
458.9751,69.47919349,68.75884283626357,60.79962454617425,68.35445565089854,0.7203506537364319
459.4572,69.37062202,68.6417603500072,60.52574841178423,68.23130988587637,0.7288616699927957
459.9393,69.21639424,68.52343693180241,60.25111586992379,68.10686049210989,0.6929573081975917
460.4214,69.07211529,68.40386016692631,59.975744040073714,67.9810944103289,0.668255123073692
460.9036,68.90344765,68.28299230662584,59.69959274652121,67.85397194036186,0.6204553433741609
461.3857,68.70909135,68.1608707932674,59.42279374382302,67.72553246809215,0.5482205567325877
461.8678,68.51318911,68.03745786815776,59.145307096158064,67.59573629106103,0.47573124184224014
462.3499,68.35643795,67.91274056900828,58.86715010676998,67.46456979107846,0.44369738099172196
462.832,68.16559172,67.78670579520146,58.58834012215051,67.33201920924208,0.37888592479853855
463.3141,68.00214852,67.65934030728894,58.30889453095762,67.19807064563855,0.34280821271106277
463.7963,67.85923442,67.53060388847713,58.02877260754803,67.06268183436077,0.3286305315228759
464.2784,67.70769395,67.40053641341578,57.748108009632105,66.9258947449577,0.30715753658422784
464.7605,67.55851089,67.26909766569999,57.466860216886374,66.78766712283016,0.2894132243000058
465.2426,67.4200139,67.1362738463899,57.185046775764945,66.64798450211894,0.2837400536101029
465.7247,67.31828514,67.00205101588705,56.902685269436304,66.50683227532164,0.3162341241129525
466.2068,67.22189352,66.8664150937222,56.61979331668519,66.36419569335935,0.3554784262777986
466.689,67.13930116,66.72932327889272,56.33632973337169,66.22002981165967,0.40997788110728095
467.1711,67.06387212,66.59081806726886,56.05242978022939,66.07437939092812,0.4730540527311433
467.6532,66.94351996,66.45085667310464,55.76805244337821,65.92719951695017,0.49266328689536465
468.1353,66.88099832,66.30942445151177,55.48321547304536,65.7784748764813,0.5715738684882297
468.6174,66.77440168,66.16650661660647,55.197936649548296,65.62819001619233,0.6078950633935278
469.0995,66.66658276,66.02208824169365,54.91223378218263,65.47632934322621,0.6444945183063453
469.5817,66.54956931,65.8761238307791,54.6260653207895,65.32284512970078,0.6734454792209021
470.0638,66.39083047,65.72865871479436,54.33956782521842,65.16778516298291,0.6621717552056339
470.5459,66.23734612,65.57964743368343,54.052699880100725,65.01110177154109,0.6576986863165644
471.028,66.0483798,65.42907450093436,53.765479399492506,64.85277881192421,0.619305299065644
471.5101,65.82750552,65.2769242913909,53.477924320839655,64.69280000546226,0.5505812286091043
471.9922,65.59163406,65.12318104196426,53.190052603854866,64.53114893946628,0.46845301803574557
472.4744,65.31565928,64.9677964603782,52.90182242567309,64.36777501130437,0.34786281962180965
472.9565,65.04752514,64.81081895562968,52.61337133825808,64.20272930335342,0.23670618437031976
473.4386,64.75760544,64.6522002994481,52.32465761773565,64.03596130409528,0.10540514055190897
473.9207,64.48131298,64.49192418622437,52.0356993016277,63.86745407931845,-0.010611206224368175
474.4028,64.20103051,64.32997417761031,51.7465144440845,63.69719056877621,-0.12894366761031506
474.8849,63.95307318,64.16633370392034,51.457121114753576,63.52515358822063,-0.2132605239203471
475.3671,63.71846613,64.0009515900389,51.16747731200041,63.351289588258666,-0.28248546003889174
475.8492,63.50741585,63.83387960024758,50.877721270497844,63.17565325318057,-0.32646375024757646
476.3313,63.30078381,63.66506666081731,50.587811051552826,62.99819117046826,-0.36428285081731104
476.8134,63.10005051,63.494495693455356,50.29776477546204,62.81888568348896,-0.3944451834553533
477.2955,62.92958455,63.32214949765757,50.00760057234328,62.637719024318045,-0.39256494765756855
477.7776,62.79842972,63.14801075300019,49.71733658099781,62.45467331683827,-0.3495810330001916
478.2598,62.62586576,62.97202533631847,49.4269307153697,62.26969202010284,-0.3461595763184633
478.7419,62.50077157,62.794248684576935,49.13652158172874,62.08283377248202,-0.2934771145769375
479.224,62.3458605,62.614626825036524,48.8460671207425,61.89404222935654,-0.2687663250365233
479.7061,62.2198147,62.43314198401608,48.55558549455331,61.70329911700256,-0.21332728401608136
480.1882,62.07885514,62.24977628208166,48.265094868287086,61.510586072216,-0.1709211420816601
480.6703,61.91902398,62.06451173747304,47.97461340891177,61.31588464675751,-0.14548775747304177
481.1525,61.75744683,61.877291243365995,47.68409904049484,61.119135300189086,-0.11984441336599616
481.6346,61.58319819,61.68817427398106,47.39369042878546,60.92040103021509,-0.1049760839810645
482.1167,61.4094894,61.49710393644649,47.10334548826982,60.71962256909532,-0.08761453644649464
482.5988,61.19754039,61.304061878398436,46.81308238186168,60.51678117813613,-0.10652148839843534
483.0809,60.97999178,61.109029665697115,46.5229192686052,60.31185805985889,-0.12903788569711594
483.563,60.77402763,60.91198878728147,46.23287430253195,60.10483436412498,-0.13796115728147385
484.0452,60.57582513,60.71287915683719,45.942905512360944,59.8956475917078,-0.13705402683719115
484.5273,60.36902781,60.511764705727025,45.65315131090273,59.684365567015845,-0.14273689572702608
485.0094,60.13812009,60.30858564298223,45.363569680984696,59.47092616062781,-0.17046555298222899
485.4915,59.9437034,60.10332320396611,45.07417874516387,59.25531037952051,-0.15961980396611608
485.9736,59.72845714,59.895958575663016,44.78499661527415,59.03749921362004,-0.1675014356630129
486.4557,59.50480506,59.68647290331298,44.49604139128566,58.81747364400209,-0.18166784331297947
486.9379,59.30370586,59.47480317746803,44.207271300864456,58.595168316223535,-0.17109731746803192
487.42,59.10185192,59.26101827119516,43.91882419187042,58.370656421158884,-0.15916635119516087
487.9021,58.88957133,59.04505557363885,43.6306582098446,58.14387309647611,-0.1554842436388455
488.3842,58.67362035,58.8268961362801,43.34279139589785,57.91479937782918,-0.15327578628009775
488.8663,58.44055186,58.60652100729162,43.055241773580086,57.68341633911972,-0.16596914729161938
489.3484,58.24100644,58.38391124036237,42.76802734774388,57.44970510322969,-0.1429048003623734
489.8306,58.00498052,58.1590010263841,42.48110663885161,57.21359764387958,-0.15402050638410003
490.3127,57.73480236,57.93186473997348,42.19461661891256,56.97517314204367,-0.19706237997347387
490.7948,57.52699066,57.702437100352924,41.90851569018963,56.73436421617906,-0.17544644035292123
491.2769,57.24755635,57.470699279933164,41.62282177138927,56.49115230208409,-0.22314292993316087
491.759,56.99370499,57.23663250718533,41.33755275685026,56.24551894556956,-0.24292751718532912
492.2411,56.688011,57.000218078131205,41.05272651541351,55.99744581624378,-0.31220707813120185
492.7233,56.4043376,56.76138759228928,40.768301953526844,55.746862499011655,-0.3570499922892836
493.2054,56.10446919,56.52022157273704,40.48441485826676,55.49385488495602,-0.41575238273703974
493.6875,55.78548425,56.27665230884914,40.201023982047374,55.23835339241478,-0.4911680588491336
494.1696,55.5012512,56.03066149189855,39.91814708043627,54.98034033559318,-0.5294102918985502
494.6517,55.19972951,55.782230945888806,39.63580187787272,54.719798230202926,-0.5825014358888083
495.1339,54.89996362,55.531290345333595,39.353947673025104,54.456654974214416,-0.6313267253335937
495.616,54.60106633,55.27792590283139,39.07271903120818,54.191002679122235,-0.6768595728313898
496.0981,54.33568151,55.02206814588397,38.79207506743705,53.9227702656472,-0.6863866358839701
496.5802,54.05203715,54.76369958234111,38.51203337043721,53.651941236436855,-0.7116624323411145
497.0623,53.78826695,54.50280293229911,38.23261149221869,53.37849938952266,-0.7145359822991111
497.5444,53.52422727,54.239361145905505,37.953826946964014,53.10242883922396,-0.7151338759055079
498.0266,53.2821095,53.973301978880485,37.675639587755896,52.82365594979234,-0.6911924788804882
498.5087,53.0117832,53.70471924697646,37.398182235368964,52.54228115668862,-0.692936046976456
498.9908,52.75639675,53.433541794387914,37.12141452405031,52.25823211825677,-0.6771450443879132
499.4729,52.49821391,53.15975368331402,36.84535380559264,51.97149443836304,-0.6615397733140256
499.955,52.2237844,52.88333930548563,36.57001738843671,51.68205415328872,-0.6595549054856278
500.4371,51.93948283,52.60428340427295,36.29542253657348,51.38989775739559,-0.6648005742729453
500.9193,51.65381866,52.322512386588095,36.02152974767198,51.09495077878482,-0.6686937265880957
501.4014,51.34273912,52.0381286350123,35.748469797827084,50.797323040172344,-0.6953895150123017
501.8835,51.03740302,51.75105992997569,35.476202931158824,50.49694168942588,-0.7136569099756898
502.3656,50.75019019,51.46129265839358,35.2047462229242,50.193795327300634,-0.7111024683935838
502.8477,50.42081895,51.168813681375426,34.934116698481404,49.88787315407656,-0.747994731375428
503.3298,50.13144431,50.87361036125535,34.66433133220848,49.579165000577575,-0.742166051255353
503.812,49.8270949,50.57560850441882,34.39535135506878,49.267596455618175,-0.7485136044188181
504.2941,49.52653182,50.274920159269065,34.12730520281511,48.95328793443825,-0.7483883392690629
504.7762,49.23981347,49.97147284672987,33.86015381869691,48.63616703154308,-0.7316593767298656
505.2583,48.94007995,49.66525622226857,33.59391396240605,48.3162264293516,-0.7251762722685697
505.7404,48.61617708,49.356260591216596,33.32860233729285,47.9934596103369,-0.7400835112165964
506.2225,48.2848072,49.0444769412949,33.06423558930333,47.66786089388944,-0.7596697412948998
506.7047,47.93947208,48.729831433477834,32.80077576973773,47.33935705364465,-0.7903593534778324
507.1868,47.60044164,48.41244702463406,32.538348683495755,47.0080804489956,-0.8120053846340625
507.6689,47.23106379,48.092251992878964,32.27691606062507,46.6739603098864,-0.8611882028789637
508.151,46.85329,47.769240400363834,32.01649430688469,46.33699469249596,-0.9159504003638332
508.6331,46.49534539,47.443407168941796,31.75709976536814,45.99718268950099,-0.9480617789417991
509.1152,46.1699827,47.11474811863251,31.49874871546213,45.65452447307116,-0.9447654186325138
509.5974,45.83059147,46.78319095425896,31.24140411398074,45.308949377645874,-0.9525994842589611
510.0795,45.52318405,46.44887092988639,30.98518885027548,44.96060320070738,-0.925686879886392
510.5616,45.19978759,46.11171833549067,30.730065527072274,44.60941825004517,-0.9119307454906718
511.0437,44.90093758,45.77173298906484,30.476050158579277,44.25539946652458,-0.87079540906484
511.5258,44.60509998,45.42891581444987,30.223158690148555,43.89855310081998,-0.8238158344498743
512.0079,44.31083672,45.08326888594848,29.971406997258594,43.53888676249032,-0.7724321659484801
512.4901,43.99232688,44.73472289865274,29.72075902535281,43.17633399197487,-0.742396018652741
512.9722,43.69188797,44.383426931520646,29.471334470008603,42.81105564410974,-0.6915389615206422
513.4543,43.39363046,44.029314798914726,29.223096890524246,42.44298881350275,-0.6356843389147286
513.9364,43.08116594,43.67239364368957,28.976061872774455,42.072147055527694,-0.5912277036895688
514.4185,42.70560019,43.31267199737173,28.73024492773545,41.698545544036094,-0.6070718073717316
514.9006,42.36248436,42.95015983074217,28.485661490492255,41.32220112594085,-0.5876754707421696
515.3828,41.97059348,42.58479254710905,28.24227657598189,40.94305346673032,-0.6141990671090554
515.8649,41.55870036,42.216734695467586,28.000206414888144,40.561280187551176,-0.6580343354675833
516.347,41.11370764,41.845925394389944,27.759415604797447,40.176825143504715,-0.7322177543899429
516.8291,40.66544626,41.47238089630159,27.519919267389138,39.78971243567352,-0.8069346363015839
517.3112,40.19422675,41.09611915939902,27.28173244356263,39.39996812250274,-0.9018924093990179
517.7933,39.71410381,40.71715990345149,27.04487009247291,39.0076202785917,-1.003056093451491
518.2755,39.21934042,40.335445229331945,26.809298376975946,38.61261687237416,-1.1161048093319437
518.7576,38.73137448,39.951156876677246,26.5751297994737,38.21515402875954,-1.219782396677246
519.2397,38.24513916,39.564241308090146,26.342330075190066,37.815184577666585,-1.3191021480901455
519.7218,37.75437219,39.174725862230815,26.11091382674985,37.41274525585153,-1.4203536722308172
520.2039,37.29208932,38.78263992851424,25.88089559029114,37.00787511640651,-1.4905506085142406
520.686,36.85293848,38.38801500658055,25.65228981453144,36.600615589481194,-1.5350765265805535
521.1682,36.40472867,37.990802133638475,25.425063886053202,36.19092534020537,-1.5860734636384777
521.6503,35.96764962,37.59120196637957,25.199326323924886,35.779020668710984,-1.6235523463795687
522.1324,35.5524713,37.18917057945123,24.97504403780907,35.36486577984344,-1.6366992794512285
522.6145,35.12938889,36.78474851523295,24.752231117499495,34.94851221855987,-1.655359625232947
523.0966,34.7172858,36.377978727938,24.53090156078477,34.53001420863207,-1.6606929279380012
523.5787,34.28594186,35.96890664415966,24.311069272547527,34.10942871180977,-1.6829647841596582
524.0609,33.86967158,35.557494673126406,24.092702936109834,33.68672761931974,-1.6878230931264042
524.543,33.44435258,35.143964015648265,23.875906841082084,33.26214887645452,-1.699611435648265
525.0251,33.01761543,34.72828278944799,23.660649165640088,32.835670554051475,-1.7106673594479886
525.5072,32.5515721,34.31050691174109,23.446943434131775,32.40736114193459,-1.7589348117410921
525.9893,32.09210125,33.890695070106304,23.234803073582498,31.977292150339498,-1.798593820106305
526.4714,31.65856289,33.4689087802379,23.024241412828818,31.54553816262042,-1.8103458902379046
526.9536,31.20170916,33.04512436365531,22.81522850198379,31.112086834779436,-1.8434152036553115
527.4357,30.76232276,32.61958494479525,22.607864164570422,30.67719884275741,-1.8572621847952497
527.9178,30.29687527,32.192273170857156,22.402117918456,30.240868562275725,-1.895397900857155
528.3999,29.87285335,31.763262426976404,22.198002691164852,29.80318336097495,-1.890409076976404
528.882,29.42428723,31.332629197861134,21.995531307794266,29.3642339145175,-1.9083419678611335
529.3641,28.97034461,30.900453117438975,21.794716490185877,28.924114246456835,-1.9301085074389732
529.8463,28.55404393,30.46672692363902,21.595529722170447,28.48283014614783,-1.9126829936390202
530.3284,28.11759012,30.031716599629988,21.398066134598974,28.040665488143905,-1.9141264796299886
530.8105,27.69782468,29.595421705991175,21.20229665314683,27.59763314297583,-1.8975970259911747
531.2926,27.23956736,29.157934928265746,21.00823357844687,27.153840864612246,-1.9183675682657473
531.7747,26.79942225,28.719352315862892,20.815889103826354,26.70939990685475,-1.9199300658628928
532.2568,26.35880613,28.279773316811916,20.625275314516756,26.264425042629856,-1.9209671868119145
532.739,25.90361178,27.839209358503155,20.436365191713254,25.81894215878431,-1.935597578503156
533.2211,25.51852679,27.397949526831844,20.249248957582218,25.37325789953176,-1.8794227368318452
533.7032,25.08297796,26.956012365063398,20.06389901050418,24.927405321320656,-1.8730344050633967
534.1853,24.6773123,26.513511195767066,19.880326995533625,24.481513378426655,-1.8361988957670654
534.6674,24.24450805,26.070562860697528,19.698544445777262,24.035714571951612,-1.8260548106975278
535.1495,23.79084899,25.62728773260479,19.518562781644796,23.590144939886184,-1.8364387426047877
535.6317,23.36116265,25.183717721280686,19.34035654191503,23.144851743349523,-1.8225550712806857
536.1138,22.9330131,24.74016427797665,19.1640108351322,22.700162758533327,-1.8071511779766496
536.5959,22.50390072,24.296666419983268,18.98949959390917,22.25613212734134,-1.792765699983267
537.078,22.06615514,23.853358665771808,18.816833780483016,21.812909818352576,-1.7872035257718082
537.5601,21.59869811,23.410379048877772,18.646024240748634,21.37064919653463,-1.811680938877771
538.0422,21.17640544,22.96786909799881,18.47708170355169,20.929506975351888,-1.7914636579988112
538.5244,20.73782275,22.525882224416197,18.30998232190605,20.489552066487757,-1.7880594744161975
539.0065,20.30308516,22.084750209635825,18.144805897351088,20.051130214807337,-1.7816650496358264
539.4886,19.86847365,21.64453315724419,17.98152795474632,19.614316443165745,-1.7760595072441916
539.9707,19.44783174,21.20538625196213,17.820158747784376,19.17928023550939,-1.7575545119621268
540.4528,19.01050656,20.767467977441683,17.660708409679582,18.74619407423924,-1.7569614174416834
540.9349,18.58537413,20.3309400561288,17.50318695250472,18.31523334684592,-1.7455659261287977
541.4171,18.17816019,19.895877330006503,17.347572196459545,17.886487581275034,-1.7177171400065028
541.8992,17.74714907,19.46262826717399,17.193938454704963,17.46031552299677,-1.715479197173991
542.3813,17.33252864,19.031273479327833,17.042262898712583,17.03681147354412,-1.6987448393278335
542.8634,16.94557372,18.601986891800635,16.892555049477235,16.616161343274484,-1.6564131718006365
543.3455,16.51731038,18.17494525292927,16.744824303647142,16.198553356738298,-1.6576348729292683
543.8276,16.09063252,17.750328026811417,16.599079932905894,15.784177909184006,-1.659695506811417
544.3098,15.68225761,17.32823002492034,16.455301473766013,15.373142541494909,-1.6459724149203403
544.7919,15.24577352,16.9090108917341,16.31355758207218,14.96581204295144,-1.6632373717340982
545.274,14.84546578,16.492769699637865,16.173827126498693,14.562296771779705,-1.6473039196378654
545.7561,14.46508914,16.07969553654344,16.036118872819717,14.16279420179677,-1.61460639654344
546.2382,14.04970556,15.669979543984814,15.90044145887187,13.76750313333811,-1.6202739839848146
546.7203,13.6539802,15.263814759282539,15.76680339398299,13.376623499668023,-1.6098345592825396
547.2025,13.25258783,14.861312879355202,15.635185976165474,12.990276536026485,-1.6087250493552023
547.6846,12.86434182,14.46283720398203,15.505652047846343,12.608824107647584,-1.59849538398203
548.1667,12.49319927,14.068501559935259,15.378182221598406,12.23238769994327,-1.5753022899352587
548.6488,12.11975598,13.678504822213942,15.25278448713795,11.861169686921444,-1.5587488422139408
549.1309,11.74574802,13.293046847838221,15.12946670293819,11.4953724933575,-1.5472988278382207
549.613,11.4063846,12.912328269134905,15.008236595706437,11.135198357461732,-1.5059436691349042
550.0952,11.07077541,12.536472859874811,14.889077266096368,10.780776204347234,-1.4656974498748117
550.5773,10.71948745,12.16583807978798,14.772045600222912,10.432454199654426,-1.446350629787979
551.0594,10.38121911,11.800547107608125,14.657123997249927,10.09035842595052,-1.419327997608125
551.5415,10.05459857,11.440801463359858,14.54431965173347,9.7546878846213,-1.386202893359858
552.0236,9.74581312,11.086802301684404,14.433639623975068,9.42564012000922,-1.3409891816844048
552.5057,9.435986055,10.738750164636285,14.325090839548604,9.103410951929762,-1.3027641096362839
552.9879,9.147758136,10.396774460417973,14.218658238746542,8.788129561612642,-1.2490163244179726
553.47,8.860353534,10.061215617067022,14.114392622026834,8.48011830593842,-1.2008620830670225
553.9521,8.553612493,9.732199239287903,14.012278213731893,8.179500078875707,-1.1785867462879036
554.4342,8.29044442,9.409920845297732,13.912321395937653,7.8864610719728745,-1.1194764252977318
554.9163,8.013968274,9.094574033299308,13.814528413755067,7.601184379304203,-1.0806057592993081
555.3984,7.734286896,8.78635020947898,13.718905374908148,7.3238497203827135,-1.05206331347898
555.8806,7.459237541,8.485376668407762,13.625439092094629,7.054578175506175,-1.0261391274077614
556.3627,7.193446952,8.191964473773739,13.534174164631205,6.793653601660204,-0.9985175217737385
556.8448,6.945369369,7.90623362354628,13.445096676430428,6.54118725267788,-0.96086425454628
557.3269,6.675132641,7.628364002605622,13.358212181592673,6.2973426051234656,-0.9532313616056216
557.809,6.411103426,7.358531925296451,13.27352609485121,6.062278402419308,-0.9474284992964508
558.2911,6.192754633,7.096909860903962,13.191043691201939,5.836148393829483,-0.9041552279039617
558.7733,5.946425896,6.843614512480743,13.1107536842044,5.619057009756607,-0.8971886164807428
559.2554,5.723256301,6.598914930839968,13.03269437069143,5.4112373164889735,-0.8756586298399682
559.7375,5.499411841,6.3629170229006204,12.956853724258828,5.2127806028792465,-0.8635051819006208
560.2196,5.310431925,6.135775184735067,12.883236457399851,5.023818148824957,-0.8253432597350674
560.7017,5.12200302,5.917638641363159,12.81184714115233,4.844475030605007,-0.795635621363159
561.1838,4.946012483,5.708651196275047,12.742690204781413,4.674869903383931,-0.762638713275047
561.666,4.800803851,5.508910537321984,12.67575628678664,4.515082685367514,-0.708106686321984
562.1481,4.653500665,5.318631768836431,12.611077294564598,4.365284868627951,-0.6651311038364307
562.6302,4.514580971,5.137898605613599,12.54864311715729,4.225540477520186,-0.6233176346135991
563.1123,4.378148302,4.966830804069024,12.48845761371712,4.095940512429877,-0.5886825020690241
563.5944,4.275026905,4.805541561979337,12.430524500172359,3.9765686253347594,-0.5305146569793369
564.0765,4.16782224,4.654137319194129,12.37484734896354,3.8675009706998758,-0.48631507919412975
564.5587,4.071646478,4.512689277449122,12.321418743171467,3.768786678232833,-0.4410427994491224
565.0408,3.978823949,4.381348490356475,12.27026412841097,3.680527467041184,-0.4025245413564744
565.5229,3.8846421,4.260169666703866,12.221375330520075,3.602754689191243,-0.37552756670386556
566.005,3.813240689,4.149230448595421,12.17475534550553,3.535513290671037,-0.33598975959542043
566.4871,3.760170032,4.048600900128818,12.13040702470504,3.4788401836591363,-0.28843086812881813
566.9692,3.730698132,3.9583433825219307,12.088333074578411,3.4327641836707468,-0.22764525052193063
567.4514,3.662877103,3.878496969336115,12.048528037943386,3.3972997096005617,-0.21561986633611507
567.9335,3.63954673,3.809141423125842,12.011010841078186,3.3724739676400874,-0.16959469312584163
568.4156,3.624810009,3.750297746890159,11.975775263501538,3.358282802848168,-0.12548773789015888
568.8977,3.621869073,3.7019965280477325,11.942823430224196,3.354722324113394,-0.08012745504773244
569.3798,3.641631961,3.6642602456299245,11.912157320471165,3.3617804628703394,-0.02262828462992461
569.8619,3.636932036,3.637103234880714,11.883778767527875,3.379437003945401,-0.00017119888071404077
570.3441,3.649392104,3.6205293281861035,11.857684284580861,3.4076705809489347,0.028862775813896402
570.8262,3.696656795,3.614543402659345,11.83388623595773,3.4464331224514124,0.08211339234065518
571.3083,3.732222179,3.619130769487368,11.812380367235143,3.49568507104338,0.11309140951263208
571.7904,3.789073267,3.6342731460581263,11.793167926554139,3.555374239111139,0.15480012094187368
572.2725,3.825092815,3.6599441636232934,11.776250015484608,3.625440674927705,0.16514865137670665
572.7546,3.857528032,3.696109425371686,11.761627588926794,3.70581678280985,0.16141860662831364
573.2368,3.991950951,3.74273733011494,11.74929913651619,3.796447308027391,0.24921362088506038
573.7189,4.061899389,3.799758310226883,11.739270433073026,3.8972121761726504,0.26214107877311665
574.201,4.153561851,3.867122968831423,11.73153919806985,4.008039449797388,0.28643888216857727
574.6831,4.268113988,3.9447656741573462,11.726105798898285,4.1288324232883395,0.3233483138426534
575.1652,4.394617178,4.032613277444819,11.722970455927069,4.259487542636925,0.36200390055518117
575.6473,4.54404779,4.130585256687374,11.722133242459309,4.3998945996151235,0.41346253331262517
576.1295,4.694270851,4.238617311621921,11.7235946260903,4.549969049963954,0.45565353937807895
576.6116,4.862382337,4.356569830377761,11.727353779715855,4.709525732212809,0.505812506622239
577.0937,5.032904941,4.484362523303488,11.733410399981542,4.878465865969079,0.5485424176965124
577.5758,5.188024269,4.621887058233844,11.74176397165682,5.056654761141215,0.566137210766156
578.0579,5.370494219,4.769028628433188,11.75241383237191,5.243952184010727,0.6014655905668125
578.54,5.54472764,4.92566616400795,11.765359172631069,5.4402126022524255,0.6190614759920496
579.0222,5.725469435,5.091707949106931,11.780602434924006,5.645328876745717,0.6337614858930687
579.5043,5.924747667,5.2669521650294895,11.798136192992628,5.859060533331239,0.6577955019705106
579.9864,6.10453335,5.4512937731515505,11.817962119360908,6.081289297199808,0.6532395768484491
580.4685,6.301875566,5.644588933068922,11.84007881631879,6.31185099755408,0.6572866329310774
580.9506,6.50360599,5.846688718731932,11.864484739236987,6.550577463469718,0.6569172712680675
581.4327,6.730267769,6.05743937283169,11.891178196636439,6.797296792961624,0.6728283961683097
581.9149,6.964183767,6.276728912217635,11.920163598263123,7.0518872196108635,0.6874548547823647
582.397,7.203389847,6.504303715291675,11.951426936676485,7.314064564839619,0.6990861317083255
582.8791,7.450270354,6.740041699692388,11.98497185441205,7.5836993507360395,0.7102286543076115
583.3612,7.699468015,6.9837724055529975,12.020796073442213,7.860607458517842,0.7156956094470024
583.8433,7.995438175,7.235321866704779,12.058897169376767,8.144602390634402,0.7601163082952214
584.3254,8.305601767,7.494512881060377,12.09927257158855,8.435495537853296,0.8110888859396237
584.8076,8.61139567,7.761221353119574,12.14192864488293,8.733158856437269,0.8501743168804259
585.2897,8.935920788,8.035153766540478,12.186844833788049,9.03727681022098,0.9007670214595223
585.7718,9.242487129,8.316179374360667,12.234026740421758,9.347717069563092,0.9263077546393337
586.2539,9.58377454,8.604110726633365,12.283471210619709,9.664285188736118,0.9796638133666349
586.736,9.887808632,8.898758478031269,12.335174944747614,9.986785895729296,0.9890501539687317
587.2181,10.20663579,9.199931649205869,12.389134497882866,10.315023335666165,1.006704140794131
587.7003,10.53551748,9.507502312868551,12.445358173159313,10.648871103949698,1.0280151671314481
588.1824,10.8435332,9.821149387448143,12.503818915348432,10.987994384849838,1.0223838125518565
588.6645,11.18261476,10.140741655564,12.564524271179687,11.33226564382461,1.0418731044360001
589.1466,11.50344678,10.466084135378443,12.627470216546213,11.681489010826626,1.0373626446215578
589.6287,11.82326459,10.796981453692672,12.69265258309878,12.03546915852945,1.0262831363073293
590.1108,12.15895203,11.133238078397875,12.760067058482976,12.394011506861338,1.0257139516021248
590.593,12.54571305,11.474729886232378,12.829723862931091,12.756998137017256,1.0709831637676217
591.0751,12.90741346,11.821120026387954,12.901589504765663,13.124085959475602,1.086293433612047
591.5572,13.28458622,12.172284111142012,12.97567345584607,13.495158618702792,1.1123021088579872
592.0393,13.643428,12.52802816700661,13.051970830321284,13.87002641744377,1.1153998329933899
592.5214,14.05484102,12.888159123532612,13.130476599658127,14.248501313146564,1.166681896467388
593.0035,14.44526194,13.252485003776561,13.21118559293356,14.630397075477903,1.1927769362234386
593.4857,14.83259308,13.62089191044085,13.294109921794764,15.015609645193257,1.2117011695591504
593.9678,15.2242555,13.993037758699483,13.379209736330612,15.403797052083897,1.231217741300517
594.4499,15.61632331,14.368810909492309,13.466496409579845,15.794858923525151,1.2475124005076914
594.932,16.02846165,14.74802550772248,13.555964204135098,16.18861769042889,1.2804361422775212
595.4141,16.38777673,15.13049762536119,13.64760724179692,16.584898261165016,1.2572791046388083
595.8962,16.78836671,15.516045403847459,13.74141950392086,16.983528130342634,1.2723213061525396
596.3784,17.18709064,15.904570049718817,13.837414963487735,17.384420832378844,1.2825205902811838
596.8605,17.58058139,16.29573306086004,13.93554750531622,17.7872430240513,1.2848483291399582
597.3426,17.97389827,16.689439839768006,14.035830375256307,18.191913451454244,1.284458430231993
597.8247,18.3614616,17.085518067669383,14.138256996503141,18.598270886075337,1.275943532330615
598.3068,18.77315773,17.483798085778858,14.242820653676048,19.006157113339476,1.2893596442211432
598.7889,19.15535792,17.884112989587223,14.349514493219825,19.415416995912356,1.2712449304127773
599.2711,19.54373454,18.286382322050265,14.458354315035992,19.825983790847467,1.2573522179497338
599.7532,19.94898453,18.69027806442778,14.569287846191155,20.23753836294672,1.2587064655722209
600.2353,20.34613673,19.09572530062524,14.682330172623429,20.6500201409536,1.2504114293747612
600.7174,20.78364608,19.502568935294647,14.797473892236532,21.06328679293554,1.2810771447053533
601.1995,21.18441401,19.910656986611237,14.91471146689699,21.47719927955974,1.2737570233887645
601.6816,21.60086229,20.31984063686031,15.034035222888445,21.891621878398546,1.281021653139689
602.1638,22.00231979,20.730059437345805,15.155462748364673,22.306508273008433,1.2722603526541967
602.6459,22.44214279,21.141000855045323,15.278935734485572,22.72155732239192,1.301141934954675
603.128,22.83367812,21.55261078222634,15.4044710702712,23.13672935082459,1.2810673377736599
603.6101,23.23686511,21.964753434558745,15.532060544360078,23.55190203600299,1.2721116754412556
604.0922,23.65590315,22.377296349444563,15.6616958122091,23.966956412649566,1.278606800555437
604.5743,24.07312491,22.790110400020755,15.793368396599469,24.381776865883843,1.283014509979246
605.0565,24.46458423,23.20315546886212,15.927097631099917,24.79633704942597,1.2614287611378785
605.5386,24.86257516,23.616137783867867,16.062819306875536,25.21035604837073,1.246437376132132
606.0207,25.2566184,24.02902390587274,16.200552074821733,25.623814230117095,1.2275944941272598
606.5028,25.65270122,24.441698089061507,16.340286932225585,26.036609232469413,1.2110031309384937
606.9849,26.05472111,24.85404791845174,16.482014746359106,26.44864194999882,1.2006731915482582
607.467,26.44266489,25.26596429556174,16.625726255036447,26.85981650479582,1.176700594438259
607.9492,26.84109843,25.677426687330918,16.771442490329942,27.27012520034601,1.1636717426690808
608.4313,27.2223936,26.088161892015776,16.919093493095716,27.679308317154334,1.134231707984224
608.9134,27.61687302,26.498156027106557,17.06869963078922,28.087364648844222,1.118716992893443
609.3955,27.99765048,26.907313042633724,17.220251129110956,28.49421087890861,1.0903374373662764
609.8776,28.38947701,27.315540079272065,17.373738087217767,28.899766731254157,1.0739369307279354
610.3597,28.77425536,27.72274743385787,17.529150478329647,29.30395492599489,1.0515079261421327
610.8419,29.14773494,28.128932637569697,17.686510982143638,29.706784518818104,1.0188023024303021
611.324,29.54338993,28.533843700074623,17.845744052340677,30.10801699057007,1.0095462299253768
611.8061,29.91887017,28.93748450878964,18.00687172361434,30.507667459945395,0.9813856612103606
612.2882,30.30583975,29.33977759166404,18.16988347165396,30.90567015643934,0.9660621583359621
612.7703,30.67279989,29.740648425068514,18.334768649373522,31.301962060698283,0.9321514649314864
613.2524,31.05869214,30.140025386494653,18.50151648756809,31.696482851837825,0.9186667535053488
613.7346,31.41903348,30.537922056007037,18.67015125882729,32.089256114791326,0.8811114239929623
614.2167,31.82009019,30.934107420572246,18.840592005881838,32.480063846072014,0.885982769427752
614.6988,32.21699169,31.328600944851487,19.01286237744602,32.86893514257109,0.8883907451485129
615.1809,32.63801517,31.721342110577357,19.186951122538453,33.25581993540165,0.9166730594226458
615.663,33.00697457,32.11227304459801,19.362846871460754,33.64067058016698,0.8947015254019846
616.1451,33.41494539,32.501338464823625,19.54053813650107,34.023441800911996,0.9136069251763743
616.6273,33.8318495,32.888565727360955,19.720050724680398,34.40416936730503,0.9432837726390417
617.1094,34.2065368,33.27374395067454,19.901298456708123,34.7826546520661,0.9327928493254589
617.5915,34.64727701,33.65690580134138,20.084306538326565,35.15893832554285,0.9903712086586225
618.0736,35.01116414,34.03800581063955,20.26906301694054,35.53298402374868,0.9731583293604515
618.5557,35.44072733,34.417000823517206,20.455555825576845,35.90475747036166,1.0237265064827952
619.0378,35.79118283,34.793849942470004,20.64377278363407,36.27422642107189,0.9973328875299927
619.52,36.19357985,35.16859195735993,20.83374117050715,36.64143651720467,1.0249878926400697
620.0021,36.54331388,35.54103488134265,21.02536978609899,37.00620710211689,1.0022789986573528
620.4842,36.91747517,35.91122219676742,21.218685332541277,37.368588093991505,1.0062529732325842
620.9663,37.27959439,36.279121477102514,21.413675182345113,37.728554828246914,1.0004729128974859
621.4484,37.63535993,36.64470227463996,21.61032659825412,38.08608440043842,0.9906576553600388
621.9305,38.00772527,37.00793606566945,21.808626734039052,38.4411556135596,0.9997892043305541
622.4127,38.37173678,37.36887079985139,22.008604275956117,38.793821804664915,1.0028659801486057
622.8948,38.72791061,37.72733193145013,22.21016321615605,39.14391875947554,1.0005786785498714
623.3769,39.06473806,38.083371483770996,22.41333168901404,39.49150348884477,0.9813665762290071
623.859,39.43766115,38.43696809121504,22.618096420473,39.83656111276248,1.0006930587849538
624.3411,39.80779702,38.788102046013215,22.82444403158115,40.17907820590247,1.0196949739867875
624.8232,40.16568546,39.13675524692566,23.032361039329576,40.519042749448914,1.0289302130743394
625.3054,40.51068578,39.48298269023665,23.241877468017616,40.8565138029675,1.0277030897633495
625.7875,40.88199584,39.82662573114114,23.452892726463126,41.191342046674976,1.0553701088588596
626.2696,41.23662107,40.167742849178325,23.665436313776716,41.5235896529817,1.0688782208216736
626.7517,41.5790783,40.50632187170162,23.879494339204566,41.85324976489997,1.0727564282983764
627.2338,41.91952958,40.842351987724086,24.095052812221937,42.180316704170366,1.0771775922759161
627.7159,42.23256235,41.17582370145636,24.31209764341192,42.50478592842538,1.056738648543643
628.1981,42.56362894,41.50679715823983,24.530660123151165,42.82672048301855,1.0568317817601738
628.6802,42.88112708,41.835128079323894,24.750635312206796,43.1459844448585,1.0459990006761046
629.1623,43.18998885,42.16087954953047,24.97205400371034,43.46264346529297,1.0291093004695284
629.6444,43.49086983,42.484046887300764,25.194901721562385,43.77669713593349,1.0068229426992374
630.1265,43.79295,42.80462650742647,25.41916389525756,44.08814598405145,0.988323492573528
630.6086,44.0672946,43.122615880043924,25.644825860801273,44.39699143533582,0.9446787199560731
631.0908,44.36068208,43.438078643265975,25.87192009969862,44.70329903094603,0.9226034367340219
631.5729,44.67324371,43.75088341551232,26.100337570283685,45.00694484013434,0.9223602944876816
632.055,44.97638948,44.06109628682304,26.33011028594813,45.307996562411105,0.9152931931769643
632.5371,45.26305855,44.368718557479646,26.561223218012124,45.6064588633424,0.8943399925203508
633.0192,45.53078396,44.67375239204895,26.79366124898212,45.90233713449892,0.8570315679510543
633.5013,45.85172071,44.976200783957644,27.027409173505504,46.1956374616867,0.8755199260423581
633.9835,46.15118927,45.27612945358766,27.262500586456326,46.48642663257469,0.875059816412346
634.4656,46.45192218,45.57341855021354,27.498822599135174,46.77459142162748,0.8785036297864579
634.9477,46.78752458,45.86813581821819,27.736408368558934,47.06020038673407,0.9193887617818106
635.4298,47.0807713,46.16028723055701,27.975242347571893,47.3432620905423,0.9204840694429919
635.9119,47.41511686,46.44987942549576,28.215308906014762,47.62378564408938,0.9652374345042389
636.394,47.70306938,46.7369196765567,28.456592331712805,47.90178068014855,0.9661497034432998
636.8762,48.03144732,47.021474611854494,28.699127252517872,48.17731420784183,1.0099727081455043
637.3583,48.32171638,47.30343466659479,28.942797197303516,48.45028254670743,1.0182817134052087
637.8404,48.59437482,47.58286812377066,29.187636387376084,48.72075414465864,1.0115066962293398
638.3225,48.89619864,47.8597845145067,29.433628792476537,48.9887404709082,1.0364141254933017
638.8046,49.18142567,48.13419386755344,29.680758305355006,49.254253394961765,1.0472318024465608
639.2867,49.46610927,48.406106684199315,29.929008742791446,49.5173051645925,1.0600025858006816
639.7689,49.73535622,48.67558954307008,30.178415682778777,49.77796218726684,1.059766676929918
640.251,49.9892846,48.94254204813889,30.428859344976285,50.03612929476229,1.046742551861108
640.7331,50.24049717,49.207032119093626,30.680374933128842,50.2918740539655,1.033465050906372
641.2152,50.49466735,49.46907191192566,30.932945970434275,50.54521001965837,1.0255954380743404
641.6973,50.73345862,49.72867394110796,31.186555909303113,50.79615102522622,1.0047846788920438
642.1794,50.96295066,49.985851058956605,31.441188132408975,51.04471116470995,0.9770996010433919
642.6616,51.22294135,50.240669031351494,31.696879082794133,51.290955597916664,0.982272318648505
643.1437,51.46055812,50.49303563973394,31.95350595210447,51.534796757651876,0.9675224802660622
643.6258,51.71093032,50.743017727524865,32.2111048423441,51.77630073027136,0.9679125924751375
644.1079,51.9449822,50.99062930562152,32.46965886783656,52.01548248529201,0.9543528943784807
644.59,52.14810375,51.235884629585975,32.72915107849761,52.25235717222627,0.9122191204140222
645.0721,52.38705282,51.478798182904015,32.98956446091381,52.48694010615962,0.9082546370959861
645.5543,52.60277871,51.71943432432326,33.250936236027925,52.71929470521454,0.8833443856767431
646.0364,52.83739189,51.9577081403091,33.51314085602031,52.949340204484386,0.8796837496908978
646.5185,53.04146198,52.193684848232124,33.776215234843534,53.17714075644,0.8477771317678773
647.0006,53.25837743,52.42737968758605,34.04014211663937,53.402712204741306,0.8309977424139561
647.4827,53.47733837,52.65880805071509,34.304904187683945,53.62607049424443,0.8185303192849105
647.9648,53.67057859,52.887985469421295,34.57048407749234,53.84723165957372,0.7825931205787029
648.447,53.86780616,53.11497444495651,34.83691969590339,54.06625701116249,0.7528317150434916
648.9291,54.0737983,53.33969660538168,35.104083050869974,54.28307188929139,0.7341016946183174
649.4112,54.28794379,53.56221513043865,35.37201178004906,54.49773818152015,0.7257286595613479
649.8933,54.4955419,53.78254598578343,35.640688297031865,54.71027217610559,0.7129959142165703
650.3754,54.71978402,54.000705216889465,35.910094964234304,54.92069020043719,0.7190788031105342
650.8575,54.90642331,54.21670893848715,36.18021409402375,55.129008612118994,0.6897143715128493
651.3397,55.10061849,54.43061746462964,36.451084194483286,55.335286353965856,0.670001025370361
651.8218,55.33948295,54.64235829946966,36.72257513059006,55.53945426466227,0.6971246505303341
652.3039,55.53836943,54.851992288618945,36.99472517373462,55.74157173660274,0.6863771413810582
652.786,55.75317643,55.05953572655902,37.267516447439036,55.94165516640906,0.6936407034409839
653.2681,55.99221374,55.26500493035382,37.54093103087211,56.13972094172594,0.7272088096461786
653.7502,56.18216473,55.468416231453475,37.8149509599986,56.3357854343825,0.7137484985465221
654.2324,56.39249691,55.66982752648855,38.089615249055825,56.52990504620213,0.7226693835114517
654.7145,56.62038121,55.869171616827764,38.36479192662176,56.72201558675968,0.7512095931722342
655.1966,56.83679537,56.06650681178547,38.6405198063316,56.91217380480276,0.7702885582145242
655.6787,57.02941573,56.261849425273205,38.91678076287816,57.10039594651745,0.7675663047267918
656.1608,57.22492752,56.4552157496706,39.19355663354146,57.28669821250365,0.7697117703294012
656.6429,57.41508757,56.64662204957913,39.47082921935581,57.47109675263772,0.7684655204208681
657.125,57.60986437,56.836084555864424,39.74858028627972,57.65360766118606,0.7737798141355725
657.6072,57.77480038,57.023658160722455,40.02684932105342,57.83428424837899,0.751142219277547
658.0892,57.97588358,57.209242908545306,40.30544475894972,58.013030654908164,0.7666406714546952
658.5714,58.1269557,57.39300891267167,40.584579462204985,58.19001112292602,0.7339467873283354
659.0535,58.3173698,57.57485729707765,40.864061534874494,58.36513080119815,0.7425125029223523
659.5356,58.46031225,57.7548423499355,41.14393042961869,58.53844233377025,0.7054699000645002
660.0177,58.60904078,57.9329799895358,41.424167726646466,58.709961391586845,0.6760607904641986
660.4999,58.78350182,58.10932244755616,41.70481321542445,58.879738587755924,0.6741793724438381
660.9819,58.95070634,58.2837763574154,41.98567371549906,59.047684346061786,0.6669299825846053
661.4641,59.07993651,58.45650220060278,42.26696380433643,59.213953455933876,0.6234343093972257
661.9462,59.23797727,58.62740758019398,42.54849005327987,59.37845725024495,0.6105696898060202
662.4283,59.4149977,58.79654404252887,42.83029222328089,59.54124561435292,0.6184536574711288
662.9104,59.5334427,58.9639270414068,43.112351751527925,59.702333674072605,0.569515658593204
663.3926,59.70509409,59.12960612139877,43.39470863500643,59.86176934571418,0.5754879686012302
663.8746,59.82441062,59.2934940160646,43.67716853446216,60.01946888154845,0.5309166039354025
664.3568,59.94515181,59.45574191456664,43.95994723314014,60.17557797611734,0.48940989543336144
664.8389,60.08921548,59.61626342626745,44.24285022727386,60.33001370614571,0.47295205373254845
665.321,60.22448757,59.775107357214516,44.52591749100566,60.48282322260722,0.4493802127854849
665.8031,60.38008105,59.9322885878941,44.8091303616593,60.6340210213975,0.44779246210590173
666.2853,60.53230203,60.08785398688707,45.092528948008415,60.783652353637166,0.44444804311292785
666.7673,60.71123893,60.24172195046438,45.375918212120496,60.93163889279164,0.4695169795356193
667.2495,60.90271494,60.39403473796327,45.65951463031916,61.07811761174074,0.5086802020367358
667.7316,61.13423693,60.544711541168155,45.94312308433337,61.22301093586576,0.589525388831845
668.2137,61.33298454,60.69379845910959,46.226783665860424,61.36636333208841,0.6391860808904113
668.6958,61.5443657,60.841309724479444,46.51047765584503,61.5081886108882,0.7030559755205559
669.178,61.75432878,60.98728956949394,46.79424517882092,61.64852941306003,0.7670392105060628
669.66,61.90834345,61.13166166103567,47.07789096042755,61.78731246765415,0.7766817889643249
670.1422,62.04842868,61.27455970338267,47.36163165531268,61.92466640538922,0.7738689766173295
670.6243,62.17147133,61.4159080900663,47.64527199323796,62.06051864487428,0.7555632399337
671.1064,62.28044002,61.55575026995098,47.92885208751097,62.19491103825315,0.7246897500490235
671.5885,62.3612679,61.6940997805274,48.21235320641295,62.32785667801083,0.6671681194725991
672.0707,62.45990368,61.830998278274755,48.495815394137594,62.459395666229696,0.6289054017252411
672.5527,62.53834297,61.96637434851439,48.7790436031986,62.589459458673986,0.5719686214856097
673.0349,62.62697131,62.10035351908614,49.062254150962495,62.71816872260072,0.5266177909138605
673.517,62.74180911,62.232865042708,49.34525207861682,62.845455549545065,0.5089440672919991
673.9991,62.84362191,62.3639497918914,49.628077425049796,62.97135925938298,0.4796721181086028
674.4812,62.94969247,62.493620582618995,49.91071148972522,63.09589221173346,0.45607188738100746
674.9634,63.06337209,62.6219165711974,50.193194140552215,63.219092053104944,0.4414555188025986
675.4454,63.18666869,62.74877094441306,50.475331020191994,63.34089466954026,0.4378977455869375
675.9276,63.29966459,62.87430142964638,50.75733759348063,63.461413137328236,0.4253631603536192
676.4097,63.40906793,62.99844182991767,51.03901967619766,63.58058393171159,0.41062610008233236
676.8918,63.52389512,63.12123052685621,51.320417136926835,63.69844393149805,0.4026645931437898
677.3739,63.62176636,63.2426796048559,51.601511350189135,63.8150047620467,0.37908675514410106
677.8561,63.75158491,63.362825805700204,51.88234191204602,63.93030170480631,0.388759104299794
678.3381,63.87821921,63.481606631754836,52.16271561746741,64.04427480836276,0.3966125782451613
678.8203,63.99504851,63.59913237834968,52.442846565075314,64.15702992028557,0.395916131650317
679.3024,64.11001914,63.715341119735925,52.722541807098764,64.26850763787822,0.39467802026408094
679.7845,64.21888819,63.83026883957611,53.00184094629912,64.37874249518414,0.3886193504238946
680.2666,64.34140886,63.943926892876206,53.280725476058,64.48774539197814,0.39748196712379524
680.7488,64.44900104,64.05634969878956,53.559234625635554,64.59554933927642,0.39265134121043843
681.2308,64.56656793,64.16747881690011,53.837176802275316,64.70209830594128,0.39908911309989037
681.713,64.67398066,64.27741746767299,54.11476422747551,64.80749125988915,0.3965631923270081
682.1951,64.7889744,64.38610774398059,54.39180564937804,64.91167268336672,0.4028666560194125
682.6772,64.92197316,64.49358332856872,54.66834031000088,65.01467486426498,0.42838983143127507
683.1593,65.05770739,64.59985485836722,54.94434986521672,65.11650799279441,0.4578525316327813
683.6415,65.16666958,64.7049545250269,55.21987308336357,65.21720290574254,0.46171505497309795
684.1235,65.27187975,64.80882771143362,55.49472044064625,65.31670727265845,0.46305203856637434
684.6057,65.35717784,64.91157090652048,55.7691017745095,65.41511351562825,0.4456069334795245
685.0878,65.49084126,65.01312999273247,56.04282798499781,65.51236978662196,0.477711267267523
685.5699,65.58670042,65.11353645051203,56.31593785928438,65.60850622614448,0.47316396948797035
686.052,65.67423907,65.21280021660614,56.588413259089556,65.70353233604102,0.46143885339385804
686.5342,65.75326303,65.310951351195,56.8602923987663,65.79747687470496,0.4423116788049981
687.0162,65.85715542,65.40793884833558,57.13138827581563,65.89029101304872,0.4492165716644223
687.4984,65.91876762,65.50385279309288,57.40190784187506,65.98206094454196,0.4149148269071219
687.9805,65.99417613,65.59864264948814,57.671664600333344,66.0727382952772,0.3955334805118582
688.4626,66.08577021,65.69233779386556,57.94069679046187,66.16235115566037,0.3934324161344449
688.9447,66.17296271,65.78494748525947,58.208986522810314,66.25090836384213,0.38801522474052774
689.4269,66.23007557,65.87649974753789,58.47657136596246,66.33843669381751,0.35357582246210484
689.9089,66.3195502,65.96694699328681,58.74326728562868,66.42489063672295,0.3526032067131837
690.3911,66.40842729,66.05637321452414,59.00927785225228,66.51035045719073,0.35205407547586276
690.8732,66.50153616,66.1447312677305,59.27441961839129,66.5947710774827,0.3568048922694942
691.3553,66.58620873,66.23204852146307,59.5387301836244,66.67817863249587,0.35416020853692487
691.8374,66.67787799,66.31833358251382,59.80219194983656,66.7605813234942,0.3595444074861831
692.3196,66.76900904,66.40361253138948,60.064841749557566,66.84200403114235,0.365396508610516
692.8016,66.86587063,66.48784102406553,60.326498957139,66.92240440204282,0.3780296059344721
693.2838,66.97562764,66.57109725281545,60.587363273985716,67.00185705392978,0.4045303871845505
693.7659,67.07726997,66.65333729446273,60.84725474097774,67.08032004321903,0.423932675537273
694.248,67.17165265,66.73458660309299,61.106210227695165,67.15781764030518,0.437066046907006
694.7301,67.25720813,66.81485316049877,61.36421246928915,67.23435743747547,0.4423549695012241
695.2123,67.35881994,66.89416119358488,61.62129747366462,67.30996250941729,0.4646587464151253
695.6943,67.42373282,66.97246944236485,61.87728845671971,67.38459350826376,0.45126337763514357
696.1765,67.50252591,67.04985057485781,62.1323807716813,67.45831966885979,0.45267533514218883
696.6586,67.58272973,67.12626373148349,62.3863983791876,67.531102034214,0.4564659985165065
697.1407,67.65592519,67.20173254138288,62.63937733021497,67.60296309701619,0.4541926486171235
697.6228,67.69172147,67.2762643894144,62.89130073443767,67.6739098687958,0.41545708058561104
698.105,67.76863162,67.34988173474832,63.142203688492636,67.7439637013519,0.4187498852516711
698.587,67.84356804,67.42254625638303,63.391913674170745,67.81308811588156,0.42102178361696474
699.0692,67.89963426,67.4943253557587,63.64062122723062,67.88134721056612,0.40530890424129495
699.5513,67.93866481,67.56518109409735,63.88815465075964,67.948704880609,0.37348371590265117
700.0334,68.00144419,67.63513536078183,64.13454909043872,68.01518192316406,0.36630882921816976
700.5155,68.0530977,67.7041949718995,64.37978807095078,68.08078479692865,0.34890272810049794
700.9977,68.11964296,67.77238070037828,64.62390569315673,68.14553320927544,0.347262259621715
701.4797,68.17673283,67.8396570321565,64.86673411951371,68.20939342629045,0.3370757978435108
701.9619,68.23202707,67.90608634216409,65.10845860999497,68.27242463825284,0.32594072783591344
702.444,68.29814935,67.97163348235232,65.3489122230718,68.3345934702015,0.3265158676476858
702.9261,68.34941724,68.0363186828288,65.58812911455964,68.39591910103177,0.3130985571711875
703.4082,68.40520289,68.1001482186234,65.82609326376794,68.45640746379289,0.30505467137659537
703.8904,68.49943407,68.1631412532271,66.06283769361312,68.51607669504554,0.3362928167729109
704.3724,68.56783603,68.22526495935762,66.298199651424,68.57489569285731,0.3425710706423786
704.8546,68.62698136,68.28657690826054,66.532358675146,68.63291895134039,0.34040445173945955
705.3367,68.68513601,68.34704462419005,66.76515298082154,68.69011571406661,0.33809138580994613
705.8188,68.74404286,68.4066867535389,66.99661565215648,68.74650361391808,0.3373561064610868
706.3009,68.82058983,68.46550905713823,67.2267311617426,68.80208808440969,0.3550807728617684
706.7831,68.88239164,68.52352916098044,67.45553137492053,68.85688575994553,0.3588624790195496
707.2651,68.92443579,68.58071681530782,67.68285901655625,68.91086806804131,0.34371897469218027
707.7473,68.9859335,68.6371249937336,67.90888746947468,68.96408500186922,0.34880850626640836
708.2294,69.03209625,68.69272378509612,68.1334604977615,69.01650832243047,0.3393724649038745
708.7115,69.08162593,68.74753032260392,68.35661003329227,69.06815418375658,0.3340956073960797
709.1936,69.13403862,68.80154987859952,68.5783210795418,69.11902754463772,0.332488741400482
709.6758,69.1640338,68.85479860856569,68.79862426737549,69.16914360098806,0.3092351914343112
710.1578,69.20539566,68.90724874106688,69.0173681793729,69.21847621683148,0.2981469189331136
710.64,69.24250222,68.95894884189883,69.23471962434274,69.26707106368444,0.28355337810117476
711.1221,69.27925493,69.00987146665251,69.45052829222641,69.31490232832088,0.26938346334748076
711.6042,69.32357704,69.06003230082817,69.66482488606664,69.36198474801999,0.2635447391718344
712.0863,69.36551272,69.1094361526328,69.87759497667625,69.40832283019145,0.2560765673672023
712.5685,69.4223518,69.1580977690733,70.08886788646319,69.45393039096827,0.26425403092670763
713.0505,69.46996079,69.20599176713871,70.29849842248643,69.49878364685236,0.2639690228612892
713.5327,69.54027909,69.25316247896166,70.5066464158574,69.54292411163512,0.28711661103834274
714.0148,69.57390672,69.29958483822206,70.71316784660965,69.58632831499511,0.2743218817779365
714.4969,69.61497894,69.34527314316892,70.91809211485406,69.62900963455887,0.2697057968310759
714.979,69.67429137,69.39023176073026,71.12140539396268,69.67097214812986,0.2840596092697467
715.4612,69.72351188,69.43447408656135,71.32313562700237,69.71222834588298,0.2890377934386521
715.9432,69.74402599,69.4779770448307,71.52314419797449,69.75275672108214,0.26604894516930244
716.4254,69.79964967,69.52078089309396,71.72158357280826,69.79259477896174,0.2788687769060374
716.9075,69.84397588,69.56286286299357,71.9183163714028,69.83172131744892,0.2811130170064331
717.3896,69.88118307,69.60423592104482,72.11337061992342,69.8701484067174,0.27694714895518757
717.8717,69.89070415,69.64490401416799,72.30673312820225,69.9078797151078,0.2458001358320132
718.3539,69.954015,69.68487923896626,72.4984303923531,69.94492645587647,0.2691357610337377
718.8359,69.96496578,69.72414075362256,72.68833071061718,69.98126933112337,0.2408250263774363
719.3181,70.00090744,69.76272488572553,72.87657881340263,70.01694197251489,0.23818255427447355
719.8002,70.03851018,69.80061109273844,73.0630442949275,70.05192537927559,0.2378990872615674
720.2823,70.07731559,69.83781106012894,73.24775373965579,70.08623036154901,0.23950452987105564
720.7644,70.12341262,69.87432833444582,73.43069462637794,70.11986019669457,0.24908428555417572
721.2466,70.15230278,69.9101737608248,73.61189194008043,70.15282486542706,0.24212901917519503
721.7286,70.1780545,69.94532866587865,73.79122121454785,70.1851072180907,0.23272583412135361
722.2108,70.20277146,69.97982557793924,73.96881909238306,70.21673713415228,0.22294588206075616
722.6929,70.276309,70.01364611564901,74.14456246043417,70.24769775444649,0.2626628843509877
723.175,70.29102724,70.04680072941053,74.31847639713351,70.27799867186512,0.24422651058947054
723.6571,70.34601054,70.07929258338179,74.49054908124398,70.30764278960146,0.2667179566182085
724.1393,70.37947049,70.11113131422569,74.66080392604633,70.33663889567221,0.2683391757743152
724.6213,70.40395678,70.14230035854341,74.82912400538441,70.36497193501047,0.2616564214565926
725.1035,70.43649842,70.17282856277397,74.9956375406966,70.39266814316252,0.2636698572260343
725.5856,70.48744712,70.20269964917384,75.16022901284339,70.41971274976297,0.2847474708261615
726.0677,70.50545991,70.23192287449574,75.32292193347718,70.44611416872556,0.2735370355042619
726.5498,70.54353334,70.26050103683356,75.48370521078701,70.47187494423683,0.28303230316643635
727.032,70.56973301,70.28844260291451,75.64260062951547,70.49700270705988,0.2812904070854785
727.514,70.59709671,70.31573306764955,75.79949909053758,70.5214844496513,0.2813636423504562
727.9962,70.63083609,70.34239770012327,75.95452008051979,70.5453428593219,0.2884383898767311
728.4783,70.64437052,70.36842227534807,76.1075559580384,70.5685652082372,0.2759482446519286
728.9604,70.66405333,70.39381489341591,76.2586286109516,70.59115876524166,0.2702384365840942
729.4425,70.70320419,70.4185780010444,76.40772770469258,70.61312572904141,0.284626188955599
729.9247,70.72495344,70.44271892924029,76.55487334252103,70.63447260432343,0.2822345107597073
730.4067,70.7519956,70.4662251859767,76.69996452105252,70.65518839029448,0.28577041402330394
730.8889,70.72948855,70.48911855518236,76.84311169911052,70.67529230957597,0.240369994817641
731.371,70.75035997,70.5113868201528,76.98421537830097,70.69477363684653,0.23897314984721163
731.8531,70.74125685,70.53303695702188,77.12329576954767,70.71363852556054,0.20821989297812138
732.3352,70.76021091,70.55407107420598,77.26034332164122,70.73188884086728,0.20613983579401918
732.8174,70.78005395,70.57449539701634,77.39537640743299,70.74952998841594,0.20555855298366055
733.2994,70.75440216,70.59429940738748,77.52830236905035,70.7665529394257,0.1601027526125165
733.7816,70.74323477,70.61350148439425,77.65922236567394,70.78297352364862,0.12973328560575226
734.2637,70.75768787,70.6320913812509,77.78804528819506,70.79878298426202,0.12559648874909612
734.7458,70.73690111,70.65007497868363,77.9147896214709,70.81398638490758,0.0868261313163714
735.2279,70.78983652,70.66745405830291,78.03944662198961,70.82858526753384,0.12238246169708589
735.7101,70.77464349,70.68423376568504,78.1620328874117,70.84258396177032,0.09040972431496641
736.1921,70.79081046,70.70040552352688,78.28246433557425,70.85597538192987,0.09040493647312076
736.6743,70.7869288,70.71598437485737,78.40083257617655,70.86877202535854,0.07094442514262767
737.1564,70.8301642,70.73096201031656,78.5170551159654,70.88096707551014,0.09920218968343875
737.6385,70.83082664,70.74534323974724,78.63114866873019,70.892564527809,0.08548340025275536
738.1206,70.85655726,70.75912952790556,78.74310532116078,70.90356560982784,0.09742773209444522
738.6028,70.8568674,70.77232496264644,78.8529398552007,70.91397359428412,0.08454243735356215
739.0848,70.86506737,70.78492287992621,78.96057697443138,70.92378331530433,0.08014449007379199
739.567,70.86684928,70.79693504439878,79.06609851183103,70.9330039872584,0.06991423560121746
740.0491,70.85808629,70.80835505730792,79.16943079630522,70.94163071127244,0.04973123269208202
740.5312,70.89034566,70.81918667822823,79.27058872981894,70.94966643227414,0.0711589817717595
741.0133,70.88245479,70.82943106350648,79.36956524987272,70.9571120707913,0.05302372649352094
741.4955,70.87703026,70.83909126145056,79.46637328652665,70.96396985792524,0.03793899854943561
741.9775,70.90793914,70.84816249929789,79.56094651843344,70.97023652982763,0.059776640702111195
742.4597,70.90294533,70.856653310173,79.65335679779605,70.97591805656666,0.046292019826992714
742.9418,70.90612663,70.86455918460722,79.74353946117904,70.98101143981314,0.04156744539278634
743.424,70.91134958,70.87188430749976,79.83152557901536,70.98551946206979,0.03946527250025156
743.906,70.92985356,70.878625157418,79.9172549081731,70.9894401203033,0.05122840258199801
744.3882,70.91709771,70.88478813389894,80.000792545217,70.9927772379581,0.032309576101056336
744.8702,70.94119555,70.89036888008665,80.08206329529224,70.99552856666962,0.05082666991334861
745.3524,70.94993587,70.89537273386452,80.16112884949138,70.9976968603558,0.054563136135485024
745.8345,70.95073551,70.89979705910685,80.23793371624612,70.99928100947123,0.05093845089315607
746.3167,70.96233209,70.90364429953655,80.31250430007586,71.00028204320768,0.05868779046345196
746.7987,70.95462874,70.90691280028595,80.38478960112002,71.0006998428153,0.047715939714052524
747.2809,70.96820644,70.90960578408884,80.45484444802352,71.00053502860455,0.05860065591116381
747.7629,70.9637416,70.91172147828281,80.52260572130692,70.99978796170642,0.052020121717191614
748.2451,70.95846611,70.91326205146186,80.58812479481492,70.99845819770479,0.045204058538146796
748.7272,70.96047334,70.91422673016811,80.65135549132259,70.99654650936256,0.04624660983188278
749.2094,70.9475883,70.91461623041074,80.71231948292947,70.99405218140868,0.03297206958926324
749.6914,70.93439946,70.9144307560467,80.77097514485209,70.9909769757525,0.019968703953296085
750.1736,70.95782779,70.91367037216946,80.8273668980485,70.98731832057827,0.04415741783053306
750.6556,70.93467989,70.91233588020162,80.88144386189435,70.98307918240185,0.02234400979837403
751.1378,70.95149796,70.91042629524122,80.93324696146871,70.97825592609651,0.04107166475877477
751.6199,70.95151418,70.90794270101803,80.98273945424432,70.97285120549323,0.04357147898197411
752.1021,70.94046401,70.90488409354823,81.02993822472604,70.96686256394456,0.03557991645176628
752.5841,70.92372186,70.90125253273759,81.07481113272203,70.9602936456102,0.022469327262413685
753.0663,70.92984164,70.89704493513608,81.11739207660588,70.95313868743416,0.03279670486392661
753.5483,70.91989718,70.89226467347169,81.15764254895237,70.94540326460819,0.027632506528320278
754.0305,70.90904839,70.88690761511408,81.19559291954312,70.93708054882477,0.02214077488591215
754.5126,70.90291788,70.88097670065,81.23121597844079,70.9281750789544,0.02194117935000861
754.9948,70.88170402,70.87446920815559,81.2645237788661,70.91868265435473,0.0072348118444125475
755.4768,70.86702132,70.86738905604234,81.29549375212753,70.90860880823352,-0.0003677360423353093
755.959,70.82922569,70.85973001145327,81.32414918431374,70.89794457712908,-0.030504321453264538
756.441,70.83011447,70.85149802292754,81.35046404601744,70.8866981555905,-0.02138355292754568
756.9232,70.78232379,70.84268580593854,81.37445807048309,70.87485950962204,-0.060362015938537184
757.4053,70.78965981,70.83329816273167,81.39611365550726,70.86243507232206,-0.04363835273166217
757.8875,70.75979878,70.82333064987897,81.41543799094919,70.84941889076326,-0.06353186987897175
758.3695,70.72998603,70.81278905188356,81.43241814365868,70.83581839922464,-0.08280302188354938
758.8517,70.72993195,70.80166397571888,81.44706672320254,70.821621414651,-0.07173202571888737
759.3337,70.70963838,70.78996395752313,81.45937025316582,70.80683876904654,-0.08032557752312641
759.8159,70.71115849,70.7776785468175,81.4693377745557,70.79145720019817,-0.06652005681749529
760.298,70.68719684,70.76481441744913,81.47696134506359,70.77548504986927,-0.07761757744913211
760.7802,70.70245133,70.75136539533406,81.48224327082113,70.75891459889864,-0.04891406533405984
761.2622,70.67555166,70.73733914380564,81.48518029518479,70.74175519993217,-0.06178748380564514
761.7444,70.63463692,70.7227230890268,81.48577431263399,70.72399142109852,-0.08808616902679489
762.2264,70.65440216,70.70752837383598,81.4840244446251,70.70563675743556,-0.05312621383598071
762.7086,70.62960065,70.6917413578664,81.47992900995462,70.6866746859362,-0.06214070786640491
763.1907,70.60143776,70.67537060168749,81.4734897552066,70.66711547677619,-0.07393284168749403
763.6729,70.58571582,70.65840818582802,81.46470409420112,70.64694962494436,-0.07269236582801852
764.1549,70.53963813,70.64086367039326,81.4535784645368,70.62618842409591,-0.10122554039325848
764.6371,70.53587541,70.62272127019662,81.44010403285824,70.60481315423553,-0.08684586019661822
765.1191,70.50800536,70.60399476126142,81.42429253309638,70.58284000659548,-0.09598940126141997
765.6013,70.46594236,70.58466727948395,81.40613155771769,70.56024915468733,-0.11872491948395236
766.0834,70.44227188,70.56474929251891,81.38563254790591,70.53705282224496,-0.12247741251890432
766.5656,70.41096986,70.54423111518501,81.36278802841275,70.51323969309793,-0.13326125518501897
767.0476,70.37329421,70.5231242275819,81.33761412548344,70.48882303000326,-0.1498300175819054
767.5298,70.34610383,70.50140959267945,81.31009129108446,70.46378077536035,-0.15530576267944696
768.0118,70.35763137,70.47910365365948,81.2802438558403,70.43813185747868,-0.12147228365948592
768.494,70.34092389,70.45618627884961,81.24804870768659,70.41185309349046,-0.11526238884961515
768.9761,70.29467543,70.43266986868724,81.21352696475239,70.38495869135053,-0.13799443868724381
769.4583,70.27370236,70.4085429463359,81.17666627780505,70.35743549268193,-0.13484058633589768
769.9403,70.25166468,70.38381894049985,81.13749243276638,70.32929876301925,-0.13215426049984558
770.4225,70.22159851,70.3584755117613,81.09597520600886,70.30052304737899,-0.1368770017612917
770.9045,70.18441564,70.33253181206805,81.05215147864823,70.2711300599314,-0.1481161720680575
771.3867,70.1806419,70.30596438825809,81.00598748181051,70.2410931981865,-0.12532248825809233
771.8688,70.17963444,70.27878760470416,80.9575139695377,70.21042869064851,-0.09915316470416258
772.351,70.13897191,70.25098816130017,80.90671374552454,70.17912149989044,-0.1120162513001759
772.833,70.10763583,70.22258146948828,80.853622203035,70.14718893364626,-0.11494563948826908
773.3152,70.09969437,70.1935418267401,80.79819850782135,70.11460206931999,-0.0938474567401073
773.7972,70.06747292,70.16389114319325,80.74049201490223,70.08138546384681,-0.096418223193254
774.2794,70.02030561,70.13360258004614,80.68045837217832,70.04750902136152,-0.11329697004615014
774.7615,69.98924197,70.10269250236614,80.61813790523289,70.01299103309125,-0.11345053236614433
775.2437,69.94889714,70.07114574943168,80.55350860938688,69.97781453984771,-0.12224860943167926
775.7257,69.90794954,70.03897975524448,80.48661540961243,69.94199893692841,-0.1310302152444791
776.2079,69.84942527,70.00616538310328,80.41740695180553,69.90551175325852,-0.1567401131032824
776.6899,69.80182351,69.97272735879845,80.34594495802025,69.86838045382362,-0.17090384879844578
777.1721,69.74062671,69.93863538333915,80.27217459225889,69.83057136492575,-0.19800867333914596
777.6542,69.70269411,69.90390786503575,80.19614566402987,69.79210488874905,-0.20121375503575223
778.1364,69.66394653,69.86852773939889,80.1178314106946,69.75296209568309,-0.20458120939888147
778.6184,69.63420596,69.83251450869855,80.0372861901231,69.71316452012535,-0.19830854869854875
779.1006,69.58899828,69.79583552046896,79.95444824474512,69.67267605080845,-0.2068372404689569
779.5826,69.56631268,69.75851838191915,79.86939152668529,69.63152713474025,-0.19220570191914987
780.0648,69.5255994,69.72052924872143,79.78205084093253,69.58968042501036,-0.19492984872142927
780.5469,69.50074772,69.68188862098229,79.69248537021079,69.54715848930346,-0.1811409009822853
781.0291,69.46416707,69.64257748140263,79.60066365595318,69.50394037289054,-0.17841041140262348
781.5111,69.41164674,69.60261745234743,79.50664936711735,69.46004980724396,-0.19097071234743623
781.9933,69.35153894,69.56197227325119,79.4103704844598,69.41544693811244,-0.21043333325118851
782.4753,69.34358055,69.52067250711742,79.31191302336404,69.37016527753363,-0.1770919571174261
782.9575,69.2810121,69.47868066831384,79.2112015800052,69.32416369884638,-0.19766856831384416
783.4396,69.21981957,69.43601940355282,79.10830457672427,69.27746699637792,-0.21619983355282102
783.9218,69.18207819,69.39266768770428,79.00318593254732,69.23005212946002,-0.2105894977042766
784.4038,69.10886756,69.3486493214413,78.89591848294293,69.18194509135967,-0.23978176144130714
784.886,69.0518733,69.30392433278423,78.78642011390187,69.13310217072551,-0.25205103278423735
785.368,68.97390132,69.25852632386999,78.67478870773516,69.0835600370677,-0.2846250038699907
785.8502,68.95203972,69.21241406073268,78.56093882700912,69.03327366602757,-0.26037434073268173
786.3323,68.89476831,69.16561239804678,78.44494797745705,68.98227014664452,-0.27084408804677196
786.8145,68.82001195,69.11809824176048,78.32677554055334,68.93052428528414,-0.29808629176048385
787.2965,68.75635924,69.06989763576138,78.20650335122141,68.8780644088201,-0.313538395761384
787.7787,68.71696823,69.02096678211282,78.08403939236246,68.82484282310655,-0.3039985521128159
788.2607,68.64740036,68.97134241478639,77.9594931877578,68.77089945745327,-0.3239420547863858
788.7429,68.5850848,68.9209794331402,77.83276946620865,68.71618526019378,-0.3358946331401995
789.225,68.50662974,68.8699049680438,77.70395463830525,68.6607296904533,-0.3632752280438041
789.7072,68.44889661,68.81809378927902,77.57300364397611,68.60450532832513,-0.36919717927901274
790.1892,68.42369432,68.76557425589598,77.44000712840733,68.54754291358891,-0.34187993589598875
790.6714,68.37755157,68.71229861797268,77.30486338744484,68.48979063177886,-0.33474704797268373
791.1534,68.30080869,68.65830684383045,77.16769333222675,68.43129178471928,-0.3574981538304485
791.6356,68.25209396,68.6035498362371,77.02839208184113,68.371993151912,-0.35145587623709673
792.1177,68.18792391,68.548057077744,76.88705475125997,68.31192664567027,-0.36013316774401005
792.5999,68.13490982,68.49180112849287,76.74363194581116,68.25106254017827,-0.35689130849286244
793.0819,68.06615936,68.43481274208266,76.59822291001225,68.18943407535347,-0.3686533820826554
793.5641,68.01207415,68.37704007883562,76.45071649257693,68.12698516681206,-0.3649659288356162
794.0461,67.95278942,68.3185264542564,76.3012447097679,68.06376261255761,-0.3657370342563979
794.5283,67.88674168,68.25921863278346,76.14969331873132,67.99970886958853,-0.37247695278345816
795.0104,67.84766258,68.1991485318152,75.99616591683076,67.9348583947157,-0.35148595181519227
795.4926,67.78657473,68.13828642209818,75.84060889243915,67.86917907022587,-0.35171169209817776
795.9746,67.69353093,68.07666553904876,75.68312985718572,67.8027067318392,-0.38313460904876706
796.4568,67.62011007,68.01422980347796,75.5236084759356,67.73538086336679,-0.3941197334779645
796.9388,67.5366374,67.95102600178816,75.36218756033153,67.66725189423047,-0.4143886017881613
797.421,67.47043239,67.88699660628747,75.19874377652047,67.59825779290085,-0.416564216287469
797.9031,67.41658775,67.82217606054516,75.03338896122997,67.5284356607437,-0.40558831054515565
798.3853,67.33782507,67.75653225985208,74.86606541395895,67.45775089582928,-0.41870718985208555
798.8673,67.26513603,67.69010101709505,74.69688886044281,67.38624203434046,-0.42496498709505204
799.3495,67.20153775,67.62282185161376,74.52573006775447,67.31384395393334,-0.4212841016137645
799.8315,67.13160066,67.55474515592849,74.35274230633722,67.2406108629513,-0.4231444959284829
800.3137,67.06645835,67.48580894414732,74.17779344484498,67.16647606280385,-0.4193505941473177
800.7958,66.98919408,67.41605028603188,74.0010032958348,67.09147940882218,-0.42685620603187147
801.278,66.92697954,67.34543460907175,73.82231020815581,67.01558371628987,-0.4184550690717401
801.76,66.83618075,67.27400040822265,73.64183774841378,66.93883033613818,-0.4378196582226508
802.2422,66.75763018,67.20168262701219,73.4594480940734,66.8611493529419,-0.44405244701218294
802.7242,66.67653974,67.12853541149481,73.2753046117064,66.7825989144954,-0.4519956714948137
803.2064,66.59224256,67.05449213908146,73.08926668788062,66.70310746401809,-0.46224957908145825
803.6885,66.51403953,66.97959261505126,72.90146182752231,66.62271773024993,-0.4655530850512548
804.1707,66.43183228,66.90379970053904,72.71182457687979,66.54138984102289,-0.4719674205390447
804.6527,66.3276415,66.82715468674382,72.52048605056969,66.45916808663233,-0.49951318674382605
805.1349,66.26840657,66.74958775454405,72.32730016605916,66.37597755904217,-0.4811811845440559
805.6169,66.16723728,66.67115696390199,72.13243999809241,66.29188051989247,-0.5039196839019979
806.0991,66.0771598,66.59179086451769,71.93575678773847,66.20680035049483,-0.5146310645176868
806.5812,66.00560206,66.51153211649581,71.73738542953882,66.12078278323669,-0.5059300564958136
807.0634,65.92776487,66.43034091000946,71.53725682467274,66.03378514799248,-0.5025760400094583
807.5454,65.84462871,66.34826145695506,71.3355093239387,65.94585481015652,-0.5036327469550628
808.0276,65.76541346,66.26521897619905,71.13198893508792,65.85691165703663,-0.49980551619904645
808.5096,65.67229532,66.18127561578167,70.92687802867027,65.76702225330017,-0.5089802957816687
808.9918,65.58467104,66.09635489416657,70.72002005725028,65.67610470217822,-0.5116838541665629
809.4739,65.49216338,66.0105024563354,70.51155698361762,65.58420788159262,-0.5183390763354083
809.9561,65.40331204,65.92367571109217,70.30141623052816,65.49128620749295,-0.52036367109217
810.4381,65.29122612,65.83592192655178,70.089743054869,65.39739026810736,-0.544695806551772
810.9203,65.23065915,65.74716114776636,69.87637592481832,65.30243452176569,-0.516501997766369
811.4023,65.10969706,65.65745979973973,69.66150607088959,65.20649004113928,-0.5477627397397242
811.8845,65.01575851,65.56673615379427,69.44496953371642,65.10946942305006,-0.5509776437942691
812.3666,64.9181421,65.47503898143545,69.22691500508554,65.01142484544299,-0.5568968814354491
812.8488,64.84142413,65.38232279426708,69.00726660469782,64.9123076894505,-0.5408986642670897
813.3308,64.72496117,65.28863806409048,68.78617614792243,64.81217192685202,-0.5636768940904773
813.813,64.61805757,65.19389943813732,68.56347495250671,64.71092635083299,-0.5758418681373172
814.295,64.51355489,65.09817782298497,68.33936265060677,64.6086467639438,-0.5846229329849706
814.7772,64.38710337,65.00138601482487,68.11366826620142,64.50524001661928,-0.6142826448248684
815.2593,64.26369547,64.90357606588128,67.88654686371257,64.40076175498476,-0.6398805958812801
815.7415,64.13256145,64.80469946983642,67.65791944346313,64.29516020026703,-0.6721380198364244
816.2235,64.01015896,64.70481006257435,67.42794401498028,64.18849288259344,-0.6946511025743547
816.7057,63.87590816,64.60381685772548,67.1964451528123,64.08066268267002,-0.727908697725475
817.1877,63.79843677,64.50179546487534,66.9636304110123,63.97175037290066,-0.703358694875341
817.6699,63.6686016,64.39865296551497,66.72932220995406,63.861656806476404,-0.7300513655149672
818.152,63.56834834,64.29444486039444,66.49368161404307,63.75044128071832,-0.7260965203944352
818.6342,63.44343671,64.18911950038937,66.25662669577235,63.63804872863052,-0.7456827903893668
819.1162,63.35187379,64.08273425988493,66.01832127862679,63.524540428782984,-0.7308604698849308
819.5984,63.23923024,63.97519227202761,65.77858361831633,63.4098130918796,-0.735962032027615
820.0804,63.13396577,63.86657408886982,65.5376286907323,63.29395271955556,-0.7326083188698149
820.5626,63.01329714,63.75678082681932,65.29527274249307,63.176853907119835,-0.7434836868193244
821.0447,62.88937605,63.645871617758296,65.05168244990783,63.05857980228767,-0.756495567758293
821.5269,62.77149736,63.533791541671256,64.80677315660105,62.9390719195505,-0.7622941816712583
822.0089,62.65816177,63.42060170110127,64.56071410482063,62.81839549266883,-0.7624399311012695
822.4911,62.5282535,63.30619909170298,64.31331767192313,62.69644079598841,-0.7779455917029807
822.9731,62.43479798,63.190669466779966,64.06480573643196,62.5732993405674,-0.7558714867799665
823.4553,62.27958765,63.073907717552736,63.81498881683781,62.44885919490977,-0.7943200675527322
823.9374,62.16723911,62.955976805763925,63.564038798749515,62.32318757397924,-0.7887376957639276
824.4196,62.03742429,62.836818410473626,63.311868502819586,62.196222443095664,-0.7993941204736288
824.9016,61.90744362,62.716497568630125,63.05865218079293,62.06803321611045,-0.8090539486301225
825.3838,61.76188226,62.594904872613114,62.804196787231845,61.93850345763528,-0.8330226126131137
825.8658,61.62614831,62.47213155649329,62.54873056615481,61.80773049067068,-0.8459832464932902
826.348,61.51145485,62.34806601797227,62.2920587682687,61.67559558169553,-0.8366111679722721
826.8301,61.37906036,62.222775264970856,62.03435807229607,61.54217024906116,-0.8437149049708594
827.3123,61.26586079,62.09619744524231,61.77553898825083,61.40738877990725,-0.8303366552423128
827.7943,61.11583155,61.96840175447347,61.51578035499899,61.27132501288301,-0.8525702044734658
828.2765,60.96057379,61.839272109017095,61.25488417385113,61.13385552483629,-0.8786983190170972
828.7585,60.82710903,61.708905525470506,60.99308450051998,60.99508377717376,-0.8817964954705033
829.2407,60.68568679,61.57718363343554,60.73018179188175,60.854883955405114,-0.8914968434355401
829.7228,60.56023812,61.44417772254438,60.466357090986,60.71333213848804,-0.8839396025443804
830.205,60.40507992,61.30982228052506,60.20151881546325,60.57035881053821,-0.9047423605250628
830.687,60.26830511,61.17419090587079,59.93584995681215,60.426042501327515,-0.9058857958707875
831.1692,60.08641654,61.03716056154602,59.669148045486054,60.28025252028641,-0.950744021546015
831.6512,59.94624812,60.89883437228786,59.40165237973903,60.133098819340404,-0.9525862522878583
832.1334,59.80867042,60.7590869213354,59.1331591090384,59.98444822364033,-0.950416501335404
832.6155,59.65178832,60.61799403657014,58.8638532003878,59.83438165301314,-0.966205716570137
833.0977,59.51608239,60.4754864211449,58.593641202677354,59.68282567096075,-0.9594040311448992
833.5797,59.33162453,60.3316423419702,58.32270981446921,59.529863788295145,-1.0000178119702028
834.0619,59.19057055,60.18633152966909,58.05085258943904,59.37535776956619,-0.9957609796690932
834.5439,59.03296164,60.039663568288574,57.778313485234946,59.21942443675911,-1.006701928288571
835.0261,58.87246318,59.891505716023886,57.50488484162311,59.06192297893621,-1.019042536023889
835.5082,58.70187695,59.74193861850783,57.230755098651926,58.9029394622319,-1.0400616685078319
835.9904,58.54289394,59.59088907701781,56.95582916495407,58.74239642296229,-1.0479951370178142
836.4724,58.3718589,59.43844031600125,56.68029699056881,58.58038266861347,-1.0665814160012488
836.9546,58.1985616,59.28445455699956,56.403948656954945,58.41675214832199,-1.0858929569995652
837.4366,58.0440509,59.12904822186628,56.12703218541074,58.25162896291748,-1.0849973218662754
837.9188,57.84671293,58.97208096874953,55.84933661378336,58.084864398384966,-1.125368038749528
838.4009,57.70404027,58.81363856562193,55.571053394798874,57.91655000006247,-1.1095982956219288
838.8831,57.4983651,58.65364380558535,55.29208602959019,57.74660418606025,-1.1552787055853457
839.3651,57.3418336,58.49218518537107,55.01262725516517,57.575121404146685,-1.1503515853710695
839.8473,57.17049359,58.32911714763398,54.73246419457432,57.40194753025537,-1.1586235576339803
840.3293,57.00169095,58.164563359667575,54.45184832585928,57.227214383894434,-1.1628724096675782
840.8115,56.83141946,57.99837561331069,54.170565901560224,57.050765095930274,-1.166956153310693
841.2936,56.65034352,57.83064513082563,53.88881091836466,56.87269705366549,-1.1803016108256301
841.7758,56.47198597,57.66129060635761,53.60648570636176,56.692924486943525,-1.1893046363576119
842.2578,56.2779738,57.49040615154385,53.32378531721692,56.51154785774776,-1.2124323515438533
842.74,56.09626227,57.31783817307693,53.04049443736487,56.32840473080863,-1.221575903076932
843.222,55.92334355,57.14371802226,52.7568673849923,56.143635116919,-1.220374472260005
843.7042,55.73014626,56.967889373284244,52.472688151500826,55.95707376222403,-1.237743113284246
844.1863,55.54015072,56.79044926441094,52.188152801608524,55.76882429109472,-1.2502985444109385
844.6685,55.32716504,56.61131222095477,51.90316273392535,55.578796702387024,-1.2841471809547755
845.1505,55.14653253,56.43057834229681,51.617914835806275,55.3870978789388,-1.2840458122968101
845.6327,54.93233783,56.24808576184217,51.3321918855577,55.19355686450653,-1.3157479318421679
846.1147,54.73243053,56.06397398612174,51.046250416722295,54.99832236807711,-1.3315434561217359
846.5969,54.51157585,55.87807834273267,50.75987268998999,54.80122055285351,-1.3665024927326712
847.079,54.30416792,55.690502079869,50.47325635612095,54.602361710187864,-1.3863341598690013
847.5612,54.12289583,55.50115551140574,50.186302124319155,54.40165160001065,-1.3782596814057442
848.0432,53.88051615,55.31014512989171,49.899208233173795,54.19920396767333,-1.4296289798917101
848.5254,53.68718914,55.11730058628018,49.611756086729905,53.99483916441186,-1.4301114462801792
849.0074,53.4581549,54.92277004771801,49.324203802435676,53.78871513981133,-1.464615147718014
849.4896,53.23181397,54.7263802975625,49.03633244563519,53.580649317836304,-1.4945663275625023
849.9717,53.02406519,54.52824122255291,48.74834076626413,53.37075912387198,-1.5041760325529054
850.4539,52.80908232,54.328258917192535,48.46012902809108,53.158946114336416,-1.5191765971925335
850.9359,52.61002433,54.126546707508275,48.171896332183806,52.945331375876464,-1.5165223775082737
851.4181,52.40332412,53.92292559095426,47.88342324624053,52.72972644557052,-1.5196014709542567
851.9001,52.17975701,53.71755293603303,47.59496883505729,52.51229909214709,-1.5377959260330272
852.3823,51.95668298,53.51024682602027,47.306313507595895,52.29285789823743,-1.5535638460202748
852.8644,51.76220918,53.30112425180432,47.01765662241946,52.07152792945746,-1.5389150718043183
853.3466,51.54212835,53.09008712379782,46.728898243112184,51.84820662720726,-1.5479587737978235
853.8286,51.3152113,52.877256078787966,46.440237841370354,51.62302293700978,-1.562044778787964
854.3108,51.10704878,52.66244333944015,46.151455689154275,51.39577952354452,-1.5553945594401526
854.7928,50.8936014,52.44581605233664,45.86281115851889,51.16665458918769,-1.5522146523366374
855.275,50.65720706,52.22718349886074,45.57408454324825,50.93544784144139,-1.569976438860742
855.7571,50.43823278,52.00667027863685,45.28547531751739,50.702292532924105,-1.5684374986368468
856.2393,50.21751569,51.78417420616592,44.99688359063166,50.46708214244714,-1.5666585161659228
856.7213,49.95975023,51.55982374491009,44.708508711190625,50.229954031756634,-1.6000735149100933
857.2035,49.7341094,51.33342228464217,44.420131197354884,49.99070201361333,-1.599312884642167
857.6855,49.48293952,51.105147362539604,44.13201008641081,49.74951537312543,-1.622207842539602
858.1677,49.22586931,50.87479942435154,43.84392609903951,49.50618499310639,-1.6489301143515362
858.6498,48.97779191,50.642511223415525,43.55607833077137,49.26085290101288,-1.6647193134155245
859.132,48.72469982,50.40817663020147,43.26836718256272,49.01340884129881,-1.6834768102014692
859.614,48.4618566,50.17193249034061,42.980991385548066,48.7639991889034,-1.7100758903406117
860.0962,48.20218935,49.933573381055055,42.69373224597689,48.51240902099633,-1.7313840310550574
860.5782,47.95232751,49.69328787702995,42.40684782400899,48.25883938601284,-1.740960367029949
861.0604,47.6719635,49.45086763857261,42.12011980878791,48.00307249444744,-1.7789041385726136
861.5425,47.40117491,49.206454158570345,41.83374642293718,47.74525977656819,-1.8052792485703435
862.0247,47.14324839,48.9599375908508,41.547628604384116,47.485287559149796,-1.8166892008508029
862.5067,46.89553882,48.71146375812331,41.261963973026646,47.223311865139294,-1.8159249381233096
862.9889,46.62734815,48.46081854089088,40.976535163657836,46.95910926703665,-1.8334703908908736
863.4709,46.37091884,48.208202229575086,40.69159861823938,46.6928932833255,-1.8372833895750844
863.9531,46.08302719,47.95339785077511,40.4069375340446,46.42443772569821,-1.8703706607751087
864.4352,45.81162174,47.696556262674434,40.12274876776678,46.15390409237435,-1.8849345226744347
864.9174,45.52589299,47.43756421792886,39.8389340383785,45.881175710601084,-1.9116712279288564
865.3994,45.23822235,47.17657714885143,39.55568936261266,45.60641891989896,-1.938354798851428
865.8816,44.94612853,46.91337246919652,39.2727992414347,45.329402153625864,-1.9672439391965142
866.3636,44.65113387,46.64816288927239,38.99051786044875,45.05035212466811,-1.9970290192723894
866.8458,44.38185053,46.38072307436027,38.70863046143519,44.76903466089743,-1.9988725443602675
867.3279,44.08334264,46.111213910605436,38.42733204462251,44.48562202497216,-2.027871270605438
867.8101,43.79323324,45.83951916598759,38.146525352217125,44.19999507704894,-2.04628592598759
868.2921,43.51386349,45.56580454845044,37.86640430895248,43.91233116826159,-2.0519410584504385
868.7743,43.20015389,45.28983936901133,37.58675581537709,43.622391113653364,-2.0896854790113295
869.2563,42.92896247,45.01184947943505,37.30783116711723,43.33041554992056,-2.082887009435048
869.7385,42.61367653,44.73160159693468,37.02941818215579,43.03616289830265,-2.1179250669346814
870.2206,42.3308008,44.44926732935932,36.751709517458806,42.73981690405482,-2.118466529359324
870.7028,42.02263094,44.16472799025356,36.474609178135466,42.44125661871472,-2.142097050253561
871.1848,41.71515854,43.87816025542753,36.198308512428156,42.14067111501737,-2.1630017154275336
871.667,41.40412831,43.58932585177858,35.92259734826962,41.83781428631369,-2.185197541778585
872.149,41.09864126,43.29846449893997,35.64772346385436,41.53294140973671,-2.1998232389399703
872.6312,40.7749882,43.00533554077138,35.37347777899119,41.22580425946252,-2.230347340771374
873.1133,40.45051859,42.71012202195705,35.10005012557374,40.91659878842974,-2.2596034319570464
873.5955,40.12565459,42.41270345723899,34.82734600812632,40.60520303360195,-2.287048867238987
874.0775,39.82440121,42.113268197201926,34.555553719499805,40.29181849720287,-2.288866987201928
874.5597,39.51690982,41.81157107819655,34.284466535816605,39.976193042378824,-2.294661258196548
875.0417,39.1707444,41.507866401159134,34.014328098174964,39.658597266101495,-2.3371220011591376
875.5239,38.86314788,41.2019068928022,33.744932946375705,39.33877725569191,-2.3387590128021998
876.006,38.53450886,40.89388775641958,33.4764676116639,39.01694188255584,-2.359378896419578
876.4882,38.20717036,40.58368749840281,33.208839330703064,38.69296910455894,-2.3765171384028108
876.9702,37.88055719,40.27150684864905,32.942232868886315,38.36707353516577,-2.390949658649049
877.4524,37.55337659,39.957094640406616,32.67644546295614,38.038998109705375,-2.403718050406617
877.9344,37.22644604,39.6407204319595,32.41171600665355,37.70902935460687,-2.414274391959502
878.4166,36.89533288,39.32213128866999,32.14784316910627,37.37690884577411,-2.4267984086699954
878.8987,36.55050796,39.00153527964115,31.885009712805505,37.04285904025819,-2.451027319641156
879.3809,36.18261206,38.67881083393658,31.62312483486493,36.70675889411304,-2.496198773936584
879.8629,35.84697119,38.35417173892247,31.362369309220632,36.368836755043176,-2.5072005489224694
880.3451,35.51576997,38.02736192192903,31.102544835923972,36.02883195481748,-2.5115919519290273
880.8271,35.15093369,37.69866680474729,30.843884962104053,35.68704744692343,-2.547733114747288
881.3093,34.82299986,37.36782896120186,30.58619298535533,35.34322169528342,-2.544829101201856
881.7914,34.46610822,37.03506998957233,30.329647440010724,34.99759132714344,-2.5689617695723257
882.2736,34.11795041,36.70026931346053,30.074159706911146,34.650037508637354,-2.582318903460532
882.7556,33.76301861,36.36365439691747,29.81990611382699,34.30080284314059,-2.600635786917465
883.2378,33.40958728,36.02496557908857,29.56669331571295,33.94962460850198,-2.615378299088576
883.7198,33.04366388,35.68450463941368,29.314748926423576,33.59682251745704,-2.6408407594136847
884.202,32.70315511,35.342011052616535,29.063881359619135,33.242133545820224,-2.638855942616537
884.6841,32.3442138,34.99772052674912,28.814264471985656,32.885808942642925,-2.6535067267491215
885.1663,31.9856562,34.651514685374,28.565812045723565,32.527733413564334,-2.6658584853740024
885.6483,31.62180219,34.30363518679113,28.318695518227894,32.168164183033085,-2.681832996791133
886.1305,31.26065059,33.95382032360726,28.072726978522198,31.806838243377033,-2.6931697336072595
886.6125,30.91765633,33.60238856180393,27.82812753468307,31.444092167651135,-2.6847322318039275
887.0947,30.53431528,33.24907789236512,27.58471119116642,31.07966328125517,-2.7147626123651207
887.5768,30.16741236,32.89413858077185,27.3426466886391,30.7138177108944,-2.7267262207718517
888.059,29.79147346,32.53745577240694,27.101850422047228,30.346445119443302,-2.7459823124069445
888.541,29.41500256,32.17928568144157,26.862488505891328,29.97781749469594,-2.7642831214415686
889.0232,29.03201757,31.819366312762305,26.624378928686525,29.607673511104295,-2.7873487427623047
889.5052,28.68918111,31.45803291706599,26.387735735931322,29.236366393462532,-2.768851807065989
889.9874,28.32844523,31.095023829165356,26.15237898343158,28.863635843879077,-2.7665785991653564
890.4695,27.93795991,30.730604124086778,25.91847186976196,28.489762850927498,-2.7926442140867778
890.9517,27.54820388,30.364663878109845,25.685933607162468,28.114643497380293,-2.8164599981098455
891.4337,27.17538945,29.99747400010976,25.454924567582825,27.738564373614423,-2.8220845501097607
891.9159,26.79514823,29.628774163674066,25.225269089421033,27.361267968185103,-2.8336259336740675
892.3979,26.42433134,29.25891619347003,24.997173616016617,26.983123548606354,-2.83458485347003
892.8801,26.03942921,28.887640783491037,24.770464699624135,26.60387536974634,-2.848211573491035
893.3622,25.67236055,28.51522779933441,24.54529958411232,26.22381890631847,-2.842867249334411
893.8444,25.28955693,28.14157370119451,24.32160049614852,25.842858109816454,-2.85201677119451
894.3264,24.91332373,27.766963929150304,24.09952165948716,25.46129361786134,-2.8536401991503055
894.8086,24.51691951,27.391141944629158,23.878894196506728,25.07887397728414,-2.874222434629157
895.2906,24.15185769,27.01447553627074,23.659916427512037,24.69598338800038,-2.862617846270741
895.7728,23.7763246,26.636709919947286,23.442421829598747,24.31237292452968,-2.8603853199472873
896.2549,23.38748724,26.258139373896157,23.226561293911395,23.9283517136049,-2.870652133896158
896.7371,23.00288309,25.878668180621165,23.01226025069941,23.5438329362625,-2.8757850906211644
897.2191,22.61338986,25.498595754520522,22.799666385012326,23.159130227310502,-2.885205894520521
897.7013,22.23214978,25.117671574725872,22.588618019784047,22.7740004782898,-2.8855217947258716
898.1833,21.84333059,24.736278284324897,22.37930485156469,22.388841103313176,-2.8929476943248957
898.6655,21.45500446,24.3541678732214,22.17156769275673,22.003412278602063,-2.899163413221398
899.1476,21.06203754,23.97164819754209,21.965550699467578,21.618035386370032,-2.9096106575420926
899.6298,20.69347458,23.58863271205842,21.76118268615721,21.232634022334047,-2.8951581320584197
900.1118,20.29507561,23.20543375571008,21.558604424891712,20.847533170447768,-2.9103581457100773
900.594,19.9001753,22.82180909628932,21.35766183701404,20.462500309250334,-2.9216337962893206
901.076,19.51551994,22.43815451643201,21.158535516169835,20.077943635687408,-2.92263457643201
901.5582,19.11819459,22.0542310463521,20.96107400142292,19.693634633703457,-2.936036456352099
902.0403,18.7416866,21.67035872520454,20.76541434831645,19.30990487974214,-2.928672125204539
902.5225,18.36578695,21.286461354380055,20.57148892709129,18.92668929678091,-2.9206744043800548
903.0045,17.98346223,20.9028625522039,20.37943123984607,18.544321873825044,-2.9194003222038987
903.4867,17.61370086,20.519330601248814,20.189095184308485,18.162582775494137,-2.905629741248813
903.9688,17.22964599,20.13619256508331,20.000612887918564,17.781808859561234,-2.9065465750833077
904.4509,16.87834612,19.753459005801467,19.813957708772747,17.40202159641196,-2.8751128858014674
904.933,16.4627775,19.371221787383128,19.629142532881353,17.023323289858546,-2.9084442873831264
905.4152,16.11148854,18.989495394336643,19.44614235535869,16.6457396148374,-2.8780068543366433
905.8972,15.73855778,18.608612386679408,19.26508306967819,16.269610443709144,-2.870054606679407
906.3794,15.35285437,18.228353644653247,19.085826906928034,15.894730478054463,-2.8754992746532473
906.8615,15.00007043,17.84905457502149,18.908498324896776,15.521441623157733,-2.8489841450214914
907.3436,14.63482497,17.470736414806805,18.733072164960973,15.149775575552706,-2.835911444806804
907.8257,14.28493139,17.09350091462025,18.55956050023677,14.779843235696497,-2.80856952462025
908.3079,13.90595006,16.71737348516353,18.387939874154824,14.41168060760831,-2.8114234251635306
908.7899,13.53832327,16.34269251735545,18.218328252225614,14.045629496604635,-2.8043692473554493
909.2721,13.18413535,15.96925332462325,18.050596533799684,13.68150064266316,-2.7851179746232493
909.7542,12.83993343,15.59739631148532,17.88486119127235,13.319636798984567,-2.757462881485319
910.2363,12.46246754,15.227152860409669,17.721098604648564,12.960078786541732,-2.7646853204096686
910.7184,12.11378359,14.858633246417565,17.55931999708515,12.602944088294958,-2.744849656417564
911.2006,11.77324687,14.491873126263895,17.39950351108078,12.248277761757151,-2.718626256263896
911.6826,11.44608301,14.127212787765043,17.241758885121097,11.896418760938975,-2.681129777765042
912.1647,11.10130873,13.764538471631536,17.085998097482523,11.547267057114324,-2.663229741631536
912.6469,10.76327887,13.403966380073019,16.932233043275726,11.200944842198144,-2.6406875100730183
913.129,10.43212543,13.045761959084388,16.78053798861503,10.857716730726969,-2.6136365290843884
913.6111,10.12345063,12.689966994161392,16.630891172550463,10.517631985351974,-2.566516364161391
914.0932,9.794889417,12.336699121460674,16.48330278216355,10.180812341114715,-2.5418097044606736
914.5753,9.471036893,11.986076744486228,16.337782852782762,9.847379784673631,-2.515039851486227
915.0574,9.164129918,11.638218954031341,16.194341267073316,9.517456457291084,-2.474089036031341
915.5396,8.824890912,11.293174196301113,16.05295865103485,9.191097259139857,-2.468283284301112
916.0217,8.517944379,10.95120581847649,15.913703221606223,8.868559723601885,-2.4332614394764907
916.5038,8.194361741,10.61236260455185,15.776554860842875,8.549897787415365,-2.4180008635518497
916.9859,7.890916986,10.276765536764419,15.641522831810256,8.235233192500829,-2.385848550764419
917.468,7.586458673,9.94453584201791,15.508616240499693,7.924687315667201,-2.3580771690179096
917.9501,7.266867376,9.615794895414414,15.377844034973984,7.618381058633794,-2.3489275194144135
918.4323,6.986448974,9.290597063721554,15.249188546458623,7.316372565467175,-2.3041480897215543
918.9144,6.670362649,8.969198621261986,15.122711767989617,7.018906734578772,-2.298835972261986
919.3965,6.375457679,8.651652966013575,14.998395265267881,6.726039278718152,-2.276195287013575
919.8786,6.092650796,8.338081054104109,14.876247346261342,6.43788806820837,-2.2454302581041086
920.3607,5.817321751,8.02860347327577,14.75627615688415,6.154569926571378,-2.2112817222757695
920.8428,5.556994681,7.723340333613488,14.6384896802007,5.876200513067228,-2.1663456526134883
921.325,5.30458002,7.422349193946599,14.522871986441906,5.602838046904296,-2.1177691739465985
921.8071,5.056231035,7.125873736036572,14.409478686181066,5.334708905001757,-2.069642701036572
922.2892,4.804474883,6.833969091487447,14.29829306443962,5.071867324100693,-2.0294942084874465
922.7713,4.575025343,6.546752336279217,14.189322445093211,4.814423122662551,-1.9717269932792165
923.2534,4.334208789,6.264339500920165,14.082573985340272,4.562484362809116,-1.9301307119201647
923.7355,4.102752933,5.986845453833808,13.978054674967362,4.3161572324677016,-1.884092520833808
924.2177,3.864318557,5.71432779839228,13.875750351826767,4.07549661924346,-1.8500092413922804
924.6998,3.666319473,5.447011777113695,13.775710102170766,3.840704447340359,-1.7806923041136948
925.1819,3.432570928,5.184951026114178,13.67791896091813,3.611830077460879,-1.7523800981141782
925.664,3.214313807,4.928254590561646,13.582383241032822,3.3889710392996393,-1.7139407835616458
926.1461,3.00739075,4.67702976596049,13.489109084549582,3.1722224142920217,-1.66963901596049
926.6282,2.799368911,4.431381981238678,13.39810246190246,2.9616767254897516,-1.6320130702386777
927.1104,2.615133075,4.191365503440638,13.309351001900911,2.757382121064469,-1.5762324284406377
927.5925,2.434690912,3.957181248584522,13.222897141817837,2.559510434731621,-1.522490336584522
928.0746,2.238484574,3.728877984258105,13.138727691826952,2.368102852372091,-1.490393410258105
928.5567,2.062764472,3.506552521243672,13.056847929423347,2.183240607248568,-1.4437880492436719
929.0388,1.904799826,3.290299234516236,12.977262957305852,2.0050018598202355,-1.3854994085162358
929.5209,1.755750125,3.0802099540957233,12.899977702771086,1.8334616036942712,-1.3244598290957232
930.0031,1.604234709,2.876332231825599,12.824981603537847,1.66865810456219,-1.2720975228255988
930.4852,1.460570219,2.678837065146021,12.752310340903447,1.5107281204998724,-1.218266846146021
930.9673,1.314465704,2.48776508361212,12.681952520328423,1.3597017331020835,-1.1732993796121198
931.4494,1.205135709,2.303196890871591,12.61391236162619,1.2156403994605063,-1.0980611818715909
931.9315,1.089053415,2.125210036009852,12.548193906345585,1.0786019953751644,-1.036156621009852
932.4136,0.951116421,1.953878920435081,12.48480101723258,0.9486407449758696,-1.002762499435081
932.8958,0.861704889,1.7892412675925684,12.423724953394998,0.825782418738916,-0.9275363785925684
933.3779,0.772165727,1.6314332155609266,12.364994551244461,0.7101247098684653,-0.8592674885609266
933.86,0.683580317,1.4804843555988227,12.308600226140978,0.6016842913042112,-0.7969040385988228
934.3421,0.610629804,1.336455638282759,12.254545120428034,0.5005001696519878,-0.725825834282759
934.8242,0.529143279,1.1994044564567303,12.202832195127574,0.4066074194950986,-0.6702611774567303
935.3063,0.459075858,1.069384575659055,12.15346422947161,0.32003714255840454,-0.6103087176590549
935.7885,0.401852252,0.9464213063222278,12.106434310889878,0.2408007638439552,-0.5445690543222277
936.2706,0.324871178,0.8306119775435072,12.061764360469505,0.16895420633402797,-0.5057407995435073
936.7527,0.279248279,0.7219728643498939,12.019446612585417,0.10449926560323075,-0.44272458534989395
937.2348,0.241188935,0.6205426196552867,11.979483114823271,0.04745085041237512,-0.3793536846552867
937.7169,0.23029661,0.5263559922619534,11.94187573081435,-0.002180226192168233,-0.2960593822619534
938.199,0.189580659,0.4394437866233336,11.906626139838883,-0.044387254807197185,-0.2498631276233336
938.6812,0.18340198,0.3598170735617345,11.873729258975564,-0.07917407597741477,-0.1764150935617345
939.1633,0.166149145,0.28753169929968353,11.843200042364465,-0.10652776125475258,-0.12138255429968353
939.6454,0.14087704,0.22258917492669916,11.815032546950206,-0.1264618889988106,-0.08171213492669915
940.1275,0.15734356,0.16500423112881402,11.789227710846669,-0.13898613251289277,-0.007660671128814023
940.6096,0.134384598,0.11478753373920236,11.765786286016459,-0.14411422455990236,0.01959706426079763
941.0917,0.163609679,0.07194567614065334,11.74470883794773,-0.14186393198060293,0.09166400285934667
941.5739,0.19076347,0.03647458622158381,11.725992109046352,-0.13225427079153096,0.15428888377841618
942.056,0.209592204,0.008387423398805383,11.709644054002903,-0.11531496903668532,0.20120478060119462
942.5381,0.234245222,-0.01232954841756563,11.695660550278511,-0.09107446025779306,0.24657477041756565
943.0202,0.296040742,-0.02568599144831335,11.684041414445488,-0.059566288416462804,0.3217267334483134
943.5023,0.338728757,-0.031695595272310015,11.674786275175027,-0.020827825889465273,0.37042435227231
943.9844,0.400919806,-0.03037605141666394,11.667894572989796,0.02509978263371887,0.43129585741666393
944.4666,0.48959744,-0.021746476817986665,11.663364865625764,0.07818342722961408,0.5113439168179866
944.9487,0.567669005,-0.005836053537243452,11.66119809520326,0.13835257940960916,0.5735050585372434
945.4308,0.652521049,0.0173267580804983,11.66139195200829,0.20556542869549826,0.6351942909195016
945.9129,0.733302542,0.04770861715643265,11.66394512171294,0.27976639257981484,0.6855939248435674
946.395,0.830658065,0.085272385891343,11.668856100796582,0.3608964636516687,0.7453856791086569
946.8771,0.928680825,0.12997718538867825,11.676123196375906,0.44889329123131383,0.7987036396113218
947.3593,1.041464195,0.18178993390500814,11.685746765835571,0.5437116309721218,0.8596742610949919
947.8414,1.157058565,0.24064095732425,11.697720745205341,0.6452433651823228,0.91641760767575
948.3235,1.271315949,0.3064885438346078,11.71204462425254,0.7534355982521502,0.9648274051653921
948.8056,1.408434911,0.37927749782262327,11.728715951166118,0.868213491210299,1.0291574131773769
949.2877,1.543741535,0.45894922787012415,11.747732084119427,0.9894993199549924,1.084792307129876
949.7698,1.684135095,0.5454418278302099,11.769090191179407,1.1172125753703297,1.1386932671697902
950.252,1.819510193,0.6387101997159261,11.79279240802247,1.2512985249734585,1.1807999932840738
950.7341,1.959364412,0.7386473685694512,11.818825690842937,1.39161576967222,1.2207170434305488
951.2162,2.131809651,0.8452006484341351,11.847191309898454,1.5381032195961746,1.2866090025658652
951.6983,2.292712969,0.9582957526399625,11.877885672149718,1.6906702691745978,1.3344172163600376
952.1804,2.420841563,1.0778555345406386,11.910904994197734,1.8492240586342064,1.3429860284593615
952.6625,2.621851926,1.2038000868478314,11.946245302273757,2.01366958461583,1.4180518391521688
953.1447,2.799269134,1.3360749225564845,11.983910483341166,2.183945718273606,1.4631942114435157
953.6268,2.966246193,1.4745400419809664,12.0238805599199,2.359882862564436,1.4917061510190335
954.1089,3.154504457,1.6191346539529816,12.066158558142973,2.541414969979097,1.5353698030470182
954.591,3.325352118,1.7697688438195485,12.110739742895165,2.72843958459354,1.5555832741804516
955.0731,3.530457152,1.9263504627710697,12.157619188846118,2.9208526700762274,1.6041066892289302
955.5552,3.738893206,2.0887852375255833,12.206791780522627,3.1185487228418363,1.6501079684744169
956.0374,3.946916935,2.257012358677444,12.258263123569284,3.3214634953167055,1.6899045763225558
956.5195,4.166428652,2.4308638446186395,12.312006372984404,3.529404706580126,1.73556480738136
957.0016,4.381730447,2.6102740084751432,12.368026280580182,3.7423046739286963,1.7714564385248566
957.4837,4.608783131,2.7951411912264392,12.426316971273453,3.9600531471895737,1.8136419397735608
957.9658,4.827593758,2.985362167685673,12.486872380408393,4.182538966420715,1.8422315903143267
958.4479,5.068941097,3.1808322586524453,12.549686253912972,4.409650170479454,1.8881088383475544
958.9301,5.303155356,3.3814875812375758,12.614765877973932,4.641322609321387,1.9216677747624247
959.4122,5.537011631,3.5871376396621053,12.682077626252457,4.877346930106675,1.949873991337895
959.8943,5.78928939,3.797715144126433,12.751627940526053,5.117656985804753,1.9915742458735672
960.3764,6.044353477,4.013110711760802,12.823409810863264,5.362138666617094,2.031242765239198
960.8585,6.269259623,4.2332140581529725,12.897416038910299,5.6106775810672955,2.0360455648470275
961.3406,6.538623352,4.457914104925532,12.973639238132549,5.863159154284938,2.080709247074468
961.8228,6.765988045,4.687147082329493,13.052088331674865,6.119522278536953,2.0788409626705073
962.3049,7.047730937,4.920705543786414,13.132723018072394,6.379545947896253,2.127025393213586
962.787,7.299548415,5.158523737839717,13.215551387920279,6.643168377335362,2.141024677160283
963.2691,7.584017563,5.400488456692365,13.30056530462656,6.910275196869396,2.1835291063076347
963.7512,7.850607322,5.646486213315042,13.387756444843586,7.180752310428524,2.2041211086849577
964.2333,8.118011668,5.896403338817129,13.477116298796341,7.454485979889148,2.22160832918287
964.7155,8.388994653,6.15017909324732,13.568655377670016,7.7314206561559295,2.2388155597526795
965.1976,8.671351285,6.407594450363989,13.662326831059026,8.011328676071635,2.263756834636011
965.6797,8.967699331,6.668587996134574,13.758140351902359,8.294154962475597,2.299111334865426
966.1618,9.254496243,6.933046263926124,13.856086688257955,8.579787996041443,2.3214499790738765
966.6439,9.534123848,7.200856058279614,13.95615640362045,8.868116995088167,2.333267789720386
967.126,9.826344827,7.4719045381540665,14.058339877338291,9.159031983156838,2.3544402888459333
967.6082,10.12485195,7.746136485046334,14.162649154518684,9.452484960242886,2.3787154649536664
968.0903,10.44344505,8.023326244712834,14.269030981877496,9.748246018873648,2.4201188052871654
968.5724,10.73711232,8.30341906324227,14.377496603027298,10.0462685794607,2.4336932567577296
969.0545,11.00846122,8.58630429689959,14.4880356651647,10.34644650550411,2.4221569231004096
969.5366,11.32625296,8.871872032509359,14.600637633650772,10.648674760913844,2.454380927490641
970.0187,11.62322681,9.160013154400481,14.715291792518052,10.95284946052404,2.463213655599519
970.5009,11.93130429,9.450679936065871,14.832011661635502,11.25893157815991,2.480624353934129
970.983,12.22746261,9.743644469365142,14.950737750634913,11.566692701088265,2.483818140634858
971.4651,12.52247685,10.03886043221256,15.071482797090441,11.876095960813553,2.48361641778744
971.9472,12.83448003,10.33622251226472,15.194235365061006,12.187042525546605,2.4982575177352793
972.4293,13.13634104,10.635626487131804,15.31898384004251,12.499434925462037,2.500714552868196
972.9114,13.44820058,10.936969274427106,15.44571642956649,12.813177086833328,2.5112313055728936
973.3936,13.77121095,11.240212049912387,15.574448064245335,13.128239825878962,2.5309989000876136
973.8757,14.05606717,11.545128358307922,15.70511320196205,13.444399259992837,2.5109388116920783
974.3578,14.38725458,11.851681510479894,15.837726012678644,13.761628894862692,2.5355730695201064
974.8399,14.6843259,12.159773429651054,15.972273998333542,14.079838531716595,2.5245524703489455
975.322,15.02126005,12.469307388183196,16.108744486129034,14.398939500688408,2.551952661816804
975.8041,15.33646705,12.780188041411026,16.24712462922345,14.718844680183805,2.556279008588973
976.2863,15.64020873,13.092386326982744,16.387430700306105,15.039535088369755,2.547822403017255
976.7684,15.93774294,13.405680252503538,16.529591310150295,15.360793723595394,2.5320626874964614
977.2505,16.27217443,13.720043417983245,16.67362199487801,15.682604637403013,2.552131012016755
977.7326,16.57403995,14.035386298720935,16.81950921867806,16.0048870510215,2.5386536512790645
978.2147,16.88941278,14.351620884675716,16.96723927539491,16.32756179815207,2.5377918953242844
978.6968,17.21318705,14.668660699682015,17.116798289317362,16.650551331740587,2.544526350317984
979.179,17.52990035,14.9864867990138,17.268203802134746,16.97384679441403,2.543413550986198
979.6611,17.84429742,15.304883985411248,17.421378801169666,17.297239785989223,2.5394134345887522
980.1432,18.17773665,15.623836317760698,17.57634011805653,17.620724663529025,2.5539003322393015
980.6253,18.47643023,15.943263604051705,17.733073207024105,17.944230388687597,2.5331666259482937
981.1074,18.81452682,16.26308724991577,17.891563356925154,18.267687549580632,2.5514395700842307
981.5895,19.12950136,16.583230265371796,18.051795692122376,18.59102835738316,2.546271094628203
982.0717,19.45340449,16.90368374644546,18.213788946087114,18.914253649417613,2.5497207435545413
982.5538,19.77693344,17.224240999152475,18.377460725038176,19.23716479325345,2.552692440847526
983.0359,20.06741785,17.544896303149784,18.542829081321532,19.559765887466007,2.5225215468502142
983.518,20.39753608,17.865579117828048,18.70987849048234,19.881995573593265,2.53195696217195
984.0001,20.72130927,18.18622051431344,18.878593268247005,20.203794078669326,2.5350887556865587
984.4822,21.04283094,18.506753172136698,19.04895757150758,20.525103204065033,2.536077767863304
984.9644,21.33679902,18.827177802469286,19.220991244455252,20.845932787339898,2.5096212175307144
985.4465,21.62297427,19.147297373897523,19.394606772864094,21.166094662388293,2.4756768961024775
985.9286,21.9669428,19.467115828304998,19.569823351131966,21.485601869673808,2.499826971695004
986.4107,22.26465746,19.786572217970615,19.74662451095903,21.80440237616956,2.4780852420293833
986.8928,22.59513757,20.10560716657943,19.92499363038513,22.122445652565563,2.48953040342057
987.3749,22.89814463,20.424162858208252,20.104913934875192,22.43968265659366,2.473981771791749
987.8571,23.20948417,20.74224893149077,20.286406294765207,22.756131349889866,2.467235238509229
988.3392,23.52231077,21.059678713590905,20.469378353931127,23.07161435154684,2.4626320564090953
988.8213,23.83333842,21.376465016760157,20.653850366633318,23.386152689937013,2.456873403239843
989.3034,24.13637316,21.692556136551527,20.839804959208372,23.69970309089811,2.4438170234484744
989.7855,24.43425555,22.007901859158483,21.02722461110551,24.012223674175292,2.426353690841516
990.2676,24.74786703,22.322453444936322,21.21609165607696,24.323673933192605,2.4254135850636764
990.7498,25.04073826,22.636228592327335,21.406427902881134,24.634078969369885,2.4045096676726665
991.2319,25.34527835,22.949051306841575,21.598136449458153,24.943272209400106,2.396227043158426
991.714,25.65261307,23.260942326321754,21.791238524575125,25.25128163168856,2.3916707436782474
992.1961,25.93525223,23.571858629781993,21.985715891416227,25.558072014511726,2.363393600218007
992.6782,26.24085683,23.881758578325435,22.181550173682833,25.86360940315914,2.3590982516745633
993.1603,26.54144862,24.19060189514065,22.378722856889823,26.16786108777986,2.350846724859352
993.6425,26.82437693,24.49841336364172,22.577256597747457,26.470858278732248,2.325963566358279
994.1246,27.12904995,24.805027693542677,22.77705026112069,26.772445010770056,2.3240222564573223
994.6067,27.41771344,25.110472520295467,22.978125962158835,27.072655148338484,2.307240919704533
995.0888,27.72097571,25.414712807866337,23.180464646931483,27.37146073649998,2.306262902133664
995.5709,28.02084563,25.717714776802193,23.384047130077185,27.66883495226803,2.303130853197807
996.053,28.30345638,26.01944588231271,23.588854096209758,27.964752081816812,2.284010497687291
996.5352,28.57482146,26.31993697170146,23.7949089572099,28.259248415851,2.25488448829854
997.0173,28.86874551,26.619033264571524,24.0021066740585,28.552178239579515,2.2497122454284764
997.4994,29.14234175,26.916768239980257,24.210470157829086,28.84358025821565,2.2255735100197427
997.9815,29.43156638,27.213114069637548,24.419979587444963,29.13343296719462,2.2184523103624514
998.4636,29.69329536,27.508044048194154,24.63061501911679,29.421715857597356,2.185251311805846
998.9457,29.98350024,27.801532570686483,24.842356387860633,29.708409393694968,2.1819676693135186
999.4279,30.26625765,28.09361552928686,25.055227766110256,29.993553956711025,2.172642120713139
999.91,30.53945646,28.384148302218502,25.269120555868298,30.277013619342526,2.155308157781498
1000.392,30.81494145,28.673109384373365,25.48401368121204,30.5587726489701,2.141832065626634
1000.874,31.08260985,28.960537779749043,25.69993087783779,30.838874156919356,2.122072070250958
1001.356,31.35518532,29.246413060310424,25.91685151110704,31.117303150992527,2.1087722596895766
1001.838,31.60998575,29.530715763027253,26.134754834798922,31.394045480077313,2.079269986972747
1002.321,31.87016318,29.814012240086637,26.35407505515291,31.669656664237316,2.056150939913362
1002.803,32.15714064,30.095111792577793,26.573883013128352,31.942982903204726,2.0620288474222086
1003.285,32.40680766,30.374585914383758,26.79461072617515,32.21458483608161,2.0322217456162406
1003.767,32.64996802,30.6524187850322,27.01623701825826,32.48445146816579,1.9975492349678028
1004.249,32.91754129,30.928595440227117,27.23874061022903,32.75257254229547,1.988945849772886
1004.731,33.17142931,31.20310175065109,27.462100121579375,33.018938518924074,1.9683275593489107
1005.213,33.41992418,31.475924400984542,27.68629407221501,33.283540556471294,1.94399977901546
1005.695,33.67771734,31.747050869155064,27.911300884249485,33.54637049195898,1.9306664708449368
1006.177,33.92245531,32.01646940582526,28.137098883819185,33.80742082193535,1.9059859041747345
1006.66,34.17780771,32.28472261344388,28.364137144464706,34.067220714062614,1.8930850965561206
1007.142,34.4344051,32.550689431281896,28.591453650968866,34.324688141790375,1.8837156687181036
1007.624,34.67316093,32.81491748560844,28.81949572037773,34.58035721343336,1.8582434443915616
1008.106,34.92364705,33.07739791944677,29.048241313298558,34.834222880055066,1.8462491305532325
1008.588,35.18421312,33.33812254986481,29.277668303750858,35.08628066133781,1.846090570135189
1009.07,35.41040591,33.59708384907778,29.507754481106243,35.33652662833315,1.813322060922225
1009.552,35.65545726,33.85427492584224,29.738477552050004,35.5849573865255,1.8011823341577582
1010.034,35.90849036,34.10968950714628,29.96981514256475,35.831570059210264,1.7988008528537236
1010.517,36.15848051,34.363846272335756,30.202226581630804,36.076868245090424,1.7946342376642406
1010.999,36.39134635,34.615687713954394,30.43472693460594,36.31983432422571,1.7756586360456055
1011.481,36.60940152,34.865737363060084,30.66777417405917,36.560976630647986,1.7436641569399143
1011.963,36.86182357,35.11399124361964,30.901345623272178,36.80029419991257,1.7478323263803617
1012.445,37.09363307,35.36044591079675,31.135418535067203,37.037786506975436,1.7331871592032542
1012.927,37.33575776,35.60509843447887,31.369970093920504,37.273453451461606,1.730659325521131
1013.409,37.5824192,35.84794638311581,31.60497741809807,37.50729534324506,1.7344728168841854
1013.891,37.80291639,36.088987807870375,31.840417561813794,37.739312888338844,1.7139285821296255
1014.373,38.01817981,36.328221227080476,32.07626751740905,37.9695071750934,1.6899585829195232
1014.856,38.26930011,36.56613631177261,32.31299472117909,38.19835156997971,1.7031637982273935
1015.338,38.47080385,36.80174731305797,32.54959577142843,38.42490029349723,1.6690565369420298
1015.82,38.70743715,37.03554851623925,32.78653721334389,38.64963118912917,1.6718886337607444
1016.302,38.92660652,37.26754016003528,33.023795813924664,38.87254674331206,1.6590663599647186
1016.784,39.13937383,37.49772287728078,33.26134828954315,39.093649760323274,1.6416509527192176
1017.266,39.33852939,37.72609768124127,33.499171308260514,39.312943350274594,1.6124317087587272
1017.748,39.5621758,37.95266595223246,33.73724149216622,39.53043091739369,1.6095098477675407
1018.23,39.74519551,38.17742942453841,33.97553541974044,39.74611614859046,1.5677660854615922
1018.713,39.95834314,38.4008508754846,34.214524621396876,39.96044488444025,1.5574922645153961
1019.195,40.14767267,38.62200757314414,34.45319595156997,40.17253386200876,1.5256650968558603
1019.677,40.35897139,38.841366678384325,34.69202047429842,40.38283315986199,1.5176047116156752
1020.159,40.54506222,39.0589312170815,34.930974617645404,40.59134748735423,1.4861310029184978
1020.641,40.75925075,39.274704508055805,35.17003477823026,40.79808178347163,1.4845462419441944
1021.123,40.94717779,39.488690151730864,35.409177323731036,41.003041207026826,1.4584876382691334
1021.605,41.16171711,39.70089201907085,35.64837859540978,41.2062311271104,1.4608250909291485
1022.087,41.34204623,39.911314240792834,35.88761491066262,41.407657113795224,1.4307319892071675
1022.569,41.53726422,40.11996119684847,36.12686256559177,41.60732492908933,1.4173030231515256
1023.052,41.72981209,40.32726487287804,36.36659414700408,41.805649314170466,1.4025472171219633
1023.534,41.91273474,40.53237172511402,36.605793197798945,42.00181518052088,1.3803630148859796
1024.016,42.12980309,40.73571785648289,36.84493232561052,42.19624123948623,1.3940852335171101
1024.498,42.31179382,40.93730854439893,37.08398776754984,42.38893393547913,1.3744852756010673
1024.98,42.50620465,41.13714926682423,37.322935752660214,42.57989986317098,1.3690553831757697
1025.462,42.6811078,41.33524569328993,37.56175250463106,42.76914575984355,1.3458621067100722
1025.944,42.86080741,41.53160367616041,37.80041424453769,42.95667849796061,1.3292037338395915
1026.426,43.06327503,41.72622924213407,38.0388971936026,43.14250507795214,1.3370457878659323
1026.908,43.21392784,41.91912858397825,38.27717757598236,43.32663262120768,1.2947992560217472
1027.391,43.40782434,42.11070290707592,38.51572525787627,43.50944510711979,1.2971214329240794
1027.873,43.57551826,42.30016545542237,38.753528661592156,43.69019290408217,1.2753528045776292
1028.355,43.76939272,42.48792128903216,38.99105816764731,43.86926370276518,1.2814714309678408
1028.837,43.92952199,42.67397718707824,39.22829004029626,44.046665042558104,1.2555448029217544
1029.319,44.0888203,42.85834005680776,39.46520056101605,44.22240455175384,1.2304802431922397
1029.801,44.26620516,43.041016926584795,39.701766031432086,44.396489941708225,1.2251882334152029
1030.283,44.4268901,43.22201493913745,39.93796277626872,44.5689290011793,1.2048751608625494
1030.765,44.59470654,43.40134134500326,40.1737671463216,44.73972959084192,1.193365194996737
1031.248,44.76052911,43.57937036500677,40.4096434302829,44.90924892376289,1.1811587449932333
1031.73,44.89280484,43.755372279183284,40.644591285946106,45.07679305914566,1.1374325608167126
1032.212,45.05432942,43.92972493821373,40.879075956881714,45.242722702682215,1.124604481786271
1032.694,45.22290822,44.10243596232323,41.11307392843446,45.40704595132968,1.1204722576767736
1033.176,45.38605168,44.27351304959677,41.34656172722963,45.56977094901673,1.112538630403229
1033.658,45.52889497,44.442963970530485,41.5795159242804,45.73090588212824,1.085930999469518
1034.14,45.68645979,44.61079656275236,41.811913138117305,45.89045897513769,1.075663227247638
1034.622,45.84061879,44.77701872590898,42.04373003793788,46.048438486384484,1.0636000640910197
1035.104,45.96996655,44.941638416714646,42.274943346779324,46.2048527039923,1.0283281332853562
1035.587,46.11875277,45.105000218913524,42.50600757228938,46.36002960980498,1.0137525510864762
1036.069,46.27486497,45.26643575672625,42.73594272710555,46.51333499977733,1.0084292132737502
1036.551,46.43203514,45.426293004423485,42.96520476726769,46.665100117755316,1.0057421355765186
1037.033,46.58692108,45.584580100663544,43.1937706634408,46.81533333290214,1.0023409793364593
1037.515,46.70884573,45.74130521870704,43.42161745630174,46.964043025740324,0.9675405112929596
1037.997,46.85849942,45.896476562359375,43.64872225983043,47.11123758484271,0.9620228576406262
1038.479,46.99563192,46.050102362049905,43.8750622646211,47.256925403641645,0.9455295579500955
1038.961,47.12386906,46.20219087104363,44.100614741211295,47.40111487735153,0.9216781889563634
1039.444,47.2932613,46.353061142209334,44.32582245592636,47.5441089141261,0.9402001577906631
1039.926,47.43998772,46.502096756362285,44.549730273200346,47.68532381064621,0.9378909636377131
1040.408,47.58245528,46.64961995789804,44.7727828405795,47.8250655466734,0.9328353221019583
1040.89,47.70067787,46.795639056096,44.99495778221104,47.963342495933716,0.9050388139039995
1041.372,47.85261167,46.940162365998965,45.21623281909502,48.100163020151186,0.9124493040010364
1041.854,47.96707156,47.08319820535279,45.43658577251206,48.2355354665939,0.8838733546472142
1042.336,48.10588222,47.224754891655905,45.655994567466415,48.369468165713286,0.8811273283440926
1042.818,48.22507256,47.36484073931673,45.87443723614184,48.50196942887494,0.8602318206832678
1043.301,48.34447739,47.50375014262321,46.09234203006112,48.63331801886382,0.8407272473767904
1043.783,48.47559159,47.64091622181798,46.30878487141884,48.76297833019045,0.8346753681820189
1044.265,48.57592708,47.77663637735683,46.524196316140916,48.8912320208365,0.7992907026431695
1044.747,48.70276138,47.91091888487163,46.73855486019911,49.01808730481034,0.7918424951283711
1045.229,48.84558338,48.043772004193436,46.95183912421586,49.143552366966006,0.8018113758065653
1045.711,48.94767279,48.17520397709413,47.164027856987445,49.267635361228386,0.7724688129058705
1046.193,49.09230266,48.30522302511573,47.37509993901637,49.390344408894435,0.7870796348842717
1046.675,49.19150493,48.43383734748596,47.58503438605019,49.51168759700532,0.7576675825140384
1047.157,49.34318228,48.56105511911622,47.79381035262782,49.63167297678926,0.7821271608837819
1047.64,49.4879198,48.68714410786312,48.00183659430678,49.750553296524146,0.8007756921368809
1048.122,49.59100033,48.81159034072193,48.2082311261594,49.867844287108824,0.7794099892780721
1048.604,49.71731583,48.934664399609844,48.41340546727185,49.98380141002302,0.7826514303901533
1049.086,49.83496864,49.056374343667365,48.61733936322102,50.098432558906865,0.7785942963326349
1049.568,49.94999796,49.17672819887116,48.820012716173174,50.21174558477489,0.7732697611288373
1050.05,50.07101214,49.295733956481925,49.02140558844619,50.32374829483601,0.7752781835180755
1050.532,50.1773776,49.41339957156067,49.22149820607133,50.434448451369775,0.7639780284393325
1051.014,50.28731183,49.52973296154942,49.420270962352426,50.54385377065701,0.7575788684505795
1051.496,50.39914652,49.644742004916296,49.61770442142191,50.651971921963764,0.7544045150837064
1051.979,50.47627012,49.75866905339933,49.814184690702874,50.75903085860884,0.7176010666006718
1052.461,50.6002527,49.871050169524636,50.00887907091404,50.86459485780142,0.7292025304753622
1052.943,50.71891465,49.98213034398497,50.202176867727864,50.968894420868935,0.7367843060150321
1053.425,50.78938948,50.091917286906536,50.39405936441355,51.07193701974609,0.6974721930934606
1053.907,50.90763507,50.20041866354672,50.584508032751486,51.17373007500363,0.7072164064532771
1054.389,50.99930973,50.30764209328057,50.7735045365393,51.27428095511631,0.6916676367194299
1054.871,51.10051025,50.41359514863775,50.961030735082744,51.373596975771164,0.6869151013622528
1055.353,51.19487788,50.518285354388325,51.14706868667177,51.47168539921702,0.6765925256116745
1055.835,51.28601323,50.62172018667712,51.33160065204089,51.56855343365417,0.6642930433228784
1056.318,51.40640728,50.72411778607954,51.5149871876336,51.66440543037973,0.6822894939204645
1056.8,51.4944167,50.825061535156976,51.696451575095736,51.75885159735478,0.6693551648430258
1057.282,51.5840237,50.92477205462048,51.876357972239354,51.852098684630135,0.6592516453795199
1057.764,51.66690176,51.02325661824426,52.05468948423138,51.94415367872173,0.6436451417557407
1058.246,51.7737529,51.12052244750787,52.23142943567963,52.035023509584335,0.6532304524921315
1058.728,51.86318483,51.216576710985144,52.40656137395602,52.12471505020996,0.6466081190148572
1059.21,51.94886765,51.31142652377172,52.58006907249265,52.21323511625717,0.6374411262282749
1059.692,52.02860841,51.40507894694803,52.751936534045974,52.300590465710286,0.6235294630519661
1060.175,52.12771987,51.49773158447006,52.92249939751582,52.38696543207061,0.6299882855299401
1060.657,52.20865428,51.58900774507104,53.09103584291286,52.47200900817488,0.619646534928961
1061.139,52.27901636,51.67910738461971,53.25788543621853,52.55590780620216,0.5999089753802878
1061.621,52.37121092,51.768037343343316,53.423033129960324,52.63866835046599,0.6031735766566868
1062.103,52.46040996,51.855804405276565,53.58646412179386,52.720297106311065,0.6046055547234346
1062.585,52.53233894,51.94241529792013,53.74816385754381,52.8008004799302,0.5899236420798744
1063.067,52.62064939,52.02787669192689,53.90811803420006,52.88018481820443,0.5927726980731052
1063.549,52.68549884,52.1121952008166,54.06631260286783,52.95845640856484,0.5733036391834005
1064.031,52.73824015,52.195377380716494,54.222733771669894,53.03562147887659,0.5428627692835093
1064.514,52.81990168,52.27759879324125,54.377686959756254,53.111842868398014,0.5423028867587476
1064.996,52.89579717,52.358525428802224,54.53051724700249,53.18681107957815,0.5372717411977774
1065.478,52.95985403,52.43833507037152,54.68153430240497,53.26069110853628,0.5215189596284802
1065.96,53.0578201,52.517034042295556,54.830725390696095,53.333488943986495,0.5407860577044445
1066.442,53.10373528,52.59462861059998,54.97807804734401,53.40521051478929,0.509106669400019
1066.924,53.18749979,52.671124982871795,55.123580081121524,53.47586168994795,0.5163748071282015
1067.406,53.24765343,52.74652930816159,55.26721957661205,53.54544827862121,0.5011241218384086
1067.888,53.32115922,52.82084767690599,55.408984896651205,53.61397603015193,0.500311543094007
1068.371,53.39091664,52.89423694942374,55.54915292399481,53.6815895320876,0.4966796905762578
1068.853,53.45577931,52.966399219708386,55.68713216026824,53.748014450866194,0.4893800902916112
1069.335,53.52468374,53.03749346478635,55.82320398042048,53.81339743363489,0.4871902752136492
1069.817,53.5867968,53.107525540109144,55.95735788393696,53.877743990925254,0.47927125989085795
1070.299,53.65276609,53.176501242397244,56.089583659721725,53.941059573809625,0.47626484760275645
1070.781,53.71237354,53.24442630966644,56.21987138810627,54.00334957401114,0.46794723033356433
1071.263,53.76443241,53.3113064212691,56.348211442780354,54.064619324026,0.45312598873089627
1071.745,53.81451789,53.37714719795003,56.47459449264152,54.124874097256736,0.43737069204996715
1072.228,53.87143282,53.442087585506016,56.59926758033801,54.184240977058835,0.42934523449398654
1072.71,53.94245808,53.50586419285124,56.721705710931495,54.24247930235698,0.43659388714876
1073.192,53.98721248,53.5686179878628,56.842160614707225,54.299718128522244,0.4185944921371956
1073.674,54.03991625,53.63035435756111,56.96062415883442,54.35596249400294,0.4095618924388873
1074.156,54.08094651,53.691078630835484,57.07708851366335,54.41121737897373,0.3898678791645125
1074.638,54.14093616,53.75079607857513,57.19154615405056,54.465487705526286,0.39014008142487455
1075.12,54.17039927,53.80951191381062,57.303989860591976,54.518778337869435,0.36088735618938017
1075.602,54.24495162,53.86723129186643,57.414412720760616,54.571094082536575,0.37772032813357015
1076.084,54.2883984,53.92395931052256,57.522808129947634,54.62243968860027,0.3644390894774361
1076.567,54.34604595,53.9798156350577,57.62938834147646,54.672923370693624,0.36623031494229963
1077.049,54.41940596,54.03457396811798,57.73370603334768,54.72234072943698,0.38483199188201667
1077.531,54.44533462,54.088355901773404,57.83597830540684,54.77080186372608,0.35697871822659266
1078.013,54.48253265,54.14116630531197,57.936199793801045,54.81831129496217,0.3413663446880335
1078.495,54.54113409,54.193009991421256,58.034365446309124,54.864873488261836,0.3481240985787437
1078.977,54.59001008,54.2438917164012,58.13047052277618,54.910492852709936,0.3461183635987979
1079.459,54.62698595,54.29381618038394,58.22451059544305,54.955173741618125,0.33316976961605604
1079.941,54.67753085,54.34278802756068,58.31648154916957,54.99892045278783,0.33474282243931697
1080.423,54.75587941,54.39081184641453,58.40637958155092,55.041737228778615,0.36506756358546966
1080.906,54.77965508,54.43798886933569,58.494381244780115,55.083714208592696,0.34166621066430736
1081.388,54.83460701,54.4841282318116,58.58011896054908,55.12468171449714,0.35047877818839623
1081.87,54.88798689,54.529333008708285,58.663774218095085,55.1647316926,0.3586538812917155
1082.352,54.90112467,54.57360756801463,58.745344465600446,55.20386816714695,0.32751710198537154
1082.834,54.93350474,54.616956223264594,58.824827462934664,55.242095108545,0.3165485167354021
1083.316,54.96663319,54.659383233803496,58.90222128111602,55.27941643365388,0.3072499561965074
1083.798,55.03255839,54.70089280505781,58.9775243016619,55.315836006080886,0.33166558494218634
1084.28,55.02796631,54.741489088810255,59.05073521582899,55.351357636478454,0.2864772211897417
1084.762,55.07400662,54.781176183478266,59.12185302374317,55.38598508284461,0.2928304365217329
1085.245,55.10707599,54.820037656760746,59.19101805994164,55.419791121429824,0.2870383332392521
1085.727,55.13589936,54.85791659097314,59.25794354122157,55.452639428503744,0.27798276902686325
1086.209,55.16499847,54.89489832212516,59.32277475963187,55.484604520075564,0.2701001478748424
1086.691,55.19212286,54.930986737925224,59.38551194049485,55.5156899464734,0.2611361220747739
1087.173,55.22681182,54.96618567416384,59.44615561199557,55.545899206909695,0.26062614583616295
1087.655,55.27539398,55.00049891501161,59.50470660365381,55.57523574979504,0.27489506498838523
1088.137,55.29102493,55.0339301933206,59.56116604468863,55.60370297305337,0.25709473667939875
1088.619,55.31684988,55.06648319092787,59.61553536227566,55.63130422443916,0.25036668907213055
1089.102,55.33275678,55.09822635497249,59.667922576796904,55.65809738159825,0.23453042502750776
1089.584,55.36487414,55.12903183064925,59.71811278520189,55.68397475371958,0.23584230935075112
1090.066,55.3827617,55.1589697753875,59.76621892551585,55.70899590599167,0.22379192461250597
1090.548,55.41900728,55.18804366994052,59.81224359781738,55.73316398858667,0.23096361005948296
1091.03,55.45879973,55.2162569455965,59.8561896898614,55.75648210311218,0.24254278440350419
1091.512,55.44725879,55.24361298449376,59.898060374719584,55.77895330293525,0.20364580550624112
1091.994,55.49718534,55.270115119937344,59.937859108323785,55.800580593507036,0.2270702200626573
1092.476,55.52395795,55.29576663671695,59.975589626912715,55.82136693268863,0.2281913132830553
1092.958,55.55354582,55.32057077142597,60.0112559443847,55.84131523107675,0.2329750485740263
1093.441,55.58427019,55.344579546855314,60.044929934235434,55.86046713990815,0.2396906431446837
1093.923,55.60153595,55.367696694332786,60.076476728730704,55.87874617708617,0.2338392556672133
1094.405,55.62107655,55.38997588992164,60.10597301221116,55.8961956306475,0.2311006600783614
1094.887,55.62219215,55.4114201805466,60.13342388146945,55.912818225309806,0.21077196945339693
1095.369,55.65973684,55.43203256654772,60.158834696368466,55.9286166401654,0.22770427345228228
1095.851,55.65748323,55.45181600200475,60.18221107667026,55.94359350900987,0.2056672279952494
1096.333,55.65887839,55.47077339506232,60.20355889878559,55.95775142067072,0.18810499493768162
1096.815,55.67164103,55.48890760825533,60.222884292447084,55.971092919336385,0.1827334217446719
1097.298,55.69481443,55.506256528853754,60.24022745768988,55.983645651377984,0.18855790114624682
1097.78,55.67958244,55.52275109571956,60.25552321797928,55.99536009870877,0.15683134428043388
1098.262,55.66641576,55.5384308055423,60.26881643907302,56.00626550602513,0.12798495445770186
1098.744,55.70650227,55.553298341589894,60.28011422976453,56.01636424216022,0.15320392841010744
1099.226,55.70490173,55.567356343154344,60.289423934463265,56.02565863295409,0.13754538684565887
1099.708,55.71355787,55.58060740587891,60.296753129461955,56.03415096158254,0.13295046412109457
1100.19,55.73013343,55.59305408208537,60.30210961914553,56.041843468886256,0.13707934791463572
1100.672,55.73120431,55.60469888110155,60.30550143214518,56.04873835369928,0.1265054288984544
1101.155,55.72485476,55.61556594109921,60.306937767554146,56.054849602166314,0.10928881890078657
1101.637,55.74190542,55.6256126923716,60.30642115805906,56.060154028334054,0.11629272762840515
1102.119,55.74619811,55.6348648446459,60.30396528225299,56.06466718402106,0.11133326535410504
1102.601,55.78058983,55.64332473846135,60.29957902672721,56.0683911032352,0.1372650915386444
1103.083,55.75708961,55.65099467300012,60.29327148236156,56.07132777961991,0.10609493699988093
1103.565,55.77512871,55.65787690641464,60.28505194021229,56.07347916678141,0.11725180358535425
1104.047,55.74648449,55.66397365615424,60.274929887365325,56.07484717861655,0.08251083384575963
1104.529,55.77983057,55.669287099291765,60.262915002759534,56.07543368963991,0.11054347070823667
1105.011,55.78419457,55.67381937285008,60.24901715298221,56.075240535310954,0.11037519714991362
1105.494,55.78677914,55.6775795524444,60.23321172878734,56.07426669042505,0.10919958755560089
1105.976,55.77087018,55.68055412939303,60.21557442411741,56.07251794879738,0.09031605060697245
1106.458,55.78135436,55.68275371494068,60.19608485929835,56.06999482066226,0.09860064505932087
1106.94,55.76836832,55.68418028909044,60.17475360937204,56.066698988447456,0.08418803090955862
1107.422,55.76093626,55.68483579342519,60.151591415691634,56.062632097158826,0.07610046657481462
1107.904,55.76827218,55.68472213143256,60.12660918161604,56.05779575470625,0.08355004856743875
1108.386,55.75322704,55.68384116882982,60.09981796819809,56.0521915322297,0.06938587117017647
1108.868,55.74434804,55.68219473388858,60.07122898986974,56.04582096442476,0.062153306111419226
1109.35,55.76178178,55.67978461775919,60.04085361012636,56.03868554986869,0.08199716224081044
1109.833,55.70928656,55.67660520297051,60.00863479846456,56.03076957125802,0.03268135702949593
1110.315,55.71506275,55.67267137561492,59.97471763509211,56.022107236721084,0.042391374385083225
1110.797,55.69244,55.667979024487146,59.93904903665944,56.01268434056111,0.0244609755128522
1111.279,55.68627904,55.662529795418315,59.901640920121686,56.00250224006497,0.023749244581686924
1111.761,55.67669029,55.6563252987381,59.86250533000363,55.99156225802962,0.020364991261899945
1112.243,55.65216964,55.64936710959793,59.82165443414064,55.97986568308765,0.0028025304020644626
1112.725,55.63641367,55.64165676829423,59.779100519437755,55.96741377003332,-0.005243098294229753
1113.207,55.63021818,55.63319578059123,59.73485598764991,55.95420774014801,-0.0029776005912296455
1113.689,55.62032902,55.62398561804441,59.68893335118611,55.94024878152679,-0.003656598044408099
1114.172,55.60881922,55.61400628248966,59.64124477593566,55.92550674853172,-0.005187062489660832
1114.654,55.58789631,55.603300502727464,59.592000473459485,55.91004380938686,-0.015404192727466182
1115.136,55.58740736,55.591849763572455,59.54111625259378,55.89383131216509,-0.004442403572454623
1115.618,55.56602458,55.57965540290512,59.48860502714466,55.876870315414806,-0.013630822905120965
1116.1,55.52374475,55.56671872601218,59.4344798010163,55.85916184613312,-0.04297397601218478
1116.582,55.5294008,55.55304100590966,59.37875366420331,55.84070690009325,-0.023640205909664758
1117.064,55.51987127,55.53862348366614,59.3214397888216,55.82150644217337,-0.018752213666139994
1117.546,55.49047253,55.523467368725804,59.26255142517946,55.80156140668531,-0.032994838725805664
1118.029,55.47328265,55.50754009936605,59.20197487039043,55.780829002636736,-0.03425744936604502
1118.511,55.45716857,55.49090877613167,59.139974377366244,55.75939595414094,-0.03374020613166806
1118.993,55.43882217,55.47354230430933,59.07643960551238,55.73722095263386,-0.03472013430933174
1119.475,55.4252735,55.455441770021736,59.011384079614736,55.71430481340272,-0.030168270021732724
1119.957,55.39829214,55.43660822938815,58.94482138366557,55.69064832282291,-0.03831608938814668
1120.439,55.37680809,55.4170427088498,58.87676515721171,55.666252238691186,-0.04023461884980151
1120.921,55.35095315,55.39674620549519,58.807229091753655,55.641117290559535,-0.04579305549518864
1121.403,55.31627327,55.375719687386216,58.73622692719731,55.61524418006992,-0.05944641738621215
1121.885,55.30699347,55.35396409388457,58.66377244835891,55.588633581290196,-0.04697062388456885
1122.368,55.2861746,55.33143293287134,58.589724690922424,55.56122863811355,-0.04525833287133452
1122.85,55.27954622,55.3082203855212,58.51440415924879,55.533143449541456,-0.02867416552120261
1123.332,55.22917507,55.28428141368289,58.43767293194697,55.50432263401581,-0.05510634368289402
1123.814,55.21391374,55.259616845138844,58.359544939690245,55.47476675863409,-0.04570310513884124
1124.296,55.19537493,55.23422748061432,58.28003414141598,55.444476364616165,-0.03885255061432247
1124.778,55.16422787,55.20811409410825,58.1991545211707,55.41345196764766,-0.04388622410824894
1125.26,55.12428904,55.18127743322492,58.11692008501418,55.3816940582243,-0.056988393224919776
1125.742,55.08822319,55.15371821950646,58.033344857983224,55.3492031019979,-0.06549502950645802
1126.225,55.0453515,55.125377724447596,57.948265366531004,55.31590985032473,-0.08002622444759311
1126.707,55.03762467,55.096373971547955,57.862047985131014,55.28195258116483,-0.05874930154795521
1127.189,55.00324492,55.06664967872191,57.774532001558114,55.24726351736885,-0.06340475872190865
1127.671,54.9614716,55.03620546655927,57.68573148761434,55.21184302865667,-0.07473386655926362
1128.153,54.91170187,55.0050419312678,57.595660519799814,55.175691461659696,-0.0933400612677957
1128.635,54.87730192,54.97315964501257,57.5043331766413,55.13880914027713,-0.0958577250125714
1129.117,54.84366189,54.940559156256896,57.4117635360825,55.101196366034515,-0.09689726625689588
1129.599,54.78394066,54.907240990104604,57.31796567293496,55.062853418443936,-0.1233003301046054
1130.082,54.7453461,54.87313429073736,57.222755283672555,55.02369873275873,-0.12778819073736258
1130.564,54.70587142,54.83838076694761,57.12654069967086,54.98389467714537,-0.1325093469476073
1131.046,54.65919725,54.8029110052867,57.02914010329392,54.94336115870358,-0.14371375528670427
1131.528,54.62188839,54.766725440828935,56.93056753253328,54.90209837249829,-0.14483705082893295
1132.01,54.58039417,54.72982448702494,56.83083701041625,54.86010649341772,-0.1494303170249438
1132.492,54.5412988,54.69220853605387,56.729962542821944,54.8173856765478,-0.15090973605386893
1132.974,54.49832155,54.653877959177585,56.62795811635685,54.77393605754908,-0.15555640917758495
1133.456,54.45155859,54.61483310709658,56.52483769629014,54.729757753036694,-0.16327451709658192
1133.938,54.41132842,54.57507431030833,56.42061522454761,54.684850860962555,-0.1637458903083342
1134.421,54.37365668,54.53451717015363,56.31508500955554,54.63912002451245,-0.16086049015362391
1134.903,54.32503129,54.49332991675844,56.20869794287724,54.59275466720136,-0.16829862675844254
1135.385,54.28153314,54.451429593086964,56.101250519775824,54.54566090814835,-0.1698964530869631
1135.867,54.2474329,54.408816452409525,55.99275656983577,54.497838774501275,-0.16138355240952507
1136.349,54.18769536,54.36549072961745,55.883229890127964,54.4492882767027,-0.17779536961744924
1136.831,54.15359001,54.321452641595144,55.77268424354541,54.40000940889077,-0.16786263159514192
1137.313,54.11440433,54.27670238759401,55.66113335719307,54.35000214930338,-0.16229805759400762
1137.795,54.07115299,54.23124014960981,55.54859092083173,54.299266460685985,-0.1600871596098088
1138.277,54.02535986,54.185066092762156,55.43507058537495,54.24780229070262,-0.15970623276215434
1138.76,53.98459408,54.138082352700124,55.3203474485175,54.195500531325564,-0.15348827270012322
1139.242,53.94337549,54.09048361180224,55.20491014664794,54.142577671581705,-0.14710812180224053
1139.724,53.87790958,54.04217345020786,55.0885356791071,54.08892608693233,-0.16426387020786137
1140.206,53.82304455,53.99315196935398,54.971237527331546,54.0345456688752,-0.17010741935398244
1140.688,53.80056041,53.94341925574372,54.853029127162216,53.979436295939934,-0.1428588457437172
1141.17,53.73601682,53.89297538134403,54.733923867643654,53.923597834122475,-0.15695856134402675
1141.652,53.70014798,53.84182040398616,54.61393508987,53.86703013732344,-0.14167242398616509
1142.134,53.6264278,53.78995436776993,54.493076085878265,53.8097330477912,-0.16352656776992802
1142.616,53.58119446,53.73737730347109,54.371360097586276,53.751706396568565,-0.15618284347109324
1143.099,53.52474378,53.68397793369436,54.248545174373035,53.69282734402158,-0.15923415369435645
1143.581,53.45197328,53.62997737920331,54.125153027988254,53.63333950540347,-0.17800409920331361
1144.063,53.41769625,53.57526581311436,54.00094333948438,53.57312153510618,-0.15756956311436454
1144.545,53.34569475,53.519843217029404,53.875929140454396,53.51217322389422,-0.17414846702940423
1145.027,53.27771234,53.46370956131858,53.75012340771416,53.450494353632095,-0.18599722131857988
1145.509,53.21488707,53.406864805550114,53.623539062495404,53.38808469775955,-0.1919777355501111
1145.991,53.14647553,53.349308898923866,53.49618896967774,53.324944021771856,-0.20283336892386927
1146.473,53.08396409,53.291041780709264,53.36808593705865,53.261072083705,-0.20707769070926219
1146.956,53.0253795,53.23194027943276,53.23897464446106,53.19633384199537,-0.2065607794327633
1147.438,52.95593049,53.17224904239992,53.10940242769749,53.130997108043346,-0.21631855239991893
1147.92,52.89904305,53.111846356253274,52.97911537143643,53.064928345750445,-0.21280330625327082
1148.402,52.85152802,53.05073212498577,52.848126048457786,52.99812728826514,-0.19920410498576757
1148.884,52.78348061,52.988906244913835,52.71644697135098,52.93059366378478,-0.20542563491383703
1149.366,52.69595645,52.92636860514115,52.58409059199557,52.86232719607382,-0.23041215514115265
1149.848,52.64365747,52.86311908802769,52.45106930107341,52.793327604987724,-0.2194616180276867
1150.33,52.58904682,52.79915756966292,52.317395427612276,52.72359460700265,-0.21011074966291687
1150.812,52.5319899,52.73448392034425,52.1830812385593,52.65312791575127,-0.202494020344254
1151.295,52.44944863,52.66896160914006,52.047858330619974,52.581778760152645,-0.21951297914006318
1151.777,52.37950629,52.602861809889944,51.91229879557752,52.50984229091857,-0.2233555198899424
1152.259,52.30361372,52.53604946038014,51.77613539446379,52.43717125709868,-0.23243574038014003
1152.741,52.23546161,52.46852441261543,51.63938014207968,52.36376536643144,-0.23306280261542867
1153.223,52.16478264,52.40028651527701,51.502044989434474,52.28962432658494,-0.23550387527701133
1153.705,52.09048689,52.33133561423161,51.364141823482825,52.214747845730614,-0.2408487242316113
1154.187,52.01674196,52.261671553046156,51.22568246688504,52.13913563312319,-0.2449295930461588
1154.669,51.93877765,52.19129417350813,51.08667867779174,52.06278739968829,-0.2525165235081346
1155.152,51.847044,52.120055082977174,50.94685210907696,51.98554216659552,-0.27301108297717747
1155.634,51.78945631,52.048249106869704,50.80679340136305,51.90771950545046,-0.2587927968697059
1156.116,51.71353295,51.97572933204957,50.66622517064864,51.82915997167463,-0.2621963820495665
1156.598,51.6478304,51.90249559850343,50.52515891519563,51.74986328889443,-0.2546651985034316
1157.08,51.56787892,51.82854774712699,50.38360606800265,51.66982918544805,-0.2606688271269917
1157.562,51.48872197,51.753885620279746,50.241577996714526,51.589057395014905,-0.26516365027974587
1158.044,51.428948,51.67850906234692,50.09908600355025,51.50754765725297,-0.24956106234692044
1158.526,51.32161386,51.60241792030684,49.95614132524819,51.42529971844277,-0.280804060306842
1159.009,51.24860447,51.52545195294849,49.81245720006466,51.342140393433,-0.27684748294849015
1159.491,51.18720412,51.447929713573814,49.6686397181416,51.25841378834055,-0.26072559357381664
1159.973,51.09008649,51.36969245206662,49.52440289095105,51.173948266868294,-0.2796059620666256
1160.455,51.00370599,51.29074003159123,49.379757692954584,51.08874360840427,-0.2870340415912267
1160.937,50.9432174,51.21107232084059,49.2347150331013,51.00279960229818,-0.26785492084059115
1161.419,50.82866971,51.130689194642336,49.08928575486511,50.9161160485523,-0.3020194846423365
1161.901,50.77347285,51.049590534572566,48.94348063629553,50.828692758520475,-0.2761176845725686
1162.383,50.68789243,50.967776229575804,48.79731039008128,50.740529555616234,-0.27988379957580634
1162.865,50.59337958,50.885246176592155,48.65078566362543,50.65162627602744,-0.29186659659215763
1163.348,50.50477635,50.8018268276885,48.503611982269504,50.56179601750179,-0.2970504776885008
1163.83,50.40954162,50.717863519303044,48.35640929607105,50.47141061168121,-0.30832189930304565
1164.312,50.32584686,50.63318420795617,48.208883702671514,50.380284721435146,-0.30733734795617096
1164.794,50.2359355,50.54778882900538,48.06104558917713,50.2884182414078,-0.31185332900538043
1165.276,50.16800043,50.461677329047305,47.91290527794976,50.19581108272379,-0.29367689904730554
1165.758,50.07733381,50.37484966658771,47.76447302674457,50.10246317375517,-0.29751585658770807
1166.24,50.01043072,50.28730581271916,47.615759028855344,50.008374460896064,-0.276875092719159
1166.722,49.89261892,50.199045751806274,47.46677341326917,49.91354490934755,-0.3064268318062773
1167.204,49.79998497,50.11006948217803,47.317526244827704,49.817974503909994,-0.31008451217802957
1167.687,49.71781119,50.0201901884093,47.16771710649346,49.721462663810414,-0.3023789984093028
1168.169,49.62452367,49.929780069920895,47.017976280148055,49.62440905047991,-0.3052563999208928
1168.651,49.51430826,49.83865382864203,46.86800373274492,49.526614663447006,-0.32434556864203046
1169.133,49.41126888,49.74681152587491,46.71780927417117,49.42807957406737,-0.33554264587490934
1169.615,49.34010901,49.6542532404662,46.56740265107959,49.32880387739772,-0.3141442304661979
1170.097,49.22920501,49.56097906954617,46.41679354708817,49.22878769304285,-0.33177405954617
1170.579,49.14211768,49.46698912927581,46.265991582984775,49.12803116601218,-0.32487144927581113
1171.061,49.03726471,49.372283555601605,46.115006316936416,49.02653446758535,-0.3350188456016028
1171.543,48.96426559,49.27686250501888,45.96384724470323,48.92429779618725,-0.31259691501888653
1172.026,48.83172195,49.18052595891898,45.81220968644747,48.821106965459805,-0.34880400891897523
1172.508,48.73347717,49.08367302667901,45.66073092870937,48.71738952247746,-0.350195856679008
1172.99,48.6463038,48.98610521854703,45.509106499071706,48.61293287418255,-0.33980141854703305
1173.472,48.5327882,48.88782278105527,45.35734564575286,48.50773733658147,-0.3550345810552713
1173.954,48.4368251,48.78882598522361,45.20545755568798,48.401803257342976,-0.3520008852236103
1174.436,48.33601161,48.689115127370926,45.05345135476271,48.29513101672855,-0.3531035173709256
1174.918,48.21492899,48.58869052993561,44.90133610804923,48.187721028533375,-0.37376153993561445
1175.4,48.13337852,48.487552542303966,44.749120820044354,48.07957374103623,-0.35417402230396533
1175.883,47.99728872,48.38548949161891,44.59649835803724,47.970462971767276,-0.3882007716189122
1176.365,47.91306637,48.282924405741404,44.44410959846796,47.860841046225545,-0.36985803574140164
1176.847,47.80264884,48.17964714885772,44.29164746830029,47.75048338395618,-0.3769983088577149
1177.329,47.70574755,48.07565818666036,44.139120732022455,47.639390580940244,-0.3699106366603644
1177.811,47.60464942,47.970958016058646,43.986538094762786,47.527563272534806,-0.3663085960586443
1178.293,47.49577406,47.86554716605696,43.83390820253608,47.415002134479366,-0.3697731060569609
1178.775,47.38638463,47.75942619864119,43.68123964249011,47.301707883911035,-0.37304156864118454
1179.257,47.2861164,47.65259570967404,43.52854094315412,47.18768128038977,-0.3664793096740411
1179.74,47.18954702,47.54483248261772,43.3755037107687,47.07268427961266,-0.3552854626177222
1180.222,47.06307623,47.436583409539075,43.22277006640134,46.957193908665104,-0.3735071795390752
1180.704,46.96499797,47.32762681632762,43.070031536366855,46.8409737302639,-0.36262884632762393
1181.186,46.83622308,47.21796344354658,42.91729641707726,46.7240246841865,-0.3817403635465766
1181.668,46.72929206,47.107594070236274,42.76457294756546,46.60634775789535,-0.3783020102362755
1182.15,46.63234415,46.9965195148586,42.61186930973204,46.48794398761676,-0.36417536485859614
1182.632,46.48670669,46.88474063624967,42.45919362859263,46.368814459429174,-0.3980339462496687
1183.114,46.37570434,46.77225833457976,42.306553972522984,46.248960310358754,-0.3965539945797616
1183.596,46.25944401,46.659073552322305,42.153958353504905,46.128382729485324,-0.39962954232230175
1184.079,46.15415393,46.544950268152064,42.00109830635482,46.006830549957044,-0.3907963381520645
1184.561,46.03907502,46.430362074096415,41.848614705462296,45.88480839226352,-0.3912870540964164
1185.043,45.9046349,46.31507449277258,41.696198857858015,45.7620666963668,-0.41043959277258324
1185.525,45.78647696,46.19908864580477,41.54385855226647,45.63860687089725,-0.4126116858047695
1186.007,45.67186137,46.08240570208238,41.39160152222986,45.51443038219146,-0.41054433208238095
1186.489,45.55941898,45.96502687877439,41.23943544634701,45.38953875544614,-0.40560789877439163
1186.971,45.40335147,45.846953442352124,41.087367948509836,45.26393357588009,-0.44360197235212695
1187.453,45.29537522,45.72818670961902,40.93540659813992,45.13761648990382,-0.43281148961902005
1187.936,45.16494973,45.60847949092147,40.78324399706307,45.010324927184115,-0.44352976092147145
1188.418,45.05694339,45.4883288914221,40.63151769219162,44.88258775040039,-0.4313855014220991
1188.9,44.9024289,45.367489261533606,40.47991993387397,44.75414398926904,-0.4650603615336095
1189.382,44.7900126,45.24596212994173,40.32845807586365,44.62499554694281,-0.45594952994173354
1189.864,44.65770204,45.123749080921115,40.17713941859821,44.495144393721546,-0.4660470409211186
1190.346,44.56564428,45.00085175540617,40.02597120942487,44.36459256826298,-0.4352074754061661
1190.828,44.4226845,44.877271852069086,39.87496064282419,44.23334217879966,-0.4545873520690833
1191.31,44.29404275,44.753011128403344,39.724114860632305,44.1013954043611,-0.45896837840334115
1191.792,44.17435712,44.6280714018138,39.57344095226016,43.968754496002134,-0.45371428181379514
1192.275,44.05054002,44.502193232305174,39.422633915458896,43.835144436657416,-0.45165321230517463
1192.757,43.9191855,44.375899798476055,39.27232520724953,43.7011208801287,-0.45671429847605793
1193.239,43.82316396,44.248933188614586,39.12220934304417,43.56641039256915,-0.425769228614584
1193.721,43.67776404,44.121295470918874,38.972293204606615,43.43101552567988,-0.44353143091887404
1194.203,43.54174293,43.992988779034185,38.822583622345704,43.29493890940516,-0.4512458490341871
1194.685,43.39339885,43.864015313175386,38.67308737552255,43.15818325318844,-0.4706164631753893
1195.167,43.27294612,43.73437734125351,38.52381119245651,43.02075134723164,-0.46143122125351255
1195.649,43.1546269,43.604077200007005,38.37476175072828,42.882646063757704,-0.44945030000700825
1196.131,43.0022618,43.4731172961368,38.225945677381446,42.74387035827621,-0.47085549613679945
1196.614,42.88656181,43.34122636124999,38.07706155385096,42.60413727825242,-0.4546645512499836
1197.096,42.72780445,43.20895308211565,37.92873241534342,42.46402855995814,-0.48114863211564796
1197.578,42.62051269,43.07602769716475,37.78065623848994,42.3232588053515,-0.4555150071647489
1198.06,42.47784656,42.942452904529816,37.6328394500517,42.18183131597152,-0.46460634452981253
1198.542,42.33465648,42.808231478036596,37.48528842722722,42.03974948300272,-0.47357499803659664
1199.024,42.2240324,42.673366268358066,37.33800949784046,41.897016788549735,-0.44933386835806743
1199.506,42.07648897,42.53786020417063,37.19100894052699,41.753636806911175,-0.46137123417062753
1199.988,41.92910968,42.40171629331185,37.04429298491873,41.60961320585419,-0.4726066133118465
1200.47,41.79095714,42.26493762393946,36.89786781182477,41.46494974788645,-0.4739804839394566
1200.953,41.64447901,42.12724162787537,36.75143669562155,41.31934818198279,-0.4827626178753732
1201.435,41.51650296,41.98920173286671,36.605612070508826,41.17341537592385,-0.472698772866714
1201.917,41.35204026,41.85053684435211,36.460096491662256,41.02685459014137,-0.49849658435211097
1202.399,41.21647782,41.71125038355316,36.31489594627827,40.879669979007005,-0.49477256355315546
1202.881,41.07356306,41.57134585781721,36.1700163736087,40.73186579796827,-0.4977827978172087
1203.363,40.93300085,41.430826861776666,36.02546366513049,40.58344640480519,-0.49782601177666663
1203.845,40.77546823,41.289697078506734,35.881243664711945,40.434416260881704,-0.5142288485067326
1204.327,40.63233718,41.14796028068151,35.737362168778674,40.28477993239227,-0.5156231006815091
1204.81,40.4840068,41.00532439638491,35.59352749318175,40.13422977286443,-0.5213175963849039
1205.292,40.35054397,40.86238401266504,35.4503409384801,39.98339396635444,-0.5118400426650425
1205.774,40.17741062,40.71884849002688,35.307510006186206,39.83196632547417,-0.5414378700268756
1206.256,40.0148441,40.57472197124499,35.16504030446672,39.679951848308264,-0.5598778712449928
1206.738,39.89497819,40.43000869443218,35.02293739484128,39.527355643907086,-0.5350305044321786
1207.22,39.71963593,40.28471299417397,34.88120679233505,39.374182933488115,-0.5650770641739697
1207.702,39.59585976,40.13883930265888,34.739853965630104,39.22043905162866,-0.5429795426588768
1208.184,39.4408544,39.992392150802004,34.59888433721499,39.06612944744687,-0.5515377508020052
1208.667,39.29141114,39.8450705689219,34.45801202922301,38.91093780085305,-0.5536594289218968
1209.149,39.10420597,39.69748932427731,34.317825703554774,38.755512419011126,-0.593283354277311
1209.631,38.97087615,39.549348825673995,34.17803857886287,38.59953837325102,-0.5784726756739929
1210.113,38.84029616,39.40065401025384,34.038655894223794,38.44302158268721,-0.5603578502538369
1210.595,38.67344189,39.25140991940053,33.89968284323982,38.28596808670363,-0.5779680294005303
1211.077,38.53169626,39.10162169981732,33.76112457417777,38.12838404605745,-0.5699254398173252
1211.559,38.37409711,38.95129460459351,33.62298619010578,37.970275743966155,-0.5771974945935057
1212.041,38.2211397,38.80043399426113,33.485272749028525,37.81164958717899,-0.5792942942611248
1212.523,38.04032836,38.649045337840626,33.34798926402061,37.65251210703015,-0.6087169778406292
1213.006,37.89392207,38.496818506390994,33.210857240708506,37.492538232786146,-0.6028964363909921
1213.488,37.75604921,38.344389537798705,33.07444944563531,37.33239717760229,-0.5883403277987043
1213.97,37.61067235,38.19144960352971,32.93848638766167,37.17176516529827,-0.5807772535297104
1214.452,37.45913842,38.03800461699603,32.802972901352454,37.01064923597359,-0.5788661969960245
1214.934,37.27841992,37.88406060513399,32.66791377698576,36.84905655929079,-0.6056406851339915
1215.416,37.14457104,37.72962370936783,32.53331376067771,36.68699443540655,-0.5850526693678262
1215.898,36.97489708,37.5747001865568,32.39917755450432,36.524470295878814,-0.5998031065567986
1216.38,36.80259215,37.41929640992544,32.26550981662305,36.361491704548655,-0.6167042599254344
1216.863,36.66660646,37.26309498467948,32.132039318879904,36.19772684267262,-0.5964885246794864
1217.345,36.4825178,37.106749327840035,31.99932331268149,36.033861670258645,-0.6242315278400383
1217.827,36.34524348,36.94994325816299,31.867089496273625,35.86956555637239,-0.6046997781629884
1218.309,36.16124567,36.792683623523104,31.735342353233047,35.70484660257287,-0.6314379535231041
1218.791,36.00338139,36.634977392533266,31.604086323803166,35.53971304671521,-0.6315960025332643
1219.273,35.84229379,36.47683165535743,31.473325805007185,35.37417326366547,-0.6345378653574301
1219.755,35.67811801,36.31825362450047,31.34306515075991,35.208235765984355,-0.6401356145004726
1220.237,35.51199624,36.15925063557507,31.21330867197897,35.04190920457887,-0.647254395575068
1220.719,35.36182129,35.99983014804432,31.084060636693415,34.87520236931903,-0.6380088580443157
1221.202,35.17919468,35.839667726815925,30.955058720156114,34.70777717465057,-0.6604730468159232
1221.684,35.03169903,35.67943429307723,30.826841281560288,34.54033597794606,-0.6477352630772302
1222.166,34.86477666,35.51880650565759,30.699144842840813,34.37254173568911,-0.6540298456575897
1222.648,34.69929005,35.35779232659822,30.57197350145804,34.20440379937092,-0.6585022765982202
1223.13,34.55614795,35.196399845112786,30.445331312514934,34.03593166199836,-0.6402518951127831
1223.612,34.3698028,35.034637278167246,30.31922228886014,33.86713495848963,-0.6648344781672435
1224.094,34.20903951,34.87251297102876,30.193650401189604,33.6980234660288,-0.6634734610287651
1224.576,34.05685564,34.710035397783884,30.068619578147867,33.52860710437854,-0.6531797577838816
1225.058,33.88685458,34.54721316182431,29.94413370642776,33.35889593614996,-0.6603585818243118
1225.541,33.70887267,34.38371615081089,29.81994007312517,33.188547190024366,-0.6748434808108925
1226.023,33.53701399,34.22023024979349,29.696556747212544,33.01827661082302,-0.6832162597934897
1226.505,33.3877039,34.05642629522387,29.573729789739584,32.84774229392117,-0.6687223952238739
1226.987,33.20181416,33.892313412172925,29.451462920490236,32.67695487542778,-0.690499252172927
1227.469,33.04457882,33.72790085693365,29.3297598177844,32.5059251349699,-0.683322036933653
1227.951,32.87390436,33.56319801729529,29.208624118572935,32.33466399568344,-0.6892936572952948
1228.433,32.71749061,33.3982144127784,29.088059418531802,32.16318252415273,-0.6807238027784024
1228.915,32.51460829,33.23295969483098,28.96806927215589,31.991491930299755,-0.7183514048309831
1229.397,32.34189454,33.06744364698371,28.84865719285176,31.81960356721999,-0.7255491069837134
1229.88,32.20002797,32.9013320146708,28.72958072353589,31.647171744064472,-0.701304044670799
1230.362,32.01748608,32.73532269625095,28.611336371873037,31.474922123257688,-0.7178366162509491
1230.844,31.85361453,32.56908221320517,28.4936803888821,31.30250967369809,-0.7154676832051692
1231.326,31.66878678,32.402620878381256,28.376616124447104,31.129946318749283,-0.733834098381255
1231.808,31.5101401,32.23594913684713,28.260146887818532,30.957244123307007,-0.7258090368471315
1232.29,31.34467545,32.06907756578375,28.14427594770257,30.784415293300242,-0.7244021157837501
1232.772,31.17056074,31.902016874330783,28.029006532349566,30.611472175130945,-0.7314561343307844
1233.254,30.99169397,31.734777903385705,27.914341829642513,30.43842725505616,-0.7430839333857051
1233.737,30.83347768,31.567024143187577,27.800048988762327,30.264933875267516,-0.7335464631875759
1234.219,30.65437881,31.399461349235644,27.686604384733403,30.091723220934,-0.7450825392356428
1234.701,30.4985591,31.23175360971602,27.573773821990372,29.91844908238045,-0.733194509716018
1235.183,30.30106842,31.063912289818795,27.461560327735015,29.74512449812879,-0.7628438698187949
1235.665,30.13627703,30.895948884732768,27.34996688923612,29.57176264251832,-0.759671854732769
1236.147,29.9455166,30.727875019137382,27.23899645391445,29.398376824704474,-0.7823584191373811
1236.629,29.77124324,30.55970244664097,27.128651929428454,29.224980487591026,-0.7884592066409688
1237.111,29.60476067,30.391443049164895,27.01893618375893,29.051587206695245,-0.786682379164894
1237.594,29.40940454,30.222759525793023,26.909626388148915,28.877851013628177,-0.8133549857930227
1238.076,29.26671137,30.05436251662134,26.801177964813775,28.70450517405015,-0.7876511466213394
1238.558,29.0819362,29.885915116680433,26.693366692680687,28.531203929656538,-0.8039789166804319
1239.04,28.92424586,29.717429714114854,26.58619528178232,28.357961373959753,-0.7931838541148544
1239.522,28.7377334,29.548918821448666,26.479666402894665,28.184791726372392,-0.8111854214486662
1240.004,28.55955454,29.38039507462386,26.373782687620206,28.01170933065228,-0.8208405346238585
1240.486,28.40110262,29.21187123197869,26.268546728471126,27.838728653276863,-0.8107686119786912
1240.968,28.2386992,29.04336017316581,26.16396107895291,27.665864281744145,-0.8046609731658094
1241.45,28.08520051,28.874874898007445,26.060028253646486,27.493130922800205,-0.7896743880074446
1241.933,27.8938263,28.706079101089,25.95653714244596,27.32018549713625,-0.8122528010889987
1242.415,27.72711453,28.537684989307568,25.85391872112929,27.147759100469937,-0.8105704593075664
1242.897,27.55231573,28.3693563971192,25.751960439985584,26.975508564641782,-0.8170406671192012
1243.379,27.37503729,28.201106792575857,25.65066465864622,26.80344905442218,-0.8260695025758551
1243.861,27.18748475,28.032949757235443,25.55003369823158,26.631595843852878,-0.8454650072354433
1244.343,27.04105063,27.864898984636948,25.450069841433745,26.459964314028632,-0.8238483546369473
1244.825,26.85368851,27.69696827871083,25.350775332598584,26.28856995080121,-0.8432797687108291
1245.307,26.69233656,27.529171552123433,25.252152377808294,26.117428342409568,-0.8368349921234319
1245.79,26.50644359,27.36117516924388,25.1540006326035,25.946200958371108,-0.8547315792438788
1246.272,26.34008978,27.193688916714684,25.056728655876487,25.775612627769327,-0.8535991367146849
1246.754,26.15592661,27.026379046017794,24.96013462698358,25.605324439243027,-0.8704524360177928
1247.236,26.00816363,26.859259887092257,24.86422059969808,25.435352365545704,-0.8510962570922587
1247.718,25.82355008,26.692345869335217,24.768988589942502,25.265712468821935,-0.8687957893352163
1248.2,25.64910539,26.52565151954533,24.67444057587085,25.096420897782355,-0.8765461295453321
1248.682,25.46559072,26.359191459799728,24.580578497951713,24.927493884802853,-0.8936007397997265
1249.164,25.31528125,26.19298040526217,24.487404259051175,24.758947742948866,-0.8776991552621674
1249.646,25.1377184,26.027033161924,24.39491972451566,24.590798862924775,-0.8893147619239983
1250.129,24.98024742,25.86102121370965,24.302937000436117,24.422716153234273,-0.8807737937096469
1250.611,24.81962593,25.695646987291408,24.21183876127298,24.255412173741952,-0.8760210572914069
1251.093,24.6426326,25.530581542744425,24.121435601829184,24.088555096927422,-0.8879489427444263
1251.575,24.50549772,25.365840025590565,24.03172923812987,23.922161592196133,-0.8603423055905637
1252.057,24.3219542,25.201437659862872,23.942721349098584,23.756248390227327,-0.8794834598628718
1252.539,24.14557398,25.03738974544128,23.854413576641434,23.590832279484484,-0.8918157654412795
1253.021,23.98964579,24.873711655320466,23.766807525731544,23.425930102655535,-0.8840658653204656
1253.503,23.84143326,24.710418832811914,23.679904764493408,23.26155875302282,-0.8689855728119156
1253.985,23.66127765,24.547526788679136,23.593706824287977,23.097735170764423,-0.8862491386791369
1254.468,23.50339185,24.384714455348057,23.508038566512646,22.934138226776845,-0.881322605348057
1254.95,23.35819051,24.222671667889863,23.42325618572741,22.771462393199588,-0.8644811578898626
1255.432,23.17465981,24.06107659880133,23.339183003239683,22.609385426322888,-0.886416788801327
1255.914,23.0168683,23.899944998810035,23.25582040413424,22.447924415631448,-0.8830766988100365
1256.396,22.83769122,23.739292670787716,23.173169737160748,22.287096478001285,-0.9016014507877159
1256.878,22.68681098,23.57913546649874,23.09123231482036,22.12691875360907,-0.8923244864987403
1257.36,22.51293564,23.419489283285134,23.01000941345255,21.96740840177843,-0.906553643285136
1257.842,22.34408152,23.26037006069145,22.92950227332243,21.80858259676928,-0.9162885406914505
1258.324,22.20457936,23.10179377702808,22.849712098708547,21.65045852350692,-0.8972144170280814
1258.807,22.04297313,22.94344920124309,22.770476755402825,21.49272756579849,-0.9004760712430908
1259.289,21.8696577,22.786008077534785,22.69212547455576,21.336060076861006,-0.9163503775347834
1259.771,21.70336991,22.62915805840102,22.614494559258997,21.180145930556908,-0.925788148401022
1260.253,21.56028367,22.47291524171692,22.53758507065305,21.025002310644457,-0.9126315717169184
1260.735,21.3838048,22.317295746057273,22.461398034335232,20.870646389371355,-0.9334909460572725
1261.217,21.22490237,22.16231570691695,22.385934440449653,20.717095322890312,-0.9374133369169506
1261.699,21.09063581,22.00799127287839,22.311195243777398,20.564366246628968,-0.9173554628783904
1262.181,20.92648324,21.854338601726734,22.23718136382709,20.412476270615098,-0.9278553617267349
1262.664,20.78367527,21.701057228583007,22.163742391278625,20.261130028464798,-0.9173819585830074
1263.146,20.61923808,21.548798051220743,22.091183271926745,20.11097128717553,-0.9295599712207441
1263.628,20.45790188,21.397259159253235,22.019352018755207,19.961702811701933,-0.9393572792532332
1264.11,20.31471696,21.246456707429168,21.948249411026595,19.813341562831464,-0.9317397474291695
1264.592,20.17716525,21.09640683954287,21.877876193191216,19.66590445198702,-0.9192415895428674
1265.074,20.0118328,20.94712568426985,21.808233074980684,19.519408336335424,-0.9352928842698489
1265.556,19.86636247,20.79862935096112,21.73932073150147,19.37387001386669,-0.932266880961123
1266.038,19.72519265,20.650933925398423,21.67113980332943,19.229306218447856,-0.9257412753984227
1266.521,19.57513837,20.503751598773096,21.603551722449616,19.085436788245428,-0.928613228773095
1267.003,19.42227335,20.357707875155906,21.536836929444412,18.942874075198223,-0.9354345251559053
1267.485,19.26805362,20.212513165347694,21.47085526831953,18.801335690445203,-0.9444595453476943
1267.967,19.1200811,20.068183417595126,21.405607242409772,18.660838061298033,-0.9481023175951258
1268.449,18.98082671,19.924734534818953,21.341093320998553,18.52139752591003,-0.9439078248189539
1268.931,18.82394617,19.782182370173082,21.277313939414707,18.38303032822972,-0.9582362001730829
1269.413,18.68855945,19.64054272257913,21.214269499130552,18.2457526129488,-0.9519832725791311
1269.895,18.56778853,19.49983133223652,21.15196036786003,18.109580420444868,-0.9320428022365199
1270.377,18.39274295,19.36006387611254,21.090386879657792,17.974529681723258,-0.9673209261125422
1270.86,18.26812979,19.22096898842464,21.029423881247986,17.84033957768722,-0.9528391984246412
1271.342,18.14463019,19.08313819513307,20.969324074868155,17.707581485059166,-0.9385080051330696
1271.824,17.99765281,18.946297974185946,20.909960713210637,17.575991964630617,-0.9486451641859439
1272.306,17.86073269,18.81046370399996,20.851333996622508,17.44558645913685,-0.949731013999962
1272.788,17.72096438,18.67565067696195,20.793444092294145,17.31638027672222,-0.954686296961949
1273.27,17.60004358,18.541874094839468,20.736291134361014,17.18838858593498,-0.9418305148394666
1273.752,17.46538875,18.409149064188362,20.679875224006473,17.06162641074335,-0.9437603141883635
1274.234,17.32166683,18.27749059175766,20.624196429564947,16.93610862557254,-0.9558237617576602
1274.717,17.20119964,18.146643807687948,20.569141566088945,16.811593471256977,-0.945444167687949
1275.199,17.07207985,18.017165339434566,20.514938606947325,16.68861112407231,-0.9450854894345646
1275.681,16.90982882,17.888797835216927,20.461472772574282,16.566916873404896,-0.9789690152169257
1276.163,16.80057921,17.76155585640723,20.40874400088505,16.446524946092293,-0.9609766464072322
1276.645,16.67499747,17.635453841646452,20.35675219747081,16.327449395055794,-0.9604563716464511
1277.127,16.54308493,17.510506102291945,20.305497235705378,16.209704094539394,-0.9674211722919459
1277.609,16.41904289,17.386726817880998,20.25497895685242,16.093302735391923,-0.9676839278809979
1278.091,16.2945893,17.264130031613334,20.205197170173392,15.978258820397347,-0.9695407316133355
1278.573,16.16354818,17.142729645855407,20.156151653035785,15.86458565965555,-0.9791814658554081
1279.056,16.05285272,17.02229132777045,20.10774268873186,15.752064848193625,-0.9694386077704493
1279.538,15.92646208,16.903327417440025,20.06017044183926,15.641175243904518,-0.9768653374400245
1280.02,15.81497737,16.785600752893554,20.013333605628617,15.531695148828105,-0.9706233828935549
1280.502,15.6897864,16.66912462840335,19.967231830922714,15.423637056804948,-0.9793382284033498
1280.984,15.60951531,16.553912175341328,19.921864737201766,15.317013246747294,-0.9443968653413268
1281.466,15.50283026,16.439976357870954,19.87723191271519,15.21183577838546,-0.9371460978709543
1281.948,15.38602975,16.32732996867911,19.83333291459433,15.108116488085189,-0.9413002186791086
1282.43,15.28407095,16.215985624751916,19.79016726896561,15.005866984740017,-0.9319146747519156
1282.912,15.16816442,16.10595576319658,19.747734471064298,14.905098645739532,-0.9377913431965794
1283.395,15.05751355,15.997028499493545,19.7059482306669,14.805618204997723,-0.939514949493546
1283.877,14.97676726,15.889666963894797,19.664981008469592,14.707848511021522,-0.9128997038947961
1284.359,14.84275013,15.783656126110756,19.62474493423584,14.611592707296325,-0.9409059961107555
1284.841,14.76292018,15.679007662554913,19.585239380723323,14.51686120600351,-0.9160874825549126
1285.323,14.64779108,15.575733049646852,19.546463690376815,14.423664168906548,-0.9279419696468523
1285.805,14.5418427,15.473843559966554,19.508417175445615,14.332011503837913,-0.9320008599665535
1286.287,14.45351558,15.37335025847289,19.47109911810164,14.241912861281412,-0.9198346784728901
1286.769,14.35677415,15.274263998788395,19.43450877055795,14.15337763105166,-0.9174898487883958
1287.251,14.25103765,15.176595419554543,19.398645355188144,14.066414939074276,-0.9255577695545423
1287.734,14.16238165,15.080156763433395,19.36343591993181,13.980858154513768,-0.9177751134333949
1288.216,14.05146842,14.985357577771408,19.32902542112823,13.89707015323977,-0.9338891577714072
1288.698,13.97448888,14.89200668368488,19.295339341955277,13.814880470968737,-0.9175178036848806
1289.18,13.88652163,14.800113824427843,19.26237678657222,13.734297147366462,-0.9135921944278422
1289.662,13.792967,14.709688511162385,19.230136829904296,13.65532794367674,-0.9167215111623843
1290.144,13.72403654,14.620740019778959,19.198618517765667,13.5779803401454,-0.8967034797789584
1290.626,13.62213461,14.533277387801867,19.167820866982886,13.502261533557622,-0.9111427778018673
1291.108,13.55959564,14.447309411382111,19.137742865519147,13.428178434891816,-0.8877137713821117
1291.591,13.46439676,14.362670972653005,19.108323307249428,13.355589086681118,-0.8982742126530052
1292.073,13.39349108,14.279720860188307,19.07968294102237,13.28480040938171,-0.886229780188307
1292.555,13.32595644,14.19829033122671,19.051759013765704,13.21566644862462,-0.8723338912267096
1293.037,13.26169292,14.118387187646656,19.024550399182985,13.148192950447823,-0.856694267646656
1293.519,13.20243552,14.040018976292599,18.998055942744127,13.082385365132218,-0.8375834562925988
1294.001,13.12292424,13.963192986533162,18.972274461813104,13.018248845579565,-0.8402687465331624
1294.483,13.06938588,13.887916247918856,18.947204745776126,12.955788245814539,-0.8185303679188554
1294.965,12.96349677,13.814195527942463,18.922845556170767,12.895008119613218,-0.8506987579424621
1295.448,12.91233826,13.741889252706065,18.899147296952595,12.835791868751805,-0.8295509927060642
1295.93,12.86459135,13.671303074656839,18.876206801522073,12.778388651283576,-0.8067117246568394
1296.412,12.78419993,13.60229163663626,18.85397294857134,12.722677762647763,-0.8180917066362596
1296.894,12.72556018,13.534860637028448,18.8324443894871,12.668662543816671,-0.8093004570284474
1297.376,12.64356181,13.46901550253175,18.81161974846087,12.616346030565103,-0.8254536925317506
1297.858,12.59490739,13.404761386557638,18.791497622621478,12.565730952867174,-0.8098539965576386
1298.34,12.5282948,13.34210316774075,18.772076582168115,12.516819734422722,-0.8138083677407497
1298.822,12.48712669,13.281045448559588,18.753355170503824,12.469614492312816,-0.7939187585595882
1299.304,12.42281316,13.221592554070142,18.735331904369737,12.424117036785402,-0.7987793940701415
1299.787,12.36692664,13.163630197482583,18.717970049703155,12.380239802037394,-0.7967035574825818
1300.269,12.32769238,13.107402161642268,18.70133995937964,12.33816567254689,-0.7797097816422678
1300.751,12.27764764,13.05279025709817,18.685403402919704,12.297802920704795,-0.7751426170981706
1301.233,12.22006621,12.999797688233274,18.67015879171591,12.259152129230213,-0.7797314782332734
1301.715,12.21337518,12.94842737737965,18.65560451117858,12.222213574873495,-0.73505219737965
1302.197,12.15174427,12.898681964238119,18.641738920873493,12.186987228973802,-0.7469376942381185
1302.679,12.10626613,12.850563805413325,18.62856035465983,12.153472758143351,-0.7442976754133248
1303.161,12.09224199,12.804074974064726,18.616067120829115,12.121669525077902,-0.711832984064726
1303.644,12.03193479,12.759125890509978,18.604233710372217,12.091515933054596,-0.7271911005099785
1304.126,11.98942979,12.715904187312919,18.59310737745266,12.063135596999583,-0.7264743973129182
1304.608,11.97010408,12.674316330885022,18.582661146085876,12.036462769759346,-0.7042122508850213
1305.09,11.92227754,12.634363258840398,18.572893223638488,12.011495608334611,-0.7120857188403988
1305.572,11.90874422,12.596045625337702,18.563801792611425,11.988231971720337,-0.6873014053377009
1306.054,11.87648018,12.559363801423537,18.555385010781837,11.966669422450533,-0.682883621423537
1306.536,11.86982994,12.524317875490283,18.547641011345615,11.946805228260907,-0.6544879354902822
1307.018,11.83842423,12.490907653847048,18.540567903060452,11.928636363867794,-0.6524834238470483
1307.5,11.78919339,12.459132661404007,18.53416377038935,11.912159512861987,-0.669939271404008
1307.983,11.78538285,12.428931308631524,18.528415462977893,11.897342140741333,-0.6435484586315248
1308.465,11.7843633,12.400427615423263,18.523344816226462,11.884241703525966,-0.6160643154232623
1308.947,11.73878076,12.373556043257338,18.518937250005536,11.87282159537796,-0.6347752832573388
1309.429,11.75017564,12.348314999947199,18.515190752996574,11.863077355973576,-0.5981393599471989
1309.911,11.71892015,12.324702616996909,18.512103290312318,11.855004244996834,-0.6057824669969083
1310.393,11.69790105,12.302716750944631,18.509672803643426,11.848597244683614,-0.6048157009446307
1310.875,11.69986155,12.282354984812834,18.50789721140565,11.843851062467596,-0.5824934348128341
1311.357,11.69673358,12.26361462966289,18.506774408887427,11.840760133724954,-0.5668810496628893
1311.839,11.66272022,12.24649272625325,18.50630226839814,11.839318624616467,-0.5837725062532488
1312.322,11.65924708,12.230955551907051,18.506479677953415,11.839522557573487,-0.5717084719070513
1312.804,11.65435061,12.217063941963826,18.507303725953285,11.841364713507145,-0.5627133319638258
1313.286,11.66834595,12.204780294248627,18.508771911945352,11.844837188078415,-0.5364343442486259
1313.768,11.67726307,12.194100586364447,18.51088201776732,11.84993310033241,-0.516837516364447
1314.25,11.67728872,12.18502053540573,18.51363180302608,11.856645315686798,-0.5077318154057302
1314.732,11.67352216,12.177535600204987,18.517019005248677,11.864966449305465,-0.5040134402049876
1315.214,11.66996312,12.171640983671283,18.521041340033847,11.874888869551832,-0.5016778636712829
1315.696,11.68874176,12.167331635218945,18.52569650120386,11.886404701519247,-0.4785898752189457
1316.178,11.69957394,12.164602253284391,18.530982160957034,11.89950583063608,-0.46502831328439065
1316.661,11.69450837,12.163446524357909,18.536908890652043,11.914215992097846,-0.4689381543579092
1317.143,11.72100822,12.163863428163088,18.54344977425207,11.93046567637676,-0.4428552081630883
1317.625,11.71024425,12.16584290159905,18.550614039832514,11.948274894694062,-0.45559865159904867
1318.107,11.75342787,12.169378665557916,18.558399274585014,11.967634610799996,-0.4159507955579169
1318.589,11.75348921,12.17446420379634,18.56680304484607,11.988535567834397,-0.4209749937963405
1319.071,11.78588458,12.18109276593833,18.575822896252088,12.010968292321047,-0.39520818593832985
1319.553,11.79076903,12.189257370551724,18.58545635389491,12.034923098217185,-0.3984883405517241
1320.035,11.80795829,12.198950808295347,18.595700922477526,12.060390091015048,-0.39099251829534687
1320.518,11.84398385,12.210190488647925,18.60657723428551,12.087416678648045,-0.3662066386479239
1321.0,11.88103611,12.222922201576914,18.61803771281933,12.115880632824162,-0.34188609157691374
1321.482,11.9072506,12.237159768090155,18.630101690311562,12.14582585935564,-0.3299091680901558
1321.964,11.91574939,12.252895099582112,18.642766591436025,12.177241671443824,-0.33714570958211176
1322.446,11.94847095,12.270119896266177,18.65602982126343,12.21011719502639,-0.32164894626617624
1322.928,11.98552598,12.288825650699188,18.66988876541969,12.244441373132796,-0.30329967069918773
1323.41,12.02818058,12.30900365135975,18.684340790244445,12.280202970271656,-0.28082307135974993
1323.892,12.04809312,12.330644986279001,18.699383242950205,12.317390576848254,-0.2825518662790003
1324.375,12.10017472,12.353789968063387,18.715046488708026,12.356074162997373,-0.25361524806338664
1324.857,12.13733206,12.37833344021483,18.731262974120938,12.396081783309619,-0.2410013802148292
1325.339,12.17621414,12.40431232517765,18.74806181024474,12.437480159345254,-0.22809818517764846
1325.821,12.22029684,12.43171694606626,18.765440269342406,12.480257229438886,-0.21142010606626016
1326.303,12.24150904,12.460537444398307,18.783395605350556,12.524400780261177,-0.21902840439830662
1326.785,12.28998403,12.490763783983917,18.80192505404057,12.56989845135423,-0.20077975398391779
1327.267,12.33558188,12.522385754849246,18.82102583318018,12.616737739677781,-0.18680387484924665
1327.749,12.35751322,12.555392977191891,18.84069514269524,12.664906004162342,-0.19787975719189177
1328.231,12.41932245,12.589774905365578,18.860930164831856,12.714390470267812,-0.17045245536557907
1328.714,12.46086664,12.62559640392614,18.88177179662113,12.765284949107096,-0.16472976392613958
1329.196,12.51005739,12.6626982594583,18.90313087973286,12.817365647037933,-0.1526408694583008
1329.678,12.56457502,12.701142206036973,18.925047111780895,12.870723440350698,-0.1365671860369737
1330.16,12.60779306,12.74091707468166,18.947517605885224,12.925345065981245,-0.13312401468165902
1330.642,12.66538635,12.782011550853817,18.970539458302042,12.981217150181351,-0.11662520085381622
1331.124,12.6932542,12.82441417856595,18.994109748587675,13.038326213053823,-0.1311599785659503
1331.606,12.76734232,12.868113364502836,19.018225539762856,13.096658673075131,-0.10077104450283692
1332.088,12.82864783,12.913097382152877,19.042883878477376,13.156200851603904,-0.08444955215287742
1332.571,12.87704113,12.959451659778159,19.068134631831406,13.21706622366443,-0.08241052977815855
1333.053,12.94223517,13.00697225286882,19.093870251062235,13.27898887524824,-0.0647370828688203
1333.535,12.99267071,13.055741715142258,19.12013945496225,13.342079642511678,-0.06307100514225716
1334.017,13.03512929,13.105747828492628,19.146939226316164,13.406324502893579,-0.07061853849262789
1334.499,13.07072582,13.15697826234984,19.17426653236502,13.4717093589687,-0.08625244234984031
1334.981,13.16951291,13.209420577822224,19.20211832497229,13.538220042822612,-0.03990766782222366
1335.463,13.22412998,13.263062231833112,19.230491540790343,13.605842320397269,-0.038932251833111664
1335.945,13.27781546,13.317890581249475,19.259383101427055,13.674561895805562,-0.0400751212494761
1336.427,13.35919791,13.373892887000515,19.288789913612682,13.74436441561245,-0.014694977000514697
1336.91,13.41155277,13.431176112553352,19.318771472097133,13.815383609191704,-0.019623342553352074
1337.392,13.49313467,13.489490119213249,19.349200501701002,13.887310920328773,0.0036445507867508553
1337.874,13.56733841,13.548939303302143,19.38013540892794,13.960277782424932,0.018399106697856382
1338.356,13.66975341,13.609510582752087,19.411573042641557,14.034269653864907,0.06024282724791341
1338.838,13.73486249,13.671190799938252,19.443510237665734,14.109271956344655,0.06367169006174755
1339.32,13.84031056,13.733966725695776,19.475943814952846,14.185270078918942,0.10634383430422467
1339.802,13.91160648,13.797825063313173,19.50887058175199,14.262249382004414,0.11378141668682673
1340.284,13.99936663,13.86275245250093,19.54228733177762,14.34019520133746,0.13661417749907123
1340.766,14.10117132,13.928735473332504,19.576190845378058,14.419092851884129,0.17243584666749712
1341.249,14.16872488,13.99590078048281,19.61064973249913,14.499094227962377,0.17282409951718947
1341.731,14.24692755,14.063956705798022,19.645518054733042,14.57985332043478,0.18297084420197862
1342.213,14.33866489,14.133027655921472,19.68086339630574,14.661520072215984,0.2056372340785284
1342.695,14.40243821,14.20310001111184,19.716682485765332,14.744079753304527,0.19933819888816018
1343.177,14.48863594,14.274160111246848,19.752972039140005,14.827517631740868,0.21447582875315163
1343.659,14.56790952,14.346194259570568,19.78972876010781,14.911818977210782,0.22171526042943235
1344.141,14.66646585,14.41918872640312,19.826949340166102,14.99696906459387,0.24727712359687892
1344.623,14.73507424,14.493129752811997,19.864630458801734,15.082953177457357,0.2419444871880021
1345.105,14.81183873,14.568003554243296,19.90276878366087,15.169756611492446,0.2438351757567041
1345.588,14.89641383,14.643954516198784,19.941441506959528,15.257547263600095,0.2524593138012161
1346.07,15.01306668,14.720654292944,19.980485131857257,15.345946916080427,0.29241238705600026
1346.552,15.10828475,14.798245344282297,20.019975889577758,15.435121852692792,0.3100394057177027
1347.034,15.16697873,14.876713818626117,20.059910402083716,15.525057450895538,0.29026491137388355
1347.516,15.27062722,14.956045856289975,20.100285280349073,15.615739116591016,0.3145813637100243
1347.998,15.35759127,15.036227592858651,20.141097124529622,15.707152287209981,0.32136367714134906
1348.48,15.44503913,15.11724516250803,20.18234252413379,15.799282434735183,0.327793967491969
1348.962,15.55559677,15.199084701276993,20.224018058193128,15.892115068664044,0.35651206872300634
1349.445,15.65305563,15.281904648860422,20.26620808564411,15.985830470406043,0.37115098113957856
1349.927,15.7445321,15.365348190957542,20.308734459208033,16.0800261527651,0.37918390904245847
1350.409,15.83893005,15.449572124757928,20.35168063599921,16.17488107406843,0.3893579252420718
1350.891,15.91786729,15.53456262552037,20.39504315483079,16.270380922371757,0.3833046644796294
1351.373,16.01293375,15.620305885985992,20.43881854489417,16.366511437139028,0.3926278640140062
1351.855,16.11585141,15.706788119346074,20.483003325929907,16.463258411833316,0.4090632906539273
1352.337,16.20319681,15.793995562157312,20.52759400839895,16.560607696445516,0.40920124784268985
1352.819,16.30273438,15.881914477203136,20.572587093653485,16.65854519996034,0.42081990279686465
1353.302,16.40780642,15.970715724163362,20.61807366055394,16.757261861033573,0.4370906958366376
1353.784,16.50157609,16.060017895998428,20.663861836484248,16.85633492505629,0.4415581940015727
1354.266,16.57931289,16.149990485323574,20.71004185899417,16.955954283855817,0.42932240467642657
1354.748,16.69113822,16.240619887445966,20.756610194695313,17.05610610594935,0.45051833255403295
1355.23,16.80216169,16.331892537399632,20.80356330194654,17.15677663024794,0.47026915260036617
1355.712,16.90243763,16.42379491247948,20.850897631025006,17.257952168149114,0.4786427175205219
1356.194,16.99597032,16.51631353471963,20.898609624297368,17.35961910556854,0.4796567852803726
1356.676,17.1120499,16.609434973316027,20.946695716390636,17.461763904909944,0.5026149266839717
1357.158,17.21294719,16.703145846993696,20.99515233436332,17.564373106974006,0.5098013430063055
1357.641,17.29748655,16.797629032098385,21.04407757052767,17.667647610302115,0.4998575179016136
1358.123,17.41456574,16.892479995665994,21.09326524213572,17.771146457367177,0.5220857443340066
1358.605,17.52037258,16.98788054313021,21.14281266963166,17.87506979079844,0.5324920368697903
1359.087,17.60495739,17.083817514008206,21.192716251494698,17.979404483047805,0.5211398759917927
1359.569,17.69734831,17.1802778083477,21.242972379490077,18.084137493611067,0.5170705016522987
1360.051,17.82135207,17.27724838875903,21.293577438839595,18.18925587057915,0.5441036812409692
1360.533,17.92133398,17.374716282391827,21.344527808392407,18.29474675213133,0.5466176976081734
1361.015,18.03386578,17.47266858285651,21.395819860795342,18.40059736797108,0.561197197143489
1361.498,18.17519,17.57129713231319,21.447557427934882,18.507015719845032,0.6038928676868096
1361.98,18.30424246,17.670180741036752,21.499522630031386,18.61354854721811,0.6340617189632489
1362.462,18.44722754,17.769510428309328,21.55181858984031,18.720403334831452,0.6777171116906722
1362.944,18.56499495,17.86927357185197,21.60444165689094,18.8275676919136,0.6957213781480291
1363.426,18.6955044,17.969457624634053,21.65738817536159,18.935029325555707,0.7260467753659476
1363.908,18.80941397,18.070050116467726,21.710654484249304,19.042776041814513,0.7393638535322751
1364.39,18.9414051,18.17103865554938,21.76423691753982,19.15079574676247,0.7703664444506195
1364.872,19.04505925,18.272410929946894,21.818131804376634,19.259076447484134,0.7726483200531078
1365.354,19.13701424,18.374154709036265,21.872335469231125,19.367606253022924,0.762859530963734
1365.837,19.25470459,18.47647004228279,21.926957635383815,19.476599271770358,0.7782345477172079
1366.319,19.35797498,18.578921179022085,21.98176843334988,19.58559248236923,0.7790538009779162
1366.801,19.44517739,18.681707605240447,22.03687694874736,19.694799721439434,0.763469784759554
1367.283,19.56082979,18.784817429045134,22.092279489040436,19.804209514518544,0.7760123609548657
1367.765,19.67627014,18.88823884625897,22.147972357865974,19.913810493078827,0.7880312937410281
1368.247,19.76551102,18.9919601415504,22.203951855201872,20.023591395176744,0.7735508784496012
1368.729,19.88367024,19.09596968951436,22.26021427753537,20.133541066056296,0.787700550485642
1369.211,19.99077269,19.200255955704584,22.316755918031046,20.243648458706428,0.7905167342954158
1369.693,20.10688763,19.304807497618256,22.37357306669862,20.35390263437303,0.802080132381743
1370.176,20.20772367,19.40983066049351,22.43078073230585,20.46452192205634,0.7978930095064918
1370.658,20.31957874,19.514879290587245,22.48813830788233,20.575037531566927,0.8046994494127553
1371.14,20.41191048,19.620159406635555,22.545760236689514,20.685667739936104,0.7917510733644448
1371.622,20.54082238,19.725659943013543,22.603642797787316,20.796402045915613,0.8151624369864585
1372.104,20.64037,19.831369930264973,22.661782267917495,20.907230058428762,0.8090000697350277
1372.586,20.73815636,19.937278495811885,22.72017492166985,21.01814149682895,0.8008778641881165
1373.068,20.87059571,20.043374864620315,22.778817031648693,21.129126191118985,0.827220845379685
1373.55,20.98690407,20.1496483598232,22.837704868638838,21.240174082132306,0.8372557101768017
1374.032,21.11872393,20.256088403301455,22.896834701771454,21.351275221675593,0.862635526698547
1374.515,21.26557167,20.362905825000528,22.95632621409962,21.46265040134989,0.902665844999472
1374.997,21.38230023,20.469647919861256,23.0159293238182,21.573828697616197,0.9126523101387427
1375.479,21.53039739,20.576525405094532,23.075763221054782,21.68503104472368,0.9538719849054687
1375.961,21.63188656,20.683528102769095,23.13582416997648,21.79624793930848,0.9483584572309063
1376.443,21.75631977,20.790645935996405,23.19610843392193,21.9074699891577,0.9656738340035957
1376.925,21.88762373,20.89786892927339,23.25661227556553,22.018687913143435,0.9897548007266117
1377.407,21.985858,21.005187208786587,23.31733195708123,22.12989254112435,0.9806707912134129
1377.889,22.07612254,21.112591002679945,23.378263740306103,22.241074813815533,0.9635315373200548
1378.372,22.19362898,21.22029370027499,23.43953094768031,22.352456347608165,0.9733352797250099
1378.854,22.32073604,21.32783974394773,23.50087613995015,22.46356708206965,0.9928962960522689
1379.336,22.42731257,21.435442580794554,23.56242221129423,22.57462892878554,0.9918699892054477
1379.818,22.53854408,21.54309284897572,23.624165423832007,22.68563327023189,0.9954512310242798
1380.3,22.65635784,21.650781289425048,23.6861020401592,22.796571598650985,1.0055765505749505
1380.782,22.76173973,21.758498745913176,23.74822832350954,22.907435515750855,1.0032409840868226
1381.264,22.88976392,21.866236165079368,23.81054053791604,23.018216732378786,1.0235277549206323
1381.746,22.98669584,21.973984596432413,23.873034948371853,23.12890706816943,1.012711243567587
1382.229,23.09640185,22.081958737440804,23.935838030618648,23.23972778546777,1.0144431125591957
1382.711,23.20240912,22.189702730323866,23.998685991425756,23.350212021711474,1.0127063896761328
1383.193,23.2940498,22.297431482873552,24.061704942886678,23.460581468682275,0.9966183171264476
1383.675,23.40179934,22.405136455704994,24.12489115544051,23.57082837739525,0.9966628842950058
1384.157,23.51804294,22.512809211868404,24.188240901285763,23.680945105543962,1.0052337281315964
1384.639,23.62046266,22.62044141667974,24.251750454539312,23.790924117013958,1.000021243320262
1385.121,23.74651774,22.728024837525,24.315416091394567,23.90075798137631,1.0184929024750033
1385.603,23.85562766,22.83555134363966,24.379234090279212,24.010439373361596,1.0200763163603384
1386.085,23.97861387,22.94301290586337,24.44320073201306,24.119961072315746,1.0356009641366306
1386.568,24.1061643,23.0506243132867,24.507445459589977,24.229542660720345,1.055539986713299
1387.05,24.24821709,23.157932129804106,24.571698528946953,24.338723359435065,1.0902849601958948
1387.532,24.38668014,23.26515150584178,24.63608909183648,24.447723310908383,1.1215286341582207
1388.014,24.49803328,23.37227481594273,24.700613440219055,24.55653570736542,1.1257584640572702
1388.496,24.61992742,23.479294534681706,24.765267869228893,24.66515384266737,1.1406328853182934
1388.978,24.73941321,23.586203236286405,24.830048677328527,24.773571111668627,1.1532099737135937
1389.46,24.85241088,23.692993594238683,24.89495216646359,24.881781009560548,1.159417285761318
1389.942,24.93203712,23.799658380856776,24.959974642216743,24.989777131201706,1.132378739143224
1390.425,25.03939516,23.9064113449471,25.025247671858295,25.0977765390774,1.1329838150529028
1390.907,25.09466077,24.01280340185249,25.090497280637067,25.20532581216612,1.08185736814751
1391.389,25.21723149,24.11904877865324,25.15585480850271,25.312642672114876,1.0981827113467588
1391.871,25.28388095,24.22514063866789,25.221316577127162,25.41972110570074,1.0587403113321088
1392.353,25.38257152,24.331072241691064,25.286878912582964,25.52655519583343,1.0514992783089347
1392.835,25.46127759,24.436836943473242,25.352538145495178,25.63313912081737,1.0244406465267595
1393.317,25.57464804,24.542428195183767,25.418290611191733,25.73946715360197,1.0322198448162325
1393.799,25.6886342,24.647839542860186,25.48413264985387,25.845533661025033,1.0407946571398128
1394.281,25.82014489,24.753064626843695,25.550060606666136,25.95133310304556,1.0670802631563063
1394.764,25.95090574,24.85831488663214,25.616207865629086,26.057078680499423,1.0925908533678594
1395.246,26.07246257,24.963148319964294,25.682296874389802,26.16232715820319,1.1093142500357054
1395.728,26.19206112,25.06777695808146,25.74846086081986,26.2672924905012,1.124284161918542
1396.21,26.33269084,25.172194812819434,25.81469619161632,26.371969502208785,1.1604960271805673
1396.692,26.44289342,25.276395987301044,25.880999239221246,26.47635310731875,1.1664974326989572
1397.174,26.57989551,25.38037467529886,25.947366381968322,26.580438308194154,1.19952083470114
1397.656,26.6954215,25.484125160587098,26.01379400422924,26.68422019475528,1.2112963394129004
1398.138,26.79596886,25.58764181628428,26.080278496559224,26.787693943662177,1.2083270437157196
1398.62,26.93547072,25.690919104186086,26.146816255842285,26.890854817492592,1.244551615813915
1399.103,27.04444231,25.794165076177944,26.213541882770528,26.993911198602653,1.2502772338220574
1399.585,27.15321288,25.89694684063569,26.280175484524143,27.096431776612132,1.2562660393643128
1400.067,27.27937389,25.999473137091787,26.346851575871263,27.19862576528834,1.2799007529082118
1400.549,27.37214662,26.10173877538856,26.41356658046574,27.300488762755634,1.2704078446114373
1401.031,27.45710528,26.203738650585446,26.480316929007508,27.402016448891263,1.253366629414554
1401.513,27.5485945,26.305467742245476,26.54709905938494,27.503204584485534,1.2431267577545242
1401.995,27.6424016,26.406921113716013,26.61390941681572,27.60404901039914,1.2354804862839863
1402.477,27.71831208,26.508093911403193,26.6807444539875,27.704545646719843,1.210218168596807
1402.959,27.81995581,26.60898136404079,26.74760063119799,27.80469049191733,1.2109744459592093
1403.442,27.92636492,26.709787185589683,26.814613174644936,27.904686280941345,1.2165777344103184
1403.924,28.04179208,26.81008934392919,26.88150106952494,28.00411509867517,1.2317027360708117
1404.406,28.1731634,26.910092320694506,26.948399525102246,28.10318057478368,1.2630710793054938
1404.888,28.27601854,27.00979166669208,27.015305033520093,28.201879012960575,1.266226873307918
1405.37,28.38692189,27.109183011333116,27.08221409522362,28.30020679105051,1.2777388786668844
1405.852,28.50753094,27.208262061877814,27.149123219095674,28.398160360203807,1.2992688781221844
1406.334,28.60355479,27.307024602677327,27.216028922592955,28.495736244032088,1.2965301873226736
1406.816,28.6968364,27.405466494412963,27.28292773188104,28.5929310377658,1.291369905587036
1407.299,28.79199966,27.503786895627268,27.349954941519705,28.68994185691834,1.2882127643727301
1407.781,28.88962266,27.601574686734562,27.416829544145862,28.786363730747055,1.2880479732654386
1408.263,28.97322569,27.699029853119168,27.48368687751404,28.882394714922597,1.274195836880832
1408.745,29.07518919,27.796148553287946,27.550523503984298,28.978031682895573,1.279040636712054
1409.227,29.17627297,27.89292701824603,27.617335995292088,29.07327157554609,1.2833459517539687
1409.709,29.27662112,27.989361550727416,27.68412093267984,29.16811140035297,1.2872595692725852
1410.191,29.37871065,28.08544852442541,27.750874907027764,29.262548230566704,1.2932621255745893
1410.673,29.4622374,28.181184383222448,27.81759451898354,29.35657920438422,1.2810530167775518
1411.156,29.56329241,28.27676315585627,27.88441468161111,29.4503953346034,1.2865292541437299
1411.638,29.64223847,28.371785647122596,27.951055321602407,29.543605409600328,1.2704528228774024
1412.12,29.73876912,28.466446761694964,28.017651454061756,29.636401418795632,1.2723223583050363
1412.602,29.8531155,28.560743216658484,28.084199720016088,29.728780752120304,1.2923722833415177
1413.084,29.9327005,28.654671795442933,28.150696770900296,29.820740860378894,1.278028704557066
1413.566,30.01021185,28.74822934705734,28.21713926868346,29.912279254446812,1.2619825029426615
1414.048,30.10429162,28.84141278532574,28.283523885993876,30.003393504471678,1.262878834674261
1414.53,30.15975054,28.934219088124735,28.349847306243777,30.094081239079333,1.2255314518752662
1415.012,30.23376207,29.026645296623492,28.41610622375338,30.184340144584514,1.2071167733765087
1415.495,30.30340833,29.11887907546328,28.48243459709426,30.2743538793276,1.18452925453672
1415.977,30.38833022,29.21053566487677,28.548554485454236,30.36374751122198,1.1777945551232314
1416.459,30.50755094,29.30180364998762,28.61460001393283,30.45270570687,1.2057472900123827
1416.941,30.57083902,29.392680317698854,28.680567921730443,30.541226375652453,1.1781587023011468
1417.423,30.68405021,29.483163014437665,28.74645495956448,30.629307480761515,1.2008871955623341
1417.905,30.80221078,29.573249145410227,28.812257889788977,30.716947038440928,1.2289616345897727
1418.387,30.91712044,29.662936173860153,28.877973486513685,30.80414311723165,1.2541842661398483
1418.869,31.02235666,29.752221620329795,28.943598535722185,30.8908938372228,1.2701350396702047
1419.352,31.15309347,29.8412870416431,29.00926569277516,30.977375956185952,1.3118064283569026
1419.834,31.24365418,29.92976126578562,29.07469984855694,31.06322958804347,1.3138929142143816
1420.316,31.36328265,30.017826801296348,29.140033880607078,31.148632519712145,1.3454558487036508
1420.798,31.44304954,30.105481390711876,29.205264623597312,31.233583070194655,1.3375681492881242
1421.28,31.54236951,30.192722830228725,29.27038892465353,31.318079606379914,1.3496466797712756
1421.762,31.62685457,30.279548968987488,29.335403643469128,31.402120542327907,1.3473056010125113
1422.244,31.70559619,30.36595770836196,29.400305652418503,31.48570433856144,1.3396384816380404
1422.726,31.76691301,30.45194700125151,29.465091836668858,31.56882950136325,1.3149660087484882
1423.208,31.86253229,30.53751485137887,29.529759094291823,31.651494582079415,1.3250174386211313
1423.69,31.9329916,30.622659312592294,29.594304336374325,31.733698176429225,1.3103322874077072
1424.173,32.00661513,30.707553810722867,29.658858006734413,31.81560802838428,1.2990613192771328
1424.655,32.11857461,30.791844964635366,29.72314973455241,31.896883646899308,1.3267296453646367
1425.137,32.17484571,30.875707181335997,29.7873102529648,31.977693823031057,1.2991385286640025
1425.619,32.25899601,30.959138708386543,29.85133652623895,32.0580373232974,1.2998573016134536
1426.101,32.34545349,31.042137840054412,29.91522553219965,32.13791295522968,1.303315649945585
1426.583,32.4222587,31.124702916643656,29.978974262334876,32.21731956672018,1.2975557833563443
1427.065,32.48955657,31.20683232383194,30.042579721901742,32.29625604537587,1.2827242461680584
1427.547,32.56287571,31.288524492011437,30.106038930030174,32.37472131787858,1.2743512179885634
1428.03,32.63683737,31.36994601403266,30.169480111191056,32.45287566902935,1.266891355967342
1428.512,32.73602683,31.45075825608521,30.2326376110764,32.53039447957909,1.2852685739147915
1428.994,32.81185071,31.531128809148345,30.29563999510407,32.6074390902169,1.2807219008516562
1429.476,32.90099733,31.611056276083048,30.358484338955854,32.68400857773133,1.2899410539169551
1429.958,32.98965971,31.690539301251633,30.421167732697334,32.76010205488268,1.2991204087483652
1430.44,33.07834464,31.76957656989251,30.48368728087783,32.83571866980246,1.3087680701074866
1430.922,33.15600516,31.8481668074993,30.546040102628893,32.91085760539883,1.3078383525006991
1431.404,33.21747111,31.926308779206188,30.60822333176279,32.98551807876922,1.29116233079381
1431.886,33.29088232,32.004001289178724,30.670234116869494,33.05969934061858,1.2868810308212772
1432.369,33.36267423,32.08140296369612,30.732197726678255,33.13355308265403,1.2812712663038823
1432.851,33.41733813,32.158192177456336,30.79385475666389,33.20677280733268,1.259145952543662
1433.333,33.48659406,32.23452856795463,30.855330872212143,33.27951126721777,1.252065492045375
1433.815,33.56239552,32.310411089580334,30.91662328201154,33.35176784182772,1.2519844304196681
1434.297,33.6360172,32.38583873279313,30.977729210002625,33.423541941479016,1.2501784672068652
1434.779,33.69541835,32.46081052354807,31.038645895469855,33.494833006743946,1.2346078264519278
1435.261,33.77063326,32.535325522726865,31.09937059313335,33.56564050791489,1.235307737273132
1435.743,33.88950373,32.609382825574784,31.1599005732394,33.63596394447487,1.2801209044252175
1436.226,33.97299343,32.68313377834962,31.22035808580835,33.70594723457184,1.2898596516503815
1436.708,34.08037072,32.75627215497505,31.280490086089365,33.77530014788904,1.324098565024947
1437.19,34.18869474,32.8289503200069,31.340419268053203,33.844167664157,1.359744419993099
1437.672,34.26613206,32.901167500697,31.400142964973316,33.91254939451255,1.3649645593029973
1438.154,34.33130774,32.97292295593163,31.4596585260897,33.98044497673138,1.3583847840683703
1438.636,34.43500857,33.044215975703935,31.51896331669482,34.04785407473749,1.390792594296066
1439.118,34.485282,33.1150458805917,31.57805471821811,34.114776378117895,1.3702361194082968
1439.6,34.53438339,33.18541202124088,31.636930128309764,34.18121160164438,1.3489713687591234
1440.083,34.59047004,33.255458319106346,31.695708426601353,34.24729579937889,1.3350117208936538
1440.565,34.63936526,33.32489413567114,31.754143650606505,34.31275509409768,1.3144711243288612
1441.047,34.7033465,33.39386441413302,31.812355169001158,34.377726599277935,1.309482085866982
1441.529,34.7703643,33.46236862042267,31.870340445174197,34.44221012581707,1.3079956795773242
1442.011,34.83175849,33.53040624804442,31.928096959141882,34.50620550749687,1.301352241955577
1442.493,34.87404054,33.597976817594095,31.985622207626133,34.569712600541166,1.2760637224059082
1442.975,34.92349616,33.665079876284175,32.042913704132616,34.632731283181,1.2584162837158246
1443.457,34.99550651,33.731714997473524,32.099968979027395,34.695261455224625,1.263791512526474
1443.939,35.04522758,33.79788178020326,32.15678557961316,34.757303037633875,1.24734579979674
1444.422,35.10330248,33.86371566431095,32.21347819442687,34.81898316731274,1.2395868156890515
1444.904,35.16592259,33.92894369417625,32.26980964867517,34.88004640197475,1.2369788958237535
1445.386,35.22095192,33.993702331591564,32.325895167924244,34.940620932646056,1.2272495884084336
1445.868,35.27932953,34.05799127384937,32.38173236800136,35.000706760825224,1.2213382561506307
1446.35,35.34210276,34.12181024168848,32.43731888203746,35.060303907133914,1.220292518311524
1446.832,35.39334675,34.18515897886377,32.49265236053783,35.11941241092788,1.208187771136231
1447.314,35.49243396,34.24803725172136,32.54773047145191,35.178032329914316,1.244396708278643
1447.796,35.54420013,34.31044484878006,32.60255090024231,35.23616373977431,1.233755281219942
1448.279,35.62192714,34.37250959017698,32.65722427407519,35.29392581743224,1.249417549823015
1448.76,35.68960139,34.433847277962386,32.71140954127651,35.350961422484446,1.2557541120376143
1449.243,35.74926599,34.49496784904836,32.76555503914507,35.40774499126154,1.25429814095164
1449.725,35.77052516,34.55549007925442,32.81932139092338,35.4639224556541,1.2150350807455794
1450.207,35.84732624,34.615540894360194,32.87281874834113,35.51961204646692,1.231785345639807
1450.689,35.87064247,34.675120207467074,32.92604490337554,35.574813939643775,1.1955222625329256
1451.171,35.91495501,34.734227951067965,32.9789976659752,35.629528326614846,1.1807270589320353
1451.653,35.97872765,34.792864076671485,33.03167486412137,35.683755413962885,1.1858635733285183
1452.135,36.01049608,34.8510285544312,33.0840743438893,35.73749542309447,1.1594675255688003
1452.617,36.04170617,34.908721372780825,33.13619396950803,35.790748589916944,1.132984797219173
1453.1,36.07333205,34.966060763916204,33.18813887585118,35.843624133111106,1.1072712860837939
1453.582,36.11082242,35.02280932162441,33.23969186724008,35.89590337075835,1.0880130983755905
1454.064,36.15197739,35.07908629143137,33.290958702378035,35.94769655825594,1.0728910985686255
1454.546,36.19587777,35.134891731376364,33.3419373187297,35.99900398641037,1.0609860386236392
1455.028,36.23405876,35.19022571602885,33.39262567220005,36.04982595898797,1.043833043971155
1455.51,36.29128841,35.245088336153934,33.44302173718907,36.10016279242181,1.046200073846066
1455.992,36.38440662,35.29947969838306,33.49312350664556,36.15001481552376,1.0849269216169404
1456.474,36.46018415,35.35339992488875,33.54292899211962,36.19938236920082,1.1067842251112552
1456.957,36.53603809,35.406959554082434,33.59253862452316,36.24836672110888,1.1290785359175644
1457.439,36.65915298,35.459936959540904,33.64174502650022,36.29676540240132,1.1992160204590974
1457.921,36.74827232,35.51244368623047,33.690649287278546,36.34468070759057,1.235828633769529
1458.403,36.83247528,35.56447991536948,33.73924949336268,36.39211302324904,1.267995364630515
1458.885,36.87643923,35.616045842166415,33.787543750108696,36.43906274669813,1.260393387833588
1459.367,36.92922421,35.66714167552386,33.835530181771745,36.48553028575286,1.2620825344761428
1459.849,36.98125593,35.71776763774752,33.8832069315524,36.5315160584711,1.2634882922524824
1460.331,37.00016052,35.767923964259616,33.93057216164203,36.577020492907366,1.2322365557403856
1460.813,37.0318494,35.817610903316584,33.977624053267434,36.62204402687075,1.2142384966834143
1461.296,37.06133414,35.86693033990775,34.02445744212948,36.66667902160415,1.1944038000922461
1461.778,37.09356544,35.915678326346125,34.07087661752003,36.71074111052252,1.177887113653874
1462.26,37.10488576,35.96395774495736,34.116977109136165,36.75432366954574,1.1409280150426397
1462.742,37.13689644,36.011768892630016,34.1627571748134,36.79742717318807,1.1251275473699849
1463.224,37.17564906,36.059112077743954,34.208215091631516,36.8400521045733,1.1165369822560436
1463.706,37.22995821,36.105987619914835,34.25334915595393,36.88219895521877,1.1239705900851646
1464.188,37.27643607,36.152395849743314,34.29815768346579,36.92386822482318,1.1240402202566884
1464.67,37.35301889,36.198337108568,34.342639009211005,36.965060421058254,1.1546817814320036
1465.153,37.3993926,36.24390560914891,34.38688274731393,37.00586003662488,1.155486990851088
1465.635,37.47129348,36.28891302477065,34.430704064967486,37.046098652937914,1.1823804552293495
1466.117,37.50416339,36.333454556210626,34.47419329918496,37.08586176582381,1.1707088337893765
1466.599,37.5490136,36.37753058539593,34.5173488628402,37.12514991286125,1.1714830146040711
1467.081,37.58740441,36.421141503819975,34.56016918833846,37.163963638621055,1.1662629061800232
1467.563,37.59964609,36.464287712320285,34.60265272764771,37.2023034944814,1.1353583776797151
1468.045,37.63026948,36.50696962086074,34.64479795232999,37.24017003844757,1.1232998591392658
1468.527,37.66158545,36.54918764831714,34.686603353570796,37.277563834974416,1.1123978016828602
1469.01,37.68016926,36.59102836855674,34.728153111472466,37.314561565237454,1.0891408914432574
1469.492,37.70202084,36.63231896491591,34.76927370534578,37.3510106073676,1.0697018750840925
1469.974,37.72155187,36.673146989138644,34.81005006437413,37.386988633622266,1.048404880861355
1470.456,37.74034935,36.71351289370231,34.850480758559236,37.42249623257052,1.0268364562976942
1470.938,37.79409901,36.75341713898299,34.89056437766219,37.457533998400535,1.0406818710170072
1471.42,37.81275484,36.792860193064385,34.930299531227675,37.49210253076383,1.0198946469356116
1471.902,37.88672095,36.83184253155048,34.969684848607734,37.526202434623784,1.054878418449519
1472.384,37.94423965,36.87036463738128,35.008718978984106,37.559834320106475,1.0738750126187213
1472.866,37.97212539,36.90842700065255,35.0474005913899,37.59299880235599,1.0636983893474508
1473.349,38.04266884,36.94610765617067,35.08580752424979,37.625763854155096,1.0965611838293299
1473.831,38.12375092,36.98325108113569,35.12377944922966,37.6579944282542,1.140499838864308
1474.313,38.15698475,37.019936276079164,35.16139498003249,37.6897594745671,1.137048473920835
1474.795,38.21779685,37.056163758000544,35.198652865336406,37.72105962693229,1.1616330919994553
1475.277,38.2543398,37.091934050205715,35.23555187376549,37.75189552352917,1.1624057497942815
1475.759,38.27245132,37.127247682147335,35.27209079390573,37.7822678067524,1.145203637852667
1476.241,38.30258693,37.16210518926885,35.30826843432067,37.81217712308913,1.140481740731147
1476.723,38.3166228,37.196507112851265,35.34408362356528,37.84162412299965,1.1201156871487328
1477.206,38.35401869,37.23052395646346,35.37960838245736,37.87066911691612,1.123494733536539
1477.688,38.37238443,37.26401541708262,35.41469447718775,37.89919249491477,1.1083690129173789
1478.17,38.39035662,37.29705295271569,35.44941472420783,37.927255531933525,1.0933036672843102
1478.652,38.39528881,37.32963712654174,35.48376803220624,37.954858893197695,1.0656516834582561
1479.134,38.42761765,37.361768506861196,35.51775332992132,37.98200324735305,1.0658491431388057
1479.616,38.45980754,37.39344766696196,35.55136956615017,38.008689266363945,1.0663598730380386
1480.098,38.46034414,37.424675184989056,35.584615709756505,38.034917625414664,1.0356689550109408
1480.58,38.47129194,37.45545164381656,35.61749074967797,38.060689002813376,1.0158402961834412
1481.062,38.5180569,37.485777630923124,35.64999369493209,38.086004079898615,1.0322792690768736
1481.544,38.54100729,37.515653738270174,35.68212357462181,38.11086354094914,1.025353551729829
1482.027,38.56213083,37.54514114707235,35.713944932035645,38.135318232486284,1.016989682927651
1482.509,38.57077308,37.57411835787458,35.74532506941547,38.15926758394157,0.9966547221254203
1482.991,38.60930828,37.60264749178356,35.77632934722258,38.18276339041343,1.0066607882164433
1483.473,38.61685107,37.63072915754101,35.806956874978,38.20580634709479,0.9861219124589908
1483.955,38.64093323,37.65836396780587,35.83720678230101,38.22839715170613,0.9825692621941329
1484.437,38.66555606,37.68555253904969,35.867078218909285,38.250536504420694,0.9800035209503122
1484.919,38.67013269,37.712295491454924,35.89657035461792,38.27222510779261,0.9578371985450786
1485.401,38.68865111,37.73859344881556,35.925682379337445,38.29346366668709,0.9500576611844451
1485.884,38.70582569,37.76450021511175,35.9544727147289,38.31429555278544,0.9413254748882451
1486.366,38.72383824,37.78990914777392,35.98282137493487,38.334635216207445,0.9339290922260801
1486.848,38.713828,37.814874978810856,36.01078761289016,38.354526964433916,0.8989530211891434
1487.33,38.75246296,37.83939834553155,36.038370698893075,38.37397151093231,0.9130646144684533
1487.812,38.79546213,37.863479888400256,36.065569923314854,38.39296957116976,0.9319822415997407
1488.294,38.81179919,37.88712025095333,36.09238459659272,38.411521862558146,0.9246789390466716
1488.776,38.87037715,37.91032007971781,36.118814049221655,38.42962910440107,0.9600570702821898
1489.258,38.88224361,37.933080024133375,36.14485763174575,38.44729201784372,0.9491635858666285
1489.74,38.92550997,37.955400736476044,36.17051471474832,38.464511325824304,0.9701092335239565
1490.223,38.94768411,37.97732781496211,36.195836713362596,38.481322099024354,0.9703562950378881
1490.705,38.9893234,37.99877112310631,36.2207181842226,38.49765545526387,0.9905522768936947
1491.187,38.999094,38.019777173672814,36.24521138627496,38.513547386678326,0.9793168263271852
1491.669,38.99898685,38.0403466295764,36.26931577018625,38.52899862294409,0.9586402204236038
1492.151,39.01073057,38.0604801562238,36.29303080660035,38.544009895322574,0.9502504137762031
1492.633,39.01297671,38.08017842145202,36.31635598612344,38.55858193662523,0.9327982885479784
1493.115,39.02788549,38.099442095468554,36.339290819308246,38.57271548118034,0.928443394531449
1493.597,39.02124187,38.1182718507943,36.361834836637385,38.586411264802194,0.9029700192056964
1494.08,39.02381297,38.13670607935795,36.384033141551114,38.599697078790314,0.8871068906420518
1494.562,39.05118774,38.15466912710764,36.405793385168785,38.612518649402844,0.8965186128923648
1495.044,39.04270884,38.17220028847962,36.42716152294808,38.624904676698264,0.8705085515203805
1495.526,39.04439546,38.18930024472288,36.448137164948065,38.63685590216858,0.8550952152771174
1496.008,39.06726716,38.20596967914576,36.468719941061366,38.64837306866701,0.8612974808542404
1496.49,39.09945196,38.222209277071656,36.488909500992335,38.65945692038916,0.8772426829283475
1496.972,39.12535147,38.23801972579676,36.50870551423451,38.670108202856156,0.8873317442032373
1497.454,39.14052326,38.253401714549746,36.52810767004692,38.680327662899145,0.8871215454502561
1497.937,39.14056955,38.26838651562248,36.54715470322251,38.69013590891991,0.872183034377521
1498.419,39.17810329,38.282912774331024,36.56576747232649,38.69949307777442,0.895190515668979
1498.901,39.1695289,38.297012653420744,36.583985569623025,38.70842067399482,0.8725162465792593
1499.383,39.16110325,38.31068684949264,36.60180876322311,38.716919449541464,0.8504164005073562
1499.865,39.18242638,38.32393606090929,36.61923684087322,38.724990157636654,0.8584903190907127
1500.347,39.20588871,38.33676098776661,36.636269609927204,38.73263355276087,0.8691277222333937
1500.829,39.1869392,38.3491623318673,36.652906897316726,38.739850390650005,0.8377768681326998
1501.311,39.17747453,38.36114079669645,36.66914854952119,38.74664142829502,0.8163337333035443
1501.793,39.18415553,38.372697087398926,36.68499443253698,38.753007423942734,0.8114584426010722
1502.276,39.16938948,38.38385457442909,36.7004760741968,38.7589610237919,0.7855349055709127
1502.758,39.1700591,38.394567766643135,36.71552927311376,38.76447833734103,0.775491333356868
1503.24,39.16080769,38.40486091139935,36.73018641747363,38.769572892787835,0.7559467786006451
1503.722,39.14858299,38.414734720294994,36.744447451054654,38.77424545345025,0.7338482697050068
1504.204,39.15002911,38.42418990650128,36.75831233698503,38.77849678393281,0.7258392034987153
1504.686,39.14835867,38.433227184751324,36.77178105770703,38.78232765013772,0.7151314852486763
1505.168,39.15595262,38.441847271330246,36.78485361494056,38.78573881927751,0.7141053486697544
1505.65,39.18849317,38.45005088406668,36.797530029645614,38.78873105988929,0.7384422859333242
1506.133,39.16365401,38.457854468032814,36.80983540810142,38.7913100481297,0.7057995419671883
1506.615,39.23063897,38.465226432397365,36.821718855807426,38.79346587752907,0.7654125376026357
1507.097,39.25653979,38.472184087108424,36.833206339102915,38.79520509372941,0.784355702891574
1507.579,39.31000586,38.4787281561218,36.84429795555839,38.7965284707426,0.8312777038782002
1508.061,39.3309497,38.48485936492006,36.854993821785754,38.79743678399983,0.8460903350799356
1508.543,39.31080318,38.49057844051413,36.865294073396115,38.79793081037485,0.820224739485873
1509.025,39.31055508,38.495886111446346,36.87519886495691,38.79801132820894,0.8146689685536543
1509.507,39.30076254,38.50078310779532,36.88470836994823,38.797679117337424,0.7999794322046796
1509.99,39.28415043,38.50527904479559,36.893841279728576,38.79693298754562,0.778871385204404
1510.471,39.2761306,38.509348004778325,36.90254230843922,38.79577963645697,0.7667825952216774
1510.954,39.2581049,38.51302456201486,36.91088404451185,38.794210259457145,0.7450803379851365
1511.436,39.2492985,38.516285346629246,36.91881369671481,38.79223411403872,0.7330131533707558
1511.918,39.22198225,38.51913913190338,36.92634921243208,38.78984916416165,0.7028431180966237
1512.4,39.22047722,38.52158665732231,36.93349087769903,38.78705619926326,0.6988905626776898
1512.882,39.19332819,38.52362866398347,36.9402389971368,38.78385601049976,0.6696995260165295
1513.364,39.21821639,38.525265894613426,36.9465938939025,38.78024939078368,0.6929504953865759
1513.846,39.19456431,38.52649909358614,36.95255590963872,38.77623713482279,0.6680652164138579
1514.328,39.18866531,38.5273290069426,36.95812540442245,38.771820039160644,0.6613363030573964
1514.811,39.16892725,38.527756851166,36.96331309074908,38.76698848041448,0.6411703988340065
1515.293,39.15738428,38.527781605382586,36.968097885010266,38.76176326676588,0.6296026746174164
1515.775,39.14881037,38.52740532388689,36.97249134951282,38.75613561614941,0.6214050461131109
1516.257,39.16754468,38.526628759616905,36.976493917582175,38.7501063328843,0.6409159203830939
1516.739,39.13843691,38.52545266729719,36.980106040710936,38.74367622334651,0.6129842427028152
1517.221,39.12159487,38.523877803466824,36.98332818850341,38.736846096016635,0.5977170665331784
1517.703,39.10886843,38.52190492650871,36.986160848619384,38.729616761529186,0.5869635034912903
1518.185,39.11664738,38.519534796680105,36.98860452671697,38.72198903272299,0.5971125833198982
1518.667,39.08612147,38.516768176144716,36.99065974639511,38.71396372469299,0.5693532938552863
1519.15,39.10422412,38.513598857294234,36.99233010541588,38.70552376980474,0.590625262705764
1519.632,39.07428775,38.51004073100662,36.99360924746911,38.69670493729882,0.5642470189933846
1520.114,39.06330888,38.50608841387563,36.99450161017201,38.687490986633094,0.5572204661243703
1520.596,39.06849477,38.50174267603964,36.995007788332046,38.67788274247253,0.5667520939603605
1521.078,39.04466153,38.49700428972226,36.99512839439823,38.667881032014336,0.5476572402777364
1521.56,39.02494585,38.49187402927184,36.99486405839936,38.65748668504685,0.5330718207281606
1522.042,39.04848195,38.48635267120219,36.994215427881436,38.64670053400938,0.562129278797812
1522.524,39.0131719,38.480440994234556,36.99318316784436,38.63552341405311,0.5327309057654475
1523.007,39.00608615,38.47412630190035,36.99176462697383,38.623931759700184,0.5319598480996532
1523.489,39.000449,38.46743552661766,36.98996638008876,38.6119744117389,0.53301347338234
1523.971,38.99422009,38.4603567839145,36.98778660427102,38.599628618963536,0.5338633060855003
1524.453,38.98746044,38.45289086178979,36.98522603372623,38.58689522801096,0.5345695782102098
1524.935,38.99180551,38.44503855067724,36.98228541978759,38.5737750885513,0.5467669593227598
1525.417,38.96293287,38.436800643494244,36.97896553084868,38.56026905335558,0.5261322265057586
1525.899,38.93360498,38.428177935692226,36.97526715229566,38.54637797836418,0.5054270443077726
1526.381,38.93736601,38.41917122530739,36.971191086438665,38.532102722756264,0.5181947846926107
1526.864,38.91250474,38.409761434087336,36.966728522814236,38.517413339184046,0.5027433059126665
1527.346,38.87505676,38.39998833072743,36.961898777360005,38.50237152062324,0.475068429272568
1527.828,38.88751853,38.38983363660721,36.956693854167725,38.48694812093484,0.497684893392794
1528.31,38.86468264,38.37929816064249,36.95111462258,38.47114401297671,0.4853844793575064
1528.792,38.84641069,38.36838271460634,36.94516196851112,38.45496007320857,0.47802797539365827
1529.274,38.82072856,38.35708811318675,36.938836794374794,38.43839718176751,0.4636404468132511
1529.756,38.80703572,38.34541517404535,36.9321400190111,38.42145622254441,0.4616205459546521
1530.238,38.78381997,38.33336471787696,36.92507257761306,38.404138083261444,0.45045525212304227
1530.72,38.75972529,38.32093756847042,36.91763542165245,38.386443655550394,0.4387877215295788
1531.203,38.71955246,38.30810760036062,36.90981294135435,38.36833595618144,0.4114448596393814
1531.685,38.71721063,38.294928771311724,36.901638513464206,38.34989086652622,0.4222818586882724
1532.167,38.68877952,38.28137574130971,36.893097324439495,38.33107218947222,0.40740377869028777
1532.649,38.66887296,38.26744934715329,36.88419039014633,38.31188083310002,0.40142361284671324
1533.131,38.66177833,38.2531504290537,36.874918742349614,38.29231770980523,0.40862790094629986
1533.613,38.6396176,38.23847983070124,36.865283428635294,38.27238373638215,0.40113776929876366
1534.095,38.63670752,38.22343839933278,36.85528551233203,38.25207983410853,0.41326912066722343
1534.577,38.60272777,38.208026985800245,36.84492607243237,38.231406928830765,0.39470078419975607
1535.06,38.59250918,38.19221332181585,36.83418358922397,38.21032191560718,0.40029585818415114
1535.542,38.55385116,38.17606374816928,36.82310365705632,38.18891303984708,0.37778741183072384
1536.024,38.55087737,38.15954676909535,36.811665533806604,38.16713796885617,0.3913306009046522
1536.506,38.50810847,38.14266325061694,36.79987036035436,38.14499764763653,0.3654452193830622
1536.988,38.47300719,38.125414062727955,36.78771929283978,38.12249302619837,0.3475931272720416
1537.47,38.45749742,38.10780007946698,36.77521350258169,38.09962505965031,0.3496973405330195
1537.952,38.44669575,38.08982217899215,36.76235417599457,38.07639470829038,0.3568735710078528
1538.434,38.41132207,38.07148124365652,36.74914251450535,38.05280293769766,0.339840826343476
1538.917,38.39779267,38.052738981171984,36.7355512317867,38.02880065141636,0.3450536888280169
1539.398,38.38009349,38.03371381924877,36.72166706708654,38.004539028091514,0.346379670751233
1539.881,38.36205793,38.014248442364135,36.70737580899829,37.97981729256561,0.34780948763586395
1540.363,38.32841937,37.994463532870974,36.69276640008502,37.95478886903179,0.3339558371290252
1540.845,38.29313574,37.97432006778841,36.67781088829723,37.92940393870634,0.3188156722115849
1541.327,38.25532902,37.95381895628048,36.6625105633866,37.903663500834284,0.30151006371951894
1541.809,38.25323593,37.93296111225765,36.646866729519004,37.877568560604104,0.32027481774235156
1542.291,38.21880681,37.91174745445867,36.63088070518694,37.85112012924506,0.3070593555413268
1542.773,38.18394079,37.89017890653309,36.61455382312162,37.82431922412516,0.2937618834669138
1543.255,38.15771093,37.8682563971247,36.59788743020445,37.7971668688496,0.2894545328752969
1543.738,38.09540228,37.84593427882754,36.5808472576893,37.769606670117156,0.2494680011724597
1544.22,38.09242066,37.82330592328773,36.563505242603696,37.74175378701079,0.26911473671227526
1544.702,38.03622875,37.800326424970514,36.54582784421519,37.71355256515356,0.23590232502948538
1545.184,38.01952892,37.7769967333555,36.527816465140035,37.6850040541114,0.24253218664449605
1545.666,37.99304492,37.753317803344075,36.50947252169475,37.656109310189464,0.23972711665592783
1546.148,37.96459106,37.72929059534693,36.49079744380488,37.62686939653419,0.23530046465306498
1546.63,37.93437637,37.70491607537223,36.471792674913175,37.59728538323586,0.22946029462777062
1547.112,37.90097263,37.68019521511438,36.45245967188738,37.56735834743168,0.22077741488561742
1547.594,37.85742537,37.65512899204353,36.432799904927364,37.537089373409444,0.20229637795647193
1548.077,37.83042656,37.62966531310698,36.412773057626,37.50641569331128,0.20076124689301622
1548.559,37.80416263,37.60391060897878,36.39246355607379,37.4754654211153,0.20025202102122108
1549.041,37.76756829,37.57781351207695,36.371831783392054,37.444176509813616,0.1897547779230493
1549.523,37.7230178,37.55137502389378,36.35087926220034,37.412550073357195,0.1716427761062178
1550.005,37.69162647,37.52459615215362,36.329607527979974,37.380587233372566,0.16703031784638256
1550.487,37.67105113,37.49747791090588,36.3080181289789,37.348289119268344,0.1735732190941235
1550.969,37.62788826,37.47002132061845,36.28611262611572,37.31565686834162,0.15786693938154883
1551.451,37.60062511,37.44222740827183,36.26389259288368,37.28269162588521,0.1583977017281697
1551.934,37.57032169,37.414038497190845,36.24131254213987,37.249325120074715,0.15628319280915548
1552.416,37.51775816,37.38557235374097,36.218467574188985,37.215696678119826,0.13218580625903087
1552.898,37.48598605,37.35677201137589,36.1953128741833,37.18173873199953,0.12921403862411296
1553.38,37.42299065,37.32763852409093,36.17185006497007,37.14745246008444,0.09535212590907349
1553.862,37.40422138,37.29817295287177,36.14808078148422,37.11283904928149,0.10604842712823626
1554.344,37.36963754,37.26837636579118,36.12400667064968,37.077899695142904,0.10126117420882252
1554.826,37.32779745,37.23824983810644,36.099629391280615,37.04263560197522,0.08954761189355764
1555.308,37.27876278,37.207794452357206,36.074950613982075,37.007047982949146,0.07096832764279526
1555.791,37.25648408,37.176947093045065,36.049919887759245,36.97106322411355,0.07953698695493472
1556.273,37.20750927,37.14583659181161,36.02464255634095,36.93483156404794,0.06167267818839406
1556.755,37.15048373,37.114400527109865,35.999068812105556,36.89828007450096,0.03608320289013278
1557.237,37.15005236,37.08264001160984,35.97320037184521,36.86141000521762,0.06741234839015675
1557.719,37.07647304,37.05055616575847,35.94703896364099,36.824222615357556,0.025916874241531218
1558.201,37.02714738,37.01815011787951,35.92058632676138,36.786719173605604,0.008997262120495009
1558.683,36.95042495,36.98542300427402,35.89384421156065,36.74890095828246,-0.03499805427401981
1559.165,36.91503419,36.95237596932056,35.866814379376635,36.71076925745537,-0.03734177932056326
1559.647,36.88522546,36.91901016557632,35.839498602428485,36.67232536904909,-0.0337847055763163
1560.13,36.85261685,36.88525654193828,35.81184110828741,36.633489874627514,-0.032639691938285864
1560.612,36.81627754,36.8512560362127,35.78395821752517,36.59442490395381,-0.03497849621270177
1561.094,36.7921195,36.81694027190289,35.75579476666873,36.55505170249465,-0.02482077190288834
1561.576,36.77195682,36.78231043531103,35.727352570453256,36.515371608734824,-0.010353615311032627
1562.058,36.73041815,36.74736772142575,35.69863345397813,36.47538597157134,-0.01694957142575504
1562.54,36.72296695,36.71211333402417,35.66963925260266,36.43509615042417,0.010853615975833009
1563.022,36.66268422,36.6765484857743,35.640371811841575,36.39450351534684,-0.013864265774294893
1563.504,36.62487635,36.64067439833735,35.61083298726008,36.35360944713726,-0.0157980483373521
1563.987,36.57931171,36.60441691656642,35.58096252246975,36.312329561569356,-0.025105206566422567
1564.469,36.55150562,36.56792741707152,35.55088598329978,36.27083619490173,-0.016421797071522803
1564.951,36.51654441,36.53113240096081,35.520543690176694,36.229045606010445,-0.014587990960805541
1565.433,36.49318511,36.494033126914935,35.48993753783361,36.1869592197976,-0.0008480169149365224
1565.915,36.43629694,36.45663086312169,35.45906943052568,36.144578472460566,-0.020333923121690134
1566.397,36.39423443,36.41892688737898,35.427941281923445,36.10190481160187,-0.024692457378982624
1566.879,36.34411293,36.38092248719769,35.3965550150062,36.058939696338115,-0.036809557197685194
1567.361,36.32835639,36.34261895990469,35.36491256195502,36.01568459740929,-0.014262569904687439
1567.844,36.26737529,36.303937218292376,35.33294942538858,35.97205035900642,-0.03656192829237881
1568.325,36.19837988,36.265119762987396,35.30086687154085,35.92831039028394,-0.06673988298739886
1568.808,36.16158514,36.22584511878453,35.26840006620094,35.88410245973985,-0.06425997878452705
1569.29,36.09211555,36.18635764800606,35.23575185746995,35.839701782222846,-0.0942420980060561
1569.772,36.04549063,36.14657769039404,35.20285726188659,35.79501865606815,-0.10108706039403614
1570.254,35.98943304,36.10650660435028,35.16971826460089,35.75005462405008,-0.11707356435027805
1570.736,35.9327959,36.06614575881092,35.136336859209266,35.704811241319106,-0.13334985881091654
1571.218,35.86921261,36.02549653334861,35.1027150476457,35.6592900755076,-0.1562839233486102
1571.7,35.838226,35.984560318274355,35.0688548400728,35.61349270683485,-0.14633431827435572
1572.182,35.76293636,35.943338514739224,35.034758254772754,35.567420728212085,-0.18040215473922672
1572.665,35.75111685,35.901746128429046,35.0003558498303,35.520979311263105,-0.15062927842904372
1573.147,35.70113627,35.85995681015391,34.965792115987526,35.47436238141111,-0.15882054015391134
1573.629,35.67074207,35.81788617591087,34.93099811113139,35.42747570092919,-0.14714410591086846
1574.111,35.61981653,35.775535671245606,34.8959758849427,35.38032091455709,-0.15571914124560493
1574.593,35.56410877,35.73290675304807,34.860727494673284,35.33289968024059,-0.1687979830480728
1575.075,35.50911904,35.690000889652374,34.825255005035466,35.28521366923195,-0.18088184965237275
1575.557,35.46046441,35.646819560936066,34.789560488091865,35.23726456618998,-0.18635515093606614
1576.039,35.40303758,35.60336425841934,34.75364602314496,35.18905406927924,-0.20032667841933716
1576.521,35.32729889,35.55963648536355,34.717513696626185,35.140583890268275,-0.23233759536354626
1577.004,35.27016833,35.51554619260009,34.68108996816637,35.09175439196926,-0.24537786260009398
1577.486,35.2125584,35.471277478320104,34.644527764654725,35.04276950921272,-0.2587190783201052
1577.968,35.15320025,35.42674087791611,34.607754004910454,34.99353016590821,-0.27354062791611256
1578.45,35.09621142,35.38193794261525,34.570770802785916,34.94403812923544,-0.2857265226152492
1578.932,35.06016497,35.33687023587151,34.533580278706935,34.89429518045674,-0.2767052658715059
1579.414,34.98787215,35.29153933346097,34.49618455956153,34.84430311500954,-0.30366718346096633
1579.896,34.93880513,35.24594682357665,34.45858577858819,34.794063742598226,-0.30714169357665355
1580.378,34.91043262,35.200094306922665,34.42078607526444,34.7435788872848,-0.28966168692266336
1580.861,34.87028763,35.153887463545594,34.38270855503774,34.69274488974362,-0.28359983354559404
1581.343,34.81847955,35.10751925496177,34.34451304414685,34.641774098982864,-0.2890397049617732
1581.825,34.75372219,35.060895921131134,34.30612307013541,34.59056338843034,-0.30717373113113666
1582.307,34.71821445,35.01401911375618,34.26754079632985,34.539114640492144,-0.2958046637561793
1582.789,34.65206689,34.96689049751049,34.22876839173553,34.48742975236772,-0.31482360751049043
1583.271,34.59202863,34.9195117501286,34.18980803092464,34.43551063613326,-0.3274831201285977
1583.753,34.53201868,34.87188456249435,34.15066189392377,34.38335921882377,-0.339865882494351
1584.235,34.47904669,34.824010638729554,34.11133216610193,34.3309774425141,-0.34496394872955705
1584.718,34.44064849,34.77579161095166,34.07173887772045,34.278257878593436,-0.3351431209516562
1585.2,34.3743314,34.727428877736386,34.032048175662354,34.22542080335141,-0.3530974777363838
1585.682,34.30716417,34.67882460467873,33.992180474389905,34.17235929049683,-0.37166043467873067
1586.164,34.26398119,34.629980549739116,33.95213797952645,34.11907534307372,-0.36599935973911357
1586.646,34.19791793,34.58089848454095,33.91192290147488,34.065570979547786,-0.3829805545409499
1587.128,34.14867425,34.53158019445281,33.87153745530506,34.01184823387847,-0.38290594445280846
1587.61,34.09796835,34.48202747866907,33.83098386064108,33.95790915558892,-0.38405912866906533
1588.092,34.02596262,34.432242150289945,33.79026434154879,33.90375580983472,-0.4062795302899431
1588.574,33.97151207,34.38222603639998,33.749381126422975,33.84939027747075,-0.4107139663999746
1589.057,33.90630376,34.33187649858374,33.708251126650126,33.794701210758774,-0.4255727385837389
1589.539,33.86538649,34.28140388204831,33.667046893375804,33.739917181578804,-0.41601739204831034
1590.021,33.78696883,34.23070604982349,33.625685678751864,33.68492730762371,-0.4437372198234897
1590.503,33.72450387,34.17978488572298,33.58416972736979,33.62973373321189,-0.4552810157229814
1590.985,33.68489634,34.12864228791962,33.542501287586376,33.57433861866892,-0.4437459479196164
1591.467,33.65032702,34.0772801690164,33.50068261141092,33.518744140383234,-0.42695314901639847
1591.949,33.5520656,34.02570045611613,33.458715954392574,33.46295249086015,-0.4736348561161279
1592.431,33.49749661,33.97390509088956,33.41660357550769,33.40696587877386,-0.47640848088956034
1592.914,33.43928143,33.921787906253805,33.37425992177789,33.35066977555154,-0.4825064762538034
1593.396,33.37546164,33.86956668278625,33.33186259865809,33.29429953640434,-0.4941050427862521
1593.878,33.31117222,33.81713572420734,33.289326354747715,33.2377410629189,-0.5059635042073367
1594.36,33.25902057,33.76449703114259,33.24665346161207,33.180996628957104,-0.5054764611425924
1594.842,33.20107622,33.711652619104115,33.203846193680704,33.12406852477807,-0.5105763991041172
1595.324,33.14470993,33.65860451854946,33.160906828135,33.06695905707757,-0.5138945885494621
1595.806,33.08103849,33.60535477493872,33.117837644795685,33.00967054902459,-0.5243162849387204
1596.288,33.03567851,33.55190544879034,33.074640926010666,32.95220534029606,-0.5162269387903464
1596.771,32.9653633,33.49814711139131,33.03122894832656,32.89444602338632,-0.5327838113913117
1597.252,32.90433516,33.444416366566685,32.987874023457394,32.836754262249784,-0.5400812065666827
1597.735,32.84709405,33.39026850084936,32.94421790708182,32.7786526877354,-0.5431744508493566
1598.217,32.77601468,33.336041358304264,32.9005336733842,32.720504059980215,-0.5600266783042613
1598.699,32.70733473,33.28162516795717,32.856733354721584,32.66219068363685,-0.574290437957174
1599.181,32.65673358,33.22702208177492,32.812819246254136,32.603714998054215,-0.5702885017749182
1599.663,32.6126817,33.172234267121155,32.76879364488492,32.54507945926268,-0.5595525671211519
1600.145,32.54835598,33.117263906796765,32.72465884914838,32.486286539988214,-0.5689079267967685
1600.627,32.47676934,33.06211319907856,32.680417159098596,32.4273387296646,-0.5853438590785629
1601.109,32.41858326,33.0067843577559,32.63607087619812,32.36823853444238,-0.5882010977558991
1601.592,32.35428151,32.95116427579416,32.591529981517894,32.308865397743034,-0.5968827657941631
1602.074,32.29779247,32.89548551290657,32.54698121733609,32.24946771507459,-0.5976930429065703
1602.556,32.23017689,32.83963535589809,32.50233477681198,32.1899252716303,-0.6094584658980864
1603.038,32.17638652,32.78361608096394,32.45759296593159,32.130240640497746,-0.6072295609639369
1603.52,32.11398741,32.72742997996261,32.41275809153382,32.070416411484615,-0.6134425699626078
1604.002,32.02506409,32.67107936043914,32.36783246119972,32.01045519111075,-0.6460152704391362
1604.484,31.99728903,32.614566545646355,32.32281838314209,31.950359602596652,-0.6172775156463537
1604.966,31.91636984,32.55789387456362,32.27771816609509,31.890132285849962,-0.6415240345636164
1605.448,31.84783919,32.50106370191292,32.232534119203955,31.829775897447686,-0.6532245119129207
1605.931,31.7791224,32.443960011796484,32.18717455681182,31.769167498128407,-0.6648376117964858
1606.413,31.71146684,32.38682164880827,32.14182961682609,31.708560748870845,-0.6753548088082724
1606.895,31.66221634,32.32953294800202,32.096407780591235,31.64783300311991,-0.6673166080020181
1607.377,31.59117308,32.272096327218215,32.0509113577982,31.586986983930522,-0.6809232472182138
1607.859,31.50557213,32.21451422008435,32.00534265800009,31.526025430893473,-0.7089420900843457
1608.341,31.44965058,32.15678907601661,31.95970399050342,31.464951100098965,-0.7071384960166078
1608.823,31.36962176,32.098923360218116,31.91399766425871,31.403766764096822,-0.7293016002181147
1609.305,31.31857999,32.04091955367489,31.86822598775196,31.342475211853195,-0.7223395636748897
1609.788,31.25089759,31.98265939277666,31.82229611218652,31.280951764606606,-0.7317618027766599
1610.27,31.18606834,31.92438663731607,31.77640053460353,31.219454004384858,-0.73831829731607
1610.752,31.12872457,31.86598333394468,31.730446533127783,31.15785749873825,-0.7372587639446806
1611.234,31.06503951,31.807452026715666,31.684436413300627,31.09616510183002,-0.7424125167156674
1611.716,30.98829397,31.748795275402692,31.63837247965767,31.03437968397137,-0.7605013054026912
1612.198,30.92984179,31.690015655478465,31.59225703562109,30.97250413155675,-0.760173865478464
1612.68,30.89311849,31.63111575809118,31.546092383392256,30.910541346996254,-0.7379972680911813
1613.162,30.83142725,31.572098190036982,31.499880823844748,30.84849424864367,-0.7406709400369813
1613.645,30.78259983,31.51284277418906,31.453528644489666,30.7862367909142,-0.7302429441890617
1614.127,30.70493758,31.45359751716661,31.407230081687363,30.724029723794256,-0.748659937166611
1614.609,30.6741688,31.394242508961593,31.36089150991449,30.661747199003383,-0.7200737089615927
1615.091,30.6122052,31.334780418664483,31.314515223663026,30.599392197911815,-0.7225752186644847
1615.573,30.53889713,31.275213930833154,31.26810351556497,30.536967717418854,-0.7363168008331549
1616.055,30.46127687,31.215545745446864,31.221658676286513,30.474476769858434,-0.7542688754468649
1616.537,30.37179018,31.15577857785789,31.175182994422798,30.411922382901047,-0.7839883978578897
1617.019,30.27619511,31.09591515873914,31.12867875639275,30.349307599451308,-0.8197200487391392
1617.501,30.19989368,31.035958234028836,31.082148246334196,30.28663547754199,-0.8360645540288374
1617.984,30.12291872,30.975785892240232,31.03549713654286,30.223778898221628,-0.8528671722402308
1618.466,30.07883005,30.915650075316176,30.988920882517824,30.161001230491944,-0.8368200253161753
1618.948,30.02096416,30.855429087410762,30.942325198867458,30.098175494500573,-0.8344649274107638
1619.43,29.94547926,30.795125734934388,30.89571235955658,30.035304807681445,-0.8496464749343886
1619.912,29.89285826,30.73474283923549,30.849084635748532,29.97239230200536,-0.8418845792354901
1620.394,29.83904209,30.674283236524758,30.802444295702035,29.909441123849458,-0.8352411465247584
1620.876,29.76722658,30.613749777795938,30.755793604668384,29.846454433862736,-0.8465231977959391
1621.358,29.70816047,30.55314532874318,30.70913482478894,29.78343540682738,-0.8449848587431816
1621.841,29.64587882,30.49234682420161,30.662373395954784,29.720256398092708,-0.8464680042016113
1622.323,29.56493848,30.431608917667337,30.61570520678344,29.65718222663008,-0.866670437667338
1622.805,29.52082649,30.370808711263145,30.56903570017824,29.594085332501383,-0.8499822212631436
1623.287,29.44212192,30.309949128614903,30.522367124813645,29.530968945578305,-0.8678272086149015
1623.769,29.3762497,30.24903310758095,30.475701725745733,29.467836309108804,-0.8727834075809504
1624.251,29.30110008,30.188063600147665,30.429041744311707,29.40469067955303,-0.8869635201476633
1624.733,29.20740671,30.127043572321053,30.382389418029277,29.34153532641483,-0.9196368623210525
1625.215,29.16894238,30.065976004014974,30.335746980497007,29.2783735320693,-0.8970336240149734
1625.698,29.09437546,30.00473705609232,30.28901993203494,29.21507754301321,-0.9103615960923221
1626.179,29.01966601,29.943710234460024,30.24250068588232,29.152043812545973,-0.9240442244600224
1626.662,28.95678749,29.882391068864486,30.1958046149884,29.08875148075126,-0.9256035788644859
1627.144,28.8956139,29.821163341348655,30.14922402784207,29.025597014072808,-0.9255494413486538
1627.626,28.83896588,29.759903183692238,30.10266443975797,28.96245271173404,-0.9209373036922379
1628.108,28.77414075,29.69861365671958,30.056128058728497,28.899321929493034,-0.9244729067195792
1628.59,28.67768862,29.63729783427221,30.009617088136388,28.83620803464871,-0.9596092142722092
1629.072,28.61997519,29.575958803066037,29.96313372665716,28.77311440583301,-0.9559836130660351
1629.554,28.56037953,29.514599662545344,29.91668016816282,28.71004443279954,-0.9542201325453448
1630.036,28.52050921,29.453223524731797,29.870258601625096,28.647001516207183,-0.9327143147317969
1630.519,28.44152263,29.391706136655905,29.82377500865808,28.58385837022075,-0.9501835066559039
1631.001,28.39840171,29.330305370850546,29.777424050554558,28.520879884874667,-0.9319036608505442
1631.483,28.33348969,29.2688970242636,29.731111625467587,28.45793872828007,-0.9354073342636013
1631.965,28.27181476,29.20748425766721,29.68483990180045,28.39503834248707,-0.9356694976672095
1632.447,28.2399463,29.146070243598835,29.63861104257983,28.332182179303558,-0.9061239435988355
1632.929,28.17609371,29.08465816618655,29.592427205361428,28.269373700052565,-0.90856445618655
1633.411,28.11833398,29.02325122097091,29.546290542136546,28.206616375325535,-0.9049172409709101
1633.893,28.06325619,28.961852614722122,29.50020319923849,28.143913684730737,-0.8985964247221219
1634.375,27.9797134,28.9004655652538,29.454167317249883,28.081269116637866,-0.9207521652537984
1634.858,27.89281205,28.838965990498636,29.408089689166317,28.018556394258667,-0.9461539404986361
1635.34,27.79756324,28.77761179201931,29.362163245099556,27.95603870878206,-0.9800485520193121
1635.822,27.70433833,28.7162788748488,29.31629465266099,27.89358966815946,-1.0119405448488017
1636.304,27.62349101,28.65497049904932,29.270486028497178,27.83121279317852,-1.031479489049321
1636.786,27.53616927,28.593689934732645,29.224739483045365,27.768911612044324,-1.057520664732646
1637.268,27.44544936,28.532440461849486,29.179057120443492,27.706689660098096,-1.0869911018494847
1637.75,27.38551797,28.471225369974356,29.133441038440036,27.64455047953122,-1.085707399974357
1638.232,27.3066103,28.410047958086913,29.0878933283047,27.58249761909548,-1.1034376580869143
1638.715,27.26555411,28.348784740201946,29.04232179827278,27.520406175791415,-1.083230630201946
1639.197,27.21250187,28.287692717103415,28.996917231964456,27.458536824195328,-1.0751908471034142
1639.679,27.16902628,28.226648332020083,28.951587275861936,27.396764482789344,-1.0576220520200827
1640.161,27.09925951,28.16565491929844,28.906333994419054,27.33509272359308,-1.0663954092984405
1640.643,27.07360818,28.104715821534157,28.861159445169843,27.273525123673085,-1.031107641534156
1641.125,26.99465031,28.043834389328683,28.816065678641706,27.212065264827924,-1.0491840793286826
1641.607,26.95032464,27.98301398104225,28.771054738269036,27.15071673326915,-1.03268934104225
1642.089,26.88148438,27.922257962542567,28.726128660307413,27.08948311929856,-1.0407735825425668
1642.572,26.83122332,27.861443870488767,28.681196538117224,27.028241347850596,-1.0302205504887674
1643.054,26.80348808,27.800826909033955,28.63644645116561,26.967248611763885,-0.9973388290339535
1643.536,26.71716074,27.740284484476124,28.59178729563798,26.906381592895787,-1.0231237444761234
1644.018,26.70403857,27.67981999013492,28.547221078209407,26.845643894605626,-0.9757814201349184
1644.5,26.65181844,27.6194368255214,28.502749797953573,26.785039122668614,-0.9676183855214013
1644.982,26.57981849,27.559138396063585,28.45837544625981,26.724570884929733,-0.9793199060635835
1645.464,26.51912369,27.49892811282731,28.41410000675058,26.66424279095355,-0.9798044228273106
1645.946,26.45261318,27.438809392234013,28.369925455199304,26.60405845167098,-0.9861962122340131
1646.428,26.38637576,27.37878565577407,28.32585375944887,26.544021479021726,-0.9924098957740703
1646.911,26.28599817,27.31873610799071,28.28179577204782,26.484011400242686,-1.03273793799071
1647.393,26.21710799,27.258912837948024,28.23793588283294,26.42428032339347,-1.0418048479480255
1647.875,26.169725,27.19919485113404,28.19418470857987,26.364707458919682,-1.0294698511340385
1648.357,26.0932334,27.139585586383415,28.150544184586305,26.305296419152207,-1.046352186383416
1648.839,26.03465088,27.080088486111002,28.10701623781902,26.24605081559142,-1.0454376061110011
1649.321,25.98303787,27.020706996002765,28.063602786835105,26.18697425852898,-1.0376691260027648
1649.803,25.93810163,26.961444564703577,28.020305741703968,26.128070356666868,-1.023342934703578
1650.285,25.88746856,26.902304643501328,27.977127003929937,26.06934271673317,-1.0148360835013293
1650.768,25.83669712,26.843168383746487,27.93397925956585,26.010673664153803,-1.0064712637464872
1651.25,25.7771644,26.78428411767033,27.89104306161302,25.95230974280519,-1.0071197176703315
1651.732,25.72563887,26.725532735373953,27.848230827252998,25.89413289529748,-0.9998938653739522
1652.214,25.64920453,26.666917695489786,27.805544422945943,25.8361467165505,-1.0177131654897877
1652.696,25.56386467,26.6084424576603,27.762985706206816,25.77835479754202,-1.0445777876602982
1653.178,25.44998661,26.55011048220184,27.720556525531155,25.720760724906206,-1.1001238722018414
1653.66,25.35727093,26.491925229764487,27.67825872032099,25.663368080528695,-1.1346542997644882
1654.142,25.28445987,26.43389016098923,27.63609412081167,25.606180441139227,-1.1494302909892298
1654.625,25.21628351,26.37588881233045,27.59397749133346,25.549083383366494,-1.1596053023304513
1655.106,25.15495796,26.31828441486227,27.55217181356746,25.492434456003622,-1.1633264548622684
1655.589,25.10407784,26.26060139803069,27.510331238428982,25.435766134736024,-1.1565235580306918
1656.071,25.06981852,26.203202001827275,27.46871787142002,25.379434623653506,-1.133383481827277
1656.553,25.01516665,26.1459700872931,27.427246724950137,25.323325916789162,-1.1308034372930997
1657.035,24.9543159,26.088909107630865,27.385919572725292,25.267443551231896,-1.1345932076308642
1657.517,24.91632064,26.032022513545943,27.344738178786727,25.211791055996287,-1.1157018735459445
1657.999,24.88084027,25.97531375287955,27.30370429744194,25.156371951597066,-1.0944734828795504
1658.481,24.82845879,25.91878627023892,27.26281967319625,25.1011897496222,-1.0903274802389191
1658.963,24.80215225,25.862443506625137,27.222086040685163,25.046247952303677,-1.0602912566251383
1659.446,24.74170165,25.80617259369282,27.181421091774595,24.991436826914043,-1.0644709436928217
1659.928,24.67446375,25.75020997588645,27.140994928995855,24.936986822873664,-1.0757462258864479
1660.41,24.64531974,25.69444238181837,27.10072490549514,24.882787676927236,-1.049122641818368
1660.892,24.5660184,25.63887323428015,27.060612715740398,24.82884284953791,-1.0728548342801503
1661.374,24.5126954,25.583505950557228,27.02066004399892,24.775155789643826,-1.0708105505572298
1661.856,24.45156029,25.528343942042376,26.980868564273017,24.721729934220598,-1.0767836520423764
1662.338,24.37566367,25.473390613846416,26.941239940236184,24.668568707842326,-1.0977269438464141
1662.82,24.32990657,25.41864936440742,26.90177582516983,24.615675522242295,-1.0887427944074197
1663.302,24.25346375,25.36412358509759,26.862477861900636,24.56305377587198,-1.1106598350975894
1663.785,24.195072,25.309704219700027,26.823266675331922,24.510598537905462,-1.1146322197000273
1664.267,24.14333369,25.255619989086252,26.784306255151023,24.45853039067522,-1.1122862990862536
1664.749,24.09508076,25.201761363341475,26.74551685523232,24.406743800868725,-1.106680603341477
1665.231,24.03363929,25.1481317015876,26.706900075946308,24.355242109358787,-1.1144924115876016
1665.713,23.99697354,25.094734353887006,26.668457506904012,24.304028641522738,-1.0977608138870067
1666.195,23.94963203,25.041572660839115,26.630190726897986,24.253106706798793,-1.0919406308391153
1666.677,23.92456778,24.988649953175575,26.592101303843613,24.20247959824213,-1.0640821731755743
1667.159,23.85310194,24.935969551353903,26.554190794721226,24.15215059208107,-1.0828676113539046
1667.642,23.8223591,24.883426236893737,26.51638265606263,24.102019470994595,-1.0610671368937368
1668.124,23.75641862,24.83124088483479,26.47883498088951,24.052297064095175,-1.0748222648347898
1668.606,23.7158452,24.77930774107346,26.44147082755851,24.002882489545097,-1.0634625410734593
1669.088,23.65462557,24.727630080859985,26.404291708719015,23.953778951790078,-1.0730045108599846
1669.57,23.58840722,24.676211167121703,26.36729912580457,23.904989636232035,-1.087803947121703
1670.052,23.53211919,24.62505425005039,26.330494568978295,23.856517708787166,-1.0929350600503902
1670.534,23.46384304,24.57416256668947,26.293879517079503,23.808366315445355,-1.1103195266894694
1671.016,23.40727185,24.523539340520195,26.257455437570286,23.76053858182988,-1.116267490520194
1671.499,23.35792084,24.47308360184663,26.221148818115324,23.712939404843564,-1.11516276184663
1671.981,23.31636133,24.423007477747916,26.18511144372092,23.665768971413236,-1.1066461477479166
1672.463,23.28910915,24.373209402350014,26.14926937827876,23.61893145432525,-1.0841002523500123
1672.945,23.24182411,24.32369254070799,26.113624043199444,23.57242989331234,-1.081868430707992
1673.427,23.18558224,24.27446004223998,26.078176848259982,23.526267305557205,-1.0888778022399812
1673.909,23.17541011,24.225515040311674,26.042929191554215,23.480446685260265,-1.0501049303116723
1674.391,23.12819776,24.176860651821713,26.00788245944421,23.434971003209554,-1.0486628918217136
1674.873,23.05416846,24.12849997678639,25.973038026511954,23.38984320635175,-1.0743315167863905
1675.355,23.00824601,24.080436097925134,25.938397255511667,23.345066217365787,-1.072190087925133
1675.838,22.98376267,24.032573298595665,25.903890267882495,23.300551139423824,-1.048810628595664
1676.32,22.94935517,23.985112820577985,25.869661290963784,23.25648517778527,-1.0357576505779846
1676.802,22.88179338,23.937958285236487,25.835639995548462,23.2127786480949,-1.0561649052364857
1677.284,22.83067908,23.891112701927717,25.801827696592067,23.169434371683575,-1.060433621927718
1677.766,22.8176848,23.84457906064616,25.76822569699398,23.1264551435141,-1.0268942606461628
1678.248,22.7753649,23.798360331613516,25.734835287553537,23.083843731769132,-1.0229954316135164
1678.73,22.73796853,23.752459464869396,25.701657746926834,23.04160287744151,-1.0144909348693965
1679.212,22.70345182,23.706879389863005,25.668694341584313,22.999735293928,-1.0034275698630033
1679.695,22.65691244,23.661529460644136,25.635878608587536,22.95815797706454,-1.0046170206441367
1680.177,22.61995888,23.616600353618807,25.603347674998048,22.917045751216882,-0.9966414736188085
1680.659,22.59167881,23.5720007049954,25.571034605111816,22.876314772200015,-0.9803218949953987
1681.141,22.54057485,23.527733357759804,25.538940616217808,22.835967638962604,-0.9871585077598048
1681.623,22.50776098,23.483801132286786,25.507066913215937,22.796006920871978,-0.9760401522867852
1682.105,22.45722457,23.440206825940958,25.47541468857832,22.756435157327637,-0.9829822559409571
1682.587,22.4148021,23.396953212680025,25.443985122311226,22.717254857378773,-0.9821511126800253
1683.069,22.36295092,23.35404304265956,25.412779381917588,22.678468499345342,-0.991092122659559
1683.552,22.32970975,23.31139109650477,25.381734581586905,22.63999929693161,-0.9816813465047716
1684.033,22.25779968,23.26926391159818,25.351043986025484,22.602087366414843,-1.011464231598179
1684.516,22.22231669,23.22731384170302,25.320453504873704,22.564419822330695,-1.0049971517030194
1684.998,22.16716343,23.18580519405032,25.290154966610842,22.527234227189986,-1.0186417640503223
1685.48,22.12432285,23.144653375140116,25.260085905198128,22.490454496434765,-1.0203305251401176
1685.962,22.09140202,23.10386098409637,25.23024741234147,22.454082916219495,-1.0124589640963713
1686.444,22.0650415,23.06343059354213,25.20064056699909,22.41812173943564,-0.99838909354213
1686.926,22.02342658,23.023364749225273,25.171266435349306,22.382573185368134,-0.999938169225274
1687.408,22.01475494,22.983665969646708,25.142126070758746,22.34743943935655,-0.9689110296467085
1687.89,21.97336318,22.94433674569223,25.113220513751536,22.312722652461503,-0.9709735656922298
1688.373,21.97139175,22.90529910459539,25.08449155708425,22.278354221135988,-0.9339073545953909
1688.855,21.90985325,22.866717131647718,25.05605917773009,22.244478542810434,-0.9568638816477169
1689.337,21.9053957,22.828512022616977,25.027864652240197,22.21102607205653,-0.923116322616977
1689.819,21.85966385,22.790686154250295,24.999908969443993,22.177998819510254,-0.9310223042502948
1690.301,21.8457137,22.753241873887887,24.972193105182814,22.145398759937557,-0.9075281738878864
1690.783,21.79966516,22.71618149911576,24.94471802228276,22.1132278319325,-0.9165163391157591
1691.265,21.7793932,22.67950731742248,24.91748467052825,22.081487937621546,-0.9001141174224792
1691.747,21.75943346,22.643221585859795,24.890493986636194,22.050180942373224,-0.8837881258597946
1692.229,21.73972509,22.607326530707237,24.86374689423078,22.01930867451379,-0.8676014407072365
1692.712,21.70601996,22.571751101053902,24.83718957397533,21.9888102353228,-0.865731141053903
1693.194,21.68789256,22.53664477462353,24.810932892973895,21.95881366873942,-0.8487522146235271
1693.676,21.66468949,22.50193561991031,24.784922497354117,21.92925709303697,-0.8372461299103087
1694.158,21.63599797,22.467625736771293,24.75915925810311,21.900142185570925,-0.8316277667712946
1694.64,21.60281363,22.43371719267939,24.733644032999074,21.871470585323664,-0.8309035626793886
1695.122,21.59124675,22.400212022414916,24.708377666590106,21.843243892657423,-0.8089652724149161
1695.604,21.5548154,22.367112227761535,24.68336099017334,21.81546366907328,-0.8122968277615357
1696.086,21.52622369,22.334419777207515,24.658594821775196,21.788131436977224,-0.8081960872075165
1696.569,21.50238707,22.30207005488622,24.634029367225647,21.7611933743322,-0.7996829848862177
1697.051,21.48588579,22.270198918372405,24.609767139615876,21.73476247190626,-0.7843131283724034
1697.533,21.47024306,22.238740832573487,24.585757795889506,21.708783894244227,-0.7684977725734861
1698.015,21.4230409,22.20769762983571,24.562002100775214,21.68325900508009,-0.7846567298357101
1698.497,21.38567244,22.177071107791175,24.53850080564075,21.65818912798213,-0.7913986677911744
1698.979,21.35637798,22.146863029089815,24.5152546484768,21.6335755461596,-0.7904850490898134
1699.461,21.32279564,22.117075121137297,24.492264353881602,21.60941950227643,-0.7942794811372984
1699.943,21.2773703,22.087709075838255,24.469530633046134,21.585722198271895,-0.8103387758382539
1700.426,21.25874507,22.058706943986415,24.447007820012416,21.56243706365833,-0.7999618739864154
1700.908,21.23828098,22.03019044014498,24.42478986245068,21.539661639087992,-0.7919094601449821
1701.39,21.18391433,22.00210066243165,24.402830533018147,21.517348316376935,-0.818186332431651
1701.872,21.17524766,21.974439158218562,24.381130489114266,21.49549813283151,-0.799191498218562
1702.354,21.1463674,21.947207438179227,24.359690374667004,21.474112084245128,-0.8008400381792278
1702.836,21.14153699,21.920406976067028,24.338510820122142,21.453191124762913,-0.7788699860670292
1703.318,21.0964735,21.894039208499642,24.317592442432964,21.432736166753294,-0.7975657084996435
1703.8,21.08077783,21.86810553474976,24.296935845050676,21.41274808068764,-0.7873277047497602
1704.282,21.07794888,21.84260731654205,24.276541617915562,21.39322769502695,-0.7646584365420495
1704.765,21.07268867,21.81749433809962,24.25636884503148,21.374136756868914,-0.7448056680996196
1705.247,21.04723991,21.792871875139994,24.236501621402706,21.355555063091515,-0.7456319651399959
1705.729,21.03363101,21.76868872822076,24.216898457821884,21.33744330343397,-0.7350577182207587
1706.211,21.02034977,21.74494610689031,24.19755989008077,21.319802137247866,-0.7245963368903112
1706.693,21.00583174,21.72164518222869,24.178486440425182,21.30263218142241,-0.7158134422286899
1707.175,21.01586786,21.69878708668329,24.159678617549847,21.285934010317103,-0.6829192266832891
1707.657,20.97647025,21.676372913910935,24.141136916594093,21.269708155701853,-0.6999026639109367
1708.139,20.98294835,21.654403718626856,24.12286181913793,21.25395510670518,-0.6714553686268552
1708.622,20.94558412,21.632836326806387,24.104816710086933,21.23864410117768,-0.687252206806388
1709.104,20.95007843,21.611761022473473,24.08707676561434,21.223838943102614,-0.6616825924734719
1709.586,20.91572426,21.591133626618312,24.069604788898584,21.20950780248341,-0.675409366618311
1710.068,20.91862508,21.570955036731995,24.05240120722972,21.195650997428874,-0.6523299567319931
1710.55,20.8880919,21.55122611071011,24.03546643432931,21.18226880326249,-0.6631342107101119
1711.032,20.88055417,21.53194766674273,24.018800870350425,21.16936145251703,-0.6513934967427311
1711.514,20.86765501,21.51312048321127,24.00240490187846,21.15692913493675,-0.6454654732112708
1711.996,20.84840849,21.494745298592342,23.98627890193238,21.144971997487502,-0.6463368085923413
1712.479,20.84967937,21.476786098826384,23.970390615629036,21.13346681720886,-0.6271067288263836
1712.96,20.82917156,21.459353679947412,23.95483823187422,21.122483637067475,-0.6301821199474134
1713.443,20.8217407,21.44230369374049,23.939492750155118,21.111931139621504,-0.6205629937404922
1713.925,20.80600485,21.425744032100315,23.924450646493497,21.101876323699447,-0.6197391821003144
1714.407,20.8108679,21.409639461387638,23.90968017366699,21.09229678177082,-0.5987715613876361
1714.889,20.79695285,21.393990478943653,23.895181623331624,21.083192404685736,-0.597037628943653
1715.371,20.77761995,21.37879754172997,23.880955273604137,21.074563040802193,-0.6011775917299715
1715.853,20.79318343,21.364061066289313,23.867001389068314,21.0664084960575,-0.570877636289314
1716.335,20.82420129,21.349781428713367,23.853320220782077,21.05872853404754,-0.5255801387133658
1716.817,20.80456494,21.335958964617834,23.839912006285076,21.051522876113243,-0.5313940246178355
1717.3,20.84170945,21.322566716638935,23.826750002609288,21.044777727764387,-0.48085726663893524
1717.782,20.8338481,21.309660394235507,23.81388892168377,21.038520655671785,-0.4758122942355065
1718.264,20.81897763,21.2972120095639,23.80130142653733,21.032736798244194,-0.4782343795639008
1718.746,20.82825904,21.285221736145846,23.788987700697454,21.027425708732707,-0.4569626961458475
1719.228,20.83388724,21.273689707009996,23.77694791422092,21.022586898679023,-0.43980246700999714
1719.71,20.82976194,21.262616014709995,23.765182223705178,21.018219838046605,-0.4328540747099936
1720.192,20.80711991,21.252000711349737,23.75369077230028,21.01432395535903,-0.4448808013497363
1720.674,20.8264363,21.241843808615766,23.742473689721564,21.010898637845756,-0.4154075086157647
1721.156,20.79708397,21.23214527781682,23.73153109226279,21.007943231594687,-0.4350613078168202
1721.639,20.8009396,21.222886355668514,23.720841235507983,21.00545237088733,-0.4219467556685146
1722.121,20.79986487,21.214105271862092,23.71044847350796,21.003435632823532,-0.41424040186209155
1722.603,20.77100694,21.205782231799336,23.700330465265168,21.00188659741783,-0.4347752917993368
1723.085,20.78602053,21.197917045731263,23.69048727350378,21.00080444777722,-0.4118965157312644
1723.567,20.793062,21.190509483834898,23.680918947601633,21.00018832673658,-0.3974474838348989
1724.049,20.80288454,21.183559276295135,23.67162552360714,21.000037337053186,-0.38067473629513415
1724.531,20.79604809,21.17706611339343,23.662607024256708,21.00035054160783,-0.3810180233934304
1725.013,20.7918301,21.17102964560356,23.653863458992817,21.00112696361253,-0.37919954560356217
1725.496,20.79395155,21.165438380632505,23.645377539979975,21.00236863631381,-0.37148683063250587
1725.978,20.77769596,21.160315041106244,23.637184388467084,21.004069360867653,-0.3826190811062453
1726.46,20.78197125,21.155647109314103,23.62926611971754,21.006230134359924,-0.3736758593141012
1726.942,20.77723025,21.151434077511272,23.621622690163278,21.008849823455332,-0.37420382751127335
1727.424,20.82051057,21.147675398726435,23.614254043041683,21.01192725628621,-0.3271648287264348
1727.906,20.80301042,21.144370486897913,23.60716010841709,21.015461222698352,-0.3413600668979129
1728.388,20.81011823,21.14151871701684,23.60034080320314,21.019450474503202,-0.33140048701683966
1728.87,20.81403082,21.13911942527655,23.593796031185487,21.02389372573592,-0.3250886052765516
1729.353,20.82764131,21.137168337850962,23.58751295920426,21.028800280062146,-0.30952702785096164
1729.835,20.82223271,21.13567279152814,23.581517481495965,21.034148457375018,-0.31344008152813885
1730.317,20.84044109,21.134627499076256,23.575796169515655,21.039946549294218,-0.29418640907625715
1730.799,20.84782983,21.13403164304367,23.570348874750017,21.046193121371466,-0.28620181304367165
1731.281,20.83957623,21.133884368025612,23.565175435680636,21.052886702759935,-0.2943081380256132
1731.763,20.86303643,21.134184780852102,23.56027567781033,21.060025786506507,-0.2711483508521013
1732.245,20.8721652,21.13493195078166,23.555649413689956,21.06760882984924,-0.26276675078165823
1732.727,20.88370236,21.13612490970141,23.551296442945898,21.075634254520068,-0.25242254970141076
1733.209,20.92258591,21.137762652333105,23.54721655230805,21.084100447052794,-0.21517674233310657
1733.692,20.95118697,21.139848915402336,23.543401900689283,21.093024690148834,-0.1886619454023375
1734.174,20.96855843,21.14237397926701,23.53986804434503,21.10236834455536,-0.17381554926700815
1734.656,20.98993433,21.14534058781301,23.53660655067072,21.11214771479239,-0.15540625781300932
1735.138,21.01030025,21.148747589203207,23.533617155075238,21.12236104970948,-0.13844733920320706
1735.62,21.0135255,21.15259379555327,23.530899580219582,21.13300656457186,-0.13906829555326894
1736.102,21.026173,21.15687798317216,23.528453536048232,21.144082441397185,-0.1307049831721585
1736.584,21.0512128,21.161598892808296,23.526278719821086,21.155586829296432,-0.11038609280829803
1737.066,21.0331838,21.166755229900893,23.52437481614595,21.16751784481943,-0.13357142990089343
1737.549,21.05302673,21.172357713552227,23.522738389420248,21.179899646734725,-0.11933098355222782
1738.031,21.05526539,21.17838177827275,23.521375874539206,21.192679013719843,-0.12311638827275218
1738.513,21.0987114,21.18483717456811,23.52028324970844,21.20587916198836,-0.0861257745681101
1738.995,21.11290483,21.191722469189642,23.51946014923733,21.21949808131699,-0.07881763918964069
1739.477,21.13272773,21.19903619491541,23.51890619495383,21.233533730709546,-0.0663084649154122
1739.959,21.15848137,21.206776850832203,23.51862099624033,21.247984038765956,-0.04829548083220203
1740.441,21.15909874,21.21494290262256,23.518604150069887,21.26284690405472,-0.05584416262255942
1740.923,21.19794558,21.223532782856168,23.518855241043063,21.278120195488686,-0.025587202856169
1741.406,21.20293595,21.23256402638417,23.519375195131648,21.293834709932447,-0.029628076384170754
1741.887,21.21651057,21.2419775951495,23.520159511184676,21.309889386443793,-0.02546702514949928
1742.37,21.23003057,21.25185010285316,23.521214258025765,21.32641551191226,-0.021819532853161405
1742.852,21.24861072,21.262119834605006,23.52253324914012,21.343309448148297,-0.013509114605007255
1743.334,21.26083392,21.272805067859945,23.52411791513778,21.36060271889417,-0.011971147859945575
1743.816,21.29052563,21.283904042820545,23.525967767162108,21.378293023142962,0.0066215871794561565
1744.298,21.28616929,21.29541496874178,23.528082304256564,21.396378032950082,-0.00924567874178095
1744.78,21.2871721,21.307336024256788,23.530461013405702,21.414855393832408,-0.02016392425678859
1745.262,21.33131008,21.319665357706434,23.533103369576736,21.433722725169797,0.011644722293567611
1745.744,21.33899682,21.33240108747258,23.536008835761507,21.452977620608703,0.006595732527419074
1746.227,21.34905978,21.345568983291187,23.53918370823403,21.47265879405793,0.0034907967088138037
1746.709,21.37581141,21.359112575805234,23.54261427871135,21.49268228910029,0.016698834194766476
1747.191,21.39541447,21.373056739297976,23.546306275553285,21.513085973680326,0.02235773070202285
1747.673,21.41436659,21.387399475659926,23.55025911425618,21.533867342540553,0.02696711434007426
1748.155,21.4493801,21.402138758542122,23.554472198558816,21.555023866739983,0.04724134145787673
1748.637,21.48694266,21.41727253370939,23.558944920487374,21.57655299406892,0.06967012629061031
1749.119,21.51447822,21.43279871939699,23.56367666040098,21.598452149465395,0.0816795006030091
1749.601,21.56389367,21.44871520666995,23.5686667870377,21.62071873543307,0.11517846333005011
1750.083,21.5913367,21.465019859785183,23.573914657561033,21.643350132460252,0.12631684021481604
1750.566,21.64116048,21.481745544211027,23.57943130546953,21.66639177856704,0.15941493578897337
1751.048,21.68519047,21.49882081038132,23.585193220492755,21.689745596303247,0.18636965961867702
1751.53,21.7181276,21.516277673358164,23.59121088050059,21.71345623309083,0.20184992664183454
1752.012,21.72634523,21.53411389378812,23.59748359680903,21.73752098552645,0.19223133621187927
1752.494,21.76499322,21.55232720735965,23.604010669399162,21.76193713030243,0.21266601264035145
1752.976,21.76944477,21.570915325179776,23.610791386966486,21.78670192463091,0.19852944482022394
1753.458,21.81195233,21.589875934152904,23.617825026970692,21.811812606668436,0.22207639584709682
1753.94,21.82008382,21.60920669736171,23.625110855685975,21.83726639594123,0.21087712263829061
1754.423,21.85680384,21.628946503496284,23.632664026599123,21.863114360294983,0.22785733650371753
1754.905,21.85989352,21.649011226671373,23.640452506376818,21.88924664747323,0.21088229332862696
1755.387,21.87720898,21.669438949218467,23.64849090548153,21.915713587039665,0.207770030781532
1755.869,21.90677979,21.69022724273002,23.656778445934204,21.9425123282184,0.21655254726998052
1756.351,21.93455787,21.71137365690686,23.665314338828384,21.969640003731268,0.22318421309313763
1756.833,21.95996587,21.73287571994851,23.674097784383257,21.99709373022274,0.2270901500514917
1757.315,21.99354173,21.75473093894459,23.68312797199693,22.024870608684786,0.23881079105541048
1757.797,22.03690643,21.776936800267656,23.69240408030042,22.05296772488125,0.2599696297323426
1758.28,22.03575471,21.79953792252416,23.701945284918338,22.081441428662206,0.23621678747583985
1758.762,22.10924426,21.822438160968872,23.711711233548236,22.110170867964563,0.2868060990311285
1759.244,22.12878703,21.845681375136955,23.721720572921264,22.139211709007483,0.2831056548630464
1759.726,22.14287939,21.8692649724381,23.73197243912486,22.168560980844614,0.27361441756190175
1760.208,22.1904538,21.89318634154212,23.742465957755037,22.19821569941365,0.29726745845788116
1760.69,22.21774937,21.917442852776034,23.753200243972714,22.22817286795565,0.30030651722396584
1761.172,22.26882035,21.942031858521933,23.76417440256059,22.258429477433715,0.3267884914780659
1761.654,22.31647312,21.966950693614866,23.77538752798035,22.288982506950152,0.34952242638513553
1762.136,22.34285951,21.992196675741003,23.78683870443026,22.319828924162366,0.3506628342589977
1762.619,22.3979606,22.017820491902484,23.79855150133431,22.351030584482977,0.3801401080975175
1763.101,22.39646019,22.04371331921113,23.81047648071456,22.382455229207427,0.3527468707888701
1763.583,22.4589332,22.069925142018977,23.82263670074811,22.414164093701732,0.3890080579810231
1764.065,22.47904745,22.096453213368235,23.835031205143203,22.44615410395483,0.38259423663176406
1764.547,22.49721586,22.123294771144238,23.847659027638972,22.478422176569037,0.3739210888557629
1765.029,22.54604307,22.150447038472908,23.86051919206541,22.51096521916655,0.39559603152709144
1765.511,22.56598166,22.177907224117998,23.873610712403835,22.543780130794033,0.3880744358820003
1765.993,22.5821844,22.205672522877652,23.886932592847582,22.576863802325132,0.376511877122347
1766.476,22.60313166,22.233798659772987,23.90051218016941,22.61028258027925,0.3693330002270123
1766.958,22.64168069,22.262166333611678,23.914292227229446,22.643894954939615,0.37951435638832365
1767.44,22.6742524,22.290830619207405,23.928299586724634,22.677766710578805,0.38342178079259526
1767.922,22.71858819,22.319788659423388,23.94253322429215,22.71189470934988,0.39879953057661055
1768.404,22.73192224,22.349037585130283,23.95699209609087,22.746275807215046,0.38288465486971646
1768.886,22.79887312,22.378574515597954,23.97167514886443,22.780906854334972,0.4202986044020456
1769.368,22.79948437,22.40839655888601,23.986581320004532,22.815784695455836,0.39108781111398727
1769.85,22.87249991,22.43850081223309,24.00170953761463,22.850906170293502,0.4339990977669075
1770.333,22.88683215,22.468947687158245,24.01709079428999,22.886341726712647,0.41788446284175507
1770.814,22.93310008,22.49954428628174,24.03262777860258,22.921867357121045,0.43355579371825925
1771.297,23.01408231,22.53054211014827,24.048448593815714,22.957775311076745,0.4835401998517277
1771.779,23.04502979,22.561746531390142,24.06445454525989,22.99384010649241,0.483283258609859
1772.261,23.11342594,22.593218493973577,24.080677044295555,23.030132665423842,0.5202074460264221
1772.743,23.1681445,22.62495503829439,24.097114964636166,23.06664980532533,0.5431894617056088
1773.225,23.22384973,22.6569531966139,24.113767171162756,23.103388341237306,0.5668965333860996
1773.707,23.27786289,22.68920999343587,24.130632519990474,23.1403450861486,0.5886528965641311
1774.189,23.32586387,22.721722445881632,24.147709858535254,23.17751685135544,0.6041414241183674
1774.671,23.34055273,22.75448756406344,24.164998025580957,23.214900446817733,0.5860651659365601
1775.154,23.40056486,22.78757110431332,24.18253237101343,23.25257088836574,0.6129937556866807
1775.636,23.41012556,22.820833066751796,24.200239108522883,23.290368993556203,0.5892924932482053
1776.118,23.43309421,22.85433868066201,24.21815313729713,23.328369347754464,0.5787555293379896
1776.6,23.48269434,22.888084931799735,24.236273262251522,23.36656875907277,0.5946094082002631
1777.082,23.5280287,22.922068800747194,24.254598280009578,23.404964036020274,0.6059598992528059
1777.564,23.55249856,22.95628726327334,24.27312697897187,23.4435519878397,0.5962112967266613
1778.046,23.57154226,22.990737290691687,24.291858139385333,23.48232942484066,0.5808049693083142
1778.528,23.61540172,23.025415850215786,24.310790533412693,23.521293158729435,0.5899858697842149
1779.01,23.66177694,23.060319905312188,24.329922925202354,23.560440002935476,0.6014570346878116
1779.493,23.70726989,23.095519521760576,24.349294382807113,23.5998485485677,0.6117503682394236
1779.975,23.77061819,23.13086589721077,24.368823439309168,23.639352425582317,0.639752292789229
1780.457,23.7900731,23.16642863332086,24.388548736013824,23.67902986015962,0.6236444666791421
1780.939,23.83042169,23.202204682043053,24.40846900569981,23.71887767582209,0.6282170079569482
1781.421,23.88040396,23.23819099330901,24.4285829734849,23.758892699395243,0.6422129666909875
1781.903,23.91434248,23.2743845153667,24.44888935689733,23.799071761312515,0.6399579646332967
1782.385,23.95565355,23.310782195114726,24.469386865947573,23.839411695916706,0.6448713548852751
1782.867,24.01720287,23.347380978433453,24.490074203200315,23.879909341757696,0.6698218915665457
1783.35,24.05462507,23.38425435624023,24.510993569821316,23.920646041021662,0.6703707137597696
1783.832,24.0959577,23.42124658328233,24.532057028787555,23.961449954119512,0.6747111167176705
1784.314,24.14083987,23.45843074235692,24.553306376954502,24.002402115743692,0.6824091276430799
1784.796,24.18904698,23.495803778525886,24.574740287813796,24.04349938418637,0.6932432014741146
1785.278,24.22293516,23.53336263744515,24.596357427775054,24.084738623379767,0.6895725225548475
1785.76,24.26762218,23.57110426567788,24.61815645623947,24.12611670317157,0.6965179143221185
1786.242,24.30603943,23.609025611004377,24.640136025673367,24.167630499596086,0.6970138189956216
1786.724,24.35971403,23.64712362272889,24.662294781682178,24.209276895141898,0.712590407271108
1787.207,24.39944464,23.685474832064486,24.684677888440923,24.251139583422056,0.7139698079355128
1787.689,24.41636961,23.723917382824048,24.707191292011217,24.293042110795025,0.6924522271759521
1788.171,24.45444713,23.762527453744333,24.72987977569147,24.335067919681705,0.6919196762556652
1788.653,24.50861633,23.801302003234476,24.75274195837372,24.377213921002113,0.7073143267655233
1789.135,24.55126477,23.84023799271342,24.775776452462253,24.419477033411166,0.7110267772865804
1789.617,24.5556772,23.879332386896802,24.79898186394872,24.461854183542936,0.6763448131031993
1790.099,24.61313155,23.918582154080728,24.822356792487586,24.50434230625127,0.694549395919271
1790.581,24.67704523,23.957984266422223,24.845899831471854,24.54693834484656,0.7190609635777783
1791.063,24.71909398,23.99753570021581,24.869609568108775,24.589639251328286,0.7215582797841904
1791.546,24.77768924,24.037315946603677,24.893534287542003,24.632530892716677,0.7403732933963241
1792.028,24.83722537,24.077157264246424,24.917573495203584,24.675432628701255,0.7600681057535752
1792.51,24.92060624,24.11713885352936,24.941775122811464,24.718430136719135,0.8034673864706399
1792.992,24.96678562,24.157257710008547,24.966137733579817,24.76152040579714,0.8095279099914521
1793.474,25.00857792,24.19751083471078,24.99065988491922,24.80470043475757,0.8110670852892206
1793.956,25.04196243,24.237895234389498,25.01534012851345,24.847967232427877,0.8040671956105037
1794.438,25.10430125,24.278407921777273,25.0401770103966,24.891317817845934,0.8258933282227261
1794.92,25.14015663,24.31904591583475,25.06516907103036,24.93474922046231,0.8211107141652505
1795.403,25.1820466,24.359890932091716,25.0903671738034,24.978348827396612,0.8221556679082838
1795.885,25.21115029,24.400770867069355,25.115665505745987,25.02193314775043,0.8103794229306445
1796.367,25.27664364,24.44176719926719,25.1411146020971,25.065589432005847,0.8348764407328098
1796.849,25.30108087,24.482876974991427,25.16671298179353,25.10931475322859,0.8182038950085726
1797.331,25.31765365,24.52409724796775,25.192459158588235,25.153106195848956,0.7935564020322516
1797.813,25.37479974,24.565425079569227,25.218351641128766,25.196960855840942,0.8093746604307732
1798.295,25.40051399,24.606857539039996,25.24438893303526,25.240875840897203,0.7936564509600039
1798.777,25.45877849,24.64839170371573,25.270569532979156,25.284848270600783,0.8103867862842691
1799.26,25.51269918,24.690111135342026,25.29694669190875,25.32896667367681,0.822588044657973
1799.741,25.57074682,24.73175349977864,25.323354627391943,25.372954002734552,0.8389933202213591
1800.224,25.62963683,24.77366219016156,25.350011428136717,25.417173205155283,0.8559746398384398
1800.706,25.66042504,24.815574302286095,25.376750433897044,25.46134694546653,0.8448507377139052
1801.188,25.72499228,24.857573629162594,25.4036251664048,25.505563906596965,0.8674186508374042
1801.67,25.77805816,24.899657301120982,25.430634096283185,25.54982128288882,0.8784008588790186
1802.152,25.82634066,24.941822458025058,25.457775689759202,25.59411628167119,0.8845182019749416
1802.634,25.85956814,24.984066249463993,25.48504840874296,25.638446123401604,0.8755018905360075
1803.116,25.91000402,25.02638583494057,25.51245071090721,25.68280804180488,0.8836181850594294
1803.598,25.94773837,25.06877838405558,25.53998104976676,25.727199284007536,0.8789599859444195
1804.081,26.02306539,25.11132924452479,25.567695384467456,25.771709289577956,0.91173614547521
1804.563,26.05157213,25.15385940779688,25.595477398604714,25.81615102169551,0.8977127222031207
1805.045,26.0885746,25.196454100095206,25.623382782594398,25.86061389508715,0.8921204999047951
1805.527,26.11279499,25.239110533210575,25.651409974109505,25.90509521179395,0.8736844567894266
1806.009,26.16213618,25.28182592990213,25.679557407064433,25.949592287880744,0.880310250097871
1806.491,26.19594707,25.324597524060724,25.70782351169506,25.994102453550106,0.8713495459392746
1806.973,26.24979017,25.36742256086901,25.73620671463888,26.038623053252742,0.8823676091309913
1807.455,26.29714329,25.41029829695793,25.764705439015145,26.083151445794833,0.8868449930420716
1807.938,26.31782043,25.453311101859864,25.793377584225055,26.127777401272645,0.8645093281401373
1808.42,26.37534808,25.496280144013358,25.82210283861071,26.1723135164436,0.8790679359866402
1808.902,26.43313953,25.539291719937747,25.850938860184378,26.2168495826537,0.8938478100622511
1809.384,26.46379544,25.582343133578995,25.879884058788964,26.26138301716755,0.8814523064210036
1809.866,26.50893342,25.62543170106294,25.90893684115115,26.30591125209172,0.8835017189370618
1810.348,26.57694208,25.668554750831447,25.938095610961895,26.350431734462735,0.9083873291685514
1810.83,26.61264093,25.711709623775125,25.967358768956842,26.394941926331335,0.9009313062248765
1811.312,26.68158774,25.754893673363124,25.996724712997143,26.43943930484404,0.9266940666368768
1811.794,26.73643393,25.798104265768686,26.02619183814978,26.483921362320896,0.9383296642313148
1812.277,26.79102345,25.84142850121006,26.05581998085634,26.528477835561894,0.9495949487899402
1812.759,26.81639496,25.884684370717533,26.08548484422914,26.572921744334977,0.9317105892824671
1813.241,26.89666549,25.927958953632224,26.115246054608782,26.61734289572117,0.968706536367776
1813.723,26.92966957,25.971249668169296,26.14510199668758,26.661738843489537,0.9584199018307054
1814.205,26.96993089,26.014553945830873,26.175051052767344,26.7061071569289,0.955376944169128
1814.687,27.03999987,26.057869231512793,26.205091602840078,26.7504454209083,0.9821306384872059
1815.169,27.07798051,26.10119298360825,26.23522202466866,26.794751235934026,0.9767875263917496
1815.651,27.10747606,26.144522674108558,26.265440693867518,26.839022218204466,0.9629533858914421
1816.134,27.14847478,26.18794569325021,26.295808946942216,26.883347730688087,0.9605290867497907
1816.616,27.20060947,26.2312797307372,26.326199404173977,26.927541874573073,0.9693297392628004
1817.098,27.23535583,26.274612200006572,26.356673220151826,26.971694124123506,0.9607436299934271
1817.58,27.27953866,26.31794062841557,26.38722876269996,27.01580215882913,0.9615980315844297
1818.062,27.31685949,26.361262557376964,26.41786439789779,27.05986367410343,0.9555969326230347
1818.544,27.36999592,26.404575542441492,26.448578490160653,27.10387638132184,0.9654203775585088
1819.026,27.40376345,26.447877153377355,26.47936940232021,27.147838007857157,0.9558862966226442
1819.508,27.46838072,26.491164974247013,26.51023549570527,27.191746297112793,0.9772157457529858
1819.99,27.50578899,26.53443660348078,26.54117513022218,27.23559900855332,0.971352386519218
1820.473,27.53189504,26.577779369606183,26.572251077318136,27.279484716919946,0.954115670393815
1820.955,27.5849325,26.621011422759263,26.603333012583715,27.323219488718575,0.9639210772407374
1821.437,27.61917447,26.664220161593704,26.6344835575589,27.366892053199297,0.9549543084062968
1821.919,27.66167409,26.70740324272381,26.665701067262965,27.410500234360743,0.9542708472761916
1822.401,27.71893023,26.75055833745853,26.696983895694906,27.454041872378408,0.968371892541473
1822.883,27.73320463,26.793683131859186,26.728330395913854,27.49751482362091,0.9395214981408131
1823.365,27.78600209,26.83677532679372,26.75973892011936,27.540916960663946,0.9492267632062799
1823.847,27.83086158,26.879832637988592,26.791207819731397,27.58424617230137,0.9510289420114084
1824.33,27.89182659,26.922942009331173,26.822800915383574,27.627590023112504,0.9688845806688278
1824.812,27.94279692,26.96592267581283,26.85438573405085,27.67076695313205,0.9768742441871687
1825.294,27.98438293,27.008861690735074,26.886025975083292,27.71386471725791,0.9755212392649248
1825.776,28.02888386,27.0517568297569,26.917719987582025,27.75688126926241,0.9771270302430999
1826.258,28.0705152,27.094605883617064,26.94946612026844,27.79981457916128,0.9759093163829355
1826.74,28.10551463,27.13740665817054,26.981262721563972,27.842662633212093,0.9681079718294576
1827.222,28.16817131,27.180156974422854,27.01310813966959,27.885423433911285,0.988014335577148
1827.704,28.19702222,27.222854668562128,27.045000722645455,27.928094999988524,0.9741675514378727
1828.187,28.26364526,27.26558600436755,27.077005126264243,27.970763611252433,0.9980592556324517
1828.668,28.30050974,27.30808361134173,27.108920775220177,28.013162584317865,0.9924261286582698
1829.151,28.37362619,27.350698775995237,27.141011423857147,28.055642571444324,1.0229274140047622
1829.633,28.39561876,27.393164519209556,27.173076229301458,28.097937507485398,1.0024542407904455
1830.115,28.47579001,27.43556704562837,27.205179937153073,28.140133541809043,1.0402229643716296
1830.597,28.5079571,27.477904283107392,27.237320896291656,28.182228790361243,1.0300528168926064
1831.079,28.55165732,27.5201741748443,27.269497456009727,28.224221385231793,1.0314831451557005
1831.561,28.59962531,27.562374679392505,27.301707966091435,28.266109474634188,1.0372506306074953
1832.043,28.6393779,27.60450377067316,27.33395077689103,28.307891222884344,1.034874129326841
1832.525,28.64188045,27.646559437985022,27.366224239411284,28.34956481037721,0.9953210120149762
1833.008,28.70443661,27.688626702188028,27.398593751951935,28.391214549595084,1.0158099078119704
1833.49,28.72093971,27.730529388378553,27.43092362895011,28.43266618725162,0.9904103216214466
1833.972,28.77564805,27.7723527067695,27.463279211934953,28.474004297895362,1.0032953432305014
1834.454,28.8087674,27.814094708259443,27.49565885528646,28.515227126006828,0.9946726917405577
1834.936,28.81698228,27.855753459143827,27.52806091442331,28.556332932006153,0.9612288208561743
1835.418,28.87214012,27.8973270411127,27.560483745880216,28.59731999222037,0.9748130788873013
1835.9,28.91809373,27.93881355124715,27.592925707385447,28.638186598849938,0.9792801787528482
1836.382,28.96317231,27.98021110201375,27.625385157937952,28.678931059933348,0.98296120798625
1836.865,29.01285793,28.0216034241349,27.657927849364256,28.71963584462942,0.9912545058651006
1837.347,29.03803199,28.06281726084955,27.690417388258485,28.760130739853395,0.9752147291504514
1837.829,29.08346463,28.103936564021623,27.722919498197477,28.800498504907974,0.9795280659783785
1838.311,29.13475511,28.144959507600255,27.7554325440358,28.840737510838487,0.9897956023997452
1838.793,29.15291639,28.18588428086576,27.787954892282595,28.8808461443326,0.9670321091342409
1839.275,29.21846343,28.226709088414214,27.820484911178017,28.920822807677887,0.9917543415857857
1839.757,29.23151226,28.267432150139793,27.853020970769048,28.9606659187176,0.9640801098602054
1840.239,29.2477336,28.30805170121581,27.885561442985576,29.00037391080549,0.9396818987841904
1840.721,29.30369407,28.348565992074473,27.918104701715986,29.03994523275978,0.9551280779255258
1841.204,29.32941648,28.389057008533772,27.950716642511356,29.079460015537812,0.9403594714662269
1841.686,29.35269044,28.42935536385374,27.98326060150794,29.118753113840867,0.9233350761462589
1842.168,29.39839244,28.469543298058074,28.015802477830245,29.157904977665943,0.9288491419419245
1842.65,29.45525219,28.509619122410506,28.04834065395843,29.196914117236833,0.945633067589494
1843.132,29.50278499,28.549581163308943,28.080873514706816,29.23577905799468,0.9532038266910554
1843.614,29.57198789,28.589427762256367,28.113399447298384,29.274498340545964,0.982560127743632
1844.096,29.63205494,28.629157275830554,28.14591684143916,29.313070520609088,1.0028976641694456
1844.578,29.67988911,28.66876807565211,28.17842408939205,29.35149416896026,1.011121034347891
1845.061,29.75500935,28.70834035260211,28.21098699076638,29.38984712055895,1.0466689973978909
1845.543,29.76235738,28.747708645177923,28.243469104361342,29.427969162333042,1.014648734822078
1846.025,29.81211153,28.786953425515858,28.275936261321476,29.46593847166156,1.0251581044841416
1846.507,29.84422591,28.82607312509744,28.308386864880294,29.50375367902561,1.0181527849025578
1846.989,29.91144192,28.86506619027037,28.34081932119562,29.54141342968155,1.0463757297296326
1847.471,29.91853537,28.90393108220939,28.373232039422362,29.578916383602063,1.0146042877906112
1847.953,29.95012669,28.942666276876317,28.40562343178484,29.61626121541654,1.0074604131236846
1848.435,29.99105188,28.98127026497899,28.437991913649196,29.653446614351022,1.0097816150210122
1848.917,30.00223678,29.019741551929254,28.470335903595377,29.6904712841673,0.9824952280707464
1849.4,30.0438815,29.058158054864013,28.502720844922422,29.727410252355536,0.9857234451359886
1849.882,30.06515153,29.096359231407078,28.53501106099683,29.76410929299695,0.9687922985929234
1850.364,30.09323299,29.134423307826054,28.56727205763567,29.80064379981779,0.9588096821739462
1850.846,30.14610103,29.172348847937805,28.599502266996755,29.83701253413203,0.9737521820621957
1851.328,30.13437282,29.210134430037634,28.631700124808102,29.873214271476098,0.9242383899623654
1851.81,30.21271347,29.247778646851817,28.66386407043869,29.90924780154486,0.9649348231481838
1852.292,30.20837825,29.285280105488724,28.69599254696851,29.94511192812672,0.9230981445112754
1852.774,30.26679602,29.322637427389303,28.728084001258665,29.980805469038557,0.9441585926106981
1853.257,30.30403641,29.359926299037948,28.760203342610076,30.01640077337284,0.9441101109620504
1853.739,30.34605433,29.396990962803283,28.792216023643086,30.05174929225936,0.9490633671967181
1854.221,30.36779817,29.433907436887203,28.82418704320829,30.086923760086933,0.933890733112797
1854.703,30.39682622,29.470674399579575,28.856114863994012,30.121923050154372,0.9261518204204258
1855.185,30.42312856,29.507290543243695,28.88799795281579,30.15674604945687,0.9158380167563038
1855.667,30.44641195,29.543754574261982,28.91983478068432,30.19139165861818,0.9026573757380199
1856.149,30.45054401,29.58006521298166,28.951623822873955,30.22585879182315,0.8704787970183432
1856.631,30.5217653,29.616221193659218,28.983363558990106,30.260146376749375,0.9055441063407805
1857.114,30.55296431,29.652295790418833,29.015118163793158,30.29432392739542,0.900668519581167
1857.595,30.60831185,29.688064187124326,29.046689053484428,30.328178679529767,0.9202476628756742
1858.078,30.6092718,29.72382260633212,29.078337260681682,30.361991134454417,0.8854491936678777
1858.56,30.66583861,29.759347241288314,29.109864541159965,30.395549688321502,0.9064913687116878
1859.042,30.71309509,29.79471109367713,29.141334977808768,30.4289235302156,0.9183839963228699
1859.524,30.72777932,29.829912980044426,29.172747077637187,30.462111667354304,0.8978663399555735
1860.006,30.75658964,29.864951730441774,29.204099352451582,30.49511311996464,0.8916379095582272
1860.488,30.81766664,29.89982618836707,29.23539031892093,30.527926921213183,0.9178404516329302
1860.97,30.81811804,29.934535210704265,29.26661849864209,30.560552117136254,0.8835828292957366
1861.452,30.86250184,29.96907766766294,29.2977824182043,30.592987766569912,0.8934241723370597
1861.935,30.8750424,30.003523584605617,29.32894505898172,30.625299641146732,0.8715188153943849
1862.417,30.8938216,30.03772922311869,29.359975917365905,30.657353026938925,0.8560923768813105
1862.899,30.94580499,30.071764983976077,29.39093812293647,30.689214116986285,0.8740400060239217
1863.381,30.96939721,30.10562979010369,29.421830222904322,30.72088202064819,0.863767419896309
1863.863,30.98064754,30.139322577444485,29.452650769791592,30.752355859732496,0.8413249625555146
1864.345,31.01360766,30.172842294895933,29.483398321494644,30.783634768425294,0.840765365104069
1864.827,31.01268601,30.206187904247024,29.514071441346406,30.81471789322072,0.8064981057529756
1865.309,31.06718902,30.23935838011499,29.544668698178498,30.845604392850408,0.8278306398850113
1865.792,31.09058995,30.272420979048935,29.57525190449172,30.876356902610205,0.8181689709510636
1866.274,31.10457387,30.305237794244167,29.605692999314357,30.906847264510915,0.7993360757558321
1866.756,31.16061316,30.33787647410622,29.63605396829178,30.937138548507047,0.8227366858937799
1867.238,31.19600023,30.3703360439544,29.66633340287646,30.967229961603724,0.8256641860456
1867.72,31.23484471,30.402615541616306,29.696529900325004,30.997120722692827,0.8322291683836944
1868.202,31.29541925,30.434714017363778,29.726642063758266,31.026810062483335,0.8607052326362208
1868.684,31.32020272,30.466630533848,29.75666850222097,31.05629722343142,0.8535721861520003
1869.166,31.38123744,30.49836416603482,29.786607830741026,31.085581459670856,0.8828732739651812
1869.648,31.42502319,30.529914001139733,29.81645867038844,31.11466203694349,0.8951091888602676
1870.131,31.43176705,30.561344018851305,29.84628129874147,31.143597928700032,0.8704230311486967
1870.613,31.4718005,30.592523184164452,29.875950857628254,31.17226860511532,0.879277315835548
1871.095,31.48994824,30.623515885084892,29.905527824873634,31.2007334873055,0.8664323549151085
1871.577,31.51498896,30.65432125720123,29.935010846311688,31.228991886776747,0.8606677027987715
1872.059,31.5397051,30.68493844802618,29.964398574108127,31.2570431262983,0.8547666519738186
1872.541,31.54103286,30.715366616931128,29.993689666817037,31.28488653983408,0.8256662430688735
1873.023,31.59019265,30.745604935080845,30.022882789437237,31.312521472474593,0.8445877149191539
1873.505,31.58462253,30.775652585368164,30.05197661346833,31.339947280368897,0.808969944631837
1873.988,31.61228394,30.805570505036215,30.0810298633324,31.36721957701581,0.8067134349637861
1874.47,31.62229138,30.83523401515197,30.10992091811695,31.394224810649906,0.7870573648480317
1874.952,31.68321179,30.864704474189164,30.138708725662017,31.421019052404326,0.8185073158108374
1875.434,31.68020982,30.893981111324617,30.16739198403676,31.447601702010555,0.7862287086753845
1875.916,31.72128084,30.923063167137204,30.19596939808552,31.47397216992275,0.7982176728627941
1876.398,31.74631925,30.9519498935429,30.2244396794815,31.500129877251336,0.7943693564570999
1876.88,31.75238006,30.980640553729902,30.25280154678015,31.526074255697193,0.771739506270098
1877.362,31.800036,31.009134422093798,30.281053725472074,31.551804747485708,0.790901577906201
1877.844,31.8217206,31.037430784172848,30.309194948035486,31.57732080530158,0.784289815827151
1878.327,31.8334905,31.065587024985174,30.337281987933515,31.602674160276667,0.7679034750148261
1878.809,31.85803641,31.09348586198596,30.365197287172563,31.62775930208289,0.7645505480140393
1879.291,31.88763686,31.12118511412613,30.39299786758487,31.65262842901655,0.7664517458738693
1879.773,31.92573283,31.148684110893388,30.420682490131476,31.67728103497325,0.7770487191066131
1880.255,31.93265296,31.17598219259686,30.44824992301788,31.70171662398591,0.7566707674031399
1880.737,31.98917502,31.203078710303316,30.475698941743936,31.725934710161336,0.7860963096966849
1881.219,32.00752409,31.229973025773592,30.50302832915379,31.749934817617472,0.7775510642264045
1881.701,32.01942498,31.25666451139934,30.530236875484977,31.7737164804208,0.762760468600657
1882.184,32.01624308,31.283207292672085,30.557379446787703,31.797327900064868,0.7330357873279176
1882.666,32.05639227,31.30949085402073,30.58434245457428,31.82067085971202,0.7469014159792735
1883.148,32.08886379,31.335569764628353,30.611181034386973,31.84379403508196,0.7532940253716447
1883.63,32.09586899,31.36144343880213,30.63789400653756,31.866696999437803,0.7344255511978695
1884.112,32.10812454,31.387111301166538,30.66448019897159,31.889379335684314,0.7210132388334607
1884.594,32.14589262,31.41257278660172,30.69093844731521,31.911840636307904,0.7333198333982764
1885.076,32.15467518,31.43782734018134,30.717267594921463,31.934080503316718,0.7168478398186586
1885.558,32.1719257,31.46287441711172,30.74346649291627,31.956098548181732,0.7090512828882822
1886.041,32.18823527,31.48776479940854,30.769587944841643,31.97793938013442,0.7004704705914584
1886.522,32.22517152,31.51234401214541,30.795468983711988,31.99946766432426,0.7128275078545947
1887.005,32.23805693,31.536815940083613,30.82132370807134,32.02086206866099,0.7012409899163856
1887.487,32.24281671,31.56102742771513,30.846989995165796,32.04198866326145,0.6817892822848712
1887.969,32.26419775,31.58502886357065,30.87252040415568,32.06289163226863,0.6791688864293519
1888.451,32.29807058,31.608819762399055,30.89791383376143,32.08357064272856,0.6892508176009464
1888.933,32.32911096,31.632399648660353,30.923169190785845,32.10402537074751,0.6967113113396479
1889.415,32.34613444,31.65576805646689,30.948285390156794,32.12425550143648,0.6903663835331102
1889.897,32.35919911,31.678924529524895,30.973261354968976,32.14426072885588,0.6802745804751034
1890.379,32.3863379,31.701868621076102,30.998096016525793,32.16404075596101,0.6844692789238991
1890.862,32.40029146,31.724646832634186,31.02283939449607,32.183635629540035,0.6756446273658128
1891.344,32.40514647,31.747164415892218,31.047387977860485,32.202963931508776,0.6579820541077801
1891.826,32.42499021,31.76946833314764,31.071792099383398,32.22206619430622,0.6555218768523581
1892.308,32.44823503,31.79155817522953,31.09605072362694,32.24094215594785,0.6566768547704704
1892.79,32.4503047,31.813433542217055,31.120162823563263,32.25959156307803,0.6368711577829416
1893.272,32.48876661,31.83509404338369,31.14412738061348,32.278014170918055,0.6536725666163079
1893.754,32.48546339,31.856539297141477,31.16794338468601,32.2962097432149,0.6289240928585222
1894.236,32.51357448,31.87776893098603,31.191609834214777,32.31417805219061,0.6358055490139733
1894.719,32.514023,31.898825953465412,31.21517436719695,32.3319554485703,0.6151970465345897
1895.201,32.53764011,31.919622816834938,31.23853842182987,32.349468108612314,0.6180172931650603
1895.683,32.55255583,31.94020299602606,31.261749966731212,32.36675287193809,0.6123528339739437
1896.165,32.58286188,31.960566154343496,31.28480803482566,32.38380954418973,0.6222957256565067
1896.647,32.58625725,31.98071196390576,31.30771166774678,32.40063793923849,0.605545286094241
1897.129,32.60142623,32.00064010559262,31.330459915872208,32.41723787913692,0.600786124407378
1897.611,32.61992672,32.020350268992686,31.353051838358475,32.43360919407169,0.5995764510073158
1898.093,32.62756315,32.039842152351795,31.375486503175466,32.449751722317174,0.587720997648205
1898.575,32.64398262,32.059115462521476,31.397762987140112,32.46566531018915,0.5848671574785271
1899.058,32.65890893,32.07820921927224,31.419926096640452,32.481382114228566,0.5806997107277638
1899.54,32.68229775,32.09704408287122,31.441883152020914,32.49683691653421,0.5852536671287751
1900.022,32.66982752,32.11565954441686,31.46367930856497,32.512062364948875,0.554167975583141
1900.504,32.70210653,32.134055344696556,31.485313678826895,32.52705833752037,0.568051185303446
1900.986,32.70399172,32.15223123285329,31.5067853843708,32.541824720115514,0.5517604871467086
1901.468,32.73010554,32.17018696633694,31.52809355580175,32.55636140637698,0.5599185736630545
1901.95,32.73507013,32.187922310856216,31.549237332796412,32.57066829768111,0.5471478191437811
1902.432,32.76579949,32.20543704033068,31.57021586413322,32.58474530309596,0.56036244966932
1902.915,32.76797598,32.222766586594894,31.59107131383862,32.598620828524986,0.5452093934051092
1903.397,32.80215076,32.23983898153907,31.611716489582253,32.612237342581395,0.5623117784609306
1903.879,32.80693114,32.2566901315825,31.63219391920932,32.62562374355903,0.5502410084175011
1904.361,32.80978716,32.273319843037314,31.652502788216818,32.638779970900515,0.5364673169626855
1904.843,32.83293648,32.289727930194665,31.672642291347376,32.65170597153879,0.5432085498053354
1905.325,32.83551846,32.30591421528022,31.692611632616778,32.664401699858516,0.5296042447197848
1905.807,32.82681067,32.32187852840939,31.71241002534044,32.676867117657835,0.5049321415906078
1906.289,32.84052795,32.33762070754347,31.732036692160136,32.68910219411086,0.50290724245653
1906.771,32.85678838,32.35314059844636,31.75149086506982,32.70110690573061,0.5036477815536387
1907.254,32.8676841,32.36846956078456,31.77081160673366,32.712905424916485,0.499214539215437
1907.736,32.86560273,32.3835439816021,31.789918163568547,32.724448887590285,0.48205874839789686
1908.218,32.89044135,32.398395697602965,31.808849977315035,32.73576195864429,0.4920456523970387
1908.7,32.88537414,32.413024585351444,31.827606317644825,32.74684464360179,0.47234955464855943
1909.182,32.90490571,32.42743052900415,31.846186463704342,32.75769695514754,0.47747518099585307
1909.664,32.91959378,32.441613420269334,31.864589704137547,32.76831891309379,0.4779803597306653
1910.146,32.93249013,32.455573158366946,31.88281533710862,32.77871054434695,0.47691697163305236
1910.628,32.94088223,32.46930964998895,31.900862670324106,32.78887188287487,0.47157258001104907
1911.111,32.93372223,32.48285061265157,31.91876790580111,32.79882333427503,0.45087161734843306
1911.593,32.95907306,32.49613989750727,31.936456227478853,32.80852373979366,0.46293316249273175
1912.075,32.97729456,32.50920570026744,31.953964228621093,32.817993996659155,0.46808885973256054
1912.557,32.9715656,32.52204795714147,31.97129125533456,32.82723416678118,0.449517642858531
1913.039,32.9599072,32.53466661162037,31.988436663371516,32.83624431897431,0.42524058837962997
1913.521,32.97496121,32.54706161443995,32.00539981814886,32.845024528928406,0.4278995955600493
1914.003,32.97793824,32.5592329235447,32.02218009476688,32.85357487917938,0.41870531645530207
1914.485,32.96557729,32.571180504052265,32.038776878027434,32.86189545908054,0.394396785947734
1914.968,32.98929817,32.58292841889537,32.05522342187918,32.87000291221061,0.40636975110462714
1915.449,32.99995508,32.59440437540137,32.07141755229749,32.8778476991655,0.40555070459863174
1915.932,32.99237763,32.6057037941178,32.08749335220495,32.885495167207836,0.38667383588219906
1916.414,33.01869068,32.61675578934357,32.10334981850909,32.8928972189219,0.4019348906564275
1916.896,33.00879806,32.627583987951894,32.1190198604273,32.90007004860841,0.38121407204810254
1917.378,33.02212375,32.63818839739251,32.1345029213467,32.90701378596546,0.38393535260748735
1917.86,33.03850398,32.64856903205241,32.14979845446976,32.91372856732201,0.3899349479475944
1918.342,33.04681487,32.65872591322424,32.164905922828936,32.92021453561338,0.3880889567757606
1918.824,33.02967359,32.66865906907501,32.17982479930031,32.92647184035705,0.3610145209249893
1919.306,33.06545488,32.678368534615394,32.19455456661706,32.932500637629076,0.38708634538460274
1919.789,33.06247181,32.687873799338554,32.20912468621757,32.93831288692711,0.37459801066144394
1920.271,33.05399036,32.697135552668996,32.22347432797885,32.943884690389766,0.35685480733100405
1920.753,33.06109035,32.70617376160467,32.23763336705222,32.94922849410244,0.3549165883953336
1921.235,33.04642705,32.71498848824713,32.251601325743565,32.95434448016242,0.33143856175286857
1921.717,33.05864988,32.72357980139503,32.26537773627523,32.959232837114556,0.3350700786049643
1922.199,33.05706779,32.731947776516314,32.278962140796615,32.96389375993087,0.3251200134836836
1922.681,33.07615758,32.740092495721065,32.29235409139409,32.968327449989914,0.33606508427893544
1923.163,33.05929255,32.74801404773432,32.30555315010045,32.97253411505743,0.31127850226567944
1923.646,33.0641669,32.755728268007466,32.318585670517386,32.97652199060839,0.3084386319925301
1924.128,33.06852194,32.76320331565894,32.3313972689965,32.98027478457078,0.30531862434105506
1924.61,33.08967919,32.77045550195479,32.344014720612606,32.98380121544696,0.31922368804520573
1925.092,33.07427893,32.77748494183455,32.35643762728997,32.987101516375375,0.29679398816544733
1925.574,33.07211525,32.7842917567256,32.368665600939266,32.99017592678939,0.28782349327440215
1926.056,33.07421558,32.79087607451893,32.38069826346425,32.99302469240064,0.2833395054810737
1926.538,33.0992404,32.79723802954564,32.39253524676781,32.99564806518221,0.3020023704543604
1927.02,33.1089936,32.80337776255366,32.40417619275756,32.99804630335272,0.30561583744633936
1927.502,33.09774084,32.80929542068531,32.415620753350815,33.000219671360526,0.2884454193146908
1927.985,33.07887429,32.81500274375953,32.42689172151849,33.002172249677386,0.26387154624047326
1928.467,33.07472174,32.820476259116205,32.43794209797827,33.003896230440986,0.25424548088379595
1928.949,33.08638385,32.82572817952044,32.44879510424697,33.0053961722096,0.26065567047955795
1929.431,33.07159303,32.830758677487076,32.45945043234339,33.00667236421586,0.24083435251292684
1929.913,33.07471622,32.835567931818545,32.469907784314294,33.00772510185037,0.23914828818145395
1930.395,33.06923774,32.840156127585026,32.48016687223679,33.00855468664872,0.22908161241497282
1930.877,33.08546733,32.84452345610497,32.490227418219945,33.00916142627888,0.24094387389502714
1931.359,33.06645918,32.84867011492586,32.500089154406034,33.00954563452885,0.2177890650741432
1931.842,33.07973477,32.852604224405056,32.50977166289784,33.009707736624776,0.22713054559494594
1932.324,33.07834724,32.85630970455389,32.519234602284854,33.00964738789962,0.2220375354461126
1932.806,33.06445841,32.85979514529142,32.5284979880234,33.00936548645777,0.20466326470857865
1933.288,33.07688359,32.863060768912185,32.53756159241229,33.00886237046586,0.2138228210878168
1933.77,33.06904723,32.866106803851025,32.54642519778257,33.00813838415549,0.20294042614897734
1934.252,33.06290896,32.86893348466638,32.55508859649584,33.00719387781332,0.19397547533362314
1934.734,33.04701148,32.87154105202426,32.563551590942225,33.006029207771775,0.17547042797573909
1935.216,33.08769849,32.873929752682685,32.571813993537674,33.00464473639963,0.2137687373173165
1935.698,33.06664312,32.876099839476296,32.579875626721076,33.003040832093674,0.1905432805237055
1936.181,33.08153664,32.8780553937412,32.58775242246458,33.00121385974198,0.2034812462588036
1936.663,33.06164914,32.87978858335272,32.59541160684813,32.99917176553957,0.18186055664727974
1937.145,33.06026922,32.881303954485496,32.60286954893958,32.99691138048736,0.1789652655145062
1937.627,33.05765702,32.882601784149045,32.61012611124969,32.9944330970264,0.17505523585095517
1938.109,33.05328116,32.88368235535929,32.61718116628958,32.99173731358758,0.16959880464070665
1938.591,33.04853629,32.88454595712584,32.62403459656489,32.98882443458507,0.16399033287416387
1939.073,33.02360649,32.88519288443942,32.6306862945693,32.9856948704102,0.13841360556057936
1939.555,33.03828844,32.88562343825995,32.63713616277779,32.982349037425564,0.15266500174005415
1940.038,33.05122466,32.885838146114516,32.643396866245006,32.978779744507364,0.16538651388548686
1940.52,33.03295953,32.885836432354424,32.649442403024246,32.9750022003723,0.14712309764557574
1941.002,33.02278755,32.88561928434813,32.65528587711464,32.971009673196306,0.1371682656518658
1941.484,33.0295375,32.8851870268312,32.66092723085906,32.966802603187446,0.14435047316880656
1941.966,33.01585664,32.884539990453526,32.6663664165404,32.962381436500706,0.13131664954647704
1942.448,33.01975188,32.883678511769624,32.67160339637188,32.95774662523401,0.1360733682303774
1942.93,33.01085545,32.882602933229045,32.67663814248706,32.952898627424716,0.1282525167709565
1943.412,33.00740381,32.88131360316739,32.681470636929106,32.94783790704618,0.12609020683260752
1943.895,32.99757049,32.87980753652888,32.68611026768728,32.9425537739199,0.11776295347112153
1944.376,32.98465153,32.878095111200935,32.69052884844862,32.93708018413736,0.10655641879906597
1944.859,32.9936248,32.87616245360152,32.69476313591445,32.93137210238454,0.11746234639847586
1945.341,32.97658945,32.874021278166666,32.6987862223707,32.925464813235564,0.10256817183333311
1945.823,32.95830625,32.87166818167314,32.702607115688764,32.919347211359536,0.08663806832686305
1946.305,32.95465305,32.869103547612355,32.706225857142854,32.913019796304894,0.08554950238764292
1946.787,32.94141909,32.8663277653075,32.70964249782996,32.90648307354088,0.0750913246924938
1947.269,32.94180517,32.86334122990701,32.71285709865572,32.89973755445631,0.07846394009299473
1947.751,32.91814253,32.86014434237852,32.71586973031978,32.89278375635888,0.05799818762147879
1948.233,32.91064461,32.85673750950301,32.71868047330056,32.885622202474465,0.05390710049698555
1948.716,32.90693299,32.85311342351678,32.72129462088662,32.87823791897904,0.05381956648322017
1949.198,32.88956383,32.84928751010828,32.723701448622265,32.87066201860874,0.040276319891717094
1949.68,32.89510801,32.84525290740865,32.72590668786261,32.86287996876398,0.0498551025913514
1950.162,32.87150582,32.84101004541237,32.72791045806129,32.854892316354,0.030495774587635083
1950.644,32.86391619,32.83655935990293,32.72971288836837,32.84669961420677,0.027356830097069462
1951.126,32.85315137,32.83190129244851,32.73131411761253,32.83830242106954,0.021250077551492552
1951.608,32.83527872,32.82703629039842,32.73271429428286,32.82970130160976,0.00824242960158017
1952.09,32.8452111,32.82196480687961,32.73391357651012,32.82089682641622,0.02324629312038695
1952.573,32.8242892,32.81667613777223,32.73491399520631,32.81187067436535,0.007613062227775913
1953.055,32.79122086,32.811192647809754,32.73571158552404,32.80266080427727,-0.019971787809751618
1953.537,32.80253584,32.8055040713762,32.73630881384549,32.79324932699119,-0.002968231376200947
1954.019,32.76573525,32.79961088469146,32.736705876692426,32.78363683680887,-0.03387563469146215
1954.501,32.77206623,32.79351356973952,32.7369029801282,32.773823933961836,-0.021447339739516735
1954.983,32.75318686,32.78721261426659,32.73690033973656,32.76381122461363,-0.03402575426659382
1955.465,32.74642039,32.78070851177946,32.73669818059986,32.753599320862264,-0.03428812177946128
1955.947,32.72439609,32.77400176154392,32.73629673727692,32.74318884074248,-0.04960567154392237
1956.429,32.73816312,32.76709286858363,32.73569625378043,32.73258040822867,-0.028929748583628623
1956.912,32.7192069,32.75996738231433,32.734895118859555,32.721752029982724,-0.04076048231432594
1957.394,32.68996446,32.75265532529097,32.733896913158546,32.71074918097763,-0.06269086529096768
1957.876,32.67390303,32.745142676241265,32.732700456387605,32.69955028850491,-0.071239646241267
1958.358,32.68562399,32.73742996322413,32.731306030159985,32.688156000338495,-0.051805973224126944
1958.84,32.65771574,32.72951772005336,32.72971392542344,32.676566970206906,-0.07180198005335825
1959.322,32.65262424,32.72140648629762,32.72792444243517,32.66478385779686,-0.06878224629761576
1959.804,32.6162091,32.713096807280735,32.725937890736226,32.65280732875647,-0.09688770728073592
1960.286,32.63794957,32.70458923408209,32.72375458912565,32.640638054699,-0.06663966408208921
1960.769,32.60681043,32.69586605881448,32.72136972450084,32.62825086808937,-0.08905562881447793
1961.251,32.58609099,32.686963965857814,32.71879350990587,32.61569774636871,-0.1008729758578113
1961.733,32.58320361,32.677865667682205,32.71602155780652,32.60295393173463,-0.09466205768220703
1962.215,32.56264977,32.668571738408524,32.71305422378484,32.59002011971029,-0.10592196840852353
1962.697,32.54217401,32.65908275791756,32.70989187254479,32.576897011802714,-0.116908747917563
1963.179,32.52523774,32.649399311851774,32.70653487788405,32.56358531550693,-0.12416157185177212
1963.661,32.49117068,32.639521991616476,32.70298362266502,32.550085744309925,-0.14835131161647297
1964.143,32.49846899,32.62945139438169,32.69923849878573,32.53639901769462,-0.1309824043816903
1964.625,32.48634284,32.619188123083866,32.695299907150215,32.52252586114403,-0.13284528308386712
1965.108,32.4570663,32.60871089563206,32.69115948535752,32.508437645873926,-0.15164459563205668
1965.59,32.43976404,32.598063711534955,32.686834797570704,32.49419344695663,-0.15829967153495517
1966.072,32.43771822,32.58722569809573,32.68231789937048,32.47976503214299,-0.14950747809572817
1966.554,32.41283033,32.57619748134912,32.677609227399415,32.46515315096954,-0.16336715134912083
1967.036,32.41764628,32.5649796931072,32.67270922715215,32.45035855899353,-0.14733341310719794
1967.518,32.39707007,32.55357297096166,32.667618352943336,32.43538201779671,-0.1565029009616623
1968.0,32.37018491,32.54197795828652,32.662337067875455,32.42022429498964,-0.1717930482865242
1968.482,32.34744369,32.53019530424074,32.65686584380604,32.40488616421548,-0.18275161424074327
1968.965,32.34934496,32.518200636577554,32.65119322055653,32.38933602445445,-0.16885567657755018
1969.447,32.33116227,32.50604428454371,32.64534317737329,32.37363905260514,-0.17488201454371222
1969.929,32.28989977,32.49370227474202,32.63930466400049,32.35776403160369,-0.203802504742022
1970.411,32.28256616,32.48117527951105,32.63307818699894,32.34171175927639,-0.19860911951104754
1970.893,32.27378952,32.46846397698851,32.62666426151516,32.325483039501734,-0.19467445698850838
1971.375,32.25795219,32.45556905111432,32.62006341124646,32.309078682214206,-0.19761686111431942
1971.857,32.21896623,32.442491191633614,32.61327616840557,32.29249950340778,-0.2235249616336148
1972.339,32.21992228,32.42923109409986,32.60630307368484,32.275746325139565,-0.20930881409986313
1972.822,32.20475223,32.4157613844529,32.5991296325371,32.25878467919202,-0.2110091544529027
1973.303,32.1881079,32.402166996147464,32.59180153355538,32.24172128878243,-0.21405909614746577
1973.786,32.16391194,32.388335593113915,32.584258403696204,32.22441509721283,-0.22442365311391654
1974.268,32.15273098,32.37435324373511,32.576547096383806,32.206973909886216,-0.22162226373510663
1974.75,32.12048951,32.36019222281413,32.56865276779129,32.18936292622146,-0.23970271281412892
1975.232,32.11993352,32.34585326083211,32.560576008736334,32.17158300473521,-0.22591974083211142
1975.714,32.07337412,32.331337094100476,32.55231741825614,32.153635010028964,-0.2579629741004794
1976.196,32.08154616,32.31664446476394,32.543877603568966,32.13551981279137,-0.23509830476393745
1976.678,32.06557998,32.30177612080362,32.53525718003519,32.11723828980094,-0.23619614080362084
1977.16,32.04444786,32.2867328160401,32.526456771118035,32.09879132392793,-0.24228495604010192
1977.643,31.99843418,32.27148355799589,32.51745819213535,32.080141020591725,-0.2730493779958927
1978.125,32.00473171,32.25609225743515,32.50829934494807,32.06136550333585,-0.2513605474351479
1978.607,31.97277869,32.24052829420563,32.49896243233828,32.042427230255456,-0.2677496042056333
1979.089,31.97048395,32.22479244552718,32.48944810979777,32.023327108619924,-0.25430849552718016
1979.571,31.9271582,32.20888549447358,32.47975704071966,32.0040660517988,-0.28172729447357625
1980.053,31.89846751,32.19280822997498,32.469889896357216,31.984644979263106,-0.29434071997497924
1980.535,31.87846975,32.17656144682076,32.45984735578223,31.965064816585933,-0.2980916968207623
1981.017,31.85672599,32.16014594566196,32.449630105843084,31.945326495443314,-0.30341995566195834
1981.5,31.85024815,32.143527953612235,32.43921710208005,31.925389513779987,-0.2932798036122364
1981.982,31.80357555,32.12677709602536,32.42865216601824,31.905337371906807,-0.32320154602535567
1982.464,31.79951841,32.10985995928369,32.41791462885349,31.885129905192688,-0.31034154928368807
1982.946,31.7674051,32.09277736751979,32.407005208130485,31.86476806973882,-0.32537226751978565
1983.428,31.7451944,32.07553015073874,32.39592462895591,31.844252827748416,-0.3303357507387439
1983.91,31.71661948,32.05811914481989,32.38467362395461,31.823585147526043,-0.34149966481989225
1984.392,31.70572611,32.040545191518575,32.37325293322544,31.80276600347622,-0.33481908151857454
1984.874,31.69970638,32.02280913846758,32.361663304296826,31.78179637610197,-0.32310275846758074
1985.356,31.65386269,32.00491183917857,32.34990549208197,31.760677252002996,-0.3510491491785679
1985.839,31.65932401,31.98681652284175,32.337955344185005,31.739365346486135,-0.32749251284175074
1986.321,31.60791059,31.96859898507858,32.32586311450584,31.717949908127537,-0.3606883950785793
1986.803,31.60119236,31.95022279870981,32.31360501175575,31.69638797149173,-0.34903043870981065
1987.285,31.56700566,31.931688840784716,32.301181819948326,31.67468054755323,-0.3646831807847164
1987.767,31.54375488,31.912997994235546,32.28859433025356,31.652828653369358,-0.36924311423554457
1988.249,31.5329129,31.894151147877892,32.27584334095128,31.630833312076525,-0.3612382478778926
1988.731,31.50072968,31.875149196410536,32.26292965738427,31.60869555288584,-0.37441951641053706
1989.213,31.49213201,31.855993040415505,32.24985409191129,31.5864164110788,-0.36386103041550655
1989.696,31.4686934,31.836643366528502,32.236589835123596,31.56395026939319,-0.36794996652850287
1990.178,31.42776155,31.817181211553745,32.22319263916421,31.54139120455567,-0.3894196615537453
1990.66,31.42304431,31.79756759100198,32.20963604173056,31.518693901508914,-0.3745232810019772
1991.142,31.40527451,31.777803428993717,32.19592088278226,31.49585941977524,-0.37252891899371576
1991.624,31.37523904,31.75788965552807,32.18204800905496,31.472888824918797,-0.3826506155280711
1992.106,31.36506316,31.73782720648149,32.168018274011615,31.44978318853873,-0.37276404648149253
1992.588,31.31363371,31.71761702360566,32.15383253779334,31.426543588261783,-0.4039833136056572
1993.07,31.30561978,31.697260054525326,32.139491667170226,31.403171107734572,-0.3916402745253258
1993.552,31.26221649,31.676757252735886,32.12499653549167,31.379666836615417,-0.4145407627358857
1994.035,31.23888183,31.65606659017371,32.1103174727057,31.355982700272612,-0.4171847601737113
1994.517,31.22473594,31.63527470936396,32.09551614957918,31.33221787323103,-0.41053876936395994
1994.999,31.17886436,31.614339893547335,32.080563226281086,31.308324562857866,-0.43547553354733637
1995.481,31.15667042,31.5932631196836,32.06545960199067,31.284303882779415,-0.4365926996835974
1995.963,31.13067615,31.572045370586405,32.05020618221478,31.26015695258566,-0.44136922058640593
1996.445,31.10257335,31.550687634918944,32.03480387873685,31.235884897819453,-0.4481142849189439
1996.927,31.08324418,31.529190907189385,32.01925360956549,31.211488849964788,-0.44594672718938355
1997.409,31.07408298,31.50755618774574,32.003556298882955,31.186969946434886,-0.4334732077457417
1997.892,31.02160522,31.485739171563285,31.98767985558995,31.16227808322674,-0.46413395156328363
1998.374,31.00825299,31.463831212021407,31.97169095865222,31.137516655307717,-0.4555782220214084
1998.856,30.97167925,31.441788298911472,31.95555783123428,31.11263582180338,-0.4701090489114712
1999.338,30.97357183,31.41961145589607,31.939281421705005,31.087636743725504,-0.44603962589606994
1999.82,30.92979668,31.397301712447216,31.922862684345542,31.06252058794715,-0.4675050324472174
2000.302,30.90073249,31.374860103839353,31.906302579296295,31.037288527187567,-0.47412761383935376
2000.784,30.85859215,31.352287671141326,31.889602072503813,31.011941739996146,-0.4936955211413263
2001.266,30.85100601,31.32958546120867,31.872762135667397,30.98648141073634,-0.4785794512086703
2001.749,30.81329864,31.306707026515436,31.85574837807099,30.960855558252792,-0.49340838651543706
2002.23,30.81211777,31.283795925943522,31.838667887101874,30.935224892433148,-0.4716781559435219
2002.713,30.76073791,31.260662697704227,31.821379612632278,30.909377473480916,-0.4999247877042272
2003.195,30.76243877,31.237451703491853,31.80399150573198,30.88347471090052,-0.47501293349185403
2003.677,30.70404995,31.214116255048566,31.786468913771806,30.857464417189018,-0.5100663050485643
2004.159,30.69378719,31.19065743376894,31.76881284184577,30.831347811229683,-0.4968702437689423
2004.641,30.65046394,31.167076326766097,31.751024300421133,30.805126117589026,-0.516612386766095
2005.123,30.63945075,31.143374026859785,31.73310430528309,30.778800566495345,-0.5039232768597834
2005.605,30.60497556,31.119551632564622,31.715053877479725,30.752372393817183,-0.5145760725646227
2006.087,30.58298769,31.095610248077563,31.696874043266554,30.725842841040826,-0.5126225580775632
2006.57,30.55317195,31.071500946014343,31.678527717487135,30.69915780371657,-0.5183289960143433
2007.052,30.54008942,31.047324675310907,31.660091906665535,30.67242903371762,-0.5072352553109063
2007.534,30.48934981,31.02303276329969,31.641529801054368,30.645602644167962,-0.5336829532996887
2008.016,30.47005676,30.998626336783655,31.622842447191342,30.61867989879908,-0.5285695767836565
2008.498,30.42654603,30.97410652817807,31.604030896541634,30.591662066838207,-0.5475604981780684
2008.98,30.41900994,30.949474475494902,31.585096205441452,30.564550422981917,-0.5304645354949038
2009.462,30.36509424,30.924731322326927,31.56603943504141,30.537346247369,-0.5596370823269261
2009.944,30.3499325,30.899878217830985,31.54686165124958,30.51005082555278,-0.5499457178309832
2010.427,30.33228515,30.874864416244453,31.527523763962478,30.4826085397276,-0.5425792662444522
2010.909,30.31619294,30.84979465663107,31.50810692436415,30.45513432109059,-0.5336017166310683
2011.391,30.26259392,30.824618428794917,31.488572299317877,30.4275727478143,-0.5620245087949165
2011.873,30.25753007,30.799336903983548,31.46892097319966,30.399925126828645,-0.5418068339835465
2012.355,30.23198508,30.773951258917347,31.44915403485644,30.372192770328414,-0.5419661789173453
2012.837,30.20291422,30.74846267576935,31.42927257754815,30.34437699574093,-0.5455484557693495
2013.319,30.17627319,30.722872342144846,31.409277698890026,30.31647912569341,-0.5465991521448466
2013.801,30.13543208,30.697181451060132,31.38917050079431,30.28850048797925,-0.5617493710601309
2014.283,30.10065496,30.67139120092077,31.36895208941221,30.260442415523716,-0.5707362409207697
2014.766,30.08891331,30.645448983920232,31.348581286055293,30.232247792303454,-0.5565356739202336
2015.248,30.04773243,30.619463432460226,31.328143558261896,30.204034711651985,-0.5717310024602256
2015.73,30.02601905,30.593382151796174,31.30759796280987,30.17574622827359,-0.5673631017961753
2016.212,29.98515659,30.56720636167179,31.286945622229545,30.147383695272648,-0.582049771671791
2016.694,29.93645259,30.54093728710201,31.26618766299706,30.118948470702357,-0.6044846971020128
2017.176,29.93076447,30.51457615834747,31.2453252154753,30.090441917525382,-0.5838116883474704
2017.658,29.87553937,30.4881242108883,31.224359413854835,30.061865403574448,-0.612584840888303
2018.14,29.85794363,30.461582685397445,31.20329139609468,30.033220301511516,-0.6036390553974442
2018.623,29.83445523,30.43489748809163,31.182078280311796,30.004448350765898,-0.6004422580916291
2019.105,29.78053064,30.40818036982676,31.16080905279745,29.97567007444145,-0.6276497298267607
2019.587,29.77610463,30.381377429038896,31.1394410474245,29.94682735943192,-0.6052727990388966
2020.069,29.71731801,30.354489926901312,31.11797541663849,29.917921597304876,-0.6371719169013126
2020.551,29.71113455,30.327519129636006,31.096413316355537,29.888954184242195,-0.616384579636005
2021.033,29.67721116,30.300466308482928,31.074755905902364,29.85992652099488,-0.6232551484829294
2021.515,29.64923034,30.27333273966844,31.053004347956467,29.830840012836724,-0.6241023996684412
2021.997,29.63707512,30.246119704373015,31.03115980848593,29.801696069517142,-0.6090445843730166
2022.479,29.60470885,30.21882848869853,31.00922345668935,29.772496105213502,-0.6141196386985293
2022.962,29.54103479,30.191403524305304,30.987150672377563,29.74318078858761,-0.6503687343053031
2023.444,29.5280392,30.16395967021156,30.965034031758414,29.713872933465506,-0.6359204702115626
2023.926,29.50656032,30.136441525935375,30.94282910763734,29.68451332893189,-0.6298812059353764
2024.408,29.47115463,30.10885039693011,30.92053708153776,29.655103406388296,-0.6376957669301078
2024.89,29.44527432,30.081187593394937,30.89815913791151,29.62564460141185,-0.6359132733949373
2025.372,29.41867306,30.05345443023784,30.87569646407813,29.596138353702262,-0.6347813702378389
2025.854,29.42596606,30.025652227037227,30.85315025016415,29.566586107028066,-0.5996861670372269
2026.336,29.3653761,29.997782308003593,30.83052168904231,29.536989309171933,-0.6324062080035944
2026.819,29.35229831,29.969787974713707,30.80776477715806,29.507287874519626,-0.6174896647137089
2027.301,29.30906627,29.941786481397955,30.784974946288305,29.477606248543314,-0.632720211397956
2027.783,29.27512534,29.913721275053902,30.762106365191602,29.447884441289897,-0.6385959350539032
2028.265,29.25101629,29.885593698026614,30.739160237121787,29.41812391604219,-0.6345774080266153
2028.747,29.20621958,29.857405097088186,30.716137767774143,29.388326139810665,-0.6511855170881873
2029.229,29.17810766,29.82915682339422,30.693040165224104,29.35849258327347,-0.651049163394223
2029.711,29.12993912,29.80085023243999,30.66986863986622,29.328624720715837,-0.6709111124399918
2030.193,29.10477925,29.77248668401557,30.646624404352874,29.29872402996832,-0.6677074340155684
2030.676,29.0852881,29.744008524444123,30.62326022717232,29.26872986112568,-0.6587204244441232
2031.157,29.05642753,29.715594175115577,30.599922664391197,29.238830092576922,-0.659166645115576
2031.64,29.02632084,29.68700871826486,30.576418863077887,29.20877756980839,-0.6606878782648593
2032.122,29.0025846,29.658430916779242,30.55289581700721,29.17876035908807,-0.6558463167792432
2032.604,28.98671875,29.62980302244011,30.529306158305676,29.148717763397418,-0.6430842724401096
2033.086,28.96101062,29.601126419829264,30.505651111889332,29.118651280502604,-0.6401157998292639
2033.568,28.91714354,29.572402497487438,30.481931904502666,29.08856241125928,-0.6552589574874368
2034.05,28.90568039,29.5436326478632,30.458149764657012,29.058452659543686,-0.6379522578631978
2034.532,28.84004759,29.514818267260875,30.43430592256913,29.028323532183443,-0.6747706772608737
2035.014,28.80992138,29.485960755787882,30.410401610099818,28.998176538886888,-0.6760393757878838
2035.497,28.79487859,29.457001517975588,30.386388283064594,28.967950596665936,-0.662122927975588
2035.979,28.73470261,29.428061877842623,30.362366612631636,28.93777238258066,-0.6933592678426237
2036.461,28.71604348,29.3990833323717,30.338288179214913,28.907580851404354,-0.6830398523716994
2036.943,28.69427252,29.37006729634618,30.314154220638827,28.877377523652857,-0.67579477634618
2037.425,28.66502609,29.341015188076607,30.28996597606423,28.847163922357723,-0.6759890980766059
2037.907,28.63562926,29.31192842934293,30.265724685926713,28.81694157299049,-0.6762991693429292
2038.389,28.5888464,29.282808445336045,30.24143159187524,28.786712003386373,-0.6939620453360433
2038.871,28.55735495,29.253656664598644,30.217087936710623,28.756476743666887,-0.6963017145986434
2039.354,28.51170106,29.224413944525235,30.192644306095957,28.726174585522983,-0.7127128845252351
2039.836,28.49678213,29.19520281053416,30.16820316296737,28.69593254084437,-0.6984206805341593
2040.318,28.4647685,29.16596418793326,30.143715196010437,28.66568941253604,-0.7011956879332573
2040.8,28.43557392,29.13669951806971,30.11918165202073,28.635446739078144,-0.7011255980697122
2041.282,28.40135634,29.107410245333497,30.094603778638298,28.605206060837233,-0.7060539053334978
2041.764,28.37766942,29.07809781709361,30.069982824286445,28.574968919984116,-0.70042839709361
2042.246,28.34724358,29.048763683632806,30.045320038110308,28.544736860410314,-0.7015201036328058
2042.728,28.32449658,29.01940929808201,30.02061666991561,28.51451142764419,-0.6949127180820085
2043.21,28.3147479,28.990036116353387,29.99587397010731,28.48429416876558,-0.6752882163533869
2043.693,28.25138335,28.960584603882936,29.97104173850413,28.45402397226451,-0.7092012538829344
2044.175,28.22940197,28.931178176905227,29.946224053666512,28.423827733176797,-0.701776206905226
2044.657,28.20118407,28.901757340535738,29.921370794011413,28.39364432088449,-0.7005732705357381
2045.139,28.18744852,28.872323561134685,29.896483211729773,28.363475287810687,-0.6848750411346849
2045.621,28.13233924,28.842878307497987,29.871562559305953,28.33332218749282,-0.7105390674979866
2046.103,28.1131867,28.813423050785943,29.846610089456835,28.303186574493022,-0.7002363507859428
2046.585,28.082493,28.78395926445073,29.821627055070714,28.273070004307073,-0.7014662644507297
2047.067,28.05147314,28.754488424163178,29.796614709146642,28.24297403327332,-0.7030152841631789
2047.55,27.99837583,28.72495084857801,29.771522325389448,28.212837848785476,-0.7265750185780107
2048.032,27.9843823,28.695470328944257,29.746455061214437,28.182787798797424,-0.7110880289442569
2048.514,27.93548086,28.665987198016285,29.721362247153845,28.15276302433827,-0.7305063380162871
2048.996,27.90808596,28.636502939596237,29.696245136041306,28.122765084186693,-0.7284169795962363
2049.478,27.90404227,28.607019039327092,29.67110498051763,28.092795537494784,-0.7029767693270905
2049.96,27.85183321,28.577536984614532,29.645943032970177,28.06285594369191,-0.7257037746145336
2050.442,27.81438427,28.548058264548427,29.620760545472574,28.03294786238801,-0.7336739945484254
2050.924,27.80588559,28.518584369823092,29.595558769724377,28.003072853275906,-0.7126987798230928
2051.406,27.75085024,28.48911679265716,29.570338956990806,27.97323247603322,-0.7382665526571621
2051.889,27.72372423,28.45959591602257,29.54504998337168,27.94336649451554,-0.7358716860225734
2052.371,27.69217818,28.4301454771843,29.519797817491963,27.91360013942964,-0.7379672971843014
2052.853,27.66417092,28.40070584399734,29.49453136780758,27.883873097395167,-0.7365349239973398
2053.335,27.64324102,28.371278513960963,29.46925188324453,27.85418692703094,-0.7280374939609615
2053.817,27.6470543,28.341864985685323,29.443960611994626,27.82454318643847,-0.6948106856853222
2054.299,27.59068508,28.312466758806607,29.41865880145576,27.79494343309952,-0.7217816788066074
2054.781,27.56514065,28.28308533390135,29.393347698172427,27.76538922377311,-0.7179446839013508
2055.263,27.54587436,28.25372221240001,29.36802854777621,27.735882114391654,-0.7078478524000111
2055.746,27.51789752,28.22431803988139,29.34265004524751,27.70636259448617,-0.7064205198813909
2056.228,27.48906194,28.194996078229774,29.31731852333106,27.67695445474582,-0.7059341382297752
2056.71,27.46322941,28.165696931641868,29.2919826877028,27.647598079962147,-0.7024675216418679
2057.192,27.41893785,28.1364221040862,29.266643779747763,27.618295021708825,-0.7174842540862016
2057.674,27.39870549,28.107173099942063,29.24130303964255,27.58904683020475,-0.7084676099420619
2058.156,27.36212746,28.077951423908907,29.215961706296188,27.559855054206707,-0.7158239639089068
2058.638,27.33756214,28.04875858091476,29.190621017291814,27.530721240901233,-0.7111964409147618
2059.12,27.31304692,28.019596076024136,29.16528220882794,27.501646935796167,-0.7065491560241348
2059.603,27.28765057,27.99040501143293,29.13989395607546,27.472573553673392,-0.7027544414329299
2060.084,27.26359156,27.961368100936955,29.11461517104276,27.443683023170045,-0.6977765409369567
2060.567,27.21364812,27.932245382426405,29.089236870245596,27.414736634468643,-0.7185972624264068
2061.049,27.21082447,27.903219357058834,29.063917931603978,27.385915917684382,-0.6923948870588355
2061.531,27.17710709,27.874231197014307,29.038607034235238,27.357162410805635,-0.6971241070143073
2062.013,27.15947182,27.84528240620327,29.013305404805564,27.32847764695371,-0.6858105862032708
2062.495,27.12902176,27.816374488008837,28.988014268190735,27.299863156796544,-0.6873527280088361
2062.977,27.0869716,27.787508945189543,28.962734847418627,27.271320468436123,-0.7005373451895451
2063.459,27.06668487,27.758687279781416,28.937468363612,27.242851107295458,-0.6920024097814164
2063.941,27.02855046,27.729910992999194,28.91221603593139,27.21445659600508,-0.7013605329991925
2064.424,27.00205539,27.701122030327475,28.88692673951525,27.18607978339638,-0.6990666403274766
2064.906,26.96749714,27.672441102587882,28.86170640911199,27.15783969112289,-0.7049439625878833
2065.388,26.93615773,27.643810054303877,28.836503882488604,27.129679001832866,-0.7076523243038757
2065.87,26.90813932,27.615230382405407,28.811320370384294,27.1015992258377,-0.7070910624054072
2066.352,26.87441727,27.586703582499297,28.78615708129292,27.073601870082854,-0.7122863124992982
2066.834,26.83500986,27.55823114876727,28.761015221406744,27.04568843803232,-0.7232212887672702
2067.316,26.79635113,27.52981457386362,28.735895994560526,27.01786042955251,-0.7334634438636201
2067.798,26.77952756,27.501455348811774,28.7108006021758,26.99011934079587,-0.7219277888117759
2068.281,26.76903348,27.47309631060267,28.68567825686488,26.96240938632296,-0.7040628306026697
2068.763,26.73963892,27.444856377987595,28.660634183397352,26.934846798090547,-0.7052174579875938
2069.245,26.71755517,27.416678260552427,28.63561753609526,26.907375597662593,-0.6991230905524262
2069.727,26.68736044,27.38856344175283,28.6106295061673,26.879997265157915,-0.7012030017528303
2070.209,26.69996802,27.36051340289087,28.585671282132562,26.852713276395548,-0.6605453828908701
2070.691,26.63638556,27.33252962300895,28.56074404976592,26.82552510277663,-0.6961440630089477
2071.173,26.64041358,27.304613578783503,28.535848992043494,26.79843421116655,-0.6641999987835021
2071.655,26.60500081,27.276766744418016,28.51098728908833,26.771442063776547,-0.6717659344180156
2072.137,26.56943644,27.24899059153603,28.486160118116448,26.744550118045627,-0.6795541515360313
2072.62,26.54268907,27.221229187907507,28.46131725673806,26.71770435167838,-0.6785401179075059
2073.102,26.53576799,27.19359895625762,28.43656274720713,26.691017377305254,-0.6578309662576203
2073.584,26.50081856,27.166043807435575,28.41184628574667,26.66443495007495,-0.6652252474355755
2074.066,26.47469396,27.138565201658114,28.387169037400394,26.63795850713954,-0.6638712416581143
2074.548,26.45104699,27.111164596019727,28.362532164037336,26.61158948028487,-0.6601176060197282
2075.03,26.40892624,27.08384344438321,28.33793682429884,26.585329295811572,-0.6749172043832097
2075.512,26.40971119,27.056603197270267,28.313384173546066,26.55917937441631,-0.6468920072702673
2075.994,26.37322549,27.02944530175092,28.2888753638073,26.533141131072483,-0.656219811750919
2076.477,26.34727933,27.00231511910501,28.26436083647406,26.507162306808677,-0.6550357891050105
2076.959,26.2962934,26.97532643195596,28.23994324815977,26.481351879987184,-0.6790330319559601
2077.441,26.28817216,26.94842441877333,28.215572938791716,26.455657343501528,-0.6602522587733333
2077.923,26.27206034,26.921610511707676,28.19125104653958,26.430080088230547,-0.649550171707677
2078.405,26.25433405,26.89488613890357,28.166978705981283,26.404621498735228,-0.6405520889035685
2078.887,26.23645669,26.868252724388398,28.14275704805178,26.379282953140358,-0.6317960343883975
2079.369,26.208552,26.841711687960395,28.11858719999216,26.35406582301573,-0.6331596879603936
2079.851,26.1798089,26.81526444507681,28.094470285298993,26.32897147325787,-0.6354555450768089
2080.333,26.1519615,26.7889124067419,28.07040742367395,26.304001261971962,-0.6369509067419017
2080.816,26.15119215,26.762602608953735,28.04634998060247,26.27910512666775,-0.6114104589537348
2081.298,26.11115319,26.736445399155325,28.022398686706744,26.25438750341825,-0.6252922091553259
2081.78,26.07944713,26.71038760197058,27.9985047840085,26.229798053794315,-0.6309404719705825
2082.262,26.05607392,26.684430609458,27.97466937652191,26.20533810754188,-0.6283566894580019
2082.744,26.05700524,26.65857580866066,27.95089356421754,26.181008987027187,-0.6015705686606623
2083.226,26.02141479,26.632824581493445,27.927178442973396,26.15681200712004,-0.6114097914934433
2083.708,26.01130641,26.607178304630462,27.90352510452632,26.13274847507733,-0.5958718946304629
2084.19,25.98799606,26.581638349392126,27.879934636423247,26.10881969042671,-0.5936422893921254
2084.673,25.94987806,26.556153430476822,27.856359379006285,26.08497772461234,-0.6062753704768227
2085.155,25.91466934,26.5308304381209,27.832898033273928,26.06132258806452,-0.6161610981209016
2085.637,25.89944001,26.505617850905836,27.809502797132556,26.037806052598544,-0.6061778409058363
2086.119,25.86726056,26.48051701759786,27.786174740881528,26.014429385653724,-0.6132564575978634
2086.601,25.85595574,26.455529281045703,27.762914930391847,25.991193846364574,-0.5995735410457037
2087.083,25.8315395,26.430655978068103,27.739724427059222,25.96810068544705,-0.5991164780681011
2087.565,25.80406498,26.4058984393413,27.71660428775742,25.945151145085187,-0.6018334593413002
2088.047,25.78556244,26.38125798928666,27.693555564791883,25.922346458818204,-0.5956955492866598
2088.53,25.77368027,26.356685194344436,27.67053171331713,25.899640994562855,-0.5830049243444364
2089.011,25.7413115,26.33233362093238,27.64767655397344,25.87717653882835,-0.5910221209323829
2089.494,25.7353725,26.308002069752643,27.624801064259294,25.854767487277797,-0.5726295697526425
2089.976,25.69642653,26.283843344704177,27.60204859459232,25.832554687784555,-0.5874168147041772
2090.458,25.65895674,26.25980823536297,27.579372734788713,25.810492778953467,-0.6008514953629707
2090.94,25.68512271,26.235898026256418,27.556774508774843,25.788582940095306,-0.5507753162564164
2091.422,25.65159256,26.212113994875217,27.534254935591676,25.766826341101325,-0.5605214348752163
2091.904,25.62998956,26.188457411562542,27.511815029350387,25.74522414233472,-0.5584678515625434
2092.386,25.62056103,26.16492953940365,27.48945579918864,25.72377749452334,-0.5443685094036503
2092.868,25.59934375,26.14153163411561,27.467178249226848,25.702487538652715,-0.5421878841156094
2093.351,25.5781787,26.118216810055642,27.44493741771051,25.681311728096876,-0.5400381100556437
2093.833,25.54841474,26.09508285172779,27.42282639485024,25.66033887048358,-0.5466681117277901
2094.315,25.53696492,26.072082584666152,27.400800036062265,25.63952607055085,-0.5351176646661528
2094.797,25.50674823,26.04921723400376,27.37885932495696,25.61887442923988,-0.5424690040037596
2095.279,25.49572134,26.0264880169596,27.357005239913804,25.59838503722614,-0.5307666769596011
2095.761,25.4638822,26.003896142730525,27.335238754039224,25.57805897481716,-0.5400139427305248
2096.243,25.46919126,25.98144281238383,27.31356083512543,25.557897311851143,-0.5122515523838302
2096.725,25.42900702,25.95912921874999,27.291972445608778,25.537901107596262,-0.5301221987499893
2097.208,25.4246473,25.936910692225663,27.27043003579177,25.518030444006563,-0.5122633922256625
2097.69,25.40797664,25.914880413054078,27.249023761442153,25.498368640876297,-0.5069037730540771
2098.172,25.37357386,25.892993401016426,27.227709873213783,25.47887541196856,-0.5194195410164255
2098.654,25.35024894,25.87125081491723,27.20648931170212,25.4595517732607,-0.5210018749172285
2099.136,25.34981716,25.849653804796148,27.185363011945206,25.44039872967051,-0.4998366447961473
2099.618,25.34490155,25.828203511824025,27.164331903383953,25.42141727496109,-0.48330196182402574
2100.1,25.28439473,25.80690106819945,27.14339690982331,25.40260839164682,-0.5225063381994524
2100.582,25.26865462,25.785747597046,27.122558949393223,25.383973050900348,-0.5170929770460013
2101.064,25.26754124,25.76474421231018,27.10181893451029,25.365512212460438,-0.4972029723101805
2101.547,25.25855695,25.743848914771334,27.081135051233083,25.347189071083665,-0.48529196477133496
2102.029,25.22602862,25.72314932457361,27.060593849539124,25.329080437198197,-0.49712070457360724
2102.511,25.20630432,25.702603108801238,27.04015329783236,25.311149117235026,-0.4962987888012371
2102.993,25.18507426,25.682211343663912,27.019814285285,25.29339602427409,-0.49713708366391174
2103.475,25.1687202,25.66197509569325,26.99957769516807,25.275822059517203,-0.4932548956932514
2103.957,25.17279847,25.641895421644975,26.979444404814814,25.258428112202555,-0.4690969516449748
2104.439,25.15089715,25.621973368401466,26.959415285584534,25.24121505952045,-0.47107621840146763
2104.921,25.12707107,25.602209972875436,26.939491202826495,25.2241837665301,-0.47513890287543603
2105.404,25.11240389,25.582565757013334,26.919632009945317,25.207300320719405,-0.47016186701333496
2105.886,25.09567159,25.563123081758814,26.899920794316095,25.190635474830312,-0.4674514917588155
2106.368,25.07203399,25.543842116266408,26.88031717654433,25.174154911915558,-0.47180812626640645
2106.85,25.05107132,25.52472385659992,26.860821997574124,25.157859447676298,-0.47365253659992135
2107.332,25.04017994,25.50576928838329,26.841436092164912,25.141749885284842,-0.4655893483832898
2107.814,25.04277559,25.486979386709095,26.822160288857397,25.125827015308584,-0.44420379670909327
2108.296,25.01421555,25.46835511604806,26.80299540994018,25.11009161563584,-0.4541395660480596
2108.778,24.99691996,25.449897430159464,26.7839422714162,25.094544451402257,-0.452977470159464
2109.26,24.97604761,25.431607272002367,26.765001682969967,25.07918627491912,-0.4555596620023685
2109.743,24.98024719,25.413448152517823,26.746135505665922,25.063986553517932,-0.43320096251782303
2110.225,24.94462523,25.395496187425593,26.72742265864291,25.049008953698646,-0.45087095742559313
2110.707,24.93489651,25.377714515145797,26.70882475414971,25.034222522384898,-0.4428180051457957
2111.189,24.9330502,25.360104034546605,26.69034257626111,25.019627959870878,-0.42705383454660506
2111.671,24.92351372,25.342665633267224,26.671976902573746,25.005225953287006,-0.4191519132672248
2112.153,24.93317289,25.325400187635257,26.653728504175326,24.991017176536136,-0.3922272976352552
2112.635,24.89948515,25.3083085625851,26.635598145614004,24.97700229023131,-0.40882341258510024
2113.117,24.86443177,25.29139161157736,26.61758658486831,24.963181941634936,-0.4269598415773608
2113.6,24.86000564,25.274615626277935,26.599657577750072,24.949528699909894,-0.41460998627793444
2114.082,24.86534049,25.258050904164133,26.581886110485446,24.93609972166172,-0.39271041416413155
2114.564,24.82723437,25.24166334852912,26.564235676781415,24.92286714346274,-0.41442897852912
2115.046,24.83033779,25.225453766130414,26.546707008028832,24.90983155856452,-0.3951159761304126
2115.528,24.85750907,25.20942295186565,26.52930082890304,24.896993546585296,-0.3519138818656522
2116.01,24.82775142,25.193571688698718,26.512017857335906,24.884353673458044,-0.36582026869871953
2116.492,24.80924146,25.177900747587167,26.494858804488018,24.871912491379717,-0.3686592875871675
2116.974,24.78690311,25.16241088741072,26.477824374721195,24.859670538762362,-0.37550777741071784
2117.457,24.79081438,25.14707128501861,26.460880315183022,24.84760356437147,-0.3562569050186113
2117.938,24.74494563,25.13197738457371,26.44413216772326,24.835786406350742,-0.38703175457370875
2118.421,24.76441255,25.117004389290912,26.42744134029892,24.82412129125473,-0.35259183929091265
2118.903,24.74718523,25.10224658012755,26.410912574519834,24.81268178128498,-0.35506135012754925
2119.385,24.7383601,25.087673464152903,26.39451185210076,24.80144398541248,-0.34931336415290204
2119.867,24.72409765,25.073285726323892,26.378239836042248,24.790408358367458,-0.34918807632389104
2120.349,24.72247018,25.059084039054472,26.362097182364476,24.779575340795418,-0.3366138590544736
2120.831,24.72296345,25.045069062154365,26.34608454008274,24.76894535922054,-0.3221056121543633
2121.313,24.71081957,25.031241442768952,26.330202551183405,24.758518826010803,-0.32042187276895007
2121.795,24.70016152,25.017601815320866,26.314451850600044,24.74829613934479,-0.31744029532086415
2122.278,24.68214021,25.004123091272323,26.298800799631348,24.73825711055689,-0.3219828812723229
2122.76,24.67945383,24.990861692990908,26.28331482776622,24.728443679455225,-0.31140786299090806
2123.242,24.67510368,24.97779011423331,26.267962007734667,24.718835204709663,-0.302686434233312
2123.724,24.67868902,24.964908937943818,26.25274294601393,24.709432027410482,-0.28621991794381785
2124.206,24.66966186,24.952218734070758,26.237658241915042,24.700234474316243,-0.2825568740707567
2124.688,24.64083462,24.939720059515995,26.222708487561242,24.691242857830254,-0.29888543951599544
2125.17,24.64412488,24.927413458086022,26.207894267866802,24.682457475978822,-0.28328857808602237
2125.652,24.64146135,24.91529946044418,26.193216160516087,24.673878612390908,-0.2738381104441814
2126.135,24.62461081,24.903354053056997,26.178644709485795,24.66548938196127,-0.27874324305699716
2126.617,24.62074007,24.891627204407648,26.164240816177493,24.65732477791021,-0.2708871344076478
2127.099,24.62332858,24.88009447322854,26.14997472583,24.649367456932293,-0.2567658932285397
2127.581,24.62916051,24.868756337135874,26.1358469869922,24.641617644868415,-0.2395958271358758
2128.063,24.60711578,24.857613260386294,26.121858140884488,24.634075553086088,-0.2504974803862936
2128.545,24.60495895,24.84666569383809,26.108008721380102,24.626741378469166,-0.24170674383809043
2129.027,24.59382636,24.83591407491367,26.094299254986936,24.619615303409333,-0.24208771491366932
2129.509,24.58571251,24.8253588275637,26.080730260829647,24.612697495799168,-0.23964631756370025
2129.991,24.58710665,24.815000362232766,26.06730225063218,24.605988109027138,-0.2278937122327669
2130.474,24.57214318,24.804818199554322,26.05398831072498,24.59947401166672,-0.23267501955432124
2130.956,24.57049354,24.79485488567662,26.040844069017226,24.593182301777084,-0.2243613456766198
2131.438,24.58442712,24.78508950454599,26.02784230287516,24.5870993860516,-0.20066238454598917
2131.92,24.55810182,24.77552241224008,26.014983494236986,24.58122535981335,-0.21742059224007804
2132.402,24.559341,24.76615395118096,26.00226811755828,24.57556030388052,-0.20681295118096088
2132.884,24.55443516,24.75698445010977,25.989696639796822,24.570104284571162,-0.20254929010976852
2133.366,24.54585557,24.748014224063077,25.97726952039777,24.56485735370984,-0.20215865406307643
2133.848,24.53307797,24.739243574350557,25.96498721127908,24.559819548635783,-0.20616560435055575
2134.331,24.54030972,24.73065521477124,25.952825127502674,24.55498109167114,-0.19034549477123974
2134.813,24.53543415,24.72228498214549,25.940834067233325,24.55036202623394,-0.18685083214548825
2135.295,24.55743277,24.714115147748224,25.92898912857903,24.545952111769868,-0.15668237774822558
2135.777,24.53527895,24.706145957762082,25.917290733196243,24.54175132776276,-0.17086700776208374
2136.259,24.52591851,24.69837764455517,25.905739295147484,24.537759639277386,-0.1724591345551687
2136.741,24.521604,24.690810426668083,25.894335220889204,24.533976996977653,-0.16920642666808305
2137.223,24.53835358,24.68344450880271,25.883078909259893,24.530403337146375,-0.14509092880271268
2137.705,24.52322679,24.676280081812564,25.87197075146868,24.527038581706954,-0.1530532918125651
2138.188,24.53812434,24.669303086884796,25.860988547948814,24.523876307633607,-0.13117874688479603
2138.67,24.55448465,24.66254257766914,25.85017815022288,24.520929502304874,-0.10805792766914024
2139.152,24.52598022,24.655984049020216,25.8395170348333,24.518191280954735,-0.13000382902021457
2139.634,24.53109514,24.64962763630341,25.829005562348854,24.515661508286772,-0.11853249630340912
2140.116,24.53802039,24.64347346101062,25.81864408565728,24.513340034777052,-0.10545307101061852
2140.598,24.53360544,24.637521630760165,25.808432949956227,24.511226696705545,-0.10391619076016667
2141.08,24.53089805,24.63177223929802,25.798372492744452,24.509321316188878,-0.10087418929801828
2141.562,24.5117841,24.62622536650076,25.788463043813323,24.507623701214765,-0.11444126650075859
2142.044,24.51520617,24.620881078379924,25.778704925238884,24.506133645678204,-0.10567490837992466
2142.527,24.53228142,24.6157289704312,25.769078678778655,24.50484848355028,-0.08344755043119889
2143.009,24.51929154,24.61079041478812,25.759624471811456,24.503773301817457,-0.09149887478811891
2143.491,24.54377672,24.606054558771174,25.750322515674334,24.502904976504773,-0.06227783877117332
2143.973,24.53616094,24.601521412979565,25.74117310149308,24.502243245498725,-0.06536047297956671
2144.455,24.53712944,24.597190974193516,25.73217651264372,24.501787832796975,-0.06006153419351534
2144.937,24.51437531,24.593063225387997,25.72333302474666,24.501538448553394,-0.07868791538799869
2145.419,24.53891725,24.589138135748325,25.714642905661385,24.501494789125108,-0.05022088574832395
2145.901,24.53369988,24.58541566068706,25.706106415481464,24.50165653712085,-0.0517157806870614
2146.384,24.53593946,24.58188864963534,25.69770657535505,24.502024335436637,-0.04594918963533701
2146.865,24.54705588,24.57857830719922,25.689495323355025,24.50259491737863,-0.031522427199220715
2147.348,24.54466095,24.57545701850359,25.681404612058323,24.50337266857417,-0.030796068503590845
2147.83,24.55305509,24.57254470070281,25.673485403925472,24.50435302200769,-0.0194896107028093
2148.312,24.53985355,24.56983456840631,25.665721008979638,24.505536990668624,-0.02998101840631051
2148.794,24.53169049,24.567326494805286,25.658111640619122,24.506924175747436,-0.03563600480528706
2149.276,24.53613478,24.56502033948034,25.650657504452024,24.508514165066558,-0.028885559480340106
2149.758,24.55469341,24.562915948430685,25.64335879829421,24.510306533140497,-0.008222538430686654
2150.24,24.55951932,24.56101315410493,25.63621571216776,24.512300841237202,-0.001493834104930869
2150.722,24.56022577,24.5593117754334,25.629228428299818,24.514496637441113,0.0009139945665985749
2151.205,24.55932893,24.55780871452832,25.62238311053945,24.5168986380047,0.0015202154716789096
2151.687,24.55738411,24.556509986866967,25.615708270802877,24.51949641782672,0.0008741231330340327
2152.169,24.55314947,24.555412050412283,25.609189733551418,24.52229425052448,-0.0022625804122817783
2152.651,24.58398762,24.554514670345743,25.602827649811644,24.525291632077263,0.029472949654255842
2153.133,24.56997979,24.553817598514108,25.59662216281477,24.528488045615646,0.016162191485893374
2153.615,24.57174822,24.553320573470465,25.590573407997784,24.53188296149233,0.01842764652953477
2154.097,24.58145807,24.553023320516797,25.58468151300475,24.535475837354547,0.028434749483203348
2154.579,24.58906849,24.552925551747926,25.57894659768877,24.539266118217274,0.036142938252073264
2155.062,24.59497089,24.553027383334566,25.573357365235992,24.54326171277954,0.041943506665433006
2155.544,24.62389078,24.55332807887492,25.56793706391626,24.54744549509648,0.07056270112508045
2156.026,24.59789653,24.55382731540992,25.562674055302296,24.551824941177966,0.044069214590081174
2156.508,24.60979241,24.554524752646795,25.557568428092438,24.556399446244857,0.05526765735320538
2156.99,24.61910556,24.55542003732659,25.55262026320854,24.561168393271952,0.06368552267340988
2157.472,24.64067073,24.556512803276604,25.547829633800152,24.566131153068874,0.08415792672339606
2157.954,24.63966602,24.557802671464124,25.54319660524886,24.57128708436197,0.08186334853587596
2158.436,24.62742197,24.55928925005146,25.538721235173064,24.576635533877457,0.0681327199485402
2158.918,24.63212511,24.560972134452296,25.534403573433192,24.58217583642561,0.0711529755477045
2159.401,24.65542346,24.562855008588027,25.530235195621998,24.58791940427142,0.09256845141197445
2159.883,24.65627762,24.56492964521269,25.5262333965158,24.59384176455732,0.09134797478731116
2160.365,24.66990322,24.56719929705302,25.522389408882898,24.599953910204512,0.10270392294697928
2160.847,24.66127375,24.56966350909267,25.518703251594523,24.606255129199727,0.09161024090732894
2161.329,24.66822575,24.57232181386828,25.515174935795187,24.612744698051227,0.09590393613171955
2161.811,24.68855171,24.575173731533813,25.51180446491005,24.619421881879603,0.11337797846618614
2162.293,24.68668903,24.5782187699258,25.50859183465266,24.626285934509202,0.10847026007419913
2162.775,24.69473076,24.58145642463,25.505537033033,24.63333609856079,0.1132743353699972
2163.258,24.69966237,24.58489349404464,25.50263419403197,24.64058680909493,0.11476887595535956
2163.74,24.72072752,24.58851521636017,25.499895310260136,24.64800726160109,0.13221230363982883
2164.222,24.73548618,24.592327967790666,25.497314172940456,24.655611485459268,0.14315821220933245
2164.704,24.71967144,24.59633119558438,25.494890739340978,24.6633986793984,0.12334024441561908
2165.186,24.74334095,24.60052433509007,25.492624959072167,24.671368031421206,0.14281661490992903
2165.668,24.74174326,24.604906809830656,25.490516774097046,24.679518718902067,0.1368364501693442
2166.15,24.77156074,24.609478031578067,25.48856611874193,24.687849908686136,0.16208270842193429
2166.632,24.78265118,24.614237400429214,25.4867729197073,24.696360757188963,0.16841377957078407
2167.115,24.794333,24.619194762682714,25.485133865785308,24.705068624092835,0.17513823731728806
2167.597,24.81285297,24.6243289668482,25.483655655270983,24.71393658633174,0.18852400315180162
2168.079,24.81151962,24.629649447805825,25.48233463533165,24.722981613144498,0.18187017219417356
2168.561,24.82086682,24.63515555971017,25.481170702265757,24.732202820221566,0.18571126028982832
2169.043,24.83406089,24.640846645437005,25.48016374480622,24.741599313334767,0.19321424456299496
2169.525,24.84275785,24.646722036665405,25.479313644133473,24.7511701884416,0.1960358133345963
2170.007,24.85995131,24.652781053961192,25.478620273888936,24.760914531790302,0.20717025603880757
2170.489,24.88324929,24.65902300686123,25.478083500188845,24.770831420025612,0.22422628313876913
2170.971,24.89306131,24.665447193958634,25.477703181638383,24.780919920295112,0.22761411604136583
2171.454,24.90319468,24.672066795971265,25.477478866963004,24.79120055169358,0.23112788402873363
2171.936,24.90249906,24.67885367824239,25.477411328350676,24.801629791138343,0.22364538175760984
2172.418,24.89404726,24.68582062416156,25.477499775436282,24.812227786147663,0.20822663583843948
2172.9,24.92095234,24.692966889396555,25.477744036913844,24.822993566938006,0.22798545060344466
2173.382,24.9438621,24.70029171911197,25.47814393404235,24.833926154769856,0.2435703808880305
2173.864,24.92452337,24.70779434805985,25.478699280661917,24.845024562057787,0.2167290219401501
2174.346,24.94171564,24.71547400067126,25.47940988321048,24.856287792480668,0.22624163932874097
2174.828,24.95037762,24.723329891148694,25.480275540740568,24.86771484109266,0.22704772885130708
2175.311,24.97430754,24.73137806788859,25.481298322979512,24.879328908301076,0.24292947211141325
2175.792,25.00780014,24.739567191928884,25.482471180132706,24.891056330645963,0.2682329480711161
2176.275,25.02104203,24.747964545903958,25.48380364206655,24.90299360045956,0.27307748409604216
2176.757,25.02269298,24.75651768662221,25.4852876825786,24.915066034055986,0.26617529337778834
2177.239,25.05501797,24.765242984336755,25.48692566266987,24.92729713347626,0.28977498566324655
2177.721,25.07249554,24.774139593843383,25.488717337439812,24.939685844364046,0.2983559461566152
2178.203,25.06994505,24.783206660377978,25.490662454730405,24.95223110452714,0.28673838962202325
2178.685,25.08084705,24.7924433197151,25.49276075514577,24.964931844051474,0.2884037302848981
2179.167,25.09880548,24.801848698266763,25.495011972071957,24.977786985415694,0.29695678173323614
2179.649,25.1138092,24.811421913182453,25.497415831697403,24.990795443605894,0.30238728681754523
2180.132,25.11916965,24.82118245316309,25.499977514577886,25.003983588026617,0.29798719683691033
2180.614,25.12348101,24.831088999251897,25.50268612468011,25.017295707821138,0.2923920107481024
2181.096,25.15688985,24.84116067668609,25.505546512447765,25.030757843292765,0.31572917331390826
2181.578,25.16235509,24.851396566555547,25.508558375472653,25.044368880595943,0.31095852344445163
2182.06,25.18555987,24.861795741195326,25.511721404255024,25.05812769897047,0.3237641288046724
2182.542,25.18290885,24.872357264288837,25.51503528222578,25.072033170857694,0.31055158571116337
2183.024,25.19555518,24.88308019097166,25.518499685769022,25.086084162016782,0.31247498902833826
2183.506,25.21851931,24.893963567935725,25.52211428424484,25.100279531641256,0.32455574206427684
2183.989,25.22997616,24.905029509160038,25.52588670562495,25.114648028699193,0.3249466508399621
2184.471,25.26183871,24.916231221375032,25.529800983895456,25.12912900071866,0.3456074886249674
2184.953,25.25133278,24.92759047229723,25.533864422531273,25.14375088814384,0.32374230770276924
2185.435,25.26943393,24.93910627587918,25.53807666301677,25.15851252505998,0.330327654120822
2185.917,25.30375504,24.950777638158087,25.542437339931283,25.17341273957077,0.35297740184191184
2186.399,25.30896968,24.96260355736263,25.54694608097376,25.188450353915357,0.3463661226373702
2186.881,25.33322085,24.974583024020216,25.551602506987848,25.203624184585255,0.358637825979784
2187.363,25.34433483,24.98671502106453,25.55640623198712,25.218933042441364,0.3576198089354712
2187.845,25.35165084,24.998998523943524,25.561356863180826,25.234375732830916,0.35265231605647784
2188.328,25.38102043,25.01145845305736,25.566464727986876,25.24998350668808,0.3695619769426379
2188.81,25.38752535,25.02404217349306,25.57170826879511,25.26569052813004,0.3634831765069393
2189.292,25.40070176,25.036774280098086,25.577097495996007,25.281527763717406,0.3639274799019141
2189.774,25.4059775,25.049653719447925,25.582631989829665,25.297493997901014,0.35632378055207425
2190.256,25.41222918,25.062679431176505,25.588311323864524,25.3135880102021,0.3495497488234953
2190.738,25.44494024,25.075850348085755,25.59413506502478,25.329808575328972,0.36908989191424624
2191.22,25.46107042,25.08916539625533,25.600102773618087,25.34615446329322,0.37190502374467016
2191.702,25.48937979,25.10262349515252,25.60621400336354,25.362624439525906,0.38675629484747986
2192.185,25.50010028,25.116251920453298,25.612481425543642,25.37925181678226,0.38384835954670393
2192.667,25.51763349,25.12999314443015,25.618878627925596,25.395966499101842,0.38764034556985294
2193.149,25.53161253,25.14387413667672,25.625417972397077,25.412801537066702,0.38773839332327853
2193.631,25.54640547,25.157893791300992,25.632098986595555,25.429755678935727,0.3885116786990075
2194.113,25.56008878,25.172050996351032,25.638921191714438,25.44682766896576,0.38803778364896857
2194.595,25.58842107,25.186344633925344,25.64588410253273,25.46401624752624,0.4020764360746547
2195.077,25.59513004,25.200773580284107,25.65298722744511,25.481320151214184,0.39435645971589395
2195.559,25.63004936,25.21533670595959,25.660230068492126,25.498738112968272,0.4147126540404109
2196.042,25.65680649,25.230063503355133,25.66762758121046,25.516305349391065,0.426742986644868
2196.524,25.66538977,25.24489184937441,25.675148622612227,25.53394784205998,0.4204979206255892
2197.006,25.67202525,25.259850950667154,25.682807847374185,25.551700568147893,0.41217429933284677
2197.488,25.69186429,25.274939655952952,25.690604732416084,25.569562247091863,0.4169246340470494
2197.97,25.71690172,25.29015680877848,25.698538748459242,25.587531595238236,0.4267449112215189
2198.452,25.73954741,25.3055012476282,25.706609360058387,25.605607325954956,0.43404616237179994
2198.934,25.74323077,25.320971806035082,25.714816025633958,25.623788149743604,0.4222589639649179
2199.416,25.77712618,25.336567312691336,25.723158197504436,25.642072774350996,0.44055886730866334
2199.898,25.78135389,25.352286591558997,25.731635321919168,25.6604599048804,0.42906729844100155
2200.381,25.80734719,25.368161455543536,25.74026484461881,25.678986705756802,0.4391857344564656
2200.863,25.8402018,25.38412498299701,25.74901046581546,25.69757515934613,0.4560768170029874
2201.345,25.84280152,25.40020872479839,25.75788934102789,25.716262216707946,0.4425927952016089
2201.827,25.84875484,25.41641148708358,25.766900892548787,25.735046573470576,0.4323433529164227
2202.309,25.87645503,25.432732071809315,25.776044536769117,25.753926923168386,0.4437229581906834
2202.791,25.92903007,25.449169276863156,25.785319684212503,25.77290195735047,0.4798607931368437
2203.273,25.93363266,25.46572189617267,25.79472573956964,25.79197036568862,0.4679107638273301
2203.755,25.96693339,25.4823887198149,25.804262101733073,25.81113083608482,0.4845446701851017
2204.238,25.96805875,25.49920346362769,25.81394835230158,25.830422088486333,0.46885528637231033
2204.719,25.99977426,25.516060121806806,25.82372331326847,25.849722706451686,0.48371413819319287
2205.202,26.02137328,25.53309765025793,25.83366765328232,25.869191873666846,0.48827562974206984
2205.684,26.04639196,25.55020934434831,25.843719381449663,25.88870761836011,0.49618261565169064
2206.166,26.05197433,25.567429136655278,25.853898323835182,25.908308839061338,0.48454519334472224
2206.648,26.0799405,25.58475579642661,25.86420384527436,25.927994215279064,0.49518470357338984
2207.13,26.0977362,25.602188089817467,25.874635305054653,25.947762425489675,0.49554811018253275
2207.612,26.10389961,25.619724779997195,25.885192056952143,25.967612147240224,0.4841748300028037
2208.094,26.13161893,25.63736462725637,25.895873449268436,25.98754205725129,0.49425430274362725
2208.576,26.12549743,25.655106389112742,25.90667882486775,26.007550831518312,0.47039104088725736
2209.059,26.16023199,25.672985941690296,25.91763032258725,26.027678897946586,0.48724604830970364
2209.541,26.17555178,25.69092799970418,25.92868192555135,26.047841583061643,0.48462378029582
2210.023,26.1665791,25.708968226694786,25.939855506739356,26.068079154328505,0.4576108733052138
2210.505,26.21894696,25.72710537014069,25.951150387630904,26.08839028584844,0.4918415898593089
2210.987,26.22832157,25.74533817527405,25.9625658844572,26.10877365149767,0.48298339472594876
2211.469,26.27473623,25.763665385184567,25.974101308239725,26.12922792502557,0.511070844815432
2211.951,26.28706873,25.782085740923108,25.985755964828634,26.14975178015165,0.5049829890768933
2212.433,26.30484207,25.800597981604703,25.997529154941837,26.17034389066253,0.5042440883952963
2212.916,26.35090038,25.819239532987027,26.009444966360146,26.19104586023915,0.5316608470129722
2213.398,26.35793754,25.837931937743253,26.021453347587993,26.211770638355045,0.5200056022567487
2213.88,26.38595699,25.856712431568276,26.033578132604312,26.23255969182358,0.5292445584317242
2214.362,26.3949223,25.87557974685235,26.045818601980386,26.253411695652556,0.5193425531476521
2214.844,26.43194842,25.894532614558504,26.058174031352706,26.27432532538971,0.5374158054414977
2215.326,26.42868179,25.913569764322535,26.070643691463136,26.29529925721497,0.515112025677464
2215.808,26.47506041,25.932689924552847,26.083226848199185,26.316332168032204,0.5423704854471545
2216.29,26.47899817,25.951891822529493,26.09592276263454,26.337422735560246,0.5271063474705073
2216.772,26.48385081,25.9711741845028,26.108730691069738,26.35856963842293,0.5126766254971997
2217.255,26.52502862,25.99057598641712,26.121676803518582,26.37981559989242,0.5344526335828803
2217.737,26.54730035,26.010015611825434,26.134706738459776,26.401071323393992,0.5372847381745665
2218.219,26.56470635,26.029531872131457,26.147846426496265,26.422379421689673,0.5351744778685443
2218.701,26.58593439,26.04912349043978,26.161095105237123,26.443738577913468,0.5368108995602192
2219.183,26.60639917,26.068789189309758,26.17445200772465,26.465147476544374,0.5376099806902417
2219.665,26.60603326,26.0885276908508,26.187916362476138,26.48660480349204,0.5175055691492005
2220.147,26.64731246,26.108337716816816,26.20148739352588,26.508109246181654,0.5389747431831822
2220.629,26.64448625,26.12821798870014,26.215164320467366,26.529659493638132,0.5162682612998601
2221.112,26.6883544,26.148208687091934,26.22897506065133,26.55129908428608,0.5401457129080676
2221.594,26.72538967,26.16822575380988,26.24286163621725,26.57293710340901,0.5571639161901167
2222.076,26.71744939,26.18830922762988,26.256851738583705,26.594617002093774,0.5291401623701191
2222.558,26.76158189,26.20845782992506,26.270944569996942,26.61633747659328,0.5531240600749392
2223.04,26.78069253,26.22867028226749,26.285139328475815,26.63809722516912,0.5520222477325092
2223.522,26.78276571,26.248945306518067,26.299435207854955,26.65989494817065,0.5338204034819327
2224.004,26.81257409,26.269281624916086,26.31383139782806,26.681729348113766,0.5432924650839119
2224.486,26.83464055,26.289677960168024,26.328327083991415,26.703599129758583,0.5449625898319752
2224.969,26.83655852,26.310175533626044,26.34295182865608,26.725548478440412,0.5263829863739566
2225.451,26.87790013,26.330688190907487,26.357644249978897,26.747485213836082,0.547211939092513
2225.933,26.89633167,26.351257034197506,26.37243369841472,26.769453456774805,0.5450746358024929
2226.415,26.91718654,26.371880788947117,26.387319343599923,26.79145192176027,0.5453057510528829
2226.897,26.92446283,26.39255818150837,26.40230035129329,26.813479325917154,0.5319046484916292
2227.379,26.9487659,26.4132879392189,26.417375883420362,26.835534389064023,0.5354779607811011
2227.861,26.98123749,26.43406879048598,26.432545098117963,26.85761583378541,0.547168699514021
2228.343,26.99369983,26.454899464869726,26.447807149778924,26.879722385502983,0.5388003651302746
2228.825,27.01148955,26.475778693165587,26.46316118909679,26.901852772546025,0.5357108568344131
2229.308,27.0552418,26.496748671765847,26.478638501180917,26.924051709285315,0.5584931282341543
2229.79,27.07893599,26.517721299782796,26.494174139727324,26.946226006824325,0.5612146902172057
2230.272,27.09993702,26.538738679701904,26.509799194477836,26.968420340198307,0.5611983402980947
2230.754,27.12227462,26.55979954807418,26.52551280177253,26.990633450061434,0.5624750719258174
2231.236,27.13355042,26.580902643087885,26.54131409447846,27.01286408031563,0.5526477769121136
2231.718,27.1616915,26.60204670464671,26.557202202035025,27.03511097817576,0.5596447953532895
2232.2,27.18511634,26.623230474447197,26.5731762504999,27.057372894234476,0.561885865552803
2232.682,27.19692708,26.64445269605529,26.58923536259467,27.07964858252603,0.552474383944709
2233.165,27.21951377,26.665756259457943,26.605412236959932,27.101983053870196,0.5537575105420558
2233.646,27.2415876,26.687007478760528,26.621605252156076,27.124236309530023,0.5545801212394714
2234.129,27.25796285,26.708381825447937,26.637948179963566,27.146592169083537,0.5495810245520616
2234.611,27.27480232,26.729745398072115,26.654338876889714,27.1689105746994,0.545056921927884
2235.093,27.30439122,26.751141168424283,26.670810200769218,27.19123657397746,0.5532500515757164
2235.575,27.33440337,26.77256789286004,26.687361255270034,27.21356894290464,0.5618354771399616
2236.057,27.3508828,26.79402433012028,26.703991141048157,27.235906461333602,0.556858469879721
2236.539,27.37243629,26.815509241401656,26.720698955794347,27.258247913040165,0.5569270485983431
2237.021,27.39619017,26.837021390426397,26.7374837942807,27.280592085779656,0.5591687795736036
2237.503,27.40340741,26.858559543511618,26.75434474840787,27.302937771342858,0.5448478664883822
2237.986,27.43993388,26.880167230897545,26.77131612205248,27.325330126082335,0.5597666491024569
2238.468,27.46825801,26.90175374934772,26.788326725090627,27.34767522598639,0.5665042606522803
2238.95,27.49157429,26.92336258451765,26.80541070080786,27.37001823636654,0.5682117054823479
2239.432,27.5202474,26.944992513784918,26.822567130083552,27.39235796570459,0.575254886215081
2239.914,27.53789503,26.96664231745574,26.83979509116135,27.414693226783992,0.5712527125442612
2240.396,27.55912301,26.988310778829543,26.857093659696623,27.437022836741047,0.5708122311704571
2240.878,27.58590128,27.00999668426289,26.874461908804,27.459345617114945,0.5759045957371107
2241.36,27.61004373,27.03169882323193,26.891898909104775,27.481660393896828,0.5783449067680699
2241.843,27.61591903,27.053461059538147,26.909440115678407,27.504012264420375,0.5624579704618533
2242.325,27.65746807,27.075192074224212,26.927011958288738,27.526307507386424,0.5822759957757881
2242.807,27.66881477,27.096935707723915,26.94464974752867,27.54859124952572,0.5718790622760856
2243.289,27.69081733,27.118690762613863,26.96235254451919,27.570862335125152,0.5721265673861389
2243.771,27.71496078,27.140456044893757,26.980119408127013,27.593119613158496,0.5745047351062418
2244.253,27.74097745,27.16223036404445,26.997949395012782,27.615361937331254,0.5787470859555484
2244.735,27.74682524,27.184012533085998,27.01584155967899,27.637588166124427,0.5628127069140021
2245.217,27.75439682,27.205801368633814,27.03379495451803,27.659797162837584,0.5485954513661859
2245.699,27.80404864,27.22759569095517,27.051808629860496,27.68198779563131,0.5764529490448318
2246.182,27.81579926,27.24943955307108,27.06991919089333,27.7042049147485,0.5663597069289175
2246.664,27.8369763,27.271241329918652,27.088050690345554,27.726355399907703,0.5657349700813477
2247.146,27.86280798,27.293045074379815,27.10623960741954,27.748484152894605,0.5697629056201841
2247.628,27.87748216,27.314849621881212,27.12448498467714,27.770590061732275,0.5626325381187876
2248.11,27.91538594,27.33665381177001,27.14278586286006,27.79267201950534,0.5787321282299906
2248.592,27.91183566,27.358456487365054,27.16114128093821,27.814728924397727,0.5533791726349477
2249.074,27.94017208,27.380256496007817,27.17955027615821,27.836759679729887,0.5599155839921828
2249.556,27.95670273,27.40205268911207,27.19801188409196,27.858763193995074,0.5546500408879282
2250.039,27.98834363,27.42388912629277,27.216563600942564,27.88078394237227,0.5644545037072284
2250.521,27.99278682,27.445674245257837,27.235127638699506,27.902729658719373,0.5471125747421617
2251.003,28.02089896,27.467452125496056,27.25374138431075,27.9246448886437,0.5534468345039443
2251.485,28.05470039,27.48922163520437,27.272403867132073,27.946528561690858,0.565478754795631
2251.967,28.05882626,27.51098164689065,27.291114115087616,27.968379612750827,0.5478446131093513
2252.449,28.06559486,27.532731037419403,27.30987115471867,27.99019698208988,0.5328638225805982
2252.931,28.10228481,27.554468688056254,27.328674011232373,28.011979615382323,0.5478161219437467
2253.413,28.13992726,27.57619348451221,27.347521708550445,28.033726463741026,0.5637337754877905
2253.896,28.16155339,27.59794934492467,27.36645250838484,28.05548148627898,0.5636040450753335
2254.378,28.15411246,27.619645075738823,27.385387042133928,28.077153560377457,0.5344673842611769
2254.86,28.19487152,27.641324634327013,27.40436347919395,28.098786733674185,0.5535468856729864
2255.342,28.21298331,27.66298692461669,27.423380838830354,28.120379979342406,0.5499963853833094
2255.824,28.23254308,27.68463085518979,27.442438139267097,28.141932276137805,0.547912224810208
2256.306,28.26665883,27.706255339322574,27.461534397735473,28.16344260842518,0.5604034906774267
2256.788,28.25085671,27.727859295024597,27.48066863052283,28.18490996620468,0.5229974149754035
2257.27,28.29033327,27.74944164507698,27.499839853021534,28.20633334513724,0.5408916249230202
2257.752,28.29527496,27.77100131707014,27.5190470797776,28.227711746569316,0.5242736429298596
2258.235,28.32444745,27.792581898364087,27.538329281925677,28.249088387240754,0.5318655516359136
2258.717,28.37237283,27.81409296385958,27.55760562727044,28.2703737621291,0.5582798661404205
2259.199,28.37650103,27.835578161098212,27.57691501387073,28.291611195878353,0.540922868901788
2259.681,28.40301852,27.857036437279508,27.596256453373798,28.31279971282479,0.5459820827204922
2260.163,28.42525809,27.878466744589907,27.615628956824487,28.33393834310514,0.5467913454100923
2260.645,28.43534718,27.89986804023631,27.63503153471398,28.35502612267746,0.5354791397636909
2261.127,28.43767281,27.921239286478755,27.6544631970286,28.37606209334174,0.5164335235212434
2261.609,28.45657991,27.942579450662702,27.673922953298185,28.397045302759793,0.5140004593372964
2262.092,28.49975989,27.963931678744558,27.69345026929992,28.41801817019476,0.535828211255442
2262.573,28.51734801,27.985162427851836,27.71292278383283,28.438849657928635,0.5321855821481627
2263.056,28.55074586,28.006447233048576,27.732501436198053,28.45971206356688,0.5442986269514236
2263.538,28.57465785,28.027652771251564,27.75206370519193,28.480474704312627,0.5470050787484375
2264.02,28.59157062,28.04882213939974,27.771649108590005,28.501179908795784,0.5427484806002596
2264.502,28.60971854,28.069954336000176,27.79125665420486,28.52182676024681,0.5397642039998232
2264.984,28.62820301,28.091048364852263,27.810885349733063,28.542414347881206,0.5371546451477371
2265.466,28.65442195,28.112103235074557,27.830534202803182,28.562941766914868,0.5423187149254431
2265.948,28.66403495,28.133117961131315,27.850202221024443,28.583408118578884,0.530916988868686
2266.43,28.6957175,28.154091562858156,27.869888412034964,28.603812510133793,0.5416259371418448
2266.913,28.72710985,28.17506644740586,27.889632679084894,28.62419619131743,0.5520434025941405
2267.395,28.72031984,28.195954791232783,27.909352271499642,28.64447387549623,0.5243650487672156
2267.877,28.7473842,28.216799100719083,27.92908705821598,28.664686955851344,0.5305850992809162
2268.359,28.76459683,28.237598417442733,27.94883604747047,28.684834563906303,0.5269984125572655
2268.841,28.80061622,28.25835178847269,27.968598247769524,28.704915837277635,0.5422644315273075
2269.323,28.80059449,28.279058266391196,27.988372667937483,28.724929919686378,0.5215362236088055
2269.805,28.82257816,28.299716909315467,28.008158317164536,28.744875960968404,0.5228612506845316
2270.287,28.84593019,28.320326780918364,28.02795420505467,28.764753117084947,0.5256034090816364
2270.77,28.85722225,28.34092955409469,28.047800440096047,28.784601571336697,0.5162926959053102
2271.252,28.88626833,28.36143899040528,28.067613852125692,28.80433830231547,0.5248293395947208
2271.734,28.87472197,28.381896878048085,28.087434532539834,28.82400365115242,0.4928250919519144
2272.216,28.9185597,28.40230230312978,28.107261493076354,28.843596798415224,0.5162573968702198
2272.698,28.93908127,28.422654357409506,28.127093746125446,28.863116930840825,0.516426912590493
2273.18,28.94734686,28.442952138316425,28.14693030477705,28.882563241342886,0.5043947216835747
2273.662,28.98218076,28.463194748966895,28.16677018286822,28.90193492901876,0.5189860110331033
2274.144,28.99641654,28.483381298180998,28.186612395030515,28.92123119915609,0.5130352418190007
2274.626,29.02683591,28.50351090049871,28.20645595673712,28.940451263238735,0.5233250095012885
2275.109,29.0386505,28.52362425816552,28.226341054022818,28.959633974308737,0.5150262418344802
2275.591,29.0357171,28.543637210576417,28.24618436253943,28.978699123407715,0.4920798894235823
2276.073,29.06845836,28.563590592386973,28.266026070505216,28.997685736545833,0.5048677676130282
2276.555,29.08992257,28.58348354117836,28.28586519723271,29.01659305005801,0.5064390288216387
2277.037,29.10643809,28.603315200324268,28.30570076311102,29.035420306499756,0.5031228896757334
2277.519,29.10045284,28.623084719003728,28.325531789652466,29.05416675465086,0.477368120996271
2278.001,29.12797694,28.642791252213687,28.345357299539295,29.072831649518736,0.48518568778631277
2278.483,29.12929372,28.66243396078089,28.365176316669842,29.09141425234109,0.4668597592191084
2278.966,29.1587281,28.68205256194907,28.385028960567013,29.109952124647553,0.4766755380509302
2279.448,29.16962531,28.701564990370198,28.40483205045361,29.128367777518033,0.468060319629803
2279.93,29.18900792,28.721011110023184,28.424625725024775,29.14669895797419,0.4679968099768175
2280.412,29.22798904,28.740390105177468,28.444409013509794,29.164944952209403,0.48759893482253247
2280.894,29.19706892,28.759701165985646,28.4641809465851,29.183105052656277,0.43736775401435324
2281.376,29.23735236,28.778943488492466,28.483940556420173,29.20117855798726,0.4584088715075332
2281.858,29.25994501,28.798116274643778,28.503686876723297,29.219164773114855,0.46182873535622093
2282.34,29.29398433,28.817218732294936,28.52341894278701,29.237063009191882,0.47676559770506444
2282.823,29.29804703,28.836289484866665,28.54317668137328,29.254909440301606,0.46175754513333445
2283.305,29.32634468,28.855248782793584,28.562877316836534,29.272629490646974,0.4710958972064141
2283.787,29.31761576,28.874135409719766,28.582560811909037,29.290259531452055,0.44348035028023247
2284.269,29.338744,28.89294859722568,28.602226208678054,29.3077988988366,0.44579540277431917
2284.751,29.35880086,28.91168758283682,28.621872551041356,29.32524693515556,0.4471132771631794
2285.233,29.3653593,28.93035161002935,28.641498884752107,29.342602988997157,0.4350076899706501
2285.715,29.40938725,28.94893992823572,28.661104257463716,29.359866415180747,0.46044732176428127
2286.197,29.40452468,28.967451792849605,28.680687718774227,29.377036574754293,0.4370728871503964
2286.679,29.42084469,28.985886465230735,28.70024832027095,29.39411283499152,0.4349582247692645
2287.162,29.4248305,29.0042812157395,28.719825622943066,29.41112970251226,0.420549284260499
2287.644,29.43426211,29.022559147690227,28.73933761542246,29.42801609274637,0.41170296230977144
2288.126,29.44448222,29.04075770583494,28.75882391327481,29.444806721520152,0.4037245141650594
2288.608,29.44998262,29.058876175448773,28.77828357649039,29.46150098098978,0.3911064445512267
2289.09,29.46663606,29.076913847790532,28.79771566726874,29.478098269518853,0.3897222122094668
2289.572,29.48501524,29.09487002010521,28.8171192500625,29.494597991674283,0.3901452198947908
2290.054,29.50124912,29.112743995626072,28.836493391620664,29.51099955822137,0.38850512437392837
2290.536,29.51467482,29.130535083576476,28.85583716103191,29.527302386119057,0.38413973642352417
2291.019,29.53771879,29.148279249410308,28.87518966395051,29.543539412125128,0.38943954058969155
2291.5,29.55204599,29.16586586361757,28.894429871725734,29.559609524738242,0.38618012638243115
2291.983,29.55449136,29.183440501973145,28.913716859897733,29.57564579710024,0.3710508580268552
2292.465,29.55681655,29.200893073455685,28.932929808265445,29.591547753536275,0.3559234765443158
2292.947,29.57705466,29.218259392008758,28.95210776462651,29.607348147692488,0.35879526799124406
2293.429,29.61202188,29.235538802826962,28.971249813013586,29.623046433585237,0.3764830771730381
2293.911,29.61582608,29.252730657098095,28.99035504009774,29.638642071383476,0.3630954229019068
2294.393,29.63562465,29.26983431200236,29.009422535230346,29.65413452740188,0.36579033799764105
2294.875,29.64157966,29.286849130711353,29.028451390485074,29.66952327409411,0.35473052928864846
2295.357,29.65925185,29.303774482386586,29.04744070069946,29.68480779004552,0.355477367613414
2295.84,29.66992859,29.320644576022143,29.066428833840344,29.700018944027185,0.3492840139778579
2296.322,29.69643217,29.337388936229825,29.08533626303443,29.715093239846656,0.35904323377017633
2296.804,29.69023819,29.354041971544586,29.10420144684084,29.730061776360593,0.33619621845541303
2297.286,29.70674925,29.37060307508069,29.123023491571953,29.744924056619084,0.3361461749193104
2297.768,29.71037822,29.38707164593115,29.14180150650971,29.759679589765433,0.3233065740688481
2298.25,29.73441387,29.403447089164896,29.16053460394628,29.7743278910281,0.3309667808351051
2298.732,29.72767366,29.419728815823238,29.17922189922458,29.788868481712125,0.30794484417676316
2299.214,29.73524429,29.435916242916594,29.19786251077833,29.80330088919084,0.29932804708340655
2299.697,29.75363588,29.45204208143358,29.216494084915073,29.81765425097486,0.3015937985664223
2300.179,29.7737817,29.468038985670955,29.235038595484383,29.83186867154696,0.3057427143290461
2300.661,29.80184523,29.483939875982927,29.253533794769343,29.845973526417783,0.31790535401707487
2301.143,29.81975477,29.49974419322782,29.271978813972524,29.859968367156974,0.32001057677218014
2301.625,29.83047444,29.51545138421163,29.290372787585845,29.873852751357305,0.31502305578836953
2302.107,29.84045591,29.531060901683094,29.30871485342948,29.887626242625146,0.3093950083169048
2302.589,29.85227098,29.546572204328474,29.327004152690936,29.901288410570988,0.3056987756715266
2303.071,29.84880976,29.561984756766208,29.345239829963493,29.9148388307996,0.286825003233794
2303.553,29.86589436,29.577298029541318,29.363421033284922,29.928277084900323,0.28859633045868094
2304.036,29.88466664,29.592542958229334,29.381584461643413,29.941630289758837,0.29212368177066494
2304.518,29.88801461,29.607655898323003,29.3996540577389,29.95484274543296,0.2803587116769961
2305.0,29.88825627,29.62266800483414,29.41766664330267,29.96794181472963,0.2655882651658601
2305.482,29.90697151,29.637578771966403,29.43562138053831,29.980927103088003,0.26939273803359853
2305.964,29.91717254,29.652387699819016,29.45351743528309,29.993798221880866,0.26478484018098314
2306.446,29.911823,29.667094294380163,29.471353977045453,30.006554788404138,0.24472870561983484
2306.928,29.93643298,29.681698067519896,29.48913017904182,30.019196425866266,0.25473491248010305
2307.41,29.95015142,29.696198536983157,29.5068452182335,30.031722763377513,0.2539528830168436
2307.893,29.94236513,29.710624986826165,29.524534834966687,30.044159063739105,0.23174014317383396
2308.375,29.96528464,29.724917208861385,29.542124963465042,30.05645347114969,0.24036743113861547
2308.857,29.97753366,29.73910471467226,29.559651481197086,30.068631500516105,0.2384289453277404
2309.339,29.9972893,29.753187045440768,29.5771135804756,30.080692804459332,0.2441022545592304
2309.821,29.99817295,29.767163748185627,29.594510457539066,30.092637041447315,0.23100920181437345
2310.303,29.98804171,29.781034375754324,29.611841312587263,30.104463875783825,0.2070073342456773
2310.785,29.99158291,29.794798486814887,29.629105349816452,30.116172977597163,0.19678442318511458
2311.267,30.02413546,29.808455645847477,29.646301777454454,30.12776402282882,0.2156798141525229
2311.75,30.02242646,29.82203342278904,29.66346527148513,30.139260372174732,0.20039303721095791
2312.232,30.04274012,29.835475170312407,29.680523976583924,30.15061410870291,0.20726494968759468
2312.714,30.05807762,29.848808693174277,29.69751271969869,30.16184885060819,0.20926892682572173
2313.196,30.04580456,29.862033579029113,29.71443072553809,30.172964296981885,0.18377098097088762
2313.678,30.05023546,29.875149421299856,29.731277223014196,30.183960152670902,0.17508603870014383
2314.16,30.05217103,29.88815581916864,29.74805144527617,30.19483612826587,0.16401521083135862
2314.642,30.07615211,29.90105237756765,29.764752629743672,30.205591940089526,0.1750997324323471
2315.124,30.08039129,29.913838707169592,29.781380018139988,30.21622731018472,0.16655258283040908
2315.606,30.08561096,29.92651442437841,29.797932856525076,30.226741966302843,0.15909653562158965
2316.089,30.08444876,29.939105103584637,29.814444502301956,30.23715707959319,0.1453436564153634
2316.571,30.11388301,29.951558236670323,29.83084583781334,30.247429261979768,0.16232477332967576
2317.053,30.10837582,29.96389964011095,29.8471703863066,30.257579947251024,0.14447617988905037
2317.535,30.10977865,29.97612895315017,29.863417411522025,30.26760888588432,0.13364969684982952
2318.017,30.13041924,29.988245820713818,29.879586181697615,30.277515834005783,0.14217341928618055
2318.499,30.11258832,30.000249893400003,29.895675969600642,30.287300553377847,0.11233842659999738
2318.981,30.12882979,30.012140827468947,29.911686052558835,30.29696281138762,0.11668896253105387
2319.463,30.13661174,30.023918284832643,29.927615712491335,30.30650238103449,0.1126934551673564
2319.946,30.15159457,30.035606012953096,29.94349703185993,30.315938449641912,0.11598855704690436
2320.427,30.13421999,30.047131445289995,29.959230914097294,30.32521257522617,0.08708854471000294
2320.91,30.15696113,30.05859010535685,29.974947496231877,30.33440167068034,0.09837102464314995
2321.392,30.15120413,30.069910149253303,29.990548202713136,30.343448072175125,0.0812939807466968
2321.874,30.16796697,30.08111510978214,30.006064964266482,30.352370733657075,0.08685186021785896
2322.356,30.17606883,30.09220468255925,30.021497091006133,30.361169461556045,0.08386414744074955
2322.838,30.18268843,30.103178568778716,30.036843897847422,30.369844067829007,0.07950986122128256
2323.32,30.1778395,30.11403647520203,30.05210470453601,30.378394369947767,0.06380302479796995
2323.802,30.18540392,30.124778114147375,30.067278835676383,30.386820190886887,0.06062580585262367
2324.284,30.19925853,30.13540320347849,30.082365620760257,30.395121359111407,0.06385532652151227
2324.767,30.20675226,30.14593314634033,30.09739542003511,30.403314542084033,0.060819113659668744
2325.249,30.19735354,30.156324068944222,30.11230533652019,30.41136565271843,0.041029471055779254
2325.731,30.19602365,30.16659762814479,30.12712592367283,30.419291628537373,0.029426021855211815
2326.213,30.18446647,30.17675356389015,30.141856530823105,30.427092319856595,0.007712906109851758
2326.695,30.16786458,30.18679162161906,30.156496512326576,30.434767582421127,-0.01892704161906167
2327.177,30.17775916,30.19671155224952,30.171045227591115,30.442317277393045,-0.0189523922495205
2327.659,30.17764805,30.206513112167794,30.185502041103305,30.449741271339345,-0.02886506216779594
2328.141,30.17341008,30.216196063216984,30.199866322454852,30.457039436219585,-0.04278598321698368
2328.624,30.17310027,30.225779891542626,30.214166957241503,30.464226398475365,-0.05267962154262662
2329.106,30.18296224,30.235224684891108,30.228344108396684,30.4712722809397,-0.05226244489110954
2329.588,30.19246106,30.244550187073973,30.242426865785024,30.478191982224025,-0.052089127073973174
2330.07,30.18733944,30.253756181660435,30.256414619686744,30.484985395747856,-0.06641674166043643
2330.552,30.21429166,30.262842457619797,30.27030676561441,30.491652420262376,-0.048550797619796526
2331.034,30.22668932,30.271808809310446,30.284102704337663,30.498192959838516,-0.04511948931044785
2331.516,30.23604322,30.280655036468207,30.297801841907564,30.50460692385473,-0.04461181646820833
2331.998,30.25475152,30.289380944194903,30.311403589680623,30.510894226984934,-0.03462942419490389
2332.48,30.25595371,30.29798634294708,30.32490736434268,30.517054789186506,-0.04203263294708037
2332.963,30.27942604,30.30648852606279,30.338340296757877,30.523100921960776,-0.02706248606278905
2333.445,30.28898794,30.31485210864234,30.351646190447553,30.529007519934567,-0.02586416864234309
2333.927,30.31142534,30.323094645275273,30.36485239212201,30.53478716830398,-0.01166930527527299
2334.409,30.30583024,30.33121596773285,30.377958340027803,30.540439808050614,-0.025385727732849972
2334.891,30.31819796,30.33921591308349,30.390963477855596,30.54596538537945,-0.02101795308348997
2335.373,30.33287652,30.347094323681286,30.403867254762254,30.551363851706963,-0.014217803681287222
2335.855,30.3156907,30.354851047154497,30.41666912539262,30.556635163649126,-0.03916034715449612
2336.337,30.32120161,30.362485936394073,30.429368549901096,30.56177928300959,-0.041284326394073645
2336.82,30.30588673,30.370014309609438,30.44199102025874,30.56680645299042,-0.06412757960943694
2337.302,30.31575627,30.377404856563427,30.454483739835656,30.571695829253407,-0.06164858656342531
2337.784,30.30064403,30.384673159150314,30.466872425942555,30.576457929311722,-0.0840291291503128
2338.266,30.30589272,30.391819091207438,30.47915656099318,30.5810927356122,-0.08592637120743873
2338.748,30.27598028,30.398842531777206,30.491335633014206,30.585600235730357,-0.12286225177720667
2339.23,30.28481807,30.405743365095674,30.50340913566508,30.589980422358725,-0.12092529509567385
2339.712,30.25673291,30.41252148058106,30.515376568257356,30.594233293295098,-0.1557885705810591
2340.194,30.24928238,30.41917677282212,30.52723743577417,30.598358851431016,-0.16989439282211904
2340.677,30.26987559,30.425722566353834,30.539015522774168,30.602365267546595,-0.15584697635383193
2341.159,30.25768381,30.43213166117761,30.55066157426261,30.60623596499891,-0.17444785117761086
2341.641,30.24084378,30.43841764725164,30.56219960885566,30.609979388814068,-0.1975738672516414
2342.123,30.24583429,30.444580439743486,30.573629154420345,30.6135955621529,-0.19874614974348503
2342.605,30.27906,30.45061995893412,30.584949744586865,30.617084513212085,-0.17155995893411813
2343.087,30.29016861,30.4565361302065,30.59616091876602,30.620446275212768,-0.16636752020650292
2343.569,30.30199675,30.462328884034264,30.607262222166334,30.623680886389117,-0.16033213403426316
2344.051,30.31330827,30.467998155970285,30.618253205810948,30.626788389976905,-0.154689885970285
2344.533,30.31440102,30.473543886635397,30.62913342655418,30.629768834202164,-0.15914286663539912
2345.016,30.34670444,30.47897714243762,30.639924673571482,30.632628060282908,-0.13227270243762135
2345.498,30.35640015,30.484275376065995,30.65058183043521,30.635354287052078,-0.12787522606599566
2345.98,30.36253023,30.489449920493545,30.661126929231752,30.637953629101464,-0.12691969049354412
2346.462,30.38653561,30.494500736510087,30.671559550311937,30.640426154515403,-0.10796512651008783
2346.944,30.39196346,30.49942778991682,30.681879279936094,30.6427719363123,-0.10746432991681942
2347.426,30.41962517,30.504231051515124,30.692085710288815,30.644991052433227,-0.08460588151512383
2347.908,30.38224995,30.50891049709541,30.702178439493395,30.647083585730872,-0.12666054709541186
2348.39,30.38993567,30.513466107425877,30.712157071626066,30.649049623958476,-0.12353043742587744
2348.873,30.36187273,30.517906934017482,30.722041562484844,30.65089294510241,-0.15603420401748025
2349.354,30.36761647,30.52220577023243,30.7317704908278,30.652602590652616,-0.154589300232427
2349.837,30.32751735,30.526398360856295,30.741424383480894,30.654192880712596,-0.19888101085629373
2350.319,30.32150642,30.53045828006356,30.750942547364488,30.655653652322012,-0.2089518600635607
2350.801,30.30178473,30.534394342156087,30.760344723572057,30.656988440986265,-0.2326096121560859
2351.283,30.25928276,30.538206557545664,30.769630552190133,30.658197363640173,-0.2789237975456622
2351.765,30.25766735,30.54189494154428,30.778799679348815,30.659280542042165,-0.28422759154428334
2352.247,30.2565899,30.54545951435307,30.787851757233504,30.660238102763326,-0.288869614353068
2352.729,30.21957256,30.548900301051546,30.79678644409634,30.661070177176725,-0.3293277410515465
2353.211,30.23640043,30.552217331586363,30.805603404267334,30.661776901446363,-0.3158169015863628
2353.694,30.21949423,30.55541713730221,30.81432023273909,30.66235949292512,-0.3359229073022121
2354.176,30.23970914,30.558486508208283,30.822900510948514,30.662815685196723,-0.3187773682082842
2354.658,30.23872088,30.561432241983194,30.831362091377876,30.66314696477241,-0.3227113619831954
2355.14,30.22671721,30.564254387944175,30.839704662786563,30.66335348688263,-0.33753717794417426
2355.622,30.23576263,30.56695300022142,30.84792792006281,30.663435411495183,-0.33119037022142095
2356.104,30.23447811,30.569528137747408,30.856031564233167,30.663392903304395,-0.3350500277474069
2356.586,30.2446796,30.571979864246117,30.864015302471323,30.663226131720734,-0.3273002642461158
2357.068,30.22773658,30.574308248222316,30.871878848106938,30.66293527085986,-0.34657166822231744
2357.551,30.21710372,30.57651780979299,30.87963785967694,30.66251951033285,-0.3594140897929883
2358.033,30.17924152,30.578599477809014,30.887259933967197,30.661980755532188,-0.39935795780901273
2358.515,30.18708182,30.58055803757132,30.894760992111472,30.661318462322853,-0.3934762175713189
2358.997,30.18698211,30.58239357661087,30.90214077215647,30.660532823545687,-0.3954114666108701
2359.479,30.15785105,30.584106187186244,30.90939901834364,30.659624036693973,-0.4262551371862422
2359.961,30.14397383,30.585695966272908,30.916535481115986,30.658592303902882,-0.441722136272908
2360.443,30.12722452,30.587163015552743,30.923549917124564,30.657437831938964,-0.4599384955527448
2360.925,30.13501173,30.588507441403635,30.930442089234752,30.656160832189737,-0.45349571140363665
2361.407,30.15060288,30.589729354888767,30.937211766532155,30.65476152065302,-0.43912647488876644
2361.89,30.17396828,30.59083102575346,30.943872386977947,30.653236834731377,-0.41686274575345905
2362.372,30.14244388,30.59180801282932,30.95039615153443,30.651593313405566,-0.4493641328293201
2362.854,30.15862018,30.592662849001147,30.956796765476984,30.649828156324688,-0.43404266900114763
2363.336,30.17792127,30.593395663978907,30.963074022838057,30.64794159783294,-0.41547439397890784
2363.818,30.20262404,30.59400659210576,30.969227723895344,30.645933876832444,-0.39138255210576034
2364.3,30.21736626,30.594495772347706,30.97525767517573,30.643805236772835,-0.3771295123477074
2364.782,30.21683804,30.594863348283372,30.98116368945922,30.641555925641033,-0.3780253082833731
2365.264,30.22728473,30.595109468093387,30.986945585782276,30.639186195950465,-0.3678247380933861
2365.747,30.25557553,30.59523441751963,30.99261479788821,30.636691014254627,-0.33965888751962936
2366.229,30.25239037,30.595237836804355,30.99814768205245,30.634080974561336,-0.3428474668043542
2366.711,30.27668293,30.59512027235644,31.00355594260472,30.63135130146198,-0.3184373423564395
2367.193,30.29000206,30.594881890671893,31.008839423648926,30.628502265481572,-0.3048798306718936
2367.675,30.30345496,30.594522862797536,31.013997975558233,30.6255341416195,-0.29106790279753625
2368.157,30.29544083,30.59404336432068,31.019031454976556,30.622447209339036,-0.29860253432067907
2368.639,30.30202,30.593443575359036,31.02393972481996,30.619241752557002,-0.29142357535903685
2369.121,30.32926522,30.592723680550378,31.028722654277683,30.615918059633078,-0.26345846055037825
2369.604,30.32957639,30.591882002175506,31.033389651098755,30.612469160638902,-0.2623056121755063
2370.086,30.32330103,30.590922219432223,31.037921271783844,30.608909634462538,-0.2676211894322229
2370.568,30.34871862,30.589842912190026,31.04232719706935,30.605232764406438,-0.24112429219002607
2371.05,30.34682881,30.5886442830748,31.046607321254044,30.60143885650615,-0.2418154730747979
2371.532,30.37021982,30.587326539181557,31.05076154491024,30.597528221187513,-0.2171067191815581
2372.014,30.3579613,30.585889892064472,31.054789774883034,30.593501173255977,-0.22792859206447247
2372.496,30.34338194,30.58433455772671,31.05869192428919,30.589358031886192,-0.24095261772670895
2372.978,30.3631166,30.5826607566102,31.062467912515704,30.58509912061126,-0.21954415661019766
2373.46,30.35640908,30.5808687135856,31.066117665218,30.580724767312123,-0.2244596335855995
2373.943,30.36088935,30.578954572658688,31.069648293042256,30.576225870544512,-0.21806522265868722
2374.425,30.36626303,30.576926493985308,31.073045114497166,30.571621396411683,-0.2106634639853091
2374.907,30.36634259,30.574780874985116,31.07631551487455,30.5669024905891,-0.2084382849851174
2375.389,30.35678959,30.572517958151323,31.0794594448934,30.562069498250878,-0.21572836815132135
2375.871,30.36158518,30.57013799035503,31.082476861527976,30.557122768865206,-0.20855281035503026
2376.353,30.35069813,30.567641222835384,31.085367728004318,30.552062656183626,-0.2169430928353826
2376.835,30.36945578,30.565027911189077,31.08813201379631,30.54688951822998,-0.19557213118907768
2377.317,30.34850315,30.562298315360476,31.0907696946216,30.541603717289693,-0.2137951653604766
2377.799,30.35524384,30.55945269963134,31.093280752437128,30.536205619898652,-0.20420885963133983
2378.281,30.35659712,30.556491332610634,31.09566517543439,30.53069559683234,-0.19989421261063356
2378.764,30.36087415,30.553407983880025,31.09792751058779,30.5250622443845,-0.19253383388002376
2379.246,30.35263825,30.550215698645914,31.100058390702642,30.51932926894795,-0.19757744864591587
2379.728,30.33195879,30.546908494397428,31.102062637949857,30.513485506288994,-0.21494970439742644
2380.21,30.35139587,30.543486656959438,31.1039402654186,30.5075313440391,-0.1920907869594366
2380.692,30.36050503,30.539950476433138,31.105691292404472,30.50146717401352,-0.17944544643313876
2381.174,30.35406893,30.53630024718555,31.10731574440282,30.49529339220002,-0.18223131718555052
2381.656,30.37229652,30.532536267839475,31.10881365310206,30.48901039874762,-0.16023974783947637
2382.138,30.33363225,30.528658841262985,31.110185056376455,30.48261859795505,-0.19502659126298383
2382.621,30.34184775,30.524659877981737,31.111432449723388,30.476104799973072,-0.1828121279817374
2383.103,30.33052749,30.520556248720663,31.112550718269784,30.469496390331773,-0.19002875872066127
2383.585,30.32361895,30.516340106861595,31.113542632177314,30.462780411898905,-0.19272115686159452
2384.067,30.32625463,30.51201177215947,31.114408253999454,30.45595728546549,-0.1857571421594706
2384.549,30.33161518,30.507571568562756,31.11514765243564,30.44902743591429,-0.17595638856275642
2385.031,30.31466058,30.50301982420296,31.115760902322275,30.441991292208023,-0.1883592442029567
2385.513,30.29618324,30.498356871384278,31.116248084623635,30.434849287377485,-0.20217363138427658
2385.995,30.3017187,30.493583046572848,31.116609286422367,30.427601858509615,-0.19186434657284934
2386.478,30.3058923,30.488688442208808,31.116844958322467,30.420234083947804,-0.18279614220880802
2386.96,30.2980573,30.483693671164325,31.116954223924868,30.41277691801252,-0.18563637116432474
2387.442,30.28450608,30.478589063120527,31.116937807108982,30.405215664452857,-0.19408298312052708
2387.924,30.27233344,30.473374971094565,31.11679581934333,30.39755077646747,-0.2010415310945639
2388.406,30.25944688,30.468051752212443,31.116528378163206,30.389782711250213,-0.20860487221244384
2388.888,30.25395055,30.462619767698328,31.116135607159467,30.381911929977612,-0.20866921769832913
2389.37,30.26364717,30.457079382863704,31.11561763596717,30.373938897796396,-0.19343221286370493
2389.852,30.27849953,30.451430967096613,31.114974600253742,30.365864083810916,-0.17293143709661152
2390.334,30.23255019,30.4456748938506,31.11420664170699,30.357687961070297,-0.21312470385059967
2390.817,30.22153718,30.439799264747517,31.113311926280467,30.34939372996953,-0.21826208474751851
2391.299,30.2189158,30.43382879173055,31.112294312763385,30.341016216887038,-0.21491299173055012
2391.781,30.21603873,30.427751806683464,31.111152237811645,30.33253883874716,-0.21171307668346273
2392.263,30.22071216,30.421568699220508,31.10988586708107,30.32396208425734,-0.2008565392205064
2392.745,30.19462502,30.41527986296628,31.10849537218344,30.31528644600484,-0.22065484296627957
2393.227,30.18635099,30.408885695544356,31.10698093067285,30.306512420443244,-0.22253470554435495
2393.709,30.19180486,30.402386598566085,31.105342726031733,30.297640507879205,-0.2105817385660842
2394.191,30.20154612,30.395782977619266,31.10358094765655,30.28867121245878,-0.19423685761926635
2394.674,30.16909622,30.389061217852795,31.101691751616677,30.2795861323251,-0.2199649978527951
2395.156,30.16001522,30.38224956686592,31.099683162204833,30.270423399530635,-0.22223434686592114
2395.638,30.1431515,30.375334633287647,31.097551603021696,30.26116482029106,-0.2321831332876485
2396.12,30.15807044,30.368316838504462,31.09529728698407,30.25181091398027,-0.21024639850446292
2396.602,30.14882471,30.36119660782145,31.092920432847357,30.242362203742143,-0.21237189782145194
2397.084,30.13039393,30.35397437045042,31.09042126518976,30.232819216476187,-0.22358044045041936
2397.566,30.11903434,30.346650559498,31.087800014396034,30.223182482823226,-0.2276162194979996
2398.048,30.10638779,30.339225611953914,31.085056916641104,30.21345253715092,-0.23283782195391467
2398.531,30.08155048,30.331684250945855,31.082186144269482,30.203609442701026,-0.25013377094585465
2399.012,30.08417658,30.32407407439166,31.079206153797678,30.193715165764413,-0.2398974943916592
2399.495,30.06999557,30.316332245811275,31.07609241775175,30.183687972424806,-0.24633667581127483
2399.977,30.05993068,30.30850699338554,31.07286415867266,30.173590408069984,-0.24857631338553787
2400.459,30.03997431,30.300582848087124,31.069515320321145,30.163402360068943,-0.2606085380871228
2400.941,30.0528266,30.29256026995577,31.066046173264937,30.153124384845253,-0.23973366995577194
2401.423,30.04350247,30.28443972282803,31.062456993739506,30.142757042443833,-0.24093725282802936
2401.905,30.01167781,30.276221674324773,31.05874806362948,30.132300896515407,-0.26454386432477506
2402.387,30.0095808,30.26790659583848,31.054919670449898,30.121756514300717,-0.2583257958384806
2402.869,30.00395402,30.25949496252013,31.05097210732703,30.11112446661443,-0.25554094252013115
2403.352,29.98117906,30.250969502880995,31.04689711303738,30.100382998821626,-0.2697904428809963
2403.834,29.98042208,30.242366002499477,31.04271186608617,30.089577167967544,-0.2619439224994764
2404.316,29.94495225,30.23366739617393,31.038408362692863,30.078685406579083,-0.28871514617393146
2404.798,29.94704301,30.224874173967212,31.033986918244963,30.067708299612292,-0.2778311639672104
2405.28,29.95622194,30.215986829634964,31.02944785364213,30.056646435515272,-0.25976488963496536
2405.762,29.93919797,30.20700586061216,31.024791495275718,30.0455004062115,-0.26780789061216126
2406.244,29.90964473,30.19793176799951,31.02001817500789,30.034270807082628,-0.2882870379995097
2406.726,29.90706178,30.188765056549713,31.015128230150573,30.02295823695124,-0.28170327654971317
2407.208,29.91457394,30.17950623465368,31.010122003444135,30.011563298063805,-0.2649322946536792
2407.691,29.88371274,30.170136320254958,31.004989095878678,30.000062700917077,-0.28642358025495795
2408.173,29.88780018,30.160694628691747,30.99975111587923,29.988504677129253,-0.2728944486917477
2408.655,29.88429933,30.151162374624597,30.994397915355858,29.976866112964174,-0.2668630446245963
2409.137,29.87193598,30.14154008086362,30.988929858555792,29.965147624192777,-0.26960410086362074
2409.619,29.87678383,30.131828273786084,30.98334731504446,29.953349829920107,-0.25504444378608326
2410.101,29.86154384,30.122027483321663,30.9776506596827,29.941473352567087,-0.2604836433216633
2410.583,29.82225602,30.112138242937874,30.97184027260379,29.92951881785172,-0.289882222937873
2411.065,29.8214687,30.102161089625156,30.9659165391902,29.91748685477055,-0.2806923896251554
2411.548,29.81975739,30.092075592676533,30.959867208655375,29.905352894283432,-0.2723182026765336
2412.03,29.78797194,30.08192405891978,30.95371772648718,29.893167817131832,-0.2939521189197798
2412.512,29.77353943,30.071686245331787,30.947456086228236,29.880907219412045,-0.298146815331787
2412.994,29.7733287,30.06136270285054,30.941082694031326,29.86857174304917,-0.2880340028505408
2413.476,29.75531915,30.050953985860613,30.93459796117874,29.856162033149896,-0.29563483586061423
2413.958,29.72046612,30.04046065217736,30.92800230405757,29.843678737982508,-0.3199945321773576
2414.44,29.72098465,30.0298832630311,30.92129614413489,29.831122508956934,-0.30889861303110067
2414.922,29.71401345,30.01922238305118,30.91447990793264,29.81849400060415,-0.3052089330511798
2415.405,29.69908523,30.00845620440024,30.907539544281477,29.80576744774571,-0.3093709744002382
2415.887,29.68660429,29.997629879898604,30.900504229063095,29.792996210180625,-0.3110255898986054
2416.369,29.66076097,29.986721779878696,30.89336014812746,29.78015467678263,-0.3259608098786977
2416.851,29.65016094,29.97573248240961,30.886107747971042,29.767243514366452,-0.3255715424096124
2417.333,29.64276097,29.96466256887695,30.87874748001651,29.754263392763203,-0.32190159887694847
2417.815,29.63767897,29.95351262396616,30.871279800586223,29.741214984798994,-0.31583365396615903
2418.297,29.63191948,29.942283235645057,30.863705170875555,29.72809896627282,-0.31036375564505647
2418.779,29.60907053,29.930974995146954,30.856024056926252,29.714916015934982,-0.3219044651469538
2419.261,29.5999738,29.919588496952937,30.84823692959923,29.701666815464577,-0.3196146969529359
2419.744,29.57829263,29.908100473902817,30.84032778034994,29.68832435777246,-0.3298078439028167
2420.226,29.56983983,29.896559097416752,30.832329840532076,29.674944579792157,-0.3267192674167525
2420.708,29.55396952,29.88494126724499,30.824227329572444,29.661500615499747,-0.3309717472449911
2421.19,29.54096748,29.873247590688827,30.816020737343948,29.647993158069372,-0.3322801106888278
2421.672,29.51704179,29.861478678207718,30.80771055840035,29.634422903489657,-0.3444368882077171
2422.154,29.51198632,29.849635143400544,30.7992972919479,29.62079055054029,-0.3376488234005457
2422.636,29.50927868,29.837717602987333,30.790781441816943,29.607096800768183,-0.32843892298733124
2423.118,29.4973565,29.825726676789994,30.782163516433165,29.593342358463556,-0.3283701767899956
2423.601,29.48045696,29.813637884110015,30.77342583334998,29.579499208134195,-0.3331809241100139
2424.083,29.48049189,29.80150190911469,30.764605091879123,29.565625382247767,-0.3210100191146914
2424.565,29.45372133,29.789294427530784,30.755683828802535,29.55169299439668,-0.33557309753078357
2425.047,29.44507377,29.777016071402713,30.746662570645793,29.53770275960537,-0.3319423014027123
2425.529,29.42867068,29.764667475780104,30.737541848383387,29.52365539551822,-0.33599679578010466
2426.011,29.42484184,29.752249278697565,30.728322197408872,29.509551622374165,-0.3274074386975663
2426.493,29.42047454,29.73976212115466,30.71900415750482,29.495392162981013,-0.31928758115465783
2426.975,29.38295225,29.727206647095514,30.70958827281261,29.48117774268973,-0.344254397095515
2427.458,29.36938496,29.71455724440138,30.700055254155423,29.466879430484305,-0.3451722844013787
2427.939,29.36274558,29.701893339804524,30.690465167240422,29.45258693337552,-0.3391477598045256
2428.422,29.35974396,29.68911027463207,30.68073881940563,29.438182129692123,-0.3293663146320718
2428.904,29.35211017,29.676287896469535,30.67093688527551,29.42375506207294,-0.3241777264695358
2429.386,29.31744978,29.663400466322727,30.66103989255248,29.40927669906909,-0.34595068632272685
2429.868,29.303402,29.650448645370485,30.65104841089411,29.394747780739277,-0.3470466453704866
2430.35,29.30006898,29.637433097588094,30.6409630141,29.380169049497557,-0.3373641175880948
2430.832,29.28242575,29.62435448972548,30.6307842800801,29.36554125008596,-0.34192873972547844
2431.314,29.27603177,29.611213491284694,30.620512790822787,29.35086512954612,-0.3351817212846946
2431.796,29.24135492,29.598010774497897,30.610149132362984,29.336141437191205,-0.35665585449789816
2432.279,29.24773942,29.584719433144976,30.59967210860067,29.321340232213373,-0.33698001314497716
2432.761,29.23103405,29.571395182634863,30.589125697719698,29.306523558322564,-0.340361132634861
2433.243,29.23194134,29.55801124804164,30.578488900941704,29.291661575469686,-0.32606990804164226
2433.725,29.19758403,29.54456831229444,30.56776232017207,29.276755041770983,-0.34698428229443934
2434.207,29.17999753,29.531067060937225,30.55694656119994,29.26180471746912,-0.3510695309372238
2434.689,29.16484346,29.51750818210496,30.546042233665357,29.246811364903632,-0.35266472210496147
2435.171,29.15797609,29.503892366499944,30.53504995102593,29.23177574848074,-0.3459162764999455
2435.653,29.12677524,29.490220307367405,30.523970330523678,29.216698634643315,-0.36344506736740456
2436.135,29.12423669,29.476492700471447,30.512803993151486,29.20158079184015,-0.3522560104714465
2436.618,29.12125635,29.462681593232332,30.50152812927273,29.186391501773638,-0.34142524323233303
2437.1,29.08099761,29.44884487644213,30.49019005931941,29.171194433761215,-0.36784726644212995
2437.582,29.08034357,29.434954715508166,30.478767158957943,29.155958955466012,-0.35461114550816575
2438.064,29.07561181,29.421011816026738,30.4672600638543,29.14068584305511,-0.34540000602673615
2438.546,29.01733872,29.407016885988043,30.455669413255645,29.125375874545597,-0.38967816598804106
2439.028,29.02971079,29.392970635750213,30.44399584995588,29.11002982977238,-0.3632598457502141
2439.51,29.0031094,29.378873778013578,30.432240020261208,29.094648490355887,-0.375764378013578
2439.992,28.99733442,29.364727027794437,30.420402573955435,29.079232639669776,-0.36739260779443583
2440.475,28.98029964,29.35050159965282,30.408459353567878,29.063750975231248,-0.370201959652821
2440.957,28.95804703,29.33625711886899,30.396460471200985,29.048268391455142,-0.37821008886898966
2441.439,28.96174147,29.321964905782867,30.384381943464238,29.03275365835777,-0.3602234357828671
2441.921,28.94071988,29.307625684413495,30.372224433709412,29.017207565998554,-0.36690580441349496
2442.403,28.91956058,29.29324018096183,30.35998860859056,29.00163090602383,-0.3736796009618324
2442.885,28.88403473,29.278809123783105,30.347675138028468,28.986024471632803,-0.39477439378310564
2443.367,28.88358975,29.264333243359257,30.33528469517511,28.970389057543255,-0.38074349335925817
2443.849,28.8697239,29.249813272270696,30.32281795637783,28.95472545995706,-0.38008937227069595
2444.332,28.85644652,29.235219686239077,30.31024950152972,28.939001894704585,-0.3787731662390783
2444.814,28.85683895,29.220613652161155,30.29763205773658,28.923284270165546,-0.36377470216115526
2445.296,28.84821376,29.20596573900305,30.284940367281088,28.907540860953663,-0.35775197900305145
2445.778,28.82590354,29.19127668745933,30.272175118938993,28.89177246886011,-0.36537314745933
2446.26,28.80654718,29.176547240179627,30.259337004500978,28.875979896983914,-0.3700000601796276
2446.742,28.79736414,29.16177814173938,30.24642671873629,28.860163949695973,-0.3644140017393802
2447.224,28.79588755,29.146970138610055,30.23344495935604,28.8443254326029,-0.3510825886100548
2447.706,28.76829561,29.132123979129396,30.220392426976627,28.828465152510372,-0.3638283691293971
2448.188,28.73886296,29.117240413471357,30.20726982508296,28.812583917386746,-0.37837745347135865
2448.671,28.75114614,29.10228920122329,30.194050419158028,28.796649525528792,-0.35114306122329
2449.153,28.72757168,29.087333007227162,30.18078965828324,28.78072876943968,-0.3597613272271616
2449.635,28.73389872,29.072341669856762,30.16746095667029,28.764789490512367,-0.3384429498567627
2450.117,28.69432485,29.057315946328227,30.15406502891382,28.748832500995153,-0.36299109632822635
2450.599,28.6782862,29.042256595539804,30.14060259229142,28.732858614111574,-0.3639703955398055
2451.081,28.65371175,29.02716437804022,30.127074366726262,28.716868644022266,-0.3734526280402193
2451.563,28.63353759,29.01204005599681,30.113481074749544,28.700863405786517,-0.37850246599681014
2452.045,28.622035,28.99688439316372,30.09982344146298,28.68484371532373,-0.37484939316372134
2452.528,28.61082514,28.98166661687968,30.086073661563645,28.668777111605863,-0.3708414768796793
2453.01,28.57445,28.96645050886959,30.07228940135291,28.652730941950214,-0.3920005088695895
2453.492,28.54287909,28.951205362124583,30.058442991705586,28.636672774295167,-0.40832627212458306
2453.974,28.56255019,28.935931946423956,30.044535167632592,28.620603427611048,-0.37338175642395655
2454.456,28.52613839,28.920631032970153,30.030566666526035,28.604523721531734,-0.3944926429701532
2454.938,28.52617466,28.90530339435532,30.01653822812091,28.588434476314564,-0.3791287343553229
2455.42,28.49972961,28.889949804527667,30.002450594457134,28.572336512800113,-0.390220194527668
2455.902,28.49259127,28.874571038757605,29.98830450984106,28.55623065237182,-0.3819797687576063
2456.385,28.48154936,28.859135892005703,29.974071192900777,28.54008428080451,-0.37758653200570436
2456.867,28.46718032,28.84370905708199,29.959810330788,28.52396508054929,-0.3765287370819905
2457.349,28.45658278,28.828259381235434,29.945493265417387,28.507840452087112,-0.371676601235432
2457.831,28.45201199,28.81278764468421,29.93112074978145,28.491711218564735,-0.36077565468421113
2458.313,28.43581739,28.797294628795743,29.916693538946674,28.47557820346612,-0.361477238795743
2458.795,28.40159949,28.78178111605135,29.902212390014714,28.459442230570872,-0.38018162605134975
2459.277,28.39953848,28.766247890010945,29.887678062083733,28.44330412391222,-0.3667094100109445
2459.759,28.3742182,28.750695735277183,29.873091316209415,28.427164707734928,-0.3764775352771821
2460.241,28.37086766,28.73512543745951,29.858452915366165,28.41102480645284,-0.3642577774595104
2460.724,28.34852574,28.719505426110313,29.84373309633218,28.394851760963224,-0.3709796861103136
2461.206,28.34071862,28.703901169243103,29.828993578761864,28.378713366449336,-0.36318254924310267
2461.688,28.32410678,28.688281133434984,29.814204707864214,28.36257696237189,-0.36417435343498283
2462.17,28.30864156,28.67264610796055,29.799367253901757,28.346443373394,-0.3640045479605476
2462.652,28.29915858,28.656996882917916,29.784481988860186,28.330313424133273,-0.35783830291791574
2463.134,28.27191878,28.641334249191697,29.76954968640923,28.314187939118124,-0.3694154691916971
2463.616,28.23899137,28.625658998415265,29.754571121863222,28.29806774274424,-0.3866676284152639
2464.098,28.24010525,28.609971922933266,29.739547072141896,28.28195365923067,-0.36986667293326647
2464.581,28.23274873,28.594241236159423,29.724447006819187,28.265813103041378,-0.3614925061594221
2465.062,28.21200562,28.578565470558736,29.70936563264249,28.24974712651291,-0.36655985055873685
2465.545,28.18880531,28.562815062782565,29.69417831644247,28.23362295055351,-0.3740097527825661
2466.027,28.17353222,28.547088607697823,29.67898003887107,28.217541575965104,-0.37355638769782473
2466.509,28.1602316,28.53135430061341,29.66374018505205,28.201470432840846,-0.3711227006134088
2466.991,28.15049934,28.515612937337945,29.64845954071158,28.185410343407693,-0.36511359733794535
2467.473,28.12981215,28.499865314121145,29.633138892904647,28.16936212940395,-0.37005316412114553
2467.955,28.09950284,28.484112227614546,29.617779029975324,28.15332661203397,-0.384609387614546
2468.438,28.11418752,28.468321778101156,29.60234875546579,28.13727138587876,-0.35413425810115484
2468.919,28.07043333,28.452592853109014,29.586944818333528,28.121296949070594,-0.3821595231090136
2469.402,28.03585427,28.43679545059347,29.571439913475743,28.105271279656705,-0.40094118059346684
2469.884,28.03315382,28.42102848020109,29.555931023925055,28.089294782589146,-0.38787466020109207
2470.366,28.01531231,28.405260036066355,29.54038688056908,28.07333508027055,-0.38994772606635664
2470.848,28.00981897,28.38949091641347,29.524808278654987,28.057392989741835,-0.37967194641347035
2471.33,28.00176752,28.37372191958705,29.509196014440857,28.04146932718909,-0.37195439958705023
2471.812,27.97716483,28.357953844011213,29.493550885155766,28.02556490789742,-0.38078901401121357
2472.294,27.9535793,28.342187488148564,29.47787368896015,28.009680546204216,-0.388608188148563
2472.776,27.94964073,28.32642365045873,29.462165224905696,27.993817055452777,-0.3767829204587301
2473.259,27.91244349,28.31063043518184,29.446393608393812,27.977942404227345,-0.3981869451818376
2473.741,27.90098547,28.294874038364384,29.43062494842595,27.962123138689915,-0.39388856836438535
2474.223,27.89334302,28.279122556321518,29.414827424367957,27.946327179370208,-0.3857795363215182
2474.705,27.88134986,28.26337678708434,29.39900183844012,27.930555335163678,-0.3820269270843397
2475.187,27.86158657,28.247637528471774,29.38314899355465,27.91480841373668,-0.38605095847177395
2475.669,27.8590296,28.231905578048355,29.36726969327589,27.89908722147922,-0.3728759780483557
2476.151,27.8377347,28.216181733081648,29.35136474178052,27.883392563457676,-0.37844703308164895
2476.633,27.81753668,28.200466790499526,29.335434943817468,27.867725243367108,-0.38293011049952597
2477.115,27.8237317,28.184761546847465,29.319481104668306,27.852086063483984,-0.3610298468474653
2477.598,27.79746746,28.169034247988034,29.303470859055764,27.836443468869582,-0.37156678798803355
2478.08,27.78476089,28.153350814339156,29.287471309614716,27.82086303284942,-0.3685899243391546
2478.562,27.76801081,28.137679468180696,29.271450139302875,27.80531313653068,-0.3696686581806965
2479.044,27.7401887,28.122021004095934,29.255408155134205,27.78979457603462,-0.3818323040959335
2479.526,27.74205292,28.10637621606926,29.239346164456027,27.774308145824968,-0.36432329606926217
2480.008,27.73666351,28.090745897442517,29.2232649749092,27.75885463865979,-0.3540823874425172
2480.49,27.72368319,28.075130840871072,29.207165394388266,27.74343484554355,-0.3514476508710729
2480.972,27.70265329,28.05953183827995,29.191048231001854,27.728049555679036,-0.3568785482799477
2481.455,27.68763203,28.043917370751153,29.17488080325621,27.712667747177484,-0.35628534075115326
2481.937,27.66646048,28.02835288616276,29.158730866837764,27.697353899639214,-0.36189240616275953
2482.419,27.67324168,28.012806828142967,29.14256577444415,27.682076913293105,-0.3395651481429667
2482.901,27.65457929,27.997279985251172,29.126386334643183,27.666837569649516,-0.3427006952511711
2483.383,27.64338908,27.981773145094593,29.110193356018236,27.65163664817609,-0.3383840650945942
2483.865,27.60791492,27.966287094283626,29.09398764712872,27.636474926249427,-0.3583721742836268
2484.347,27.60426159,27.950822618387033,29.07777001647053,27.621353179106936,-0.3465610283870326
2484.829,27.58187375,27.93538050188701,29.061541272436532,27.6062721797984,-0.35350675188701075
2485.312,27.56417043,27.91992956316174,29.045268522152224,27.591201540587747,-0.35575913316174024
2485.794,27.54385955,27.90453456477915,29.02901995707221,27.57620443563465,-0.36067501477915087
2486.276,27.5628486,27.88916427388889,29.012762704458137,27.56125038564355,-0.3263156738888924
2486.758,27.51603449,27.873819470173288,28.996497571895908,27.54634015442579,-0.35778498017328886
2487.24,27.52882741,27.85850093200226,28.98022536667138,27.531474503363757,-0.32967352200225974
2487.722,27.48823523,27.84320943638752,28.963946895731144,27.516654191362097,-0.35497420638752075
2488.204,27.49061783,27.82794575893741,28.947662965643385,27.501879974800048,-0.3373279289374089
2488.686,27.48136872,27.812710673811058,28.93137438255858,27.487152607482805,-0.3313419538110587
2489.168,27.47319748,27.797504953672853,28.91508195217053,27.47247284059351,-0.32430747367285306
2489.651,27.4512436,27.78229791689296,28.898752669039073,27.4578111177826,-0.33105431689295983
2490.133,27.44256315,27.767153303434668,28.88245495529789,27.443228897199287,-0.32459015343466646
2490.615,27.41540176,27.75204036512275,28.866155809872044,27.428696515918407,-0.33663860512274724
2491.097,27.39618978,27.73695986818108,28.84985603623727,27.414214714148,-0.3407700881810811
2491.579,27.40606307,27.72191257710945,28.83355643721801,27.399784229233713,-0.31584950710945137
2492.061,27.40427699,27.70689925463759,28.81725781494848,27.38540579561109,-0.30262226463759134
2492.543,27.37229577,27.691920661679138,28.80096097083409,27.371080144757524,-0.3196248916791369
2493.025,27.35472283,27.67697755728566,28.78466670551287,27.356808005144813,-0.3222547272856602
2493.508,27.33027675,27.662039809709242,28.768342024363253,27.34256066134783,-0.33176305970924247
2493.99,27.33523386,27.64717002947024,28.752055324777295,27.328397832142592,-0.31193616947023983
2494.472,27.31400734,27.63233800487754,28.73577360256391,27.314290682572103,-0.31833066487753925
2494.954,27.29753088,27.617544487068773,28.71949765490494,27.30023992860323,-0.32001360706877335
2495.436,27.27595354,27.602790225088725,28.703228278022703,27.28624628295991,-0.32683668508872543
2495.918,27.28867058,27.588075965843085,28.686966267141973,27.272310455075853,-0.29940538584308385
2496.4,27.25507844,27.573402454052474,28.670712416451867,27.258433151047726,-0.31832401405247523
2496.882,27.23586829,27.558770432206096,28.65446751906781,27.24461507358813,-0.3229021422060967
2497.365,27.22582868,27.544150415648694,28.638198694784677,27.230828440871942,-0.3183217356486949
2497.846,27.22844602,27.529633816869232,28.62200775108415,27.2171593920246,-0.30118779686923247
2498.329,27.20872195,27.51510065326303,28.60576083579543,27.20349494931509,-0.30637870326302874
2498.811,27.19164775,27.500642062796235,28.589559685944163,27.18992086529153,-0.3089943127962336
2499.293,27.17797816,27.486228641147914,28.57337143917942,27.176409470425266,-0.3082504811479154
2499.775,27.17240414,27.471861116445314,28.557196881378914,27.162961446140145,-0.2994569764453132
2500.257,27.17811223,27.45754021426156,28.541036797083166,27.149577470151616,-0.27942798426155946
2500.739,27.16548704,27.443266657569783,28.524891969458103,27.136258216420977,-0.2777796175697844
2501.221,27.13160537,27.429041166697115,28.508763180258065,27.123004355109988,-0.2974357966971155
2501.703,27.12900655,27.4148644592789,28.492651209788555,27.109816552535356,-0.2858579092788993
2502.186,27.09674032,27.400707992598274,28.47652346488623,27.096668318776914,-0.30396767259827584
2502.668,27.08190757,27.38663109890799,28.46044750574352,27.083614757493102,-0.30472352890799215
2503.15,27.07083299,27.372605126438,28.4443906987939,27.070629231728994,-0.30177213643800016
2503.632,27.06532393,27.358630781592876,28.42835381817576,27.05771239196326,-0.29330685159287384
2504.114,27.05228672,27.34470876785701,28.412337636394845,27.04486488460566,-0.2924220478570092
2504.596,27.03795342,27.330839785749035,28.396342924287897,27.03208735195296,-0.29288636574903393
2505.078,27.01316597,27.31702453277653,28.380370450986103,27.01938043214482,-0.30385856277652934
2505.56,26.99878922,27.303263703390776,28.36442098387908,27.006744759120267,-0.3044744833907771
2506.042,26.99933393,27.28955798894161,28.348495288578683,26.994180962574116,-0.29022405894161096
2506.525,26.99558298,27.275879816797136,28.332561164958754,26.98166382816177,-0.2802968367971381
2507.007,26.97677627,27.262286511544662,28.316685356091725,26.969245808814257,-0.28551024154466376
2507.489,26.97565881,27.248750377630465,28.300835606416126,26.956901530408313,-0.27309156763046616
2507.971,26.94965736,27.235272093542235,28.285012674070156,26.944631605222934,-0.28561473354223565
2508.453,26.93261407,27.22185233444193,28.269217315235544,26.932436641079207,-0.2892382644419307
2508.935,26.95011654,27.208491772121402,28.253450284102065,26.920317241298182,-0.2583752321214021
2509.417,26.95929358,27.19519107495809,28.237712332832334,26.908274004659425,-0.23589749495808832
2509.899,26.93498263,27.18195090787076,28.222004211526706,26.896307525359365,-0.24696827787076003
2510.382,26.93440903,27.168744654067854,28.20629417446818,26.884393807528866,-0.23433562406785313
2510.864,26.91401718,27.155627656833953,28.190648020728855,26.872582769247003,-0.2416104768339551
2511.346,26.90650173,27.14257316459487,28.175033936072438,26.86085024418384,-0.2360714345948729
2511.828,26.90165118,27.129581827988527,28.159452661996884,26.849196807785365,-0.2279306479885257
2512.31,26.8899277,27.11665429397571,28.14390493776428,26.837623030711626,-0.22672659397570882
2512.792,26.86735173,27.10379120579668,28.12839150036639,26.826129478797263,-0.23643947579667923
2513.274,26.87302689,27.090993202928146,28.112913084490458,26.814716713012025,-0.21796631292814794
2513.756,26.85116337,27.078260921040503,28.097470422485276,26.80338528942179,-0.22709755104050444
2514.239,26.86662541,27.06556878350373,28.082032319731887,26.792112505383102,-0.19894337350372737
2514.721,26.84249339,27.05296997476469,28.0666634309477,26.780945586172717,-0.2104765847646881
2515.203,26.82807177,27.040438772044443,28.051332480212984,26.76986164866441,-0.21236700204444148
2515.685,26.81202143,27.027975795355086,28.036040190179765,26.75886122891475,-0.21595436535508483
2516.167,26.80699269,27.015581660690984,28.02078728099335,26.747944857886466,-0.20858897069098248
2516.649,26.7820234,27.003256979987114,28.005574470259365,26.737113061411282,-0.22123357998711413
2517.131,26.79002463,26.991002361077804,27.990402473010526,26.726366360153502,-0.2009777310778027
2517.613,26.75732312,26.97881840765537,27.975272001673996,26.715705269573615,-0.2214952876553724
2518.095,26.77080902,26.966705719229388,27.960183766038533,26.705130299892563,-0.19589669922938668
2518.578,26.76911834,26.954639985223764,27.945107304049607,26.694620286401392,-0.18552164522376557
2519.06,26.72987991,26.94267175930967,27.93010574975127,26.6842192493189,-0.2127918493096672
2519.542,26.72545892,26.930776572630307,27.9151485458183,26.67390583302691,-0.2053176526303062
2520.024,26.72973779,26.918955007550146,27.900236391156305,26.66368052642541,-0.1892172175501443
2520.506,26.68507355,26.907207642049677,27.88536998187133,26.653543813000997,-0.2221340920496786
2520.988,26.70179756,26.895535049686,27.870550011238006,26.643496170793327,-0.19373748968600069
2521.47,26.68667663,26.883937799553713,27.855777169668105,26.63353807236196,-0.19726116955371253
2521.952,26.66608952,26.872416456245872,27.84105214467906,26.623669984753654,-0.20632693624587262
2522.435,26.65756187,26.860947915131938,27.826345222533305,26.613872178323994,-0.20338604513193914
2522.917,26.65244818,26.849580221425676,27.811717984270174,26.604185680407237,-0.1971320414256752
2523.399,26.63890546,26.83829010206818,27.797140608867213,26.594590561983864,-0.1993846420681784
2523.881,26.65102671,26.827078103253985,27.78261377194729,26.58508726771834,-0.1760513932539851
2524.363,26.61779404,26.815944766486055,27.768138146084322,26.57567623660477,-0.19815072648605536
2524.845,26.6067301,26.804890628538633,27.75371440077283,26.566357901936737,-0.19816052853863297
2525.327,26.59805729,26.793916221420382,27.739343202397727,26.557132691277445,-0.19585893142038202
2525.809,26.59410722,26.783022072337978,27.725025214204393,26.548001026430548,-0.18891485233797667
2526.292,26.59268871,26.772186353615812,27.71073155911711,26.538944670948435,-0.1794976436158109
2526.773,26.5681234,26.761476632880438,27.696551505466903,26.530019992417174,-0.19335323288043682
2527.256,26.58576729,26.750804362003567,27.68236778726332,26.52115317860218,-0.16503707200356743
2527.738,26.57024935,26.740236591139997,27.668269324921596,26.512399996715196,-0.16998724113999586
2528.22,26.56566108,26.729751642098265,27.654227342193543,26.503742383077707,-0.1640905620982629
2528.702,26.55338443,26.71935001251439,27.640242482858774,26.495180724332883,-0.16596558251438864
2529.184,26.55434494,26.709032194976118,27.626315387351966,26.486715401171775,-0.15468725497611757
2529.666,26.55419429,26.698798676989156,27.612446692734267,26.478346788307636,-0.14460438698915468
2530.148,26.53234415,26.688649940943776,27.598637032664804,26.4700752544509,-0.15630579094377595
2530.63,26.53368993,26.67858646408163,27.58488703737261,26.461901162284445,-0.14489653408162795
2531.113,26.51955248,26.668588107188327,27.571168994859395,26.453808214548463,-0.14903562718832575
2531.595,26.51668044,26.658696738976605,27.557540332972998,26.445830273569506,-0.14201629897660695
2532.077,26.51469777,26.648892031409357,27.543973206972836,26.437950826633614,-0.13419426140935542
2532.559,26.48676635,26.639174440800147,27.53046823308165,26.43017021206425,-0.15240809080014728
2533.041,26.50247726,26.629544418154268,27.517026023953747,26.422488762041503,-0.1270671581542686
2533.523,26.48804544,26.620002409138095,27.50364718864807,26.414906802580326,-0.13195696913809485
2534.005,26.49332947,26.610548854048538,27.49033233260115,26.407424653509494,-0.11721938404853915
2534.487,26.45904683,26.60118418778324,27.477082057600747,26.400042628450922,-0.1421373577832412
2534.969,26.45651317,26.591908839810955,27.46389696175911,26.392761034799534,-0.1353956698109542
2535.452,26.43946929,26.5827042704473,27.450750489757777,26.385565380568323,-0.14323498044729988
2535.934,26.43754705,26.573609013093154,27.43769767003449,26.378485756813124,-0.1360619630931552
2536.416,26.42990433,26.564604330426512,27.424711802706792,26.371507449686607,-0.13470000042651264
2536.898,26.42180966,26.55569062990164,27.411793470917004,26.364630741471686,-0.13388096990163945
2537.38,26.40836651,26.546868313402193,27.398943254002837,26.35785590813148,-0.13850180340219254
2537.862,26.42615882,26.53813777721438,27.386161727472068,26.35118321929227,-0.11197895721437945
2538.344,26.41263021,26.5294994120001,27.373449462977554,26.344612938227083,-0.11686920200009965
2538.826,26.3751444,26.52095360277097,27.36080702829248,26.338145321839775,-0.14580920277096965
2539.309,26.38568017,26.51248328864584,27.34820897777604,26.331767523025853,-0.1268031186458387
2539.791,26.38112854,26.50412391766364,27.335708038173337,26.325506195425664,-0.1229953776636421
2540.273,26.38160204,26.49585822430153,27.32327860932538,26.3193482653354,-0.11425618430152795
2540.755,26.38053814,26.487686570704906,27.31092124323408,26.313293964020602,-0.10714843070490687
2541.237,26.3794649,26.4796093132446,27.298636487900712,26.307343516306275,-0.10014441324460321
2541.719,26.36315706,26.471626802493457,27.286424887302267,26.301497140564095,-0.1084697424934582
2542.201,26.36650424,26.46373938320333,27.274286981368213,26.29575504870052,-0.09723514320332782
2542.683,26.33120672,26.455947394282425,27.262223305957285,26.290117446145054,-0.12474067428242464
2543.166,26.3440613,26.4482353012743,27.25020959765284,26.28457316172184,-0.10417400127429843
2543.648,26.33768226,26.440635366026665,27.23829613121635,26.279145345899895,-0.10295310602666419
2544.13,26.34048942,26.43313184325385,27.226458479309198,26.273822597085616,-0.09264242325384942
2544.612,26.32699148,26.425725048261647,27.214697161272024,26.26860509468339,-0.09873356826164681
2545.094,26.30754239,26.418415290406813,27.203012692262483,26.263493011571445,-0.11087290040681452
2545.576,26.33165258,26.411202873077222,27.191405583233497,26.258486514093683,-0.07955029307722228
2546.058,26.30228854,26.404088093672726,27.179876340911548,26.253585762051934,-0.10179955367272697
2546.54,26.29782697,26.397071243586556,27.168425467775435,26.248790908699153,-0.09924427358655663
2547.022,26.30444026,26.39015260818707,27.1570534620352,26.2441021007327,-0.08571234818706941
2547.505,26.31732297,26.383318419703897,27.145737471724445,26.239510081246333,-0.06599544970389815
2547.987,26.3170753,26.37659725078648,27.13452484439817,26.235033998606905,-0.05952195078648259
2548.469,26.28955593,26.369975116885065,27.123392554279278,26.230664362313178,-0.08041918688506655
2548.951,26.29000738,26.36345227908388,27.112341082286772,26.226401292773385,-0.07344489908388141
2549.433,26.28944691,26.357028992358778,27.101370904968583,26.222244903816314,-0.06758208235877916
2549.915,26.30374747,26.350705505562054,27.090482494481783,26.21819530268824,-0.04695803556205291
2550.397,26.29662556,26.344482061407863,27.079676318573167,26.21425259005046,-0.047856501407864016
2550.879,26.28503729,26.338358896457894,27.06895284055977,26.210416859977304,-0.0533216064578923
2551.362,26.29284044,26.332323850608343,27.058290530711943,26.206680575501895,-0.03948341060834437
2551.844,26.2765829,26.326402138295137,27.047733994563185,26.203059288811495,-0.049819238295135904
2552.326,26.28328248,26.320581378269353,27.037261520422476,26.19954522752374,-0.037298898269352065
2552.808,26.26439896,26.314861782339232,27.026873553690717,26.196138459343636,-0.05046282233923094
2553.29,26.26976361,26.309243556097694,27.016570535246167,26.192839045388194,-0.03947994609769623
2553.772,26.25366848,26.30372689891113,27.00635290142648,26.18964704018779,-0.050058418911127944
2554.254,26.26348772,26.298312003909178,26.996221084011196,26.186562491688413,-0.03482428390917747
2554.736,26.26963132,26.29299905797445,26.986175510204138,26.183585441254095,-0.02336773797444991
2555.219,26.26944913,26.287777537196742,26.976196031362406,26.180710082115038,-0.01832840719674067
2555.7,26.27010385,26.282679729546814,26.96634477924925,26.17795396714745,-0.012575879546812274
2556.183,26.2683148,26.27766341016002,26.956540245284323,26.17529419816937,-0.009348610160021309
2556.665,26.26703575,26.27276021716104,26.946844008640014,26.17274764536571,-0.005724467161037694
2557.147,26.25783588,26.267959813943367,26.93723608322937,26.170308698862208,-0.010123933943368968
2557.629,26.26343683,26.26326234971552,26.927716868440378,26.167977360605192,0.00017448028447830666
2558.111,26.24757893,26.25866796738407,26.918286758970055,26.165753625993393,-0.011089037384071077
2558.593,26.25835496,26.25417680354811,26.908946144809015,26.16363748388521,0.004178156451889237
2559.075,26.24667772,26.24978898849391,26.899695411226244,26.161628916606336,-0.003111268493910302
2559.557,26.22088383,26.245504646190476,26.890534938754026,26.159727899958003,-0.024620816190477512
2560.04,26.22260894,26.241315328286255,26.881446380561798,26.157930794020295,-0.018706388286254594
2560.522,26.24003867,26.237238493361723,26.872467742082492,26.156245002934046,0.002800176638277918
2561.004,26.25573346,26.233265465363445,26.86358047849874,26.154666650729553,0.022467994636553357
2561.486,26.22733226,26.229396342942103,26.854784951240752,26.153195687190962,-0.002064082942101919
2561.968,26.25934316,26.22563121841596,26.846081516930663,26.151832055627835,0.03371194158404123
2562.45,26.23505362,26.221970177769364,26.83747052736889,26.15057569288672,0.01308344223063429
2562.932,26.23900081,26.218413300652024,26.828952329520817,26.149426529363254,0.02058750934797615
2563.414,26.2437774,26.214960660378512,26.820527265503827,26.14838448901495,0.028816739621486676
2563.896,26.23429309,26.2116123239287,26.81219567257442,26.147449489374377,0.022680766071299985
2564.379,26.23988349,26.20836173024127,26.803940890002554,26.146619834732544,0.03152175975873206
2564.861,26.21018334,26.20522239373194,26.795797427141252,26.14589886506565,0.004960946268059985
2565.343,26.22466504,26.202187524080212,26.78774841851159,26.145284650077787,0.02247751591978897
2565.825,26.23037158,26.19925716292663,26.779794181793278,26.14477708173198,0.031114417073368372
2566.307,26.25735957,26.196431345586124,26.771935029744807,26.144376045640662,0.06092822441387469
2566.789,26.23025414,26.19371010105159,26.7641712701921,26.14408142108218,0.03654403894840996
2567.271,26.23167402,26.19109345199778,26.756503206017488,26.143893081017758,0.04058056800221976
2567.753,26.24327838,26.188581414785876,26.74893113514889,26.143810892109073,0.054696965214123594
2568.236,26.24027922,26.18616911358879,26.741439940912556,26.143834874259266,0.054110106411211945
2568.718,26.24046835,26.183866540981143,26.73406093122687,26.143964782021637,0.05660180901885781
2569.2,26.21317868,26.181668591459253,26.726778779381927,26.144200402988037,0.03151008854074533
2569.682,26.23819964,26.179575256173152,26.719593763374423,26.14454157879442,0.058624383826849424
2570.164,26.24428116,26.177586519990065,26.712506156196255,26.14498814487258,0.06669464000993486
2570.646,26.21428193,26.175702361502093,26.70551622582525,26.145539930470665,0.038579568497905115
2571.128,26.23391112,26.173922753034617,26.698624235216155,26.146196758674357,0.059988366965381346
2571.61,26.23351767,26.17224766065496,26.691830442291675,26.146958446428496,0.06127000934504068
2572.093,26.22678414,26.17067389421262,26.685121311694168,26.1478267106527,0.05611024578738011
2572.575,26.22744259,26.16920792383192,26.678524872759546,26.148797760435762,0.058234666168079485
2573.057,26.22439582,26.16784633017332,26.672027375500353,26.149873083557882,0.05654948982668273
2573.539,26.2300976,26.166589054357807,26.665629057618045,26.151052472613785,0.06350854564219333
2574.021,26.24470705,26.16543603130031,26.659330151741926,26.15233571417276,0.07927101869968922
2574.503,26.22670912,26.164387189721552,26.653130885421795,26.153722588803166,0.06232193027844701
2574.985,26.23548813,26.16344245216066,26.647031481120973,26.155212871097604,0.07204567783934124
2575.467,26.24191075,26.162601734987927,26.64103215620944,26.156806329698163,0.07930901501207188
2575.949,26.2308469,26.161864948418476,26.635133122957427,26.158502727322514,0.06898195158152376
2576.432,26.24043443,26.161230791214013,26.629322662983867,26.160305659929552,0.07920363878598735
2576.914,26.24373108,26.160701787048527,26.623625038560583,26.162207412471457,0.08302929295147266
2577.396,26.24585581,26.160276407111915,26.618028312350404,26.164211356374906,0.08557940288808297
2577.878,26.26221727,26.159954537130652,26.61253267615345,26.166317230916366,0.10226273286934884
2578.36,26.26207416,26.159736056751083,26.607138316641283,26.168524769584504,0.10233810324891834
2578.842,26.24580736,26.159620839555846,26.60184541535181,26.170833700108783,0.08618652044415498
2579.324,26.26277088,26.15960875308088,26.596654148684586,26.17324374448867,0.10316212691911986
2579.806,26.27453388,26.159699658833024,26.591564687896273,26.17575461902307,0.11483422116697639
2580.289,26.28488489,26.15989392109249,26.58656695772143,26.178371556522556,0.12499096890751105
2580.771,26.28507506,26.160190584697098,26.58168181392653,26.181083425279095,0.12488447530290259
2581.253,26.26767097,26.160589788725648,26.5768989592003,26.183895238556005,0.10708118127435284
2581.735,26.28331402,26.161091370740586,26.57221854417751,26.186806690142355,0.12222264925941317
2582.217,26.27728356,26.1616951623701,26.56764071433144,26.1898174682808,0.11558839762989948
2582.699,26.29424499,26.1624009893284,26.56316560997095,26.19292725569959,0.13184400067159885
2583.181,26.28624644,26.163208671436593,26.558793366237733,26.196135729644926,0.12303776856340676
2583.663,26.2904183,26.16411802264407,26.554524113103852,26.199442561913862,0.1263002773559272
2584.146,26.2918449,26.165131053553623,26.550349439202336,26.20285458456823,0.1267138464463784
2584.627,26.28791336,26.1662409589268,26.546295072661618,26.20634996156469,0.12167240107320154
2585.11,26.29465801,26.16745676464333,26.542327412098338,26.209957415179286,0.12720124535666955
2585.592,26.32056812,26.16877102412459,26.53847153237397,26.213654491761343,0.15179709587540913
2586.074,26.29994868,26.17018593470275,26.53471921570803,26.217448204349235,0.12976274529724918
2586.556,26.32923242,26.171701275558735,26.531070561007013,26.22133819274522,0.15753114444126481
2587.038,26.32272053,26.17331682016391,26.527525661997778,26.225324091543,0.14940370983608986
2587.52,26.32897559,26.175032336305208,26.524084607227174,26.229405530163444,0.15394325369479134
2588.002,26.32548143,26.17684758611032,26.520747480061736,26.233582132890827,0.14863384388968015
2588.484,26.33682005,26.17876232607378,26.51751435868794,26.237853518909358,0.15805772392621975
2588.967,26.35036826,26.180780588451785,26.51437893256033,26.242228457837452,0.1695876715482143
2589.449,26.33152569,26.182893760911025,26.51135425274928,26.246688442399613,0.1486319290889746
2589.931,26.34274059,26.18510565893123,26.50843378233758,26.251242036748692,0.1576349310687668
2590.413,26.34965368,26.18741601672911,26.505617578786328,26.255888840030245,0.16223766327088995
2590.895,26.35726929,26.18982456302365,26.50290569438069,26.26062844647735,0.1674447269763526
2591.377,26.34110939,26.19233102106447,26.500298176231492,26.26546044544912,0.1487783689355311
2591.859,26.36000123,26.194935108660623,26.497795066277142,26.27038442146955,0.16506612133937892
2592.341,26.35399573,26.197636538209675,26.495396401285664,26.27539995426654,0.15635919179032598
2592.823,26.35699633,26.20043501672734,26.49310221285711,26.28050661881129,0.1565613132726611
2593.306,26.34940487,26.203336352938983,26.49090809315642,26.28571486226003,0.14606851706101764
2593.788,26.36107911,26.206328228841496,26.488823148868942,26.291002683208216,0.15475088115850255
2594.27,26.36832675,26.20941624212318,26.486842744991886,26.296380331760236,0.15891050787682204
2594.752,26.37723204,26.21260007856451,26.48496689247112,26.301847364250673,0.16463196143548942
2595.234,26.39813912,26.21587941871767,26.4831955971001,26.30740333245868,0.18225970128233016
2595.716,26.40157824,26.21925393793845,26.48152885952365,26.313047783649154,0.1823243020615486
2596.198,26.41065515,26.222723306418295,26.479966675242075,26.31878026061388,0.18793184358170478
2596.68,26.40312556,26.226287189217015,26.478509034615517,26.32460030171317,0.1768383707829848
2597.163,26.39660241,26.229952933280938,26.477153224227287,26.330519786605937,0.16664947671906205
2597.645,26.41634909,26.233705013838975,26.475904838253154,26.336513732772488,0.18264407616102574
2598.127,26.41165775,26.23755057270435,26.474760936163467,26.342593830995902,0.1741071772956495
2598.609,26.39945942,26.241489254732315,26.473721487795558,26.348759602322275,0.1579701652676846
2599.091,26.43181657,26.245520699814588,26.472786457872033,26.3550105635779,0.18629587018541116
2599.573,26.43195912,26.249644542913874,26.47195580600664,26.361346227411893,0.18231457708612453
2600.055,26.45385006,26.253860414098842,26.471229486710364,26.367766102339658,0.19998964590115875
2600.537,26.41995143,26.258167938579493,26.47060744939767,26.374269692786093,0.16178349142050763
2601.02,26.44307389,26.26257595749262,26.470088672398052,26.380870250856624,0.18049793250738233
2601.502,26.44278462,26.267065833101576,26.469675242987538,26.387539940547605,0.17571878689842535
2601.984,26.45484517,26.27164620802848,26.46936591315017,26.394291833869108,0.1831989619715202
2602.466,26.48247904,26.27631668839735,26.469160611972057,26.401125419313978,0.20616235160265006
2602.948,26.47430078,26.281076875654595,26.469059263478115,26.40804018150467,0.19322390434540537
2603.43,26.48391242,26.28592636660591,26.46906178663977,26.415035601237495,0.19798605339408937
2603.912,26.48796308,26.29086475345379,26.469168095383054,26.422111155527467,0.19709832654621096
2604.394,26.5174792,26.295891623835164,26.469378098596792,26.429266317653152,0.22158757616483626
2604.876,26.49683218,26.301006560859275,26.469691700141144,26.436500557201615,0.19582561914072372
2605.359,26.51287827,26.306220027697453,26.470109771718516,26.4438285931355,0.2066582423025487
2605.841,26.51274946,26.31151000992299,26.470630475824038,26.45121954302669,0.20123945007700783
2606.323,26.54401668,26.316886780439358,26.47125445952122,26.45868795627848,0.22712989956064078
2606.805,26.53514176,26.32234990462083,26.47198160663484,26.46623328815757,0.21279185537916945
2607.287,26.55234428,26.32789894350776,26.472811796007065,26.47385499046642,0.2244453364922414
2607.769,26.55788348,26.333533453846044,26.473744901507374,26.481552511589,0.2243500261539566
2608.251,26.5770287,26.33925298812676,26.474780792042683,26.48932529653677,0.23777571187324043
2608.733,26.56102801,26.345057094626267,26.47591933156776,26.4971727869947,0.21597091537373458
2609.216,26.58289802,26.350957620796397,26.47716306033957,26.505110932974574,0.23194039920360154
2609.698,26.57813292,26.356929672984034,26.47850668216757,26.513106298497014,0.22120324701596772
2610.18,26.60582316,26.36298491636634,26.479952514926012,26.52117467390587,0.2428382436336598
2610.662,26.61504218,26.369122882756063,26.481500402859428,26.529315488036197,0.2459192972439368
2611.144,26.60744018,26.375343099954293,26.483150185315626,26.537528166628338,0.23209708004570828
2611.626,26.63777491,26.381645091791693,26.48490169675751,26.545812132374515,0.2561298182083078
2612.108,26.62147019,26.388028378170027,26.486754766775054,26.554166804965597,0.23344181182997303
2612.59,26.64256581,26.39449247510367,26.4887092200976,26.562591601137694,0.2480733348963291
2613.073,26.65201572,26.401050555550476,26.490769246526657,26.571103629693496,0.250965164449525
2613.554,26.63878527,26.407661145508925,26.492921551346576,26.579649216676778,0.23112412449107467
2614.037,26.6611928,26.414378721929143,26.495183842834912,26.588298833772104,0.2468140780708552
2614.519,26.65783626,26.421161307988676,26.49754218847663,26.596998374139684,0.23667495201132382
2615.001,26.65999917,26.428022226788325,26.5000009681855,26.605765077846307,0.23197694321167361
2615.483,26.67485817,26.43496097189528,26.502559977786646,26.614598344878992,0.2398971981047211
2615.965,26.67778721,26.44197703328579,26.505219008336503,26.623497572598787,0.23581017671421023
2616.447,26.6737502,26.44906989738811,26.507977846136967,26.6324621557878,0.22468030261189043
2616.929,26.67523518,26.45623904712566,26.510836272749547,26.641491486696356,0.2189961328743415
2617.411,26.6885469,26.46348396196026,26.51379406500994,26.650584955090054,0.22506293803973776
2617.894,26.70053126,26.47081938282878,26.516857440114002,26.659761011815707,0.22971187717122277
2618.376,26.71842673,26.47821440707099,26.520013480299845,26.668981044650554,0.24021232292901118
2618.858,26.73882324,26.4856836133561,26.523268187936395,26.678263368547114,0.2531396266438968
2619.34,26.7244683,26.493226467727844,26.52662132109542,26.687607363798797,0.23124183227215767
2619.822,26.73289888,26.500842432986474,26.530072633198564,26.697012408450032,0.23205644701352668
2620.304,26.75282177,26.508530968732853,26.533621873033063,26.706477878343385,0.24429080126714808
2620.786,26.76668688,26.5162915314125,26.537268784767836,26.7160031471666,0.250395348587503
2621.268,26.75952599,26.524123574359745,26.541013107969647,26.725587586499703,0.2354024156402552
2621.75,26.77756574,26.532026547841934,26.544854577619503,26.73523056586202,0.2455391921580663
2622.233,26.77068381,26.540016514098827,26.548801195486497,26.744951638835357,0.23066729590117419
2622.715,26.79247616,26.54805983168628,26.552836344848487,26.754709916969013,0.24441632831371862
2623.197,26.81144174,26.55617241149081,26.556967817671783,26.764524830472936,0.2552693285091898
2623.679,26.82355618,26.564353691950192,26.56119533075362,26.774395741089222,0.2592024880498087
2624.161,26.83856094,26.572603108657827,26.56551859639078,26.784322008733856,0.265957831342174
2624.643,26.82582373,26.58092009440734,26.56993732239733,26.794302991543432,0.24490363559266015
2625.125,26.83381517,26.58930407923739,26.574451212122458,26.804338045921824,0.2445110907626109
2625.607,26.86936501,26.597754490476486,26.57905996446857,26.81442652658688,0.271610519523513
2626.09,26.88202595,26.6062884894332,26.58377312989056,26.82458888098983,0.2757374605667984
2626.572,26.89269169,26.614870159678034,26.58857088169878,26.83478237935009,0.2778215303219653
2627.054,26.88331332,26.623516521297667,26.593462565681833,26.84502735714877,0.2597967987023324
2627.536,26.89329824,26.63222699122333,26.598447863130872,26.855323162820966,0.26107124877666976
2628.018,26.89699352,26.64100098390069,26.60352645098382,26.865669143347645,0.25599253609930983
2628.5,26.9136563,26.64983791133485,26.60869800184458,26.876064644301817,0.2638183886651504
2628.982,26.92518593,26.65873718313533,26.61396218400257,26.886509009894628,0.2664487468646719
2629.464,26.92137975,26.667698206561074,26.619318661452375,26.897001583021062,0.2536815434389261
2629.947,26.93422277,26.676739167939353,26.624778493064092,26.90756362174943,0.257483602060649
2630.429,26.94553888,26.685822032234494,26.630318725703766,26.91815073018785,0.25971684776550674
2630.911,26.96215449,26.694964855032435,26.63595021932189,26.928784066034392,0.26718963496756487
2631.393,26.96534548,26.704167034635518,26.64167262092573,26.939462967374627,0.2611784453644823
2631.875,26.96754623,26.713427967220756,26.647485573329135,26.950186771206155,0.25411826277924376
2632.357,26.99740122,26.722747046884642,26.65338871517327,26.960954813483845,0.27465417311535845
2632.839,27.00254047,26.73212366568815,26.659381680947725,26.97176642916476,0.27041680431185
2633.321,27.02564259,26.74155721370172,26.66546410101163,26.9826209522533,0.2840853762982789
2633.803,27.02298689,26.751047079050185,26.671635601615137,26.993517715845933,0.2719398109498137
2634.286,27.04954278,26.760612509519145,26.677908884836533,27.00447878857074,0.2889302704808543
2634.768,27.0620827,26.770213280002192,26.68425759178004,27.01545811322036,0.29186941999780913
2635.25,27.03762638,26.77986851968578,26.690694232771207,27.02647767127253,0.2577578603142179
2635.732,27.07073124,26.789577609356524,26.697218417833408,27.037536792635954,0.28115363064347676
2636.214,27.06562735,26.799339928079274,26.7038297529907,27.04863480653342,0.2662874219207261
2636.696,27.07423867,26.809154853241708,26.71052784029034,27.05977104154572,0.26508381675829185
2637.178,27.09440524,26.819021760599004,26.717312277825478,27.070944825655502,0.27538347940099683
2637.66,27.11170916,26.828940024318165,26.724182659757936,27.082155486290745,0.2827691356818356
2638.143,27.11867533,26.838929751876652,26.73115309633019,27.093425721277445,0.27974557812334666
2638.625,27.11466861,26.848948947977686,26.73819431009978,27.104708188259337,0.26571966202231323
2639.107,27.16423895,26.859017612547685,26.74532022652515,27.11602550975793,0.3052213374523163
2639.589,27.16059856,26.869135113841796,26.752530424266773,27.12737701141469,0.29146344615820396
2640.071,27.17767795,26.879300818748405,26.759824478170593,27.13876201853192,0.2983771312515948
2640.553,27.16769567,26.88951409283327,26.767201959291967,27.15017985611547,0.2781815771667304
2641.035,27.17969245,26.899774300383246,26.774662434919595,27.161629848916956,0.2799181496167549
2641.517,27.19856558,26.91008080445025,26.782205468599756,27.173111321475954,0.28848477554975105
2642.0,27.22192072,26.920454491428714,26.789846525031173,27.1846475141055,0.3014662285712859
2642.481,27.20827593,26.93083014842992,26.797537445737035,27.19616600321647,0.27744578157007993
2642.964,27.22462281,26.94129341733883,26.80534173970124,27.20776189894399,0.2833293926611695
2643.446,27.23389084,26.95177880489372,26.813210734173936,27.21936259215359,0.28211203510628025
2643.928,27.23205092,26.962307285891896,26.82116004820506,27.2309913846984,0.269743634108103
2644.41,27.25112609,26.972878216887175,26.82918922339605,27.242647600720588,0.27824787311282506
2644.892,27.25544636,26.983490953502127,26.837297797779897,27.254330564440064,0.27195540649787375
2645.374,27.26652171,26.99414485047079,26.845485305846466,27.26603960019504,0.27237685952921
2645.856,27.27411171,27.00483926168154,26.853751278568282,27.277774032482284,0.26927244831846053
2646.338,27.29939118,27.015573540219638,26.862095243426154,27.289533185997364,0.2838176397803629
2646.821,27.29423257,27.026369430384843,26.870534276633336,27.301340856674567,0.2678631396151552
2647.303,27.30812765,27.03718157918248,26.879032953695663,27.31314747551338,0.2709460708175193
2647.785,27.32151084,27.048031648821762,26.887608183641532,27.324976789858294,0.27347919117823594
2648.267,27.33104943,27.058918989597853,26.896259480238957,27.336828125597524,0.2721304404021474
2648.749,27.3340326,27.069842951213865,26.90498635389551,27.348700809015543,0.26418964878613593
2649.231,27.35548441,27.080802882822656,26.913788311684925,27.360594166831728,0.27468152717734284
2649.713,27.3682941,27.091798133068323,26.92266485737388,27.372507526239016,0.27649596693167666
2650.195,27.39224429,27.102828050127815,26.931615491449044,27.38444021494227,0.28941623987218534
2650.677,27.40115491,27.11389198175201,26.94063971114403,27.396391561196225,0.2872629282479906
2651.16,27.3910039,27.1250123329642,26.94975596014503,27.4083857447154,0.26599156703580107
2651.642,27.408238,27.136142402653682,26.958925979934364,27.420372428452467,0.2720955973463184
2652.124,27.42630943,27.147304526659084,26.968168056733045,27.432375756792748,0.27900490334091543
2652.606,27.39772902,27.15849805143603,26.97748167502977,27.44439506056853,0.23923096856396953
2653.088,27.4500953,27.169722323218,26.986866316197727,27.45642967134913,0.2803729767820009
2653.57,27.45890539,27.180976688056614,26.99632145852251,27.46847892147744,0.27792870194338803
2654.052,27.47599076,27.192260491861564,27.005846577230148,27.48054214410636,0.2837302681384344
2654.534,27.4614839,27.203573080440584,27.01544114451521,27.492618673235008,0.25791081955941664
2655.017,27.52830347,27.214937356789477,27.02512474956327,27.50473293769094,0.3133661132105239
2655.499,27.50271602,27.226305608454126,27.034856759921162,27.516834109539534,0.276410411545875
2655.981,27.5196413,27.237700680742098,27.04465661641833,27.528946593945157,0.28194061925790237
2656.463,27.52957799,27.24912191944785,27.054523779401496,27.541069728650356,0.2804560705521517
2656.945,27.53468915,27.260568670460287,27.0644577063286,27.553202852420995,0.27412047953971097
2657.427,27.56031628,27.27204027980161,27.074457851797764,27.565345305080932,0.28827600019838684
2657.909,27.58209172,27.283536093665493,27.084523667576125,27.577496427546418,0.29855562633450816
2658.391,27.575824,27.2950554584557,27.094654602629078,27.589655561860134,0.2807685415443011
2658.874,27.59112053,27.306621690775223,27.10487132237011,27.60184730009493,0.2844988392247778
2659.356,27.59420065,27.318186243130828,27.115130964025674,27.614020502127115,0.276014406869173
2659.838,27.60548972,27.329772385909312,27.12545405417105,27.62619974787596,0.27571733409068955
2660.32,27.62113139,27.341379466733617,27.1358400308524,27.63838438422904,0.27975192326638165
2660.802,27.63071431,27.35300683362492,27.146288329461402,27.650573759367393,0.27770747637507753
2661.284,27.63148404,27.364653835039775,27.156798382765096,27.662767222797918,0.26683020496022536
2661.766,27.66620058,27.37631981990682,27.16736962093571,27.67496412538582,0.2898807600931832
2662.248,27.66842153,27.388004137663476,27.178001471580714,27.687163819386626,0.2804173923365241
2662.73,27.69696685,27.399706138292117,27.188693359772877,27.69936565847799,0.2972607117078816
2663.213,27.68568188,27.41144950296104,27.199467075189073,27.711594317035324,0.27423237703895964
2663.695,27.70339842,27.42318495496057,27.21027742525971,27.72379851429623,0.2802134650394308
2664.177,27.71435525,27.43493614206578,27.22114607197932,27.73600292519678,0.27941910793422053
2664.659,27.74139683,27.44670241679995,27.23207243057985,27.74820690941883,0.2946944132000482
2665.141,27.74264275,27.45848313240971,27.243055913910517,27.76040982822119,0.28415961759029074
2665.623,27.74138379,27.470277642900275,27.25409593246856,27.77261104446992,0.2711061470997258
2666.105,27.76035546,27.482085303070143,27.265191894429957,27.78480992266834,0.2782701569298567
2666.587,27.76941214,27.49390546854562,27.27634320568033,27.79700582898651,0.2755066714543801
2667.07,27.78740299,27.505762055473852,27.287572575442198,27.809223422339777,0.28164093452614836
2667.552,27.79295583,27.51760532453076,27.29883290565013,27.821411480782483,0.2753505054692411
2668.034,27.81072186,27.529459169750385,27.310146788122708,27.833594674846193,0.2812626902496156
2668.516,27.80211155,27.541322950412695,27.32151361988976,27.845772377663028,0.26078859958730405
2668.998,27.83104598,27.553196026794726,27.33293279584649,27.857943964176354,0.2778499532052727
2669.48,27.84196797,27.565077760203486,27.34440370878469,27.870108811168407,0.27689020979651247
2669.962,27.83525689,27.576967513008793,27.35592574942418,27.88226629728841,0.2582893769912076
2670.444,27.86262453,27.58886464867608,27.367498306444407,27.89441580307991,0.27375988132392237
2670.927,27.88783659,27.60079323522529,27.379144930951192,27.90658189024883,0.28704335477470977
2671.408,27.88434566,27.612678528129383,27.39079251433227,27.918688405486282,0.2716671318706183
2671.891,27.8808429,27.62461873077724,27.4025372990256,27.93083541136629,0.2562241692227616
2672.373,27.9174277,27.636539064986064,27.414305867708606,27.942946817821603,0.28088863501393746
2672.855,27.92302893,27.648463615633094,27.42612186538114,27.955047174761834,0.2745653143669067
2673.337,27.92966824,27.660391753430257,27.43798466914238,27.967135874663022,0.2692764865697441
2673.819,27.92366303,27.672322850406417,27.449893654273737,27.97921231208042,0.25134017959358346
2674.301,27.94241359,27.68425627993795,27.461848194271106,27.991275883673914,0.25815731006204956
2674.783,27.9427264,27.69619141677909,27.473847660876835,28.003325988233033,0.24653498322091139
2675.265,27.99112073,27.70812763709216,27.485891424112047,28.015362026701794,0.28299309290783725
2675.748,27.9783085,27.72008908342476,27.49800397491127,28.02740832716116,0.2582194165752405
2676.23,28.01779369,27.732025603973664,27.510134523362954,28.039414412749768,0.2857680860263372
2676.712,28.01824282,27.743961343943432,27.52230746718387,28.05140464702383,0.2742814760565686
2677.194,28.03593253,27.755895685427795,27.534522169830037,28.06337843979239,0.280036844572205
2677.676,28.04068025,27.76782801207543,27.546777993198173,28.075335203139087,0.27285223792457103
2678.158,28.06632281,27.77975770911861,27.559074297658228,28.08727435144513,0.28656510088138987
2678.64,28.08854071,27.79168416340135,27.571410442085917,28.099195301412415,0.2968565465986508
2679.122,28.04864009,27.80360676340771,27.58378578389545,28.11109747208607,0.2450333265922886
2679.604,28.09309387,27.81552489928956,27.596199679072193,28.122980284876903,0.2775689707104405
2680.087,28.0945704,27.82746267310014,27.60867735477852,28.13486775424521,0.26710772689985873
2680.569,28.11102398,27.83937004558666,27.621166495725934,28.146710081933723,0.2716539344133402
2681.051,28.11572806,27.85127113343298,27.63369224840485,28.158531329203125,0.2644569265670178
2681.533,28.14217218,27.863165333739133,27.646253963410146,28.170330927150847,0.2790068462608666
2682.015,28.1447541,27.87505204540851,27.65885099007198,28.18210830934806,0.269702054591491
2682.497,28.16649409,27.88693066917397,27.671482676488704,28.193862911860666,0.2795634208260296
2682.979,28.1494439,27.89880060762399,27.68414836955977,28.20559417326968,0.2506432923760116
2683.461,28.14939867,27.910661265228484,27.69684741501884,28.217301534691767,0.23873740477151628
2683.944,28.17244663,27.922536624375937,27.70960560540325,28.22900865238463,0.24991000562406285
2684.426,28.18081572,27.93437691902426,27.722369454131737,28.240666494962973,0.24643880097573856
2684.908,28.18432737,27.94620615655771,27.735164684419008,28.25229877517606,0.23812121344228743
2685.39,28.20962371,27.958023749228765,27.74799063766372,28.26390494448611,0.2515999607712338
2685.872,28.19866932,27.96982911129651,27.760846654264167,28.275484456988817,0.22884020870349175
2686.354,28.2138905,27.981621659050834,27.77373207365145,28.287036769431907,0.23226884094916755
2686.836,28.22495168,27.99340081083662,27.786646234322617,28.298561341233864,0.23155086916338163
2687.318,28.23027076,28.005165987077305,27.79958847387401,28.31005763450206,0.2251047729226947
2687.801,28.24476351,28.01694097365751,27.812585065070376,28.321548875180596,0.22782253634249017
2688.283,28.26235013,28.028676436526943,27.82558152654399,28.33298694711347,0.2336736934730581
2688.765,28.27442359,28.040396196640327,27.83860407323384,28.34439514205163,0.23402739335967482
2689.247,28.2758381,28.052099682972706,27.85165203946382,28.35577293304196,0.22373841702729536
2689.729,28.28312222,28.063786326692842,27.864724758823375,28.367119795908135,0.2193358933071572
2690.211,28.29646183,28.075455561185432,27.877821564200815,28.378435209267348,0.2210062688145662
2690.693,28.31599489,28.087106822073043,27.890941787816555,28.389718654546936,0.22888806792695604
2691.175,28.31259604,28.098739547237894,27.90408476125651,28.40096961600065,0.21385649276210472
2691.657,28.34136571,28.11035317684343,27.917249815505304,28.412187580724698,0.23101253315657289
2692.14,28.33271442,28.12197118643369,27.930463660583996,28.42339520776083,0.21074323356630842
2692.622,28.35726176,28.133544912139797,27.943670909500575,28.43454558066995,0.22371684786020296
2693.104,28.37047237,28.14509787553022,27.95689822751401,28.44566143430742,0.22537449446978286
2693.586,28.37652474,28.156629526107775,27.970144943536347,28.456742267301692,0.21989521389222588
2694.068,28.37636565,28.16813931576031,27.983410386045097,28.46778758120071,0.20822633423968995
2694.55,28.39677658,28.179626698780382,27.99669388311648,28.47879688048639,0.2171498812196191
2695.032,28.40165322,28.19109113188543,28.00999476245887,28.489769672589254,0.2105620881145711
2695.514,28.43478073,28.20253207423697,28.02331235144602,28.500705467902538,0.2322486557630299
2695.997,28.42547471,28.213972648651605,28.036673656477344,28.511626351101796,0.21150206134839422
2696.479,28.45569587,28.225364945333656,28.050022676877827,28.522486616665635,0.23033092466634386
2696.961,28.46417388,28.236732142499562,28.06338638597217,28.53330843354046,0.22744173750043828
2697.443,28.4796281,28.248073709283187,28.076764110128103,28.5440913241142,0.23155439071681272
2697.925,28.48748579,28.259389117356623,28.09015517554526,28.554834813805133,0.22809667264337818
2698.407,28.49803726,28.270677840948107,28.10355890828822,28.565538431074728,0.2273594190518935
2698.889,28.51304589,28.281939356860015,28.116974634319927,28.576201707440376,0.23110653313998597
2699.371,28.51980109,28.293173144486364,28.130401679534675,28.586824177487646,0.22662794551363774
2699.854,28.52491151,28.30440190412131,28.143867259414645,28.597427288364877,0.22050960587868929
2700.335,28.51794355,28.315555465520475,28.157287030946836,28.607944852383802,0.20238808447952295
2700.818,28.53489496,28.32672606764893,28.17077191708477,28.618463876297785,0.20816889235106828
2701.3,28.52350421,28.337843726186634,28.18423751495315,28.628918439787867,0.18566048381336486
2701.782,28.52627547,28.348931091832785,28.197711060209773,28.639329915400584,0.17734437816721638
2702.264,28.55493799,28.359987659893093,28.2111918790336,28.649697856386215,0.19495033010690577
2702.746,28.55507724,28.37101292838157,28.224679297766677,28.66002181914405,0.18406431161842818
2703.228,28.56171648,28.38200639803608,28.238172642947227,28.670301363233257,0.1797100819639219
2703.71,28.58469189,28.392967572334065,28.251671241342457,28.680536051383335,0.19172431766593334
2704.192,28.58303894,28.403895957507576,28.26517441998151,28.690725449504328,0.17914298249242577
2704.675,28.60612315,28.414813631577225,28.27870953278427,28.700890123846467,0.19130951842277355
2705.157,28.6219414,28.425674897727813,28.292219860224026,28.710987556225863,0.1962665022721879
2705.639,28.62805408,28.43650190912386,28.30573274950146,28.721038414612647,0.19155217087613963
2706.121,28.60937848,28.447294183170435,28.3192475290226,28.731042277744876,0.1620842968295655
2706.603,28.63689202,28.458051240100374,28.33276352761937,28.74099872758968,0.17884077989962677
2707.085,28.64235068,28.46877260298814,28.346280074582292,28.750907349352307,0.1735780770118609
2707.567,28.64884669,28.479457797763608,28.359796499692987,28.76076773148501,0.1693888922363911
2708.049,28.67446772,28.490106353225492,28.373312133256903,28.770579465695853,0.18436136677450676
2708.531,28.67237905,28.500717801054694,28.386826306135614,28.78034214695708,0.17166124894530554
2709.014,28.68109638,28.511313573948364,28.400366380388242,28.790075473750804,0.16978280605163576
2709.496,28.71151489,28.52184933375771,28.413875620371456,28.79973874328608,0.1896655562422893
2709.978,28.7171075,28.53234659744887,28.42738139453231,28.809351763639622,0.18476090255112965
2710.46,28.74519195,28.542804908365873,28.440883036282738,28.818914142928755,0.20238704163412535
2710.942,28.72041743,28.553223812798123,28.45437987975279,28.828425492574727,0.1671936172018782
2711.424,28.75412606,28.56360285999224,28.467871259822587,28.83788542731013,0.19052320000776035
2711.906,28.74018611,28.573941602164094,28.48135651215463,28.84729356518607,0.1662445078359056
2712.388,28.76469453,28.584239594510233,28.494834973225732,28.856649527579226,0.18045493548976665
2712.871,28.77930568,28.59451763176535,28.508333920299002,28.865972185997602,0.18478804823465111
2713.353,28.75974481,28.60473271520505,28.52179679417095,28.875222564709013,0.1550120947949516
2713.835,28.7798098,28.614905731504834,28.535250890047767,28.884419651327274,0.16490406849516503
2714.317,28.79126104,28.625036247902237,28.548695547984828,28.893563080604956,0.1662247920977613
2714.799,28.80432581,28.635123834670427,28.562130109011154,28.902652490652546,0.1692019753295746
2715.281,28.80925914,28.645168065128534,28.575553915161027,28.911687522944582,0.16409107487146812
2715.763,28.83834336,28.655168515651905,28.58896630950565,28.920667822325424,0.18317484434809472
2716.245,28.81601433,28.665124765682048,28.60236663618456,28.929593037014758,0.15088956431795353
2716.728,28.84846931,28.675056914620157,28.61578200187107,28.938481162787333,0.17341239537984166
2717.21,28.84474078,28.684923420445035,28.629156201637848,28.94729505020328,0.1598173595549639
2717.692,28.84872766,28.694744481744998,28.642516371529073,28.956052817188056,0.15398317825500385
2718.174,28.86655641,28.704519690328638,28.65586186027365,28.964754125523122,0.16203671967136302
2718.656,28.87965784,28.71424864111775,28.66919201782524,28.973398640391096,0.16540919888225147
2719.138,28.87260324,28.723930932156158,28.68250619539322,28.98198603038027,0.14867230784384233
2719.62,28.87788542,28.73356616461834,28.695803745473636,28.990515967489223,0.14431925538166013
2720.102,28.90371747,28.74315394281804,28.70908402188011,28.998988127131142,0.1605635271819601
2720.584,28.88833468,28.752693874216323,28.722346379774496,29.007402188137963,0.13564080578367665
2721.067,28.88822974,28.762205211333736,28.7356176327119,29.015775107184417,0.1260245286662638
2721.549,28.91422182,28.771648182866976,28.74884218410534,29.02407189893954,0.14257363713302595
2722.031,28.91940853,28.781042148155446,28.76204688954072,29.032309648466025,0.13836638184455197
2722.513,28.92142128,28.790386727335772,28.775231109881865,29.040488048316664,0.1310345526642287
2722.995,28.9234913,28.799681543730802,28.788394207493457,29.048606794481714,0.12380975626919621
2723.477,28.94482781,28.808926223856655,28.80153554627106,29.056665586392093,0.13590158614334413
2723.959,28.9600925,28.81812039742994,28.814654491671387,29.06466412692246,0.1419721025700582
2724.441,28.97370378,28.827263697374434,28.827750410742198,29.072602122394244,0.14644008262556696
2724.924,28.95900111,28.83637456951609,28.840849767997412,29.080495561796916,0.12262654048391042
2725.406,28.98881482,28.845414926414126,28.853897691024226,29.088311472812165,0.14339989358587601
2725.888,28.98886844,28.85440332702628,28.86692069740871,29.096065977857396,0.13446511297372155
2726.37,28.98054171,28.86333941717742,28.879918160864683,29.10375879707538,0.11720229282257932
2726.852,28.99716968,28.872222845931287,28.892889456845417,29.111389654068386,0.12494683406871232
2727.334,29.00552079,28.881053265596734,28.90583396257331,29.118958275900557,0.12446752440326492
2727.816,29.0101889,28.889830331733023,28.918751057069038,29.12646439309968,0.12035856826697611
2728.298,29.01073557,28.898553703155677,28.93164012118075,29.13390773965928,0.11218186684432396
2728.781,29.03525837,28.907240971722256,28.944527188768575,29.141303299190533,0.12801739827774483
2729.262,29.05084202,28.915838013434655,28.957331690956206,29.148605074172135,0.13500400656534595
2729.745,29.0587708,28.924415989064954,28.97015949489868,29.15587352992204,0.1343548109350472
2730.227,29.084959,28.932921120592813,28.982930219631697,29.163063070604284,0.15203787940718883
2730.709,29.06331006,28.941370899838358,28.995669845383567,29.170188562143057,0.12193916016164152
2731.191,29.05877706,28.949765005268038,29.00837776457753,29.177249759365022,0.10901205473196285
2731.673,29.0959599,28.95810311863866,29.021053371665325,29.18424642057193,0.1378567813613394
2732.155,29.09062781,28.966384925001904,29.03369606315533,29.191178307541552,0.12424288499809677
2732.637,29.0887384,28.97461011270825,29.04630523764079,29.198045185528418,0.11412828729175217
2733.119,29.08956843,28.982778373411143,29.058880295827805,29.204846823264443,0.10679005658885643
2733.602,29.10711095,28.990906170228595,29.07144662137821,29.21159690020516,0.11620477977140453
2734.084,29.10481429,28.998959545439465,29.083951583806098,29.21826724102504,0.1058547445605349
2734.566,29.09765165,29.006955087846563,29.096420643781265,29.224871668203768,0.09069656215343613
2735.048,29.10566452,29.01489250235878,29.108853210743128,29.23140996439364,0.09077201764122123
2735.53,29.10810474,29.022771497205756,29.121248696382093,29.23788191572567,0.08533324279424548
2736.012,29.12771293,29.030591783940917,29.133606514666745,29.24428731180939,0.0971211460590844
2736.494,29.1016349,29.03835307744448,29.1459260818709,29.25062594573273,0.0632818225555205
2736.976,29.1423152,29.046055095926466,29.15820681660073,29.256897614061714,0.09626010407353291
2737.458,29.1422105,29.053697560929187,29.170448139821342,29.26310211683989,0.0885129390708137
2737.941,29.13473265,29.061295866560055,29.182674746890502,29.269251920088095,0.07343678343994497
2738.423,29.14515758,29.068818277604013,29.194835434808247,29.275321365449503,0.07633930239598641
2738.905,29.1639443,29.076280319262047,29.206954987349178,29.281323065861358,0.087663980737954
2739.387,29.13737649,29.083681726437565,29.219032835185395,29.287256835278612,0.05369476356243652
2739.869,29.16254781,29.091022237378166,29.231068411480287,29.293122491130124,0.07152557262183379
2740.351,29.15691811,29.09830159367729,29.243061151914326,29.29891985431765,0.05861651632270792
2740.833,29.17246807,29.105519540276187,29.255010494711115,29.30464874921451,0.06694852972381327
2741.315,29.17701195,29.112675825465544,29.26691588066303,29.310309003664468,0.06433612453445647
2741.798,29.18049079,29.11978485498279,29.278801314119683,29.315911977847296,0.06070593501721078
2742.28,29.20181925,29.12681694642644,29.290617025086664,29.321434305539817,0.07500230357355875
2742.762,29.20369344,29.133786640946422,29.302387116112236,29.32688749679303,0.06990679905357666
2743.244,29.18444685,29.140693700252466,29.31411103852356,29.332271393324774,0.04375314974753408
2743.726,29.22307691,29.147537889410295,29.325788246343024,29.337585840315445,0.07553902058970507
2744.208,29.21433136,29.154318976842593,29.33741819631293,29.342830686406142,0.060012383157406646
2744.69,29.19747283,29.161036734329866,29.349000347920324,29.348005783696724,0.036436095670133284
2745.172,29.2337256,29.167690937011,29.360534163421413,29.353110987743726,0.06603466298900074
2745.655,29.23172216,29.17429497002065,29.37204288438059,29.3581565310723,0.057427189979350146
2746.137,29.23060423,29.180821268950194,29.383478322588676,29.363121383392514,0.049782961049807284
2746.619,29.23851618,29.187283358204596,29.39486382722196,29.368015929582363,0.05123282179540567
2747.101,29.24787201,29.193681026368576,29.40619887186147,29.372840039009883,0.05419098363142183
2747.583,29.24338134,29.200014065387084,29.417482932977748,29.37759358448819,0.04336727461291545
2748.065,29.24292008,29.206282270565538,29.428715489954442,29.382276442272797,0.036637809434463264
2748.547,29.25323809,29.212485440569534,29.439896025111658,29.38688849205896,0.04075264943046619
2749.029,29.25816901,29.218623377424933,29.45102402372934,29.39142961697901,0.03954563257506649
2749.511,29.26445935,29.224695886517303,29.462098974070212,29.395899703599298,0.03976346348269644
2749.994,29.27012766,29.230715170677527,29.47314317734049,29.40030769431247,0.039412489322472766
2750.476,29.29201175,29.236656117115988,29.48411039527521,29.404635229813866,0.05535563288401235
2750.958,29.26275015,29.24253107172333,29.49502304680748,29.40889140707896,0.0202190782766678
2751.44,29.26910747,29.2483398533264,29.50588063236558,29.413076126387317,0.020767616673602163
2751.922,29.28006276,29.25408228410894,29.516682655473748,29.417189291437047,0.02598047589106045
2752.404,29.29527612,29.259758189610466,29.52742862277427,29.421230809341406,0.03551793038953477
2752.886,29.30224043,29.26536739872551,29.538118044049344,29.425200590625384,0.03687303127449226
2753.368,29.28079629,29.27090974370232,29.548750432242876,29.42909854922202,0.009886546297682486
2753.851,29.31883456,29.276396349931126,29.559347182926338,29.432932465537938,0.04243821006887316
2754.333,29.31747228,29.281804337222656,29.569863935718846,29.436686384748217,0.03566794277734431
2754.815,29.32363226,29.287144976907207,29.580322212459837,29.44036824332918,0.03648728309279292
2755.297,29.33587576,29.292418114642093,29.590721538961088,29.443977968816814,0.04345764535790764
2755.779,29.31458108,29.2976235994314,29.60106144430234,29.447515492136286,0.016957480568599692
2756.261,29.32161448,29.302761283624342,29.6113414608521,29.450980747598177,0.018853196375658854
2756.743,29.3218277,29.307831022913522,29.62156112428812,29.45437367289427,0.013996677086478115
2757.225,29.33417938,29.312832676332878,29.631719973617745,29.457694209093397,0.021346703667120437
2757.708,29.33604602,29.31777627057596,29.64183843652183,29.46094896407366,0.018269749424042914
2758.189,29.34166198,29.322631178393785,29.65185340275661,29.464117895336084,0.01903080160621684
2758.672,29.34503629,29.327437641927553,29.661847704736967,29.467227306782238,0.01759864807244682
2759.154,29.34929997,29.332165466478827,29.671758624621713,29.470257614024888,0.017134503521173627
2759.636,29.35915091,29.336824550126302,29.681606475164234,29.473215287936302,0.022326359873698465
2760.118,29.36173394,29.341414771915442,29.691390815774636,29.476100289763274,0.02031916808455847
2760.6,29.36027783,29.345936014217617,29.701111209330186,29.47891258409844,0.014341815782383804
2761.082,29.37166175,29.350388162727487,29.710767222194328,29.481652138875614,0.02127358727251405
2761.564,29.35419216,29.354771106460426,29.720358424235396,29.484318925364835,-0.0005789464604255556
2762.046,29.36357597,29.359084737749708,29.7298843888451,29.486912918167697,0.004491232250291688
2762.529,29.38199337,29.3633376854388,29.739364251598456,29.48943925016467,0.018655684561199593
2763.011,29.37333586,29.367512237767492,29.748758338176998,29.491887441574153,0.005823622232508541
2763.493,29.36695353,29.371617174331984,29.75808592796348,29.494262783011965,-0.004663644331984074
2763.975,29.36772376,29.37565240071502,29.767346608632554,29.496565262361937,-0.007928640715018531
2764.457,29.37291632,29.379617825802455,29.77653997147235,29.49879487081389,-0.006701505802453767
2764.939,29.37227997,29.383513361779727,29.785665611401733,29.50095160285813,-0.011233391779725821
2765.421,29.36437959,29.387338924128905,29.794723126987673,29.503035456280365,-0.02295933412890605
2765.903,29.34653875,29.391094431625042,29.803712120462194,29.50504643215604,-0.04455568162504164
2766.385,29.3761833,29.394779806332807,29.812632197739276,29.50698453484485,-0.018596506332805518
2766.868,29.3635197,29.3984024009195,29.821501258713408,29.508853566035373,-0.034882700919499854
2767.35,29.35866471,29.4019471435066,29.83028219115712,29.51064579740183,-0.04328243350660088
2767.832,29.39016229,29.405421539063347,29.838993046611854,29.51236518834306,-0.01525924906334808
2768.314,29.37701959,29.40882552278343,29.8476334458917,29.51401175630633,-0.031805932783431246
2768.796,29.38992893,29.412159033131733,29.856203013574007,29.51558552199453,-0.022230103131732903
2769.278,29.38506862,29.4154220118403,29.864701378015134,29.517086509360453,-0.030353391840300503
2769.76,29.37627337,29.41861440390449,29.873128171365884,29.518514745600637,-0.04234103390448851
2770.242,29.39105704,29.421736157578746,29.881483029586708,29.519870261149503,-0.030679117578745974
2770.725,29.37920213,29.42479348087592,29.889782700804744,29.5211556756101,-0.045591350875920256
2771.207,29.38796652,29.427773668757695,29.897992460864028,29.522365703314062,-0.03980714875769564
2771.689,29.40635829,29.430683082442407,29.906129215955854,29.52350312108166,-0.024324792442406817
2772.171,29.38851724,29.433521683185884,29.914192617436633,29.524567972243364,-0.045004443185884924
2772.653,29.36982824,29.436289435481605,29.922182320545872,29.52556030333625,-0.06646119548160456
2773.135,29.38748119,29.438986307056325,29.930097984420467,29.526480164097475,-0.0515051170563261
2773.617,29.4170109,29.441612268865526,29.93793927210842,29.52732760745793,-0.02460136886552533
2774.099,29.37975747,29.444167295088754,29.9457058505826,29.528102689535555,-0.06440982508875237
2774.582,29.40942417,29.446656443018206,29.953413270078183,29.528806852563903,-0.037232273018204864
2775.064,29.42984316,29.449069386206396,29.961029290119253,29.529437243337597,-0.01922622620639558
2775.546,29.42271379,29.451411335613944,29.96856962488596,29.529995460377833,-0.028697545613944442
2776.028,29.40027118,29.453682278275632,29.976033957191717,29.530481572490622,-0.05341109827563173
2776.51,29.421314,29.455882204425944,29.98342197384014,29.530895651635266,-0.03456820442594477
2776.992,29.4163236,29.458011107494336,29.990733365637556,29.5312377729175,-0.041687507494337694
2777.474,29.41708969,29.460068984099877,29.99796782740533,29.531508014582343,-0.04297929409987589
2777.956,29.42948078,29.462055834046218,30.005125057991798,29.531706458007193,-0.03257505404621952
2778.438,29.42544906,29.463971660316258,30.012204760284202,29.531833187694527,-0.038522600316259314
2778.921,29.40442632,29.46582022265441,30.01922108684801,29.531888331194896,-0.06139390265441236
2779.403,29.42457052,29.467593875903187,30.026144695075182,29.531871751062152,-0.04302335590318762
2779.885,29.43294969,29.46929653347598,30.0329899074317,29.53178372957597,-0.03634684347597883
2780.367,29.42252612,29.470928211025644,30.039756443083025,29.531624363673274,-0.0484020910256433
2780.849,29.42084038,29.47248892735721,30.046444025289684,29.531393753379522,-0.05164854735721036
2781.331,29.41144128,29.473978704422095,30.053052381417825,29.531092001801134,-0.06253742442209642
2781.813,29.41449914,29.47539756731247,30.059581242949555,29.53071921511794,-0.06089842731246975
2782.295,29.41618163,29.47674554425556,30.06603034549316,29.53027550257552,-0.06056391425556029
2782.778,29.42543942,29.478025242609366,30.072412559300734,29.529759835465086,-0.05258582260936606
2783.26,29.4050168,29.479231397958475,30.078701200437592,29.52917446461078,-0.07421459795847696
2783.742,29.41052019,29.48036677087439,30.084909313748472,29.5285185142,-0.06984658087439044
2784.224,29.39566742,29.48143140207184,30.09103665145264,29.527792105670017,-0.08576398207184255
2784.706,29.416402,29.48242533537074,30.097082969943234,29.526995363484563,-0.0660233353707369
2785.188,29.41963813,29.483348617690098,30.10304802979629,29.526128415125964,-0.06371048769009846
2785.67,29.40474861,29.484201299041697,30.10893159577938,29.525191391086956,-0.07945268904169822
2786.152,29.41058498,29.484983432524025,30.114733436860124,29.52418442486256,-0.07439845252402577
2786.635,29.40774236,29.48569647751569,30.12046510786112,29.523105346508647,-0.07795411751568793
2787.116,29.40003528,29.486336283669388,30.126091041234734,29.521961214799624,-0.0863010036693872
2787.599,29.41286697,29.486908234114082,30.131657803306258,29.520742657976285,-0.07404126411408285
2788.081,29.39643084,29.48740862282207,30.137130347136882,29.519457173931585,-0.09097778282206903
2788.563,29.40268419,29.487838775373145,30.14252007375525,29.518102460231578,-0.08515458537314657
2789.045,29.39844775,29.48819876325644,30.14782677750453,29.516678668216063,-0.08975101325644275
2789.527,29.39938581,29.488488661002034,30.153050256981416,29.515185952168174,-0.08910285100203552
2790.009,29.38558398,29.488708546174163,30.15819031504299,29.51362446930578,-0.10312456617416288
2790.491,29.39240004,29.488858499364433,30.163246758813223,29.51199437977249,-0.09645845936443465
2790.973,29.37626024,29.48893860418483,30.168219399689328,29.510295846629116,-0.11267836418483057
2791.456,29.39091075,29.488948896264173,30.173118108352927,29.50852529940434,-0.09803814626417306
2791.938,29.38895361,29.48888942277523,30.177922419951162,29.50669023871999,-0.09993581277522878
2792.42,29.37636772,29.488760370000616,30.1826423881869,29.504787241380555,-0.11239265000061494
2792.902,29.38882887,29.488561833570213,30.18727784161875,29.50281648203163,-0.09973296357021155
2793.384,29.37017453,29.488293912098808,30.19182861310714,29.500778138190785,-0.11811938209880779
2793.866,29.39288688,29.48795670717911,30.196294539819508,29.498672390238408,-0.09506982717910972
2794.348,29.39185439,29.487550323374133,30.200675463235,29.49649942140834,-0.09569593337413451
2794.83,29.3792479,29.487074868209977,30.20497122914928,29.494259417778533,-0.10782696820997728
2795.312,29.37546163,29.486530452168353,30.20918168767886,29.491952568261674,-0.11106882216835245
2795.795,29.39659627,29.485915844861644,30.21331516244143,29.489574071161964,-0.08931957486164421
2796.277,29.38730069,29.48523370782227,30.21735439613039,29.487133970221723,-0.09793301782227104
2796.759,29.38389301,29.484482959259108,30.22130789847091,29.48462760745789,-0.10058994925910625
2797.241,29.38015597,29.48366372140649,30.225175536911983,29.482055183032262,-0.10350775140648949
2797.723,29.39215386,29.48277611941613,30.22895718324234,29.479416899893124,-0.09062225941612922
2798.205,29.39303843,29.481820281349204,30.23265271359365,29.476712963765465,-0.08878185134920358
2798.687,29.37203175,29.48079633816863,30.236262008443436,29.4739435831411,-0.10876458816862922
2799.169,29.39510968,29.47970442373095,30.23978495261775,29.471108969268606,-0.08459474373094977
2799.652,29.37311819,29.478542198242803,30.24322847497473,29.46820325286963,-0.10542400824280307
2800.134,29.38649304,29.47731461409643,30.24657820997343,29.465238683005865,-0.09082157409642733
2800.616,29.36946136,29.476019477842822,30.249841274682588,29.46220953053801,-0.10655811784282321
2801.098,29.38504976,29.47465693483838,30.253017571354242,29.45911601764637,-0.08960717483837755
2801.58,29.35505156,29.47322713329244,30.25610700659926,29.45595836921705,-0.1181755732924401
2802.062,29.36856012,29.471730224258987,30.259109491388774,29.45273681283157,-0.10317010425898587
2802.544,29.3485867,29.470166361628138,30.262024941055348,29.449451578756364,-0.12157966162813949
2803.026,29.35603533,29.468535702117755,30.264853275294065,29.446102899932253,-0.11250037211775421
2803.509,29.33681996,29.466834814744985,30.26760001449599,29.442683867817156,-0.1300148547449851
2803.991,29.33061152,29.465070905153112,30.27025371330258,29.439208878566433,-0.13445938515311084
2804.473,29.30609813,29.46324068606163,30.272820081812736,29.43567115983125,-0.15714255606163263
2804.955,29.29213001,29.461344325419095,30.27529905718584,29.43207095514829,-0.1692143154190937
2805.437,29.30358281,29.459381993958587,30.27769058094545,29.428408510674647,-0.15579918395858527
2805.919,29.30022467,29.45735386518861,30.279994598978895,29.424684075176806,-0.15712919518861312
2806.401,29.2969439,29.45526011538437,30.28221106153691,29.420897900019693,-0.1583162153843709
2806.883,29.27516957,29.453100923578717,30.28433992323276,29.41705023915533,-0.17793135357871748
2807.365,29.29576295,29.450876471553013,30.286381143041385,29.413141349111736,-0.1551135215530124
2807.848,29.29436003,29.448582126254028,30.28833864612362,29.409163189560072,-0.15422209625402772
2808.33,29.29588271,29.44622757565419,30.290204294519846,29.405132495311797,-0.15034486565419058
2808.812,29.29043561,29.44380832697536,30.29198220405739,29.401041357361244,-0.1533727169753618
2809.294,29.31907065,29.441324572906908,30.2936723511531,29.396890042431547,-0.12225392290690706
2809.776,29.29161909,29.438776508840498,30.295274716577527,29.392678819764434,-0.1471574188404965
2810.258,29.29357919,29.43616433286067,30.296789285452757,29.38840796110856,-0.14258514286067125
2810.74,29.29725649,29.43348824573513,30.2982160472499,29.38407774070757,-0.1362317557351318
2811.222,29.27956998,29.43074845090536,30.299554995786522,29.37968843528846,-0.1511784709053572
2811.705,29.28737224,29.427939272643815,30.30080863365377,29.37523103466947,-0.14056703264381554
2812.187,29.28917978,29.425072552282185,30.30197177231502,29.370724278143193,-0.13589277228218322
2812.669,29.30445202,29.422142750927108,30.30304710523605,29.366159282151248,-0.11769073092710869
2813.151,29.27355423,29.419150082622888,30.304034643598424,29.361536333238323,-0.14559585262288977
2813.633,29.27927873,29.416094764038412,30.30493440291372,29.356855720371847,-0.1368160340384108
2814.115,29.29086596,29.412977014457297,30.30574640301968,29.35211773492961,-0.12211105445729586
2814.597,29.26651609,29.40979705576758,30.306470668076,29.347322670687262,-0.14328096576758043
2815.079,29.25552881,29.406555112451763,30.307107226560056,29.342470823805932,-0.1510263024517613
2815.562,29.26230961,29.4032444933874,30.307657158915735,29.3375522510535,-0.140934883387402
2816.043,29.25995764,29.399886182782208,30.308117359281876,29.332597978622037,-0.1399285427822079
2816.526,29.25677412,29.396452485746668,30.30849169621003,29.327567110823995,-0.13967836574666848
2817.008,29.25641301,29.392964773842746,30.308777617781534,29.322491027282936,-0.13655176384274625
2817.49,29.24517108,29.38941623877536,30.308976039874896,29.317359677886966,-0.14424515877536237
2817.972,29.24751158,29.38580712038124,30.309087016779852,29.31217337284702,-0.1382955403812396
2818.454,29.24109186,29.382137661018426,30.309110607067726,29.30693242466944,-0.141045801018425
2818.936,29.24050035,29.378408105555394,30.30904687358534,29.301637148142902,-0.1379077555553927
2819.418,29.21881189,29.37461870136042,30.308895883448898,29.29628786032506,-0.15580681136041719
2819.9,29.21534851,29.370769698290545,30.30865770803759,29.29088488052923,-0.1554211882905463
2820.383,29.20713767,29.366853178557417,30.30833165762619,29.285417154828096,-0.15971550855741512
2820.865,29.21983761,29.362885614879072,30.307919162347595,29.279907648254376,-0.14304800487907343
2821.347,29.20320454,29.358859217256384,30.307419721621265,29.27434542172026,-0.1556546772563827
2821.829,29.18944955,29.35477424539656,30.306833423818997,29.26873080343098,-0.16532469539655992
2822.311,29.17365769,29.350630961439958,30.306160361540368,29.263064123779248,-0.17697327143995878
2822.793,29.19373393,29.346429629948958,30.305400631605288,29.257345715331446,-0.15269569994895704
2823.275,29.18168335,29.34217051789647,30.30455433504613,29.251575912813678,-0.16048716789646988
2823.757,29.19207638,29.33785389465441,30.303621577099662,29.24575505309765,-0.1457775146544087
2824.24,29.17637887,29.333470898267883,30.30260026317853,29.239871241004586,-0.1570920282678827
2824.722,29.19790527,29.32903995240212,30.301494736147557,29.23394918185834,-0.13113468240212
2825.204,29.18807773,29.324552318316936,30.300303088831765,29.22797708957528,-0.13647458831693626
2825.686,29.17708456,29.320008274868815,30.299025443210088,29.221955309471706,-0.1429237148688145
2826.168,29.16235322,29.315408103254793,30.297661925422773,29.21588418893791,-0.15305488325479288
2826.65,29.17465598,29.310752087000257,30.29621266576216,29.209764077423586,-0.13609610700025598
2827.132,29.15416173,29.306040511947046,30.294677798663262,29.203595326423226,-0.15187878194704751
2827.614,29.12091092,29.30127366624135,30.293057462694126,29.197378289461138,-0.18036274624135018
2828.096,29.13335118,29.29645184032141,30.291351800546078,29.191113322076873,-0.1631006603214118
2828.579,29.11972692,29.291565153014396,30.28955715514516,29.184787636050604,-0.1718382330143946
2829.061,29.12478714,29.286634134548517,30.287681108908167,29.17842778484791,-0.1618469945485188
2829.543,29.12072989,29.28164902143187,30.285720189530565,29.172021082534016,-0.16091913143187142
2830.025,29.10027357,29.27661011315222,30.28367455610316,29.16556789256228,-0.17633654315222103
2830.507,29.09311745,29.27151771142734,30.281544371788037,29.15906858032555,-0.17840026142733834
2830.989,29.08205966,29.266372120192237,30.279329803807578,29.152523513140487,-0.18431246019223835
2831.471,29.09099632,29.261173645586364,30.27703102343331,29.14593306023235,-0.17017732558636567
2831.953,29.0718357,29.255922595940824,30.274648205974547,29.139297592719124,-0.18408689594082261
2832.436,29.07834191,29.25060822492666,30.272176326140077,29.132603578303353,-0.17226631492665945
2832.918,29.08692204,29.245252851439417,30.269625803128513,29.12587911097805,-0.1583308114394164
2833.4,29.06106272,29.239845841581307,30.26699179346357,29.119110754384884,-0.17878312158130782
2833.882,29.04841891,29.234387512324226,30.264274488496618,29.11229888705916,-0.18596860232422685
2834.364,29.0555794,29.228878182766266,30.26147408355722,29.105443889349637,-0.17329878276626687
2834.846,29.02296086,29.223318174118308,30.25859077794059,29.098546143402327,-0.20035731411830682
2835.328,29.06191241,29.21770780969055,30.25562477489493,29.091606033144235,-0.1557953996905468
2835.81,29.03747835,29.212047414879137,30.252576281608604,29.08462394426706,-0.1745690648791367
2836.292,29.03747636,29.206337317152386,30.249445509197088,29.07760026421073,-0.16886095715238625
2836.775,29.03263527,29.200565845833196,30.246225921899683,29.070520682156605,-0.16793057583319637
2837.257,29.02736362,29.194757231500883,30.242931070653334,29.063414904708818,-0.16739361150088428
2837.739,29.02511278,29.188899909648747,30.239554597524005,29.05626870954128,-0.1637871296487461
2838.221,29.00850411,29.182994215900642,30.236096729209546,29.04908249092399,-0.17449010590064162
2838.703,29.01221921,29.177040487883346,30.23255769626697,29.04185664479145,-0.16482127788334466
2839.185,28.99495236,29.171039065212536,30.22893773309829,29.034591568725798,-0.176086705212537
2839.667,28.99144307,29.164990289478418,30.225237077936228,29.027287661939546,-0.17354721947841867
2840.149,29.00525237,29.158894504231704,30.221455972829755,29.0199453252586,-0.1536421342317027
2840.632,28.97723664,29.152739263031847,30.217586569415058,29.01254960989645,-0.17550262303184638
2841.114,28.96793999,29.146550401451144,30.213645140139445,29.005131544634114,-0.17861041145114243
2841.596,28.95929018,29.140315573354414,30.20962401034574,28.997676262303855,-0.18102539335441392
2842.078,28.95419402,29.134035129992952,30.205523437207116,28.990184170013904,-0.1798411099929531
2842.56,28.95617998,29.127709424505753,30.201343681637955,28.982655676398387,-0.17152944450575092
2843.042,28.92110776,29.121338811904494,30.197085008278147,28.975091191599514,-0.20023105190449186
2843.524,28.93338861,29.114923649058746,30.19274768547751,28.967491127249662,-0.18153503905874402
2844.006,28.93601995,29.10846429468094,30.188331985279856,28.95985589645357,-0.17244434468094028
2844.489,28.90380915,29.101947571914394,30.183828779173265,28.952169965106865,-0.19813842191439335
2844.97,28.91408622,29.09541445530278,30.179266559242144,28.944481595194407,-0.18132823530277875
2845.453,28.89645602,29.088810980553962,30.174607669843546,28.936727268737684,-0.1923549605539634
2845.935,28.89967924,29.082178395212686,30.16988109383579,28.92895546295051,-0.18249915521268534
2846.417,28.91551691,29.075503439778547,30.165077556098282,28.92115057856311,-0.15998652977854633
2846.899,28.88862173,29.06878648370507,30.160197350503324,28.913313037134472,-0.18016475370506768
2847.381,28.86963659,29.062027898181235,30.155240774501305,28.905443261567545,-0.19239130818123584
2847.863,28.86348217,29.05522805611581,30.150208129103518,28.89754167609051,-0.19174588611580745
2848.345,28.85279663,29.048387332121393,30.145099718864728,28.889608706238075,-0.19559070212139318
2848.827,28.87162301,29.041506102498655,30.139915851865677,28.88164477883251,-0.16988309249865452
2849.31,28.86519445,29.03457034410852,30.134645850986566,28.87363370451693,-0.16937589410851928
2849.792,28.85814019,29.02760915673448,30.129311853805213,28.86560908552608,-0.16946896673448109
2850.274,28.83800774,29.02060860339508,30.1239033457483,28.85755479787883,-0.18260086339508064
2850.756,28.85690711,29.0135690669859,30.118420648828995,28.849471273359615,-0.15666195698590002
2851.238,28.83084193,29.006490932009857,30.112864088496288,28.841358944944673,-0.1756490020098589
2851.72,28.84195256,28.999374584560638,30.1072339936165,28.833218246782483,-0.15742202456063836
2852.202,28.82416875,28.99222041230631,30.10153069645468,28.825049614174386,-0.1680516623063113
2852.684,28.84553304,28.98502880447263,30.095754532655803,28.816853483554844,-0.13949576447263112
2853.167,28.79817422,28.977785116385665,30.089893631855862,28.80861320408422,-0.17961089638566463
2853.649,28.78793027,28.970519735584173,30.083972605738595,28.800363336404008,-0.18258946558417222
2854.131,28.79094354,28.963218096878155,30.077979740728836,28.792087287530702,-0.17227455687815407
2854.613,28.77925239,28.955880595559492,30.07191538580703,28.78378549823563,-0.1766282055594921
2855.095,28.77665484,28.94850762839348,30.06577989323717,28.775458410323957,-0.17185278839347973
2855.577,28.75781435,28.94109959360146,30.059573618547116,28.767106466614205,-0.18328524360146048
2856.059,28.74870037,28.933656890843853,30.053296920508874,28.75873011091837,-0.18495652084385128
2856.541,28.7365425,28.92617992120262,30.04695016111843,28.75032978802141,-0.1896374212026224
2857.023,28.74259369,28.918669087164034,30.0405337055758,28.741905943660832,-0.1760753971640341
2857.506,28.72415346,28.911109106036356,30.03403439447383,28.73344147610176,-0.18695564603635617
2857.988,28.70446162,28.90353168803371,30.02747951226659,28.72497188325555,-0.1990700680337092
2858.47,28.7050013,28.895921622187096,30.020856049307767,28.716480112599537,-0.19092032218709676
2858.952,28.70262206,28.888279316426505,30.014164383415316,28.707966613477453,-0.18565725642650577
2859.434,28.7049297,28.880605179997687,30.00740489550832,28.69943183608222,-0.17567547999768607
2859.916,28.70848087,28.87289962344413,30.00057796958592,28.690876231434974,-0.16441875344413148
2860.398,28.68187471,28.865163058589285,29.993683992706277,28.682300251364097,-0.18328834858928644
2860.88,28.68984628,28.857395898518142,29.98672335496529,28.673704348484133,-0.16754961851814087
2861.363,28.65315571,28.849582349418448,29.97968180222233,28.665071082034736,-0.19642663941844773
2861.845,28.64584401,28.841755181804434,29.972588888840985,28.65643665544067,-0.19591117180443263
2862.327,28.65987786,28.83389866648269,29.965430503729024,28.64778366933032,-0.17402080648268736
2862.809,28.64503822,28.826013221404416,29.958207048924304,28.639112579251826,-0.18097500140441625
2863.291,28.64295317,28.818099265690538,29.950918929394074,28.63042384143267,-0.17514609569053974
2863.773,28.62040893,28.81015721961302,29.943566553013053,28.621717912758204,-0.18974828961302137
2864.255,28.61166915,28.80218750457613,29.936150330541185,28.612995250750075,-0.19051835457612754
2864.737,28.60211783,28.79419054309772,29.92867067560137,28.60425631354435,-0.19207271309771912
2865.219,28.59577076,28.786166758790113,29.921128004657113,28.59550155986987,-0.1903959987901125
2865.702,28.58452804,28.778099847572307,29.913506893649437,28.586713238130653,-0.19357180757230807
2866.184,28.57762541,28.770023639285377,29.905839322783596,28.577928199537368,-0.1923982292853772
2866.666,28.58563335,28.76192188627003,29.898110003005176,28.569128724954325,-0.17628853627003238
2867.148,28.57103758,28.753795016328294,29.89031936191888,28.560315275262635,-0.1827574363282949
2867.63,28.55889038,28.74564345826092,29.882467829855955,28.551488311825782,-0.18675307826091725
2868.112,28.54032793,28.737467641847974,29.874555839851084,28.542648296467707,-0.1971397118479743
2868.594,28.54069458,28.729267997829304,29.86658382761915,28.533795691450152,-0.18857341782930348
2869.076,28.53259823,28.721044957884995,29.858552231531775,28.52493095945049,-0.18844672788499395
2869.559,28.52649904,28.71278182315543,29.85044464565702,28.51603613597685,-0.18628278315543056
2870.041,28.53040591,28.704513243771498,29.84229508616368,28.507148516839454,-0.17410733377149867
2870.523,28.50227116,28.696222569848608,29.834087274563633,28.498250161983137,-0.1939514098486086
2871.005,28.49919537,28.687910236631982,29.82582165962497,28.489341535522925,-0.1887148666319831
2871.487,28.49900349,28.67957668020803,29.817498692654027,28.480423101876507,-0.18057319020802964
2871.969,28.5023084,28.6712223374839,29.809118827471217,28.471495325741298,-0.16891393748390016
2872.451,28.47587432,28.662847646167755,29.800682520387053,28.462558672071708,-0.18697332616775597
2872.933,28.46884532,28.654453044748266,29.7921902301777,28.453613606056212,-0.18560772474826592
2873.416,28.45097321,28.646021495958053,29.783624626617048,28.44464201044069,-0.1950482859580518
2873.897,28.44352193,28.637605869334806,29.77503954767063,28.43570009877339,-0.1940839393348064
2874.38,28.43893654,28.629136622386234,29.76636406706963,28.426713977084255,-0.19020008238623376
2874.862,28.41890403,28.620666743145495,29.757652368779993,28.41773990434073,-0.2017627131454951
2875.344,28.4224791,28.61217915815786,29.748887018355223,28.40875974886497,-0.18970005815786095
2875.826,28.40167361,28.60367431016767,29.740068488855684,28.39977397676542,-0.20200070016766958
2876.308,28.39539718,28.595152642556023,29.7311972556348,28.390783054222506,-0.1997554625560234
2876.79,28.39330589,28.586614599319926,29.722273796314006,28.381787447465236,-0.1933087093199255
2877.272,28.38413236,28.578060625051464,29.713298590757645,28.372787622747854,-0.19392826505146488
2877.754,28.39779334,28.569491164916705,29.704272121047634,28.363784046326355,-0.1716978249167056
2878.237,28.38615979,28.560888839143487,29.69517598654177,28.354758494907603,-0.17472904914348675
2878.719,28.36509739,28.55228971515162,29.686048339678038,28.34574880837043,-0.18719232515162076
2879.201,28.36748943,28.543676444952418,29.676870888974403,28.336736769638993,-0.1761870149524185
2879.683,28.366211,28.535049475797823,29.66764412513354,28.327722844740293,-0.1688384757978234
2880.165,28.35955986,28.52640925540773,29.658368540948114,28.318707499584967,-0.16684939540773058
2880.647,28.35842905,28.51775623194871,29.649044631275107,28.30969119994361,-0.15932718194870787
2881.129,28.3467514,28.50909085401246,29.639672893009905,28.30067441142283,-0.16233945401246075
2881.611,28.33118272,28.500413570594144,29.630253825060368,28.291657599441468,-0.16923085059414333
2882.094,28.32198199,28.49170679304392,29.620768241201073,28.282622523826358,-0.1697248030439198
2882.576,28.31905995,28.483007024786634,29.611255922938494,28.273607062674575,-0.16394707478663406
2883.058,28.30105114,28.474296701172435,29.601697784578885,28.26459297391749,-0.17324556117243617
2883.54,28.26017085,28.465576272594895,29.59209433282312,28.255580721983367,-0.20540542259489314
2884.022,28.26932375,28.456846189742546,29.582446076253603,28.246570770993028,-0.18752243974254412
2884.504,28.28140447,28.44810690357684,29.57275352530796,28.237563584735685,-0.166702433576841
2884.986,28.27873924,28.43935886531031,29.56301719225252,28.228559626645083,-0.1606196253103107
2885.468,28.27654408,28.430602526384394,29.553237591155796,28.219559359775126,-0.15405844638439348
2885.95,28.24191957,28.42183833844748,29.54341523786183,28.21056324677595,-0.17991876844747878
2886.433,28.24028323,28.413048547647477,29.533530140470823,28.2015531004306,-0.17276531764747816
2886.915,28.22847956,28.404270003411263,29.52362375127814,28.192566692401943,-0.1757904434112625
2887.397,28.22627114,28.395484967066835,29.513676168889308,28.18358582448628,-0.16921382706683374
2887.879,28.1949252,28.386693890868365,29.50368791598659,28.174610957475622,-0.1917686908683649
2888.361,28.1873649,28.37789722716549,29.4936595168937,28.165642551636967,-0.19053232716549218
2888.843,28.19962927,28.369095428381,29.483591497548737,28.156681066688257,-0.16946615838100243
2889.325,28.20083164,28.360288946988394,29.4734843854772,28.147726961773923,-0.15945730698839355
2889.807,28.17799668,28.3514782354893,29.463338709764837,28.138780695440712,-0.17348155548929967
2890.29,28.15913576,28.342645455456303,29.4531338338377,28.129824191049014,-0.18350969545630136
2890.772,28.16211347,28.333827634820743,29.44291254695734,28.120894993642057,-0.17171416482074164
2891.254,28.14110187,28.325006942465404,29.4326542938913,28.11197500757358,-0.18390507246540366
2891.736,28.15370224,28.316183830778332,29.422359609696816,28.10306468875468,-0.1624815907783308
2892.218,28.14666095,28.30735875206236,29.41202903085495,28.094164492377153,-0.16069780206235862
2892.7,28.13976463,28.298532158512497,29.40166309524296,28.085274872888913,-0.15876752851249876
2893.182,28.13499422,28.28970450219294,29.391262342106902,28.07639628396987,-0.1547102821929407
2893.664,28.10832885,28.28087623501419,29.38082731203403,28.06752917850732,-0.17254738501419098
2894.146,28.11937829,28.272047808710322,29.370358546925246,28.058674008571803,-0.1526695187103222
2894.629,28.11228626,28.263201359802462,29.35983476754963,28.049812892558013,-0.15091509980246087
2895.111,28.10438592,28.25437397164149,29.349300096021498,28.040982973599537,-0.14998805164148976
2895.593,28.08928183,28.2455477792042,29.338733323898545,28.032166342166608,-0.15626594920419734
2896.075,28.08742696,28.236723233288174,29.328134998061774,28.023363446817008,-0.14929627328817574
2896.557,28.08194598,28.22790078439934,29.31750566656709,28.01457473516977,-0.14595480439933795
2897.039,28.07768951,28.219080882728882,29.30684587861744,28.00580065388113,-0.1413913727288829
2897.521,28.04423606,28.21026397813014,29.296156184535057,27.99704164861999,-0.1660279181301405
2898.003,28.04764692,28.201450520095403,29.28543713573335,27.988298164043723,-0.1538036000954044
2898.486,28.03631833,28.192622684993342,29.27466695668692,27.979552553787478,-0.15630435499334183
2898.968,28.01581778,28.183817476482822,29.263890798880983,27.97084147488416,-0.16799969648282342
2899.45,28.03341761,28.17501706154463,29.253086948015465,27.96214724524082,-0.1415994515446286
2899.932,27.99587987,28.166221887993867,29.24225595959104,27.95347030522384,-0.1703420179938675
2900.414,28.02526853,28.157432403168404,29.23139839005947,27.94481109406678,-0.13216387316840184
2900.896,28.00613568,28.14864905390557,29.22051479679556,27.936170049846268,-0.14251337390556884
2901.378,28.00223203,28.13987228651882,29.20960573806897,27.927547609457893,-0.1376402565188215
2901.86,27.98576603,28.13110254677446,29.198671773016077,27.918944208592023,-0.14533651677446002
2902.343,27.98657408,28.122322108967758,29.187690701606886,27.91034249327669,-0.1357480289677575
2902.824,27.9665015,28.113585930401978,29.17673136464155,27.901796262018816,-0.1470844304019785
2903.307,27.96963793,28.104821806156266,29.16570318730513,27.89323487741274,-0.13518387615626537
2903.789,27.95112826,28.096084641610766,29.154675158227818,27.88471201013204,-0.14495638161076485
2904.271,27.94625954,28.087356725431533,29.1436250316889,27.87621034279543,-0.1410971854315335
2904.753,27.95438752,28.078638499609674,29.132553371433954,27.867730303354843,-0.12425097960967335
2905.235,27.92362679,28.06993040542543,29.121460741877655,27.859272318389152,-0.14630361542543113
2905.717,27.9030579,28.061232883424783,29.110347708075352,27.850836813080374,-0.1581749834247823
2906.199,27.89244735,28.0525463733961,29.099214835694703,27.842424211189932,-0.16009902339609994
2906.681,27.88530989,28.043871314346646,29.088062690987517,27.834034935034918,-0.15856142434664733
2907.164,27.88577682,28.035190183760083,29.076868645672555,27.82565207456961,-0.14941336376008252
2907.646,27.85952237,28.02653936647748,29.065679620221005,27.817310761512815,-0.16701699647747859
2908.128,27.87314146,28.017901313180396,29.054473025597645,27.808994033105755,-0.1447598531803962
2908.61,27.84064985,28.009276459515988,29.043249430107924,27.8007023056489,-0.1686266095159894
2909.092,27.86475016,28.0006652402335,29.03200940249959,27.792435993880645,-0.13591508023349874
2909.574,27.85109692,27.99206808916067,29.020753511934235,27.78419551095383,-0.14097116916067165
2910.056,27.83875554,27.983485439180473,29.009482327958985,27.775981268412536,-0.1447298991804722
2910.538,27.84052825,27.974917722207817,28.99819642047818,27.76779367616874,-0.13438947220781827
2911.021,27.83316905,27.966347641964152,28.98687290129892,27.75961624032097,-0.13317859196415327
2911.503,27.81698995,27.95781111597547,28.975559230220046,27.751483229167096,-0.14082116597547056
2911.985,27.81224496,27.94929081358563,28.964232548392452,27.743378088860972,-0.13704585358562937
2912.467,27.81690778,27.940787162601733,28.95289342686603,27.73530122255165,-0.12387938260173215
2912.949,27.81081555,27.932300589746266,28.941542436906055,27.727253031640814,-0.12148503974626479
2913.431,27.79955183,27.92383152063379,28.930180149964816,27.719233915759975,-0.12427969063379152
2913.913,27.78653256,27.915380379747944,28.918807137653292,27.711244272747884,-0.1288478197479428
2914.395,27.79878556,27.90694759041814,28.907423971712944,27.70328449862768,-0.10816203041814276
2914.877,27.78364862,27.898533574796403,28.896031223987286,27.695354987584476,-0.11488495479640193
2915.36,27.77167345,27.890121357437522,28.884605802325957,27.68743977641282,-0.11844790743752043
2915.842,27.77276639,27.881746191992402,28.8731955899159,27.679572031429174,-0.10897980199240109
2916.324,27.76134914,27.873391060283467,28.861777512767755,27.67173572162889,-0.11204192028346682
2916.806,27.76987128,27.86505637952002,28.850352142850845,27.663931233616786,-0.09518509952001963
2917.288,27.74930478,27.856742565618717,28.838920052095354,27.656158952047875,-0.10743778561871764
2917.77,27.75098139,27.84845003318087,28.82748181236406,27.64841925960555,-0.09746864318087134
2918.252,27.7342198,27.840179195469215,28.816037995424217,27.640712536979564,-0.10595939546921329
2918.734,27.72955695,27.83193046438537,28.804589172919453,27.633039162844227,-0.1023735143853699
2919.217,27.73576478,27.823687207303575,28.793112150185642,27.625383699259803,-0.08792242730357458
2919.699,27.72316309,27.815483967610543,28.781655023426453,27.617778221092536,-0.0923208776105433
2920.181,27.72617154,27.80730406269944,28.770194606194845,27.610207215899965,-0.08113252269944127
2920.663,27.6993481,27.799147898796534,28.758731469358445,27.602671054073998,-0.099799798796532
2921.145,27.70441768,27.791015880653394,28.74726618352086,27.595170103883458,-0.08659820065339474
2921.627,27.67848007,27.782908411524318,28.735799318993692,27.58770473145288,-0.10442834152431857
2922.109,27.68890467,27.774825893143852,28.72433144576866,27.580275300741526,-0.08592122314385264
2922.591,27.65812838,27.766768725704416,28.712863133489677,27.572882173522334,-0.10864034570441561
2923.073,27.65774353,27.758737307834,28.701394951424945,27.565525709361104,-0.10099377783399888
2923.556,27.63706598,27.750715455581034,28.689903678101867,27.558191118757144,-0.11364947558103466
2924.038,27.63383784,27.742736781839483,28.678437465848944,27.550909128387417,-0.10889894183948101
2924.52,27.62079824,27.734785044756556,28.666973090260797,27.543664867053423,-0.11398680475655709
2925.002,27.59807869,27.72686063647656,28.655511118824137,27.53645868528186,-0.1287819464765576
2925.484,27.5984707,27.718963947468513,28.64405211851115,27.529290931289847,-0.12049324746851298
2925.966,27.60593533,27.711095366504157,28.63259665575199,27.522161950964836,-0.10516003650415584
2926.448,27.59878939,27.703255280636164,28.62114529640719,27.51507208784493,-0.1044658906361633
2926.93,27.58155171,27.695444075176237,28.60969860574007,27.508021683098708,-0.11389236517623758
2927.413,27.57875957,27.687646019251602,28.598233416757378,27.50099657227952,-0.10888644925160307
2927.895,27.57104996,27.679893785372258,28.58679776932312,27.494026181823465,-0.1088438253722579
2928.377,27.57033566,27.67217157796053,28.575368483667063,27.487096259525075,-0.10183591796052838
2928.859,27.57290666,27.664479775144414,28.56394612238816,27.48020713687503,-0.09157311514441346
2929.341,27.56342295,27.656818753203307,28.552531247351233,27.473359142897653,-0.09339580320330754
2929.823,27.5621508,27.649188886546636,28.541124419659795,27.466552604131877,-0.08703808654663447
2930.305,27.5492006,27.641590547692573,28.529726199628904,27.459787844612404,-0.09238994769257403
2930.787,27.55183713,27.63402410724715,28.51833714675803,27.453065185851166,-0.08218697724715085
2931.27,27.54550503,27.626474336614276,28.50693422163875,27.446371131716656,-0.08096930661427493
2931.751,27.54442937,27.618988394318944,28.4955887762542,27.43974744392556,-0.07455902431894401
2932.234,27.5362865,27.61150439295373,28.48420702021729,27.433139354533846,-0.07521789295373082
2932.716,27.55180676,27.604069282814336,28.472860237945866,27.42658835310486,-0.052262522814334744
2933.198,27.50867311,27.596667895444114,28.461525408304254,27.420081022145403,-0.08799478544411343
2933.68,27.51691579,27.589300589533494,28.450203085330642,27.413617667641265,-0.07238479953349497
2934.162,27.52380683,27.5819677217157,28.438893822059573,27.407198592928935,-0.058160891715697716
2934.644,27.52967715,27.574669646546404,28.427598170495344,27.400824098678374,-0.044992496546402805
2935.126,27.50802669,27.567406716483493,28.416316681585464,27.39449448287557,-0.05938002648349183
2935.608,27.49033804,27.560179281867093,28.405049905194275,27.38821004080562,-0.06984124186709195
2936.091,27.50618351,27.552972808086153,28.39377506292824,27.381958168566207,-0.04678929808615351
2936.573,27.48067912,27.545817482252772,28.382539390069542,27.375765044158136,-0.06513836225277103
2937.055,27.48002901,27.538698690691604,28.37132007369208,27.369617963557065,-0.0586696806916045
2937.537,27.47292514,27.531616775068542,28.360117659061626,27.36351721107127,-0.05869163506854136
2938.019,27.44398203,27.524572074833046,28.34893269022944,27.35746306822526,-0.08059004483304477
2938.501,27.44553719,27.51756492719883,28.337765710006327,27.351455813743826,-0.07202773719883027
2938.983,27.42573784,27.51059566712449,28.32661725993666,27.34549572353618,-0.08485782712449108
2939.465,27.43285398,27.503664627294576,28.315487880272475,27.339583070680256,-0.07081064729457509
2939.948,27.42069906,27.496757878631605,28.30435508138881,27.333706007248843,-0.07605881863160491
2940.43,27.40553414,27.489904349153385,28.293265500350433,27.32788913673701,-0.08437020915338422
2940.912,27.41372394,27.483090024812515,28.282196603573787,27.322120506215107,-0.06936608481251483
2941.394,27.3968875,27.476315229003674,28.27114892588203,27.316400377277215,-0.079427729003676
2941.876,27.40381519,27.469580282753743,28.260123000677876,27.3107290086106,-0.0657650927537432
2942.358,27.38191267,27.462885504703628,28.249119359918407,27.30510665598124,-0.08097283470362981
2942.84,27.38202251,27.456231211089978,28.238138534089643,27.29953357221942,-0.07420870108997946
2943.322,27.37763788,27.449617715727285,28.227181052181518,27.294010007205696,-0.07197983572728361
2943.804,27.38652306,27.443045329989978,28.216247441662713,27.288536207856897,-0.05652226998997989
2944.287,27.34868816,27.436500856337616,28.205315620958213,27.28310121758898,-0.08781269633761823
2944.769,27.36031523,27.430011701008624,28.194431381662998,27.277727782899646,-0.06969647100862275
2945.251,27.37156862,27.423564575239176,28.18357258786922,27.272404837197353,-0.05199595523917466
2945.733,27.3577252,27.417159780462313,28.172739760708364,27.267132615402303,-0.059434580462312425
2946.215,27.35541158,27.4107976155838,28.16193341966653,27.261911349404148,-0.055386035583801174
2946.697,27.35023736,27.404478376965205,28.15115408256012,27.25674126804946,-0.05424101696520367
2947.179,27.33525124,27.398202358406955,28.14040226551128,27.251622597128964,-0.06295111840695355
2947.661,27.34318256,27.391969851131712,28.12967848292362,27.24655555936533,-0.04878729113171332
2948.144,27.34930954,27.38576834985501,28.11896108820221,27.24153002350465,-0.03645880985500938
2948.626,27.31318351,27.379623820180974,28.108294971568974,27.236567016141027,-0.06644031018097252
2949.108,27.31783962,27.37352366041286,28.09765842310947,27.231656292013646,-0.055684040412860014
2949.59,27.31539804,27.367468151293583,28.087051950108368,27.22679806144756,-0.05207011129358108
2950.072,27.30490648,27.361457570907447,28.076476058011714,27.221992531641263,-0.05655109090744759
2950.554,27.30367769,27.355492194664503,28.06593125040333,27.217239906655752,-0.051814504664502437
2951.036,27.29368609,27.349572295284823,28.055418028981123,27.21254038740359,-0.055886205284821244
2951.518,27.29179959,27.343698142783445,28.044936893533666,27.20789417163837,-0.05189855278344524
2952.0,27.30397191,27.33787000445509,28.034488341916802,27.203301453944373,-0.03389809445508973
2952.483,27.29483467,27.33207619758847,28.024051295896886,27.198753064596357,-0.03724152758847055
2952.965,27.28395827,27.326340975361482,28.01366946782879,27.194268026042096,-0.04238270536148292
2953.447,27.27923263,27.320652553255165,28.003321706349176,27.189837050575342,-0.04141992325516597
2953.929,27.26984016,27.315011187528988,27.993008501347433,27.185460319996622,-0.04517102752898694
2954.411,27.28165312,27.309417131648914,27.982730340665086,27.181138012888468,-0.0277640116489124
2954.893,27.25478013,27.303870636273285,27.972487710073075,27.17687030460635,-0.04909050627328426
2955.375,27.28767465,27.298371949238888,27.96228109324919,27.172657367269764,-0.010697299238888291
2955.857,27.25980489,27.29292131554726,27.952110971755683,27.16849936975378,-0.033116425547259354
2956.34,27.26583163,27.287507819550157,27.94195684065742,27.164388022851444,-0.021676189550156266
2956.822,27.27176762,27.282154117081465,27.931861224133307,27.16034051341207,-0.010386497081466217
2957.304,27.26528935,27.27684918630169,27.921803535693407,27.156348431195468,-0.01155983630168933
2957.786,27.25389003,27.271593260731745,27.91178424821093,27.1524119320104,-0.017703230731743957
2958.268,27.22254105,27.26638657099152,27.901803832333037,27.148531168381616,-0.04384552099152117
2958.75,27.24052008,27.261229344787214,27.891862756459112,27.14470628954247,-0.020709264787214465
2959.232,27.22109998,27.256121806898946,27.88196148671918,27.140937441428143,-0.0350218268989444
2959.714,27.24260455,27.251064179168562,27.872100486952462,27.13722476666877,-0.008459629168562799
2960.197,27.22618878,27.246046343745515,27.86225988734462,27.133560877401184,-0.019857563745514284
2960.678,27.23653416,27.24109952678573,27.852501141113404,27.129968491171308,-0.004565366785730163
2961.161,27.22953913,27.23618280406029,27.842743552545077,27.12641786670598,-0.006643674060292426
2961.643,27.22092627,27.231327081742524,27.833048312321854,27.12293136313318,-0.010400811742524496
2962.125,27.19912376,27.226522334731072,27.823395627098538,27.11950169652872,-0.02739857473107321
2962.607,27.22051269,27.221768766986926,27.813785946520767,27.116128989557083,-0.0012560769869267574
2963.089,27.21571575,27.21706657945296,27.80421971779669,27.112813361537125,-0.0013508294529600562
2963.571,27.18343922,27.212415970043434,27.79469738567653,27.109554928437113,-0.028976750043433697
2964.053,27.19836086,27.207817133633483,27.78521939243229,27.10635380287015,-0.009456273633482226
2964.535,27.21052205,27.20327026204915,27.775786177837603,27.103210094089953,0.007251787950853128
2965.018,27.18160412,27.198766273258975,27.766378749275834,27.100117564977005,-0.017162153258976076
2965.5,27.19781775,27.194324003335954,27.757036496368777,27.097089123731184,0.0034937466640450054
2965.982,27.19781618,27.18993425569835,27.74774032713655,27.094118407037953,0.00788192430164969
2966.464,27.20174551,27.18559720987135,27.738490671155226,27.091205510666914,0.01614830012864843
2966.946,27.17470366,27.18131304228332,27.72928795540379,27.088350527009908,-0.006609382283322418
2967.428,27.19737411,27.177081926256726,27.720132604244895,27.085553545078092,0.020292183743272574
2967.91,27.18563639,27.17290403199958,27.711025039405538,27.082814650499234,0.012732358000420163
2968.392,27.18380446,27.168779526596893,27.701965679958146,27.080133925515188,0.015024933403108065
2968.875,27.18797745,27.164700183822838,27.692936298654853,27.077506068759153,0.02327726617716408
2969.357,27.180535,27.160683056455312,27.683974698657547,27.07494203721647,0.01985194354468689
2969.839,27.17208809,27.156719800701957,27.675062546003517,27.072436401804563,0.015368289298042015
2970.321,27.15733755,27.152810571068997,27.66620024895368,27.06998923119536,0.0045269789310040665
2970.803,27.1597895,27.148955518900664,27.657388213021267,27.067600590666483,0.010833981099334977
2971.285,27.16058535,27.145154792371947,27.648626840953717,27.065270542100034,0.015430557628054231
2971.767,27.16198579,27.141408536481674,27.63991653271467,27.062999143982093,0.020577253518325733
2972.249,27.14916688,27.137716893045877,27.631257685466053,27.060786451402084,0.011449986954122693
2972.731,27.14766343,27.13408000069116,27.622650693550483,27.05863251605255,0.013583429308841488
2973.214,27.13695545,27.130490620447855,27.61407825462037,27.056533100646657,0.006464829552143669
2973.696,27.14591723,27.12696374762886,27.605576254637743,27.05449694338903,0.018953482371138364
2974.178,27.13970974,27.123492022837663,27.597127276722148,27.052519678141945,0.016217717162337664
2974.66,27.1177618,27.120075571876562,27.58873170375854,27.050601343005788,-0.0023137718765617876
2975.142,27.12989529,27.116714517329285,27.580389915726176,27.048741972686354,0.013180772670715157
2975.624,27.12015594,27.113408978556116,27.572102289681844,27.046941598496222,0.006746961443884203
2976.106,27.13077048,27.110159071688795,27.563869199743124,27.045200248356114,0.020611408311204116
2976.588,27.12599668,27.106964909625994,27.555691017072064,27.043517946796616,0.019031770374006385
2977.071,27.12174016,27.10382014915202,27.54755131506662,27.041891408674847,0.01792001084798045
2977.553,27.10480117,27.100737918649326,27.53948416432751,27.040327386921888,0.004063251350675756
2978.035,27.12472954,27.09771175241548,27.531473017194134,27.038822467047183,0.027017787584519226
2978.517,27.1176071,27.09474175036757,27.52351823283807,27.037376660035513,0.022865349632429144
2978.999,27.13600219,27.091828009169532,27.515620167395113,27.03598997349348,0.04417418083046698
2979.481,27.12059767,27.088970622228942,27.507779173949814,27.03466241165281,0.03162704777105674
2979.963,27.10118276,27.086169679693835,27.499995602520155,27.033393975373677,0.015013080306164994
2980.445,27.1109931,27.08342526844989,27.492269800042198,27.032184662148282,0.027567831550111777
2980.927,27.10003928,27.08073747211789,27.48460211035519,27.031034466104753,0.019301807882111888
2981.41,27.09485426,27.078100971323895,27.476977148386496,27.029941175777324,0.016753288676106592
2981.892,27.10054522,27.07552676046933,27.469426825659184,27.028909305635306,0.02501845953067061
2982.374,27.09289091,27.073009395926338,27.461935629201683,27.02793651488059,0.019881514073663453
2982.856,27.09419445,27.070548948227536,27.454503890311805,27.02702278422125,0.023645501772463717
2983.338,27.10301283,27.06814548463106,27.447131937117696,27.026168091024182,0.03486734536894076
2983.82,27.1222315,27.065799069119272,27.439820094563665,27.02537240932028,0.056432430880729356
2984.302,27.09954004,27.06350976239773,27.43256868439636,27.024635709809957,0.036030277602272065
2984.784,27.10566042,27.06127762189453,27.425378025150994,27.02395795986892,0.0443827981054703
2985.267,27.09327962,27.05909824899351,27.418233704146232,27.02333790087519,0.03418137100648977
2985.749,27.10324167,27.05698071896945,27.41116561710006,27.02277806103389,0.0462609510305505
2986.231,27.10291334,27.05492050787413,27.404159217815412,27.02227705290974,0.04799283212587113
2986.713,27.09193803,27.052917660015872,27.397214811841053,27.021834830634706,0.03902036998412939
2987.195,27.08311264,27.05097221642515,27.39033270144816,27.021451345048266,0.03214042357484814
2987.677,27.08942324,27.049084214855295,27.38351318561753,27.02112654370447,0.040339025144703555
2988.159,27.0926265,27.047253689783254,27.376756560027182,27.02086037087925,0.04537281021674744
2988.641,27.08144275,27.045480672410758,27.370063117039788,27.020652767578145,0.03596207758924308
2989.124,27.06400614,27.04376169140073,27.363419456740708,27.020503422989343,0.020244448599271436
2989.605,27.07169926,27.042107269203647,27.356866931675558,27.02041301726494,0.029591990796351553
2990.088,27.0853436,27.04050366907157,27.350351334113803,27.020380729638358,0.044839930928432636
2990.57,27.082378,27.038961048580077,27.34391361216583,27.020406870236386,0.04341695141992119
2991.052,27.06151207,27.03747604275062,27.33754048505279,27.020491236450493,0.024036027249380254
2991.534,27.0604578,27.036048663162816,27.331232224988554,27.02063374982834,0.024409136837181933
2992.016,27.06071617,27.034678918135242,27.3249891007899,27.020834328706506,0.026037251864757138
2992.498,27.07943594,27.0333668127283,27.3188113778655,27.021092888219755,0.04606912727169998
2992.98,27.08072962,27.032112348747468,27.312699318205134,27.021409340310687,0.04861727125253168
2993.462,27.0528215,27.030915524746565,27.306653180369047,27.02178359373944,0.021905975253435628
2993.945,27.07992339,27.029774032476247,27.30066088188545,27.022216510196067,0.050149357523753935
2994.427,27.08030066,27.028692590657293,27.29474748768609,27.02270619931937,0.051608069342705676
2994.909,27.05910939,27.027668764981286,27.28890077082192,27.023253396855296,0.03144062501871403
2995.391,27.08187527,27.026702541027596,27.28312097602484,27.02385799893,0.05517272897240488
2995.873,27.0666831,27.025793901144436,27.277408344546622,27.02451989853941,0.04088919885556308
2996.355,27.06729446,27.024942824453532,27.271763114149284,27.02523898556018,0.04235163554646704
2996.837,27.09000843,27.024149286855238,27.266185519095764,27.02601514676115,0.06585914314476327
2997.319,27.08708982,27.023413261033546,27.26067579014062,27.026848265814607,0.06367655896645275
2997.802,27.08917609,27.02273336842168,27.25522293575918,27.02774012869187,0.06644272157831921
2998.284,27.09052528,27.022112390516273,27.249849759152806,27.0286869196786,0.06841288948372792
2998.766,27.08682139,27.021548823117584,27.244545120222003,27.029690300810184,0.06527256688241678
2999.248,27.07383336,27.02104262609453,27.239309235591968,27.030750143485665,0.052790733905467846
2999.73,27.07915699,27.02059375612914,27.23414231833607,27.03186631606797,0.05856323387085993
3000.212,27.08124555,27.020202166723035,27.22904457796774,27.0330386838967,0.06104338327696368
3000.694,27.0859575,27.019867808204193,27.224016220432517,27.034267109300966,0.06608969179580626
3001.176,27.06444192,27.01959062773401,27.219057448100266,27.035551451612474,0.04485129226598872
3001.658,27.07154049,27.019370569314344,27.214168459757566,27.036891567178756,0.052169920685656734
3002.141,27.06618922,27.019207294903975,27.20933952553259,27.03829026282778,0.0469819250960235
3002.623,27.08112322,27.019101418181766,27.204590832937768,27.039741597017088,0.0620218018182328
3003.105,27.0726157,27.01905247649481,27.19991249950546,27.041248255414757,0.05356322350518994
3003.587,27.06782618,27.019060401276654,27.195304709609147,27.04281008256195,0.04876577872334664
3004.069,27.08775432,27.01912512084051,27.190767644003813,27.04442692008493,0.06862919915948851
3004.551,27.07732439,27.01924656038773,27.1863014798193,27.04609860670917,0.05807782961226948
3005.033,27.08721246,27.01942464201646,27.18190639055406,27.047824978274218,0.06778781798353961
3005.515,27.09231435,27.01965928473043,27.17758254606897,27.04960586774821,0.07265506526956855
3005.998,27.09294859,27.019951067078694,27.173321364450157,27.051444969164788,0.07299752292130535
3006.48,27.096956,27.02029869354145,27.16914065318749,27.053334494165895,0.07665730645855007
3006.962,27.08268093,27.020702619436257,27.165031674729455,27.055278018535294,0.0619783105637417
3007.444,27.08219116,27.021162751476176,27.160994584321358,27.057275363900903,0.06102840852382485
3007.926,27.09971266,27.021678993327374,27.157029533542946,27.059326349095656,0.07803366667262779
3008.408,27.09361316,27.02225124561932,27.15313667030342,27.061430790173368,0.07136191438068096
3008.89,27.09017236,27.022879405955027,27.149316138836497,27.06358850042445,0.06729295404497293
3009.372,27.1005598,27.023563368921646,27.145568079695863,27.065799290392352,0.07699643107835286
3009.854,27.10062584,27.02430302610106,27.141892629750572,27.06806296788953,0.07632281389894047
3010.337,27.085864,27.025099973655685,27.138282523389687,27.070384198398397,0.06076402634431588
3010.819,27.09264512,27.025950796999055,27.134752839001106,27.07275317225411,0.06669432300094513
3011.301,27.1091873,27.026856971133167,27.13129615252258,27.07517444043829,0.08233032886683134
3011.783,27.11669464,27.027818375723946,27.127912586035976,27.077647800000424,0.08887626427605255
3012.265,27.10032858,27.028834887488593,27.124602257918923,27.080173045342956,0.07149369251140669
3012.747,27.09429586,27.029906380207432,27.121365282841364,27.082749968238417,0.06438947979256682
3013.229,27.10858272,27.03103272473596,27.11820177176243,27.085378357846903,0.0775499952640395
3013.711,27.10557632,27.032213789017142,27.115111831927397,27.088058000733522,0.07336253098285894
3014.194,27.10388052,27.033452058326638,27.112089385708146,27.09079439909947,0.07042846167336236
3014.676,27.09788538,27.03474226716919,27.109147048387996,27.093576003150236,0.06314311283081153
3015.158,27.12573917,27.036086781948082,27.10627858193277,27.09640820432062,0.08965238805191689
3015.64,27.12035406,27.037485459076137,27.10348407869827,27.099290778968648,0.08286860092386306
3016.122,27.10909648,27.03893815211771,27.1007636273142,27.10222350094716,0.07015832788229304
3016.604,27.10999446,27.040444711801754,27.09811731268225,27.105206141622197,0.069549748198245
3017.086,27.11796534,27.042004986035646,27.09554521597439,27.10823846989142,0.07596035396435497
3017.568,27.09991205,27.04361881991865,27.093047414631314,27.111320252202777,0.05629323008135145
3018.051,27.12222939,27.04528957015163,27.090619031848956,27.114457799421697,0.07693981984836995
3018.532,27.16076727,27.04700653307211,27.08827498913826,27.11763123260788,0.11376073692789035
3019.015,27.11917517,27.048783823262326,27.085995859839635,27.120866700601095,0.07039134673767222
3019.497,27.13868479,27.050610400664237,27.08379609446201,27.124144015584843,0.0880743893357625
3019.979,27.1323585,27.05248972122919,27.081670955761453,27.1274695802542,0.079868778770809
3020.461,27.13025069,27.054421613499564,27.079620498761656,27.13084314675242,0.0758290765004368
3020.943,27.15777353,27.05640590331037,27.07764477474953,27.13426446490713,0.10136762668962973
3021.425,27.1521376,27.05844241380416,27.07574383127519,27.137733282249744,0.09369518619584127
3021.907,27.12940176,27.060530965446354,27.073917712152024,27.14124934403543,0.06887079455364642
3022.389,27.14789821,27.062671376040445,27.072166457457072,27.14481239326278,0.0852268339595561
3022.872,27.15160444,27.06486806222264,27.070486703501125,27.148429708251427,0.08673637777735976
3023.354,27.17888781,27.0671117401834,27.06888543844557,27.15208604856245,0.11177606981659949
3023.836,27.14934269,27.069406714294235,27.06735913569299,27.155788591422667,0.07993597570576583
3024.318,27.15910464,27.071752791862455,27.065907820373987,27.159537071000713,0.08735184813754415
3024.8,27.16661725,27.074149777612675,27.064531513887193,27.163331219309654,0.09246747238732667
3025.282,27.15469134,27.07659747370293,27.063230233900565,27.167170766227244,0.07809386629707049
3025.764,27.16549919,27.079095679741247,27.06200399435309,27.171055439516795,0.08640351025875148
3026.246,27.15204378,27.08164419280217,27.060852805456527,27.17498496484761,0.07039958719783002
3026.729,27.17594209,27.08424825069659,27.059774519083064,27.178967356981964,0.09169383930341013
3027.211,27.19203494,27.086896862271594,27.058773602950918,27.182985846743385,0.10513807772840522
3027.693,27.1834506,27.089595156620163,27.057847745756348,27.18704835261444,0.09385544337983731
3028.175,27.17353859,27.092342920845997,27.056996942815974,27.191154592093085,0.08119566915400256
3028.657,27.20963556,27.095139939604316,27.05622118573092,27.195304280688024,0.11449562039568306
3029.139,27.17250007,27.097985995119046,27.055520462389566,27.199497131940028,0.0745140748809554
3029.621,27.18007317,27.100880867200512,27.054894756970707,27.20373285744311,0.07919230279948763
3030.103,27.19604311,27.103824333262956,27.05434404994677,27.208011166865933,0.09221877673704526
3030.585,27.1967437,27.10681616834238,27.053868318087154,27.21233176797317,0.08992753165761869
3031.068,27.21594388,27.10986250200449,27.053466780848524,27.216703461133037,0.10608137799551187
3031.55,27.20743235,27.11295048996481,27.053141070228595,27.221107847603985,0.09448186003519154
3032.032,27.19811453,27.116086157476623,27.052890242825438,27.225553637225477,0.08202837252337858
3032.514,27.22128589,27.119269270238433,27.052714260626782,27.230040530358497,0.10201661976156728
3032.996,27.21877501,27.122499591661317,27.052613081937245,27.23456822556836,0.09627541833868491
3033.478,27.20707897,27.125776882887305,27.052586661382747,27.239136419646556,0.0813020871126966
3033.96,27.21045776,27.12910090280817,27.05263494991523,27.24374480763262,0.08135685719183172
3034.442,27.21201245,27.132471408083997,27.052757894817542,27.248393082836234,0.07954104191600209
3034.925,27.20818062,27.13589528973952,27.052955927057994,27.253090703624572,0.07228533026048112
3035.407,27.22937742,27.139358122033702,27.053228166479492,27.2578179075295,0.09001929796629682
3035.889,27.21711285,27.142866695941734,27.053574882019806,27.262584067773293,0.07424615405826529
3036.371,27.23924642,27.14642075938235,27.05399600632976,27.267388870963213,0.09282566061764896
3036.853,27.24421621,27.15002005813798,27.054491468418025,27.272232002087307,0.09419615186202179
3037.335,27.23585037,27.153664335874105,27.05506119365699,27.277113144536713,0.08218603412589687
3037.817,27.25998089,27.157353334158806,27.05570510378886,27.28203198012792,0.10262755584119532
3038.299,27.24930191,27.161086792482195,27.05642311693194,27.286988189125147,0.0882151175178052
3038.781,27.25797884,27.164864448276237,27.057215147587048,27.291981450262803,0.09311439172376268
3039.264,27.28557662,27.168694011024943,27.058082980024334,27.29702191438827,0.11688260897505742
3039.746,27.27561722,27.1725593562372,27.05902292785652,27.30208838519417,0.10305786376279968
3040.228,27.28369354,27.176468098504976,27.060036614861822,27.30719093471215,0.10722544149502511
3040.71,27.28431573,27.18041996722161,27.06112394113162,27.312329235779185,0.10389576277838941
3041.192,27.29592961,27.18441468982183,27.06228480317462,27.317502959815066,0.11151492017817333
3041.674,27.30296729,27.188451991802,27.063519093924356,27.32271177684507,0.11451529819800044
3042.156,27.28834301,27.19253159674043,27.064826702746846,27.32795535552249,0.09581141325956821
3042.638,27.31126806,27.196653226317657,27.066207515448415,27.333233363151408,0.11461483368234227
3043.121,27.32835963,27.200825281240135,27.067664506560536,27.338556521878196,0.12753434875986613
3043.603,27.31183879,27.205030203374758,27.069191521491312,27.343902453730095,0.10680858662524173
3044.085,27.32520577,27.209276303416996,27.070791376180026,27.349281807877627,0.11592946658300463
3044.567,27.32164321,27.21356329565759,27.072463942268467,27.354694246452443,0.1080799143424116
3045.049,27.32264861,27.21789089259241,27.074209087880433,27.360139430350657,0.10475771740759043
3045.531,27.3320918,27.222258804943248,27.076026677630487,27.365617019255595,0.10983299505675248
3046.013,27.31268549,27.226666741678724,27.077916572633036,27.371126671660637,0.0860187483212762
3046.495,27.32241234,27.231114410035016,27.07987863051144,27.376668044891968,0.09129792996498409
3046.978,27.33155132,27.235610865674136,27.08191700023826,27.382252389231084,0.09594045432586285
3047.459,27.32545725,27.24012776201923,27.08401864799044,27.387844577439253,0.08532948798076845
3047.942,27.34221648,27.244702362957064,27.086200897868682,27.39349076720281,0.09751411704293744
3048.424,27.34319906,27.249306075901096,27.088450262291268,27.399155637038444,0.09389298409890401
3048.906,27.34234177,27.25394803077159,27.09077102533896,27.404850496898778,0.08839373922841176
3049.388,27.37102132,27.258627924849822,27.093163023883783,27.410574997584,0.11239339515017832
3049.87,27.37924747,27.263345453832677,27.095626091375514,27.416328788886787,0.11590201616732188
3050.352,27.35880327,27.268100311854116,27.098160057852297,27.42211151961532,0.09070295814588292
3050.834,27.38291996,27.272892191506333,27.100764749951168,27.427922837615885,0.11002776849366569
3051.316,27.39893417,27.277720783861472,27.103439990918957,27.433762389795834,0.12121338613852828
3051.799,27.39539583,27.282595909466718,27.1061913699302,27.439642023977655,0.11279992053328058
3052.281,27.39569325,27.287497069021736,27.10900731028967,27.445537038332915,0.10819618097826478
3052.763,27.40058432,27.29243400493816,27.11189324863632,27.45145922144414,0.1081503150618417
3053.245,27.41195437,27.297406402419497,27.11484899476031,27.457408216688545,0.11454796758050279
3053.727,27.40946485,27.302413945256838,27.117874355118,27.463383666618107,0.10705090474316137
3054.209,27.41290884,27.307456315850562,27.120969132843705,27.46938521298235,0.10545252414943818
3054.691,27.43483447,27.31253319523192,27.124133127761617,27.475412496750938,0.12230127476807695
3055.173,27.446124,27.317644263084794,27.127366136397885,27.481465158136423,0.12847973691520664
3055.656,27.44864203,27.322799906886477,27.130674873612094,27.487555471662944,0.1258421231135216
3056.138,27.46810334,27.327978454709896,27.13404542822923,27.493657856781493,0.1401248852901027
3056.62,27.4404263,27.33319022151582,27.13748436603191,27.499784535086118,0.10723607848417771
3057.102,27.46638896,27.33843488181364,27.140991470471114,27.505935143985315,0.1279540781863595
3057.584,27.45770733,27.343712108874396,27.14456652176246,27.51210932024346,0.1139952211256059
3058.066,27.46886236,27.349021574752477,27.148209296899186,27.5183067000031,0.11984078524752206
3058.548,27.45655408,27.354362950307543,27.151919569665257,27.524526918807453,0.10219112969245714
3059.03,27.44402803,27.359735905226415,27.15569711064873,27.530769611622947,0.08429212477358305
3059.512,27.47404041,27.36514010804487,27.15954168725512,27.53703441286134,0.10890030195513134
3059.995,27.47793497,27.370586534253377,27.163461247882985,27.543334021370605,0.10734843574662278
3060.477,27.47908055,27.376052297083625,27.16743932313249,27.54964198455036,0.10302825291637419
3060.959,27.481699,27.381548306038187,27.17148371675755,27.555970955522465,0.10015069396181175
3061.441,27.51314403,27.38707422526565,27.1755941835645,27.562320566702645,0.1260698047343496
3061.923,27.50243723,27.392629717873167,27.17977047524657,27.568690450063514,0.10980751212683515
3062.405,27.50644033,27.398214445948362,27.18401234039827,27.575080237156435,0.10822588405163813
3062.887,27.517703,27.403828070581174,27.188319524529756,27.58148955913386,0.11387492941882726
3063.369,27.53645441,27.409470251885864,27.19269177008152,27.58791804677113,0.1269841581141371
3063.852,27.53757212,27.415152442425583,27.197138089107284,27.594378725877817,0.12241967757441685
3064.334,27.52414034,27.42085077109742,27.201639806234418,27.60084447360655,0.10328956890257857
3064.816,27.55125107,27.426576630436525,27.20620579327681,27.607328276510184,0.12467443956347424
3065.298,27.54167815,27.432329676871355,27.210835780538716,27.613829764074584,0.10934847312864449
3065.78,27.54733813,27.438109565964034,27.215529495329946,27.620348565517997,0.10922856403596626
3066.262,27.56916263,27.443915952432306,27.220286661981135,27.62688430981256,0.12524667756769503
3066.744,27.54049447,27.44974849017129,27.225107001859435,27.633436625706118,0.09074597982870714
3067.226,27.56566657,27.45560683227541,27.229990233384186,27.640005141743686,0.11005973772459043
3067.708,27.56663298,27.461490631060087,27.234936072042814,27.64658948628907,0.10514234893991414
3068.191,27.58563556,27.467411823084632,27.239954685357,27.653202995889085,0.11822373691536825
3068.673,27.57763424,27.47334554017366,27.245025001485697,27.659817912832807,0.1042886998263377
3069.155,27.57597572,27.479303665706876,27.25015705316799,27.66644754172993,0.09667205429312276
3069.637,27.60057038,27.48528584910004,27.255350544318762,27.673091510432652,0.11528453089995949
3070.119,27.60078397,27.491291739098678,27.260605176002226,27.679749446718468,0.10949223090132065
3070.601,27.60637893,27.497320983799806,27.265920646448585,27.686420978311293,0.10905794620019549
3071.083,27.58198747,27.503373230673457,27.27129665107082,27.69310573290249,0.07861423932654432
3071.565,27.60880028,27.50944812658429,27.276732882481582,27.699803338171808,0.0993521534157118
3072.048,27.62786492,27.515557990517785,27.28224049537343,27.706527355856625,0.11230692948221588
3072.53,27.6209861,27.521677167935678,27.287796370414995,27.713249570308957,0.09930893206432145
3073.012,27.62157341,27.52781793083158,27.293411532794124,27.719983517845467,0.09375547916841853
3073.494,27.62681226,27.53397992386309,27.299085664088068,27.726728826307923,0.09283233613691166
3073.976,27.63865589,27.540162791189957,27.304818443160165,27.733485123630153,0.09849309881004231
3074.458,27.62301137,27.546366176495553,27.310609546177503,27.740252037858678,0.0766451935044472
3074.94,27.63941993,27.55258972300813,27.316458646628735,27.747029197173074,0.08683020699186983
3075.422,27.6546878,27.558833073522177,27.322365415341917,27.753816229906306,0.09585472647782467
3075.905,27.62631763,27.565108883740297,27.32834195353422,27.760626874878994,0.06120874625970174
3076.386,27.65835224,27.571377755690996,27.33435062767181,27.767418429849883,0.08697448430900323
3076.869,27.66303278,27.577691461993712,27.34044106795817,27.774247001334228,0.08534131800628941
3077.351,27.66243766,27.58401048626698,27.34657528192426,27.781069831867043,0.07842717373301866
3077.833,27.68122901,27.590347522004237,27.3527654783062,27.78790067972253,0.09088148799576246
3078.315,27.69609803,27.596702209841407,27.35901131234585,27.794739174577288,0.09939582015859472
3078.797,27.68342157,27.603074190128385,27.365312436753072,27.801584946401398,0.08034737987161478
3079.279,27.68357253,27.609463102949988,27.371668501724663,27.808437625478234,0.07410942705001133
3079.761,27.69376957,27.6158685881469,27.378079154963125,27.81529684242374,0.07790098185310157
3080.243,27.69438231,27.622290285336373,27.3845440416959,27.822162228206167,0.07209202466362896
3080.726,27.70927587,27.628741206070245,27.391076384854088,27.829047675511642,0.08053466392975395
3081.208,27.69969891,27.635194277069832,27.397648775107783,27.83592430426531,0.0645046329301664
3081.69,27.72799872,27.64166247703162,27.404274319125633,27.842805996304534,0.08633624296837894
3082.172,27.7142494,27.648145444885742,27.410952652422154,27.849692384200228,0.06610395511425793
3082.654,27.73626937,27.65464281944226,27.41768340813372,27.856583100971605,0.08162655055773982
3083.136,27.72888682,27.66115423941132,27.42446621703811,27.863477780104954,0.06773258058867881
3083.618,27.76119251,27.667679343423675,27.431300707574405,27.870376055572635,0.0935131665763258
3084.1,27.75549923,27.674217770050916,27.438186505862895,27.877277561851695,0.08128145994908564
3084.583,27.76218053,27.68078276313888,27.445137679961704,27.884196261091983,0.08139776686111944
3085.065,27.75166237,27.687346776339915,27.452125067427012,27.8911031393478,0.06431559366008344
3085.547,27.77367387,27.693923026967934,27.45916262650055,27.898012154305682,0.07975084303206614
3086.029,27.79271098,27.700511153559727,27.466249974223636,27.904922942647953,0.09219982644027169
3086.511,27.79482337,27.707110794693595,27.473386725419807,27.911835141653864,0.08771257530640497
3086.993,27.79549716,27.713721589008948,27.480572492715314,27.91874838921753,0.08177557099105215
3087.475,27.79493521,27.72034317522649,27.48780688655974,27.92566232386618,0.0745920347735094
3087.957,27.80617081,27.726975192167608,27.495089515246594,27.93257658477794,0.0791956178323936
3088.439,27.80087064,27.733617278774332,27.502419984934235,27.93949081179971,0.06725336122566716
3088.922,27.82953345,27.74028288437585,27.50981325558685,27.946418988860124,0.08925056562414824
3089.404,27.82368702,27.746944046738687,27.517238314507175,27.953332068472978,0.07674297326131452
3089.886,27.83226814,27.753614195763525,27.524710019468742,27.960244037183408,0.07865394423647487
3090.368,27.84100033,27.760292971069873,27.532227968294336,27.96715453769085,0.08070735893012682
3090.85,27.82999004,27.766980012494848,27.53979175677678,27.974063213451007,0.06301002750515039
3091.332,27.83931382,27.773674960112487,27.54740097870028,27.980969708693028,0.06563885988751395
3091.814,27.84048131,27.780377454252765,27.55505522586188,27.98787366843665,0.06010385574723642
3092.296,27.87836367,27.7870871355207,27.562754088092806,27.994774738509083,0.09127653447929873
3092.779,27.87637649,27.793817586330547,27.570513263392705,28.001686872790582,0.08255890366945096
3093.261,27.86680863,27.80054057791224,27.578300207917756,28.008581096490968,0.06626805208776076
3093.743,27.88754371,27.807269679532187,27.586130524562748,28.015471372286104,0.08027403046781245
3094.225,27.88533289,27.8140045330846,27.59400379550859,28.022357349402515,0.07132835691540151
3094.707,27.91090858,27.82074478083261,27.601919601079246,28.029238677957444,0.09016379916739226
3095.189,27.90598325,27.827490065426662,27.609877519763522,28.036115008975163,0.0784931845733361
3095.671,27.9206398,27.834240029923087,27.617877128237275,28.042985994403164,0.08639977007691257
3096.153,27.91981342,27.84099431780222,27.625918001385386,28.049851287128295,0.07881910219778021
3096.635,27.9316674,27.847752572986774,27.6339997123241,28.056710540992654,0.08391482701322417
3097.118,27.94134909,27.854528472137257,27.642138725001654,28.063577621506585,0.08682061786274176
3097.6,27.93015731,27.861293601948272,27.650300906401785,28.07042374875998,0.06886370805172604
3098.082,27.9329125,27.86806163293263,27.65850263365378,28.07726280385787,0.06485086706737064
3098.564,27.97230761,27.874832210963977,27.666743473018972,28.08409444462309,0.09747539903602487
3099.046,27.96760567,27.881604982448106,27.67502298910203,28.090918329912135,0.08600068755189483
3099.528,27.97061389,27.88837959434075,27.68334074487367,28.097734119630232,0.08223429565924789
3100.01,27.95579575,27.895155694164906,27.691696301693263,28.104541474746632,0.06064005583509413
3100.492,27.97794756,27.90193293002861,27.70008921933165,28.11134005730967,0.07601462997138952
3100.975,27.99849689,27.908725013497868,27.70853658335148,28.11814360680322,0.08977187650213025
3101.457,27.98523186,27.91550346872739,27.717002970913544,28.124923614851337,0.06972839127260855
3101.939,28.00622031,27.922282007277552,27.725505388379386,28.131693842421292,0.08393830272244784
3102.421,28.00739158,27.92906027977011,27.73404338939124,28.138453956028407,0.0783313002298911
3102.903,28.02076288,27.935837937497777,27.742616526117473,28.145203623340812,0.08492494250222293
3103.385,28.00140908,27.942614632440993,27.75122434927576,28.151942513193625,0.05879444755900565
3103.867,28.02129407,27.94939001728473,27.759866408156164,28.158670295603386,0.07190405271526856
3104.349,28.03121131,27.956163745435266,27.768542250644483,28.165386641782124,0.07504756456473416
3104.832,28.02346379,27.96294951793872,27.77726952639951,28.172105121618305,0.060514272061279684
3105.313,28.03345788,27.9697048489873,27.785993471106064,28.178783716356325,0.06375303101270191
3105.796,28.05346392,27.976485570687153,27.79478617570965,28.185477639229394,0.07697834931284575
3106.278,28.04091776,27.983249214476373,27.803592670050666,28.192144950237836,0.05766854552362588
3106.76,28.04861603,27.99000947928915,27.812430666227126,28.198799198827214,0.05860655071085219
3107.242,28.05739958,27.99676602320567,27.821299704186966,28.20544006367592,0.060633556794329024
3107.724,28.0582415,28.003518505141443,27.83019932263795,28.21206722475362,0.05472299485855814
3108.206,28.04761403,28.010266584863032,27.83912905907121,28.218680363334588,0.03734744513696597
3108.688,28.07672224,28.017009923003883,27.848088449785,28.22527916201071,0.05971231699611579
3109.17,28.06440116,28.02374818107998,27.857077029908343,28.2318633047044,0.04065297892001851
3109.653,28.0728663,28.030494984188643,27.86611307105738,28.238446089889614,0.042371315811358556
3110.135,28.09595295,28.037222058003156,27.8751586889656,28.244999945738265,0.058730891996845
3110.617,28.10949409,28.043943041055343,27.884232093920538,28.25153820483794,0.06555104894465558
3111.099,28.11299967,28.0506575985477,27.8933328166103,28.258060556564033,0.06234207145229931
3111.581,28.08652299,28.057365396641895,27.902460386673052,28.26456669168569,0.02915759335810364
3112.063,28.09461399,28.064066102473905,27.91161433272095,28.271056302378195,0.03054788752609383
3112.545,28.12074669,28.07075938416882,27.920794182364236,28.277529082235056,0.049987305831180606
3113.027,28.13186631,28.077444910855686,27.929999462235152,28.283984726280107,0.054421399144313654
3113.51,28.14866467,28.084136197663458,27.93924887349084,28.290436269912636,0.06452847233654069
3113.992,28.15727209,28.090805208013666,27.948503640217403,28.296856696065387,0.06646688198633299
3114.474,28.16744978,28.09746547623413,27.957782410452634,28.303259079556206,0.0699843037658674
3114.956,28.15838866,28.10411667561772,27.96708470715612,28.309643121251437,0.05427198438227876
3115.438,28.18195442,28.110758480533654,27.976410052430154,28.31600852350611,0.07119593946634595
3115.92,28.18661839,28.11739056644167,27.985757967543968,28.322354990175533,0.0692278235583288
3116.402,28.17216658,28.124012609905925,27.995127972957935,28.328682226626373,0.04815397009407363
3116.884,28.18854519,28.13062428860916,28.004519588347883,28.33498993974779,0.057920901390840385
3117.366,28.2091581,28.137225281366238,28.013932332629288,28.34127783796251,0.071932818633762
3117.849,28.19740823,28.143828928647697,28.023385316460942,28.347558613858716,0.05357930135230404
3118.331,28.20380237,28.150407566728457,28.032838913685197,28.353805971107743,0.05339480327154078
3118.813,28.20069634,28.15697456157997,28.042312191225538,28.360032647433925,0.04372177842003211
3119.295,28.22418385,28.163529596684526,28.051804665198176,28.366238357504972,0.06065425331547303
3119.777,28.20350078,28.170072356724248,28.061315851080817,28.372422817575472,0.03342842327575113
3120.259,28.23062051,28.176602527593946,28.07084526373699,28.37858574549703,0.054017982406055154
3120.741,28.21677648,28.18311979641444,28.08039241744055,28.384726860728563,0.03365668358555851
3121.223,28.24075745,28.189623851545264,28.089956825900043,28.390845884346422,0.05113359845473653
3121.706,28.23077812,28.196127834156798,28.09955789733468,28.39695516427155,0.03465028584320251
3122.188,28.25122621,28.20260450298623,28.109155387562957,28.403029127144293,0.04862170701376911
3122.67,28.26555225,28.209067030127827,28.11876866951291,28.409080170868787,0.056485219872172365
3123.152,28.25433499,28.215515109026178,28.12839725487554,28.415108023092728,0.03881988097382205
3123.634,28.26212552,28.22194843442759,28.138040654898838,28.42111241312989,0.04017708557241306
3124.116,28.27092578,28.2283667023925,28.14769838041236,28.42709307196951,0.04255907760749977
3124.598,28.25870733,28.23476961030748,28.157369941851687,28.43304973228545,0.02393771969251901
3125.08,28.29441267,28.241156856897398,28.167054849282962,28.438982128445605,0.05325581310260219
3125.562,28.28936669,28.2475281422373,28.17675261242732,28.444889996520693,0.04183854776270124
3126.045,28.30903327,28.253896335355986,28.1864828986927,28.45078525389845,0.0551369346440147
3126.527,28.317307,28.26023476922182,28.196204925293998,28.456643228629805,0.05707223077817858
3127.009,28.30574712,28.266556349669035,28.205938333927627,28.46247589325971,0.03919077033096485
3127.491,28.31549616,28.27286078229306,28.215682633179235,28.468282990762532,0.04263537770694015
3127.973,28.3291293,28.27914777409775,28.22543733141212,28.474064265859216,0.04998152590225047
3128.455,28.33277408,28.285417033506143,28.23520193679157,28.47981946502545,0.047357046493857524
3128.937,28.35318653,28.291668270371936,28.2449759573094,28.485548336500205,0.061518259628062566
3129.419,28.34504167,28.297901195990317,28.254758900808437,28.491250630293763,0.047140474009683686
3129.902,28.3441646,28.30412839637224,28.26457059748342,28.496937844968727,0.040036203627760614
3130.384,28.35225033,28.310323799727083,28.27436992595726,28.50258618413449,0.04192653027291726
3130.866,28.36130616,28.316500033889824,28.28417669926957,28.508207205851942,0.04480612611017776
3131.348,28.35542159,28.322656816033163,28.293990424911637,28.51380066729975,0.03276477396683575
3131.83,28.36277475,28.328793864824803,28.303810610348037,28.51936632746695,0.03398088517519682
3132.312,28.36318722,28.33491090043794,28.313636763041025,28.524903947160585,0.028276319562060337
3132.794,28.36891973,28.341007644561465,28.323468390474915,28.530413289013072,0.027912085438533296
3133.276,28.38409694,28.347083820410088,28.33330500018053,28.535894117489345,0.03701311958991127
3133.759,28.39539972,28.353151693807654,28.34316652130416,28.541357480222803,0.0422480261923468
3134.24,28.38730526,28.359173367830923,28.352991196908437,28.546769301379335,0.0281318921690783
3134.723,28.36796878,28.365198645871605,28.362860235531556,28.552174355079494,0.002770134128397217
3135.205,28.38338154,28.37118976641602,28.37271185715363,28.55753875029344,0.012191773583978716
3135.687,28.39691593,28.377158957437864,28.382565999229826,28.56287348172513,0.019756972562134933
3136.169,28.39184901,28.38310595151707,28.39242217008097,28.568178324986,0.008743058482931332
3136.651,28.42220707,28.389030482827526,28.402279878244475,28.573453057567946,0.033176587172473404
3137.133,28.41774783,28.394932287146098,28.412138632498557,28.57869745885,0.02281554285390186
3137.615,28.42140557,28.400811101861894,28.421997941886364,28.58391131010445,0.020594468138106947
3138.097,28.42545971,28.406666665985355,28.431857315740203,28.5890943945031,0.0187930440146431
3138.58,28.42801631,28.41251079523691,28.441736717171764,28.59425715377936,0.01550551476309181
3139.062,28.44103335,28.418319032159292,28.451594746822217,28.599377996670647,0.022714317840708986
3139.544,28.43424021,28.424103244807558,28.461451369895798,28.604467433243233,0.010136965192440783
3140.026,28.43855352,28.429863178769008,28.471306097123012,28.60952525433098,0.00869034123099155
3140.508,28.4358085,28.435598581295903,28.48115843964376,28.614551252696845,0.00020991870409758917
3140.99,28.44007279,28.44130920131381,28.491007909031342,28.619545223038326,-0.0012364113138119137
3141.472,28.46602215,28.446994789429926,28.50085401731638,28.62450696199305,0.019027360570074592
3141.954,28.45018541,28.4526550979413,28.510696277010698,28.62943626814412,-0.0024696879412999806
3142.437,28.45243617,28.458301544560204,28.520554606917763,28.63434306704138,-0.005865374560205083
3142.919,28.47761015,28.463910503835386,28.5303876985006,28.639206842827203,0.013699646164614165
3143.401,28.49104194,28.469493450114502,28.540215481146067,28.644037592880213,0.021548489885496735
3143.883,28.49106142,28.475050142537206,28.550037469530043,28.64883512362131,0.016011277462794737
3144.365,28.47786875,28.48058034197225,28.559853178928417,28.653599243442272,-0.00271159197225046
3144.847,28.48616565,28.486083811025196,28.569662125240708,28.658329762710565,8.183897480407154e-05
3145.329,28.49967311,28.49156031404569,28.57946382501375,28.663026493773945,0.008112795954311025
3145.811,28.50297225,28.49700961713499,28.589257795465183,28.667689250965104,0.00596263286501042
3146.293,28.53008602,28.502431488153082,28.59904355450691,28.672317850606127,0.027654531846916797
3146.776,28.5273962,28.507836859115983,28.608840895768736,28.676921606852954,0.01955934088401534
3147.258,28.54368976,28.513203118540503,28.61860876909003,28.681481276537923,0.030486641459496866
3147.74,28.5353586,28.51854125962835,28.62836698814248,28.686006249252145,0.016817340371648726
3148.222,28.52959568,28.523851057348597,28.63811507385073,28.690496349322256,0.005744622651402409
3148.704,28.53798028,28.52913228846361,28.647852547950404,28.69495140308517,0.008847991536388378
3149.186,28.55164632,28.534384731535866,28.657578933011404,28.699371238892123,0.017261588464133837
3149.668,28.5575721,28.53960816693444,28.667293752460978,28.703755687112373,0.017963933065562543
3150.15,28.55853823,28.544802376841155,28.6769965306067,28.70810458013678,0.013735853158845401
3150.633,28.5593488,28.54997782979125,28.686706883598408,28.712426663626307,0.00937097020874944
3151.115,28.5487591,28.55511288079586,28.69638412825388,28.71670387691922,-0.00635378079585891
3151.597,28.56194422,28.56021806335619,28.70604790906047,28.720945044021967,0.00172615664381226
3152.079,28.56039954,28.565293166971955,28.71569775407895,28.725150005451706,-0.0048936269719561665
3152.561,28.57365255,28.570337982986292,28.725333192364978,28.729318603764384,0.003314567013706693
3153.043,28.58095229,28.575352304591743,28.734953753991853,28.73345068355788,0.005599985408256458
3153.525,28.58867432,28.580335926835843,28.744558970073104,28.73754609147506,0.008338393164155633
3154.007,28.58548326,28.58528864662672,28.75414837278505,28.741604676206702,0.00019461337328152695
3154.49,28.60610287,28.590220441089752,28.763741339393263,28.745634593553213,0.015882428910249047
3154.972,28.59713271,28.595110689018743,28.773297681033938,28.749619009028873,0.0020220209812578105
3155.454,28.60621104,28.5999694360297,28.78283681147345,28.753566159408162,0.0062416039703023785
3155.936,28.62841341,28.604796486531338,28.792358267366204,28.757475901605464,0.023616923468662065
3156.418,28.62385179,28.60959164681959,28.80186158654131,28.761348094596606,0.014260143180408136
3156.9,28.63841246,28.614354725082592,28.811346308024767,28.765182599421017,0.02405773491740959
3157.382,28.61603612,28.61908553140568,28.820811972061513,28.768979279184173,-0.003049411405680047
3157.864,28.6290511,28.6237838777761,28.83025812013742,28.77273799905977,0.00526722222390319
3158.346,28.65142857,28.628449578087828,28.839684295001316,28.776458626291888,0.02297899191217212
3158.829,28.64184431,28.6330920256561,28.849109533130278,28.780148630216594,0.008752284343898964
3159.311,28.66942955,28.63769181450341,28.858494351178212,28.78379260248499,0.03173773549659131
3159.793,28.64503701,28.64225841008789,28.867857831117057,28.787398096023985,0.0027785999121086036
3160.275,28.64820423,28.646791633979635,28.877199520967814,28.790964986382875,0.0014125960203656973
3160.757,28.64831146,28.65129130967779,28.886518970123074,28.794493151190828,-0.0029798496777928563
3161.239,28.65414399,28.655757262614447,28.895815729368234,28.797982470158136,-0.001613272614445549
3161.721,28.65644432,28.660189320158977,28.905089350903094,28.80143282507808,-0.0037450001589789395
3162.203,28.651017,28.664587311621794,28.91433938836303,28.804844099828053,-0.013570311621794673
3162.686,28.64848371,28.668960085992296,28.923584512650763,28.80822313556857,-0.02047637599229546
3163.167,28.65639491,28.673280423272786,28.93276693290492,28.81154895475714,-0.016885513272786312
3163.65,28.66567175,28.67758408612644,28.94196256705631,28.814849104769777,-0.011912336126439271
3164.132,28.64710855,28.68184407310228,28.951113780963333,28.818102857234358,-0.03473552310228101
3164.614,28.64786542,28.68606916946598,28.960239200337146,28.82131698000689,-0.03820374946598193
3165.096,28.66402393,28.6902592162569,28.969338387872547,28.8244913694998,-0.026235286256902413
3165.578,28.6624663,28.694414056480888,28.978410907846673,28.82762592421753,-0.03194775648088921
3166.06,28.67481088,28.698533535113214,28.987456326139643,28.830720544757007,-0.023722655113214586
3166.542,28.66945372,28.702617499101947,28.996474210254956,28.833775133808565,-0.033163779101947455
3167.024,28.68905569,28.706665797370878,29.005464129339995,28.836789596156333,-0.01761010737087787
3167.507,28.69952273,28.710686568145274,29.01444421676901,28.83976996743461,-0.01116383814527211
3167.989,28.71170803,28.714663014902538,29.023376859673256,28.84270381537961,-0.0029549849025372055
3168.471,28.71289907,28.718603354296338,29.032280254173592,28.84559726335889,-0.005704284296339068
3168.953,28.72883463,28.722507443186448,29.041153976198675,28.848450224540684,0.006327186813553709
3169.435,28.71524639,28.72637514042244,29.04999760342165,28.8512626141888,-0.011128750422439992
3169.917,28.72450451,28.730206306846114,29.058810715280046,28.854034349662722,-0.005701796846114604
3170.399,28.72784965,28.734000805293963,29.067592892995524,28.856765350417678,-0.006151155293963484
3170.881,28.7446817,28.737758500599508,29.076343719593456,28.85945553800446,0.006923199400493019
3171.364,28.72976481,28.741486940526084,29.085080835951327,28.862110289982006,-0.01172213052608484
3171.846,28.74265234,28.74517055500857,29.093767649511868,28.86471853920377,-0.0025182150085711896
3172.328,28.74044272,28.748816972587946,29.102421871196615,28.86728575233424,-0.008374252587945108
3172.81,28.7503129,28.752426066111784,29.111043091444124,28.869811859308857,-0.002113166111783471
3173.292,28.73841711,28.75599771043527,29.119630902593414,28.872296792157172,-0.0175806004352701
3173.774,28.73369296,28.759531782422854,29.128184898902905,28.87474048500238,-0.0258388224228554
3174.256,28.72212587,28.76302816095014,29.13670467656937,28.877142874060564,-0.04090229095013953
3174.738,28.73494191,28.766486726905406,29.145189833746734,28.87950389764016,-0.03154481690540578
3175.22,28.72121587,28.769907363191354,29.153639970564758,28.88182349614107,-0.048691493191352464
3175.703,28.73533562,28.773296932925085,29.16207210997783,28.88410629527556,-0.0379613129250842
3176.185,28.74378747,28.7766412873635,29.170450939749305,28.88634278694589,-0.032853817363498905
3176.667,28.73284272,28.779947372712947,29.178793560775965,28.888537687168924,-0.04710465271294595
3177.149,28.73021708,28.78321507995188,29.187099581279867,28.8906909447057,-0.052997999951880814
3177.631,28.7468735,28.786444302079705,29.195368611550805,28.892802510403794,-0.0395708020797052
3178.113,28.73898279,28.789634934117984,29.203600263964177,28.89487233719595,-0.0506521441179828
3178.595,28.76773146,28.792786873111325,29.211794152999005,28.896900380098987,-0.025055413111324754
3179.077,28.75804822,28.795900018128496,29.21994989525577,28.8988865962123,-0.03785179812849648
3179.56,28.7688453,28.798980607882868,29.22808390985421,28.900834935086003,-0.030135307882869
3180.042,28.7674004,28.80201578926304,29.236162135817192,28.902737290259655,-0.03461538926304186
3180.524,28.77734215,28.805011885830666,29.24420107692824,28.904597702348536,-0.027669735830667008
3181.006,28.77918735,28.80796880476245,29.252200358453567,28.90641613677152,-0.028781454762448533
3181.488,28.77942185,28.81088645526257,29.26015960786804,28.90819256102209,-0.031464605262570444
3181.97,28.76810673,28.813764748563127,29.268078454872256,28.909926944666427,-0.045658018563127456
3182.452,28.77317785,28.816603597924484,29.27595653140951,28.911619259341677,-0.04342574792448417
3182.934,28.77386864,28.819402918635525,29.283793471682625,28.91326947875387,-0.04553427863552528
3183.417,28.75594812,28.82216831231997,29.291605041893913,28.91488087118403,-0.066220192319971
3183.899,28.78199701,28.82488824728152,29.29935853414653,28.91644674200125,-0.04289123728151978
3184.381,28.77382933,28.82756841147169,29.307069805725256,28.917970451026797,-0.05373908147169004
3184.863,28.77128086,28.830208728299226,29.314738500041912,28.91945198022557,-0.05892786829922514
3185.345,28.77816051,28.83280912320169,29.322364262850375,28.920891313620466,-0.05464861320169234
3185.827,28.78806861,28.835369523645376,29.32994674226252,28.92228843729004,-0.04730091364537614
3186.309,28.7731686,28.837889859124964,29.337485588764256,28.923643339365984,-0.06472125912496196
3186.791,28.79290582,28.840370061163195,29.344980455231422,28.924956010030584,-0.04746424116319403
3187.273,28.81521253,28.842810063310598,29.352430996945408,28.926226441514142,-0.027597533310597555
3187.756,28.81293359,28.84521473795577,29.35985218982657,28.92745713228085,-0.032281147955771416
3188.238,28.81982484,28.847574065352315,29.367212963851724,28.92864298261665,-0.027749225352316387
3188.72,28.79859618,28.84989300554728,29.374528392859318,28.92978658272192,-0.05129682554727921
3189.202,28.79093906,28.852171500200544,29.381798141912927,28.930887932995635,-0.06123244020054486
3189.684,28.82320441,28.854409492996588,29.38902187855837,28.93194703587082,-0.031205082996589084
3190.166,28.81879689,28.85660692964355,29.39619927283869,28.93296389581131,-0.03781003964354923
3190.648,28.80627206,28.85876375787233,29.403329997308976,28.933938519308718,-0.052491697872330434
3191.13,28.80303566,28.8608799274357,29.41041372705099,28.934870914879294,-0.05784426743570137
3191.613,28.82135658,28.862959653699132,29.417464688645957,28.935762896026976,-0.04160307369913241
3192.094,28.82038335,28.864990099679364,29.424438915397946,28.93660906640879,-0.044606749679363844
3192.577,28.8274707,28.86698810627323,29.43139408690779,28.937416477397573,-0.03951740627323019
3193.059,28.82718072,28.86894109432696,29.43828653912629,28.93817999932294,-0.04176037432695878
3193.541,28.81953406,28.870853202684263,29.445130409785175,28.938901366197392,-0.05131914268426385
3194.023,28.79419228,28.872724393207722,29.45192538943234,28.93958059861888,-0.07853211320772147
3194.505,28.82950036,28.874554629772614,29.458671171241416,28.940217719185945,-0.04505426977261351
3194.987,28.83231863,28.87634387826546,29.465367451025127,28.940812752493922,-0.04402524826545928
3195.469,28.83921778,28.878092106582308,29.4720139272489,28.94136572513139,-0.03887432658230949
3195.951,28.83041816,28.879799284627005,29.478610301044156,28.941876665676062,-0.04938112462700417
3196.434,28.83317288,28.881468798228568,29.485169804489487,28.942346533955416,-0.04829591822856827
3196.916,28.84105359,28.88309370815828,29.491664982077804,28.94277341694793,-0.04204011815827968
3197.398,28.83770207,28.884677489508363,29.49810917615796,28.943158365550847,-0.046975419508363814
3197.88,28.83282032,28.886220120199592,29.504502098661092,28.94350141626341,-0.05339980019959256
3198.362,28.84208438,28.88772158015091,29.51084346424869,28.943802607553852,-0.04563720015091022
3198.844,28.85467452,28.88918185127741,29.517132990325116,28.944061979855377,-0.03450733127741046
3199.326,28.85523754,28.890600917487944,29.52337039704987,28.94427957556165,-0.03536337748794338
3199.808,28.83879324,28.89197876468299,29.529555407349783,28.944455439022548,-0.05318552468298776
3200.291,28.85140823,28.893318110947693,29.535700414687383,28.944589851616968,-0.0419098809476921
3200.773,28.83602075,28.89461340019586,29.54177970192842,28.944682305105406,-0.05859265019585891
3201.255,28.844561,28.89586744004095,29.547805777694027,28.94473317119669,-0.05130644004094975
3201.737,28.85840806,28.897080224329763,29.55377837610492,28.944742502024493,-0.03867216432976406
3202.219,28.84459892,28.898251748888345,29.559697234107887,28.944710351655875,-0.053652828888345994
3202.701,28.84412485,28.89938201151929,29.565562091486978,28.944636776086533,-0.05525716151928961
3203.183,28.85660611,28.900471011998874,29.571372690874735,28.944521833235967,-0.04386490199887305
3203.665,28.87451146,28.901518752074413,29.577128777763093,28.94436558294266,-0.027007292074411993
3204.147,28.86009102,28.902525235461283,29.582830100514332,28.94416808695902,-0.04243421546128445
3204.63,28.85104865,28.903492427521485,29.58848806735074,28.9439288710005,-0.05244377752148566
3205.112,28.84821673,28.904416330976776,29.59407900355077,28.943648991290093,-0.056199600976775343
3205.594,28.83863834,28.905299000690174,29.599614437527503,28.943328062722287,-0.06666066069017518
3206.076,28.8330699,28.90614044822323,29.605094129235912,28.942966154658702,-0.07307054822322812
3206.558,28.85356755,28.906940687090273,29.610517841553403,28.942563338349355,-0.05337313709027214
3207.04,28.85883462,28.90769973275495,29.615885340289623,28.942119686927196,-0.048865112754949536
3207.522,28.85998552,28.908417602627086,29.621196394196303,28.941635275402888,-0.048432082627087425
3208.004,28.85581869,28.909094316059072,29.626450774976906,28.94111018065917,-0.05327562605907232
3208.487,28.85323058,28.909731170225555,29.631658981153958,28.94054326564306,-0.05650059022555354
3208.969,28.85347294,28.910325551318707,29.63679922391007,28.939936958580617,-0.05685261131870689
3209.451,28.856016,28.91087884570405,29.64188212600311,28.939290210297713,-0.054862845704050756
3209.933,28.8585283,28.911391080473255,29.646907471043114,28.938603105113902,-0.0528627804732551
3210.415,28.87102836,28.91186228464264,29.651875045637865,28.937875729192754,-0.040833924642640795
3210.897,28.87226246,28.912292489149436,29.65678463940161,28.937108170535993,-0.040030029149434654
3211.379,28.85493265,28.912681726847765,29.661636044963583,28.936300518977617,-0.057749076847766645
3211.861,28.84367849,28.913030032504917,29.666429057976472,28.935452866178007,-0.06935154250491848
3212.344,28.83631097,28.913338038093787,29.67117323852487,28.934563422787697,-0.07702706809378768
3212.826,28.86040896,28.913604506878997,29.675848743353296,28.933635967263776,-0.05319554687899597
3213.308,28.85808645,28.913830159449063,29.68046526041143,28.932668796580707,-0.05574370944906448
3213.79,28.84795814,28.91401503818706,29.685022597533276,28.931662009647315,-0.0660568981870604
3214.272,28.82748871,28.914159187368483,29.68952056561601,28.930615707168084,-0.08667047736848232
3214.754,28.83276423,28.914262653157156,29.693958978627624,28.929529991636926,-0.08149842315715716
3215.236,28.8470844,28.914325483600678,29.698337653614118,28.928404967330735,-0.0672410836006776
3215.718,28.82075658,28.91434772862616,29.702656410706794,28.927240740303066,-0.09359114862616025
3216.2,28.82624385,28.914329440035587,29.70691507312918,28.926037418377426,-0.08808559003558614
3216.683,28.82667031,28.914270507534447,29.71112211479756,28.924792493291935,-0.08760019753444581
3217.165,28.82505687,28.914171230785836,29.715259944386226,28.923511231554397,-0.08911436078583534
3217.647,28.82931311,28.914031587152238,29.719337167252572,28.922191209180916,-0.08471847715223646
3218.129,28.83642919,28.91385163589319,29.723353619062774,28.920832541012985,-0.07742244589319114
3218.611,28.82903019,28.913631438119868,29.727309138608007,28.919435343628784,-0.08460124811986702
3219.093,28.82323514,28.913371056790215,29.731203567810553,28.91799973533636,-0.0901359167902136
3219.575,28.81965909,28.91307055670393,29.735036751729726,28.91652583616677,-0.0934114667039303
3220.057,28.83816149,28.91273000449755,29.73880853856755,28.915013767867023,-0.07456851449754964
3220.54,28.83671862,28.912348637631577,29.74252641319203,28.913460398427155,-0.07563001763157828
3221.021,28.8298882,28.911929019424722,29.74616732955458,28.911875619402736,-0.08204081942472286
3221.504,28.8406488,28.911467732646628,29.749761422818533,28.910246378963635,-0.07081893264662753
3221.986,28.85137348,28.91096759245805,29.75328603768259,28.90858280767713,-0.059594112458050574
3222.468,28.8623888,28.910427760865296,29.75674854352835,28.906881701759072,-0.04803896086529491
3222.95,28.85860039,28.909848315421815,29.76014880753299,28.905143193106188,-0.051247925421815665
3223.432,28.84586115,28.90922933548129,29.7634867000522,28.903367415280655,-0.06336818548128775
3223.914,28.84724426,28.908570902192235,29.766762094624795,28.90155450350276,-0.061326642192234715
3224.396,28.84536213,28.907873098492487,29.76997486797697,28.89970459464335,-0.06251096849248583
3224.878,28.85173395,28.907136009103603,29.77312490002643,28.897817827216308,-0.05540205910360285
3225.361,28.84455806,28.90635806928148,29.77621841339118,28.89589031266572,-0.06180000928148033
3225.843,28.83782541,28.90554258873562,29.7792424846114,28.89393017444218,-0.06771717873562011
3226.325,28.8373884,28.90468808749956,29.78220347324466,28.891933603273333,-0.06729968749956328
3226.807,28.84176457,28.90379465737645,29.785101272019823,28.88990074417164,-0.06203008737645277
3227.289,28.82533262,28.902862391924348,29.787935776875784,28.8878317437539,-0.07752977192434685
3227.771,28.80536125,28.901891386450234,29.79070688696446,28.88572675023329,-0.09653013645023378
3228.253,28.81093518,28.90088173800417,29.793414504654013,28.88358591341143,-0.08994655800416851
3228.735,28.80868403,28.899833545373106,29.796058535531543,28.8814093846704,-0.09114951537310745
3229.218,28.81301056,28.89874461475122,29.798644175580467,28.879192690776765,-0.08573405475122087
3229.7,28.81487271,28.897619557589117,29.80116063010111,28.87694516537469,-0.08274684758911732
3230.182,28.81923761,28.896456263180596,29.803613233739085,28.874662411926387,-0.07721865318059784
3230.664,28.82278052,28.895254837202188,29.80600190498982,28.872344588057405,-0.07247431720218955
3231.146,28.82404577,28.89401538703628,29.808326565579673,28.869991852932653,-0.06996961703627846
3231.628,28.7986869,28.892738021764544,29.810587140467856,28.86760436724813,-0.09405112176454367
3232.11,28.81809767,28.891422852161632,29.812783557848217,28.865182293222478,-0.07332518216163209
3232.592,28.8118891,28.89006999068861,29.814915749150764,28.862725794588453,-0.07818089068861056
3233.074,28.83804473,28.888679551486288,29.816983649043124,28.860235036584392,-0.05063482148628751
3233.557,28.8061231,28.887248649057998,29.818991285230425,28.857704912343664,-0.0811255490579974
3234.039,28.80606535,28.885783326150968,29.820930285567332,28.855146067087404,-0.07971797615096676
3234.521,28.80870482,28.88428077819846,29.822804817822362,28.852553467477296,-0.07557595819845986
3235.003,28.81409977,28.882741125997025,29.824614829631237,28.849927284690636,-0.06864135599702692
3235.485,28.81396653,28.881164491989445,29.826360271872016,28.84726769136683,-0.0671979619894465
3235.967,28.82509911,28.87955100025753,29.828041098665494,28.84457486159851,-0.05445189025752839
3236.449,28.8069271,28.877900776515325,29.829657267375502,28.84184897092244,-0.07097367651532593
3236.931,28.80543081,28.87621394810192,29.831208738609014,28.839090196310764,-0.07078313810191972
3237.414,28.80829575,28.874487030828625,29.832698493420256,28.8362928908364,-0.06619128082862602
3237.896,28.80311343,28.872727306287157,29.834120330091785,28.833468817672742,-0.06961387628715698
3238.378,28.7986783,28.870931369047362,29.835477370507558,28.830612400388148,-0.07225306904736328
3238.86,28.80469254,28.869099352880596,29.836769588252075,28.827723821607716,-0.0644068128805948
3239.342,28.78294599,28.867231393147467,29.837996960151234,28.82480326534605,-0.08428540314746513
3239.824,28.79843711,28.865327626790158,29.839159466271553,28.82185091699794,-0.06689051679015989
3240.306,28.79979108,28.863388192325296,29.840257089919156,28.81886696332903,-0.06359711232529719
3240.788,28.79527247,28.86141322983614,29.841289817638547,28.81585159246623,-0.06614075983613787
3241.271,28.78131379,28.859398673432047,29.842259579664905,28.81279864081561,-0.078084883432048
3241.753,28.75987294,28.857353008405052,29.843162353429083,28.80972094115161,-0.09748006840505141
3242.235,28.78519275,28.855272245230708,29.844000210311087,28.806612397148033,-0.07007949523070778
3242.717,28.75526063,28.8531565301868,29.844773149801256,28.803473202284852,-0.09789590018680272
3243.199,28.77441342,28.85100601107953,29.845481174620218,28.800303551355448,-0.07659259107953176
3243.681,28.75535128,28.848820837235813,29.846124290716826,28.7971036404569,-0.09346955723581374
3244.163,28.76932297,28.846601159495407,29.846702507265828,28.79387366698018,-0.07727818949540577
3244.645,28.75061078,28.844347130202948,29.847215836665466,28.79061382960033,-0.09373635020294913
3245.127,28.74647887,28.842058903199984,29.847664294534972,28.787324328266447,-0.0955800331999832
3245.61,28.75391057,28.839731780552246,29.848048628173665,28.783998447888138,-0.0858212105522469
3246.092,28.74097174,28.837375555462256,29.848367268232014,28.780650163045742,-0.0964038154622564
3246.574,28.74853787,28.834985603417042,29.848621102970892,28.777272822065648,-0.08644773341704237
3247.056,28.74871599,28.83256208416785,29.84881016087087,28.773866629895988,-0.08384609416784983
3247.538,28.75467947,28.830105158922088,29.848934473618147,28.77043179270864,-0.07542568892208834
3248.02,28.74339037,28.827614990334908,29.84899407610106,28.766968517889115,-0.08422462033490774
3248.502,28.75903705,28.825091742501023,29.848989006406384,28.76347701402622,-0.06605469250102303
3248.984,28.74223393,28.82253558094614,29.8489193058155,28.75995749090173,-0.08030165094614006
3249.467,28.72639169,28.81994126751583,29.848784673091746,28.75640277111159,-0.09354957751583015
3249.948,28.73498424,28.817325185880513,29.848586193019425,28.752835231897656,-0.08234094588051377
3250.431,28.74084074,28.814665750922696,29.848322266021217,28.749225419463986,-0.07382501092269678
3250.913,28.72896706,28.811979551360217,29.84799438478615,28.745595884464162,-0.08301249136021838
3251.395,28.73069426,28.809261287231823,29.847602126957423,28.74193939708997,-0.07856702723182352
3251.877,28.73417891,28.80651113247255,29.847145552901296,28.73825617406388,-0.07233222247255
3252.359,28.71205646,28.80372926238793,29.846624726147326,28.734546433227514,-0.09167280238792941
3252.841,28.72160425,28.800915853645208,29.84603971338343,28.730810393531215,-0.07931160364520906
3253.323,28.70396431,28.798071084264553,29.84539058445057,28.727048275022955,-0.09410677426455294
3253.805,28.70824049,28.795195133609873,29.844677412337393,28.723260298837776,-0.0869546436098716
3254.288,28.70810867,28.79228211926195,29.843898594413695,28.719438748636108,-0.08417344926195014
3254.77,28.71634663,28.789344285732852,29.843057435006013,28.715599672305938,-0.072997655732852
3255.252,28.69184998,28.786375817376335,29.842152470388136,28.711735408583163,-0.09452583737633447
3255.734,28.70927318,28.783376898844004,29.841183786089015,28.707846182843564,-0.07410371884400391
3256.216,28.68311828,28.780347716085757,29.840151470756087,28.70393222149499,-0.09722943608575818
3256.698,28.70588699,28.77728845634048,29.839055616148965,28.699993751966392,-0.07140146634047895
3257.18,28.71220032,28.774199308126825,29.837896317133005,28.696031002696355,-0.06199898812682392
3257.662,28.68569143,28.771080461233822,29.83667367167269,28.692044203122258,-0.08538903123382369
3258.145,28.69324575,28.767925544315567,29.835385047329893,28.688025238281075,-0.0746797943155677
3258.627,28.67285375,28.76474781384555,29.83403588434894,28.683990981651196,-0.09189406384554744
3259.109,28.68380263,28.761540961993543,29.832623687569313,28.679933369390994,-0.07773833199354385
3259.591,28.6799023,28.758305183537743,29.831148567289517,28.675852634821172,-0.07840288353774483
3260.073,28.67271531,28.75504067447907,29.82961063687191,28.67174901220424,-0.08232536447906824
3260.555,28.65801232,28.751747632031467,29.8280100127353,28.667622736733097,-0.09373531203146612
3261.037,28.67624901,28.748426254612177,29.826346814347282,28.663474044519436,-0.07217724461217756
3261.519,28.66618386,28.74507674183199,29.824621164216456,28.659303172582234,-0.07889288183199028
3262.001,28.66854677,28.74169929448543,29.82283318788453,28.65511035883607,-0.07315252448542964
3262.484,28.65391846,28.73828702116492,29.820979110819565,28.650887075874728,-0.08436856116491853
3262.966,28.64171746,28.734854254851392,29.81906674217355,28.646651051498605,-0.09313679485139303
3263.448,28.63500624,28.731394163783285,29.81709244235102,28.642393804814226,-0.09638792378328631
3263.93,28.6504148,28.72790695339307,29.815056348950105,28.63811557720338,-0.07749215339307014
3264.412,28.64030423,28.724392830246995,29.812958602560194,28.633816610884704,-0.08408860024699294
3264.894,28.64895468,28.720852002035098,29.810799346753186,28.629497148901883,-0.07189732203509891
3265.376,28.64862028,28.71728467756085,29.808578728074515,28.625157435111596,-0.06866439756085185
3265.858,28.63004969,28.713691066731144,29.806296896034095,28.62079771417164,-0.08364137673114413
3266.341,28.62866849,28.71006384386513,29.803949078958066,28.61640912509376,-0.08139535386512975
3266.823,28.6519596,28.70641824096979,29.801545154339205,28.612010086740067,-0.05445864096978781
3267.305,28.62280649,28.702746988399824,29.79908048291387,28.607591780409564,-0.07994049839982509
3267.787,28.62466392,28.699050300374367,29.796555225962358,28.603154453845445,-0.07438638037436718
3268.269,28.64703466,28.695328392164072,29.79396954768192,28.598698355531578,-0.04829373216407262
3268.751,28.61754829,28.691581480080586,29.79132361517689,28.59422373468025,-0.07403319008058773
3269.233,28.63623704,28.687809781465994,29.78861759844855,28.589730841219886,-0.05157274146599278
3269.715,28.64617121,28.684013514682196,29.78585167038504,28.58521992578285,-0.03784230468219718
3270.198,28.60291555,28.680184947354196,29.783020082406747,28.580681825780886,-0.07726939735419691
3270.68,28.61736219,28.6763401535147,29.7801347384582,28.576135584958035,-0.05897796351469964
3271.162,28.61347544,28.672471453064425,29.77719001943513,28.571572078680262,-0.05899601306442648
3271.644,28.61782445,28.668579068339863,29.774186109674154,28.566991560273195,-0.05075461833986239
3272.126,28.59125325,28.664663222643565,29.771123196345577,28.56239428370427,-0.07340997264356375
3272.608,28.60971858,28.660724140233437,29.768001469442556,28.557780503570296,-0.051005560233438274
3273.09,28.60912072,28.65676204631172,29.76482112176983,28.55315047508489,-0.04764132631171947
3273.572,28.60054716,28.652777167014055,29.761582348932556,28.548504454065903,-0.052230007014053115
3274.054,28.58483077,28.64876972939854,29.758285349324794,28.54384269692275,-0.06393895939854133
3274.537,28.5992577,28.64473157786647,29.754923303308455,28.539155740922176,-0.0454738778664705
3275.019,28.58058717,28.640679662808704,29.751510336692025,28.53446325175021,-0.06009249280870321
3275.501,28.58622567,28.636605876508685,29.748039755536844,28.52975579964134,-0.050380206508684466
3275.983,28.55286266,28.632510449605075,29.74451176928189,28.525033643245692,-0.07964778960507601
3276.465,28.58773224,28.62839361360323,29.740926590096112,28.520297041741294,-0.04066137360322841
3276.947,28.58195125,28.62425560086398,29.737284432866232,28.51554625482144,-0.04230435086397932
3277.429,28.57825412,28.620096644592326,29.73358551518444,28.510781542681578,-0.04184252459232596
3277.911,28.55970428,28.615916978826046,29.729830057335974,28.50600316600666,-0.05621269882604807
3278.394,28.56577513,28.611708103320222,29.726010315654097,28.50120143075445,-0.04593297332022317
3278.875,28.54508423,28.607496459056673,29.722150415669688,28.496406464161126,-0.06241222905667243
3279.358,28.56248283,28.603247259089745,29.718218487345446,28.49157865404602,-0.040764429089744425
3279.84,28.54191921,28.59898707122058,29.714239009923244,28.48674820951274,-0.05706786122058105
3280.322,28.53516645,28.5947073566328,29.710204134199373,28.48190541130338,-0.05954090663280098
3280.804,28.54420828,28.59040835412216,29.70611409635458,28.477050522768025,-0.04620007412216154
3281.286,28.55365325,28.586090303236627,29.70196913517205,28.47218380765513,-0.03243705323662738
3281.768,28.53019344,28.581753444264805,29.69776949202402,28.467305530098404,-0.051560004264803894
3282.25,28.53166729,28.57739801822409,29.693515410858225,28.46241595460369,-0.045730728224089745
3282.732,28.53561379,28.573024266849064,29.689207138184237,28.457515346035777,-0.03741047684906462
3283.215,28.50006473,28.56862330226167,29.684835816921925,28.45259376901852,-0.06855857226167217
3283.697,28.504842,28.564213591472424,29.680419799810025,28.447671868755517,-0.059371591472423546
3284.179,28.49806674,28.559786285243767,29.67595034648103,28.442739732587153,-0.06171954524376844
3284.661,28.49317112,28.55534162806194,29.67142771355803,28.43779762668242,-0.062170508061939245
3285.143,28.48823248,28.55087986507095,29.666852160155834,28.432845817503015,-0.06264738507094947
3285.625,28.49881901,28.54640124206073,29.66222394786658,28.42788457178998,-0.04758223206072998
3286.107,28.47936599,28.541906005454987,29.657543340745274,28.42291415655042,-0.06254001545498511
3286.589,28.47530614,28.537394402299256,29.652810605295173,28.417934839044136,-0.06208826229925535
3287.072,28.4625005,28.53285727005125,29.648016030187986,28.412936529531326,-0.07035677005124796
3287.554,28.43829807,28.52831364469094,29.643179740564232,28.40794019313413,-0.09001557469094124
3288.036,28.43452006,28.523754398044105,29.638292137233986,28.40293575818782,-0.08923433804410408
3288.518,28.44578202,28.519179779523764,29.633353496350374,28.397923492829296,-0.0733977595237647
3289.0,28.44413554,28.514590039103798,29.6283640964401,28.392903665380953,-0.07045449910379631
3289.482,28.44823323,28.509985427307104,29.623324218388213,28.387876544337338,-0.06175219730710424
3289.964,28.44616358,28.505366195193048,29.618234145422715,28.382842398351503,-0.05920261519304759
3290.446,28.44585244,28.50073259434534,29.613094163099106,28.377801496221544,-0.05488015434534077
3290.928,28.4514577,28.496084876859555,29.607904559284794,28.372754106877153,-0.04462717685955653
3291.411,28.43927807,28.491413609763768,29.602654703906122,28.367690008425996,-0.052135539763767724
3291.893,28.42244205,28.486738389299433,29.597366628446945,28.36263043983752,-0.06429633929943179
3292.375,28.45259119,28.482049811958127,29.59202980942718,28.357565192035906,-0.02945862195812765
3292.857,28.42167052,28.47734813176018,29.58664454380865,28.352494534341417,-0.05567761176018138
3293.339,28.42440534,28.472633603175634,29.581211130785594,28.347418736138003,-0.04822826317563411
3293.821,28.41776124,28.467906481111825,29.57572987176845,28.342338066859604,-0.05014524111182439
3294.303,28.41813698,28.463167020900762,29.57020107036758,28.337252795976568,-0.04503004090076246
3294.785,28.41565071,28.458415478286664,29.56462503237686,28.332163192981998,-0.04276476828666276
3295.268,28.41585163,28.453642214789696,29.558990351283924,28.327058955570955,-0.03779058478969688
3295.75,28.40269887,28.44886725245081,29.553320669751514,28.32196148926586,-0.04616838245081212
3296.232,28.41755967,28.44408097782151,29.54760468259651,28.316860499887536,-0.026521307821511186
3296.714,28.40196669,28.43928364816894,29.54184270418526,28.311756256883413,-0.03731695816894032
3297.196,28.43544249,28.434475521109196,29.53603505098413,28.306649029655325,0.0009669688908040541
3297.678,28.41691979,28.42965685459449,29.530182041542535,28.301539087545784,-0.012737064594489311
3298.16,28.40271415,28.424827906900425,29.524283996475877,28.2964266998244,-0.022113756900424164
3298.642,28.4002393,28.419988936613155,29.51834123844832,28.291312135674012,-0.019749636613155985
3299.125,28.40390543,28.41513013303304,29.512341624775125,28.286185047294907,-0.011224703033040129
3299.607,28.41171891,28.410271875047066,29.506310325854223,28.281066934300192,0.001447034952935411
3300.089,28.38877113,28.40540437250059,29.50023529476886,28.275947452325504,-0.016633242500592615
3300.571,28.38385354,28.400527885094554,29.494116862209097,28.27082687006951,-0.0166743450945539
3301.053,28.3737947,28.3956426727763,29.487955360826586,28.265705456075647,-0.021847972776299684
3301.535,28.38142292,28.390748995726593,29.481751125216856,28.26058347871834,-0.009326075726594496
3302.017,28.3582747,28.385847114346785,29.4755044919016,28.2554612061893,-0.02757241434678548
3302.499,28.36821684,28.38093728924579,29.469215799310714,28.25033890648383,-0.012720449245790633
3302.981,28.34433697,28.376019781227185,29.462885387764388,28.245216847387002,-0.03168281122718497
3303.464,28.33300357,28.3710846260453,29.456500337204623,28.240084671549493,-0.03808105604529999
3303.946,28.32607303,28.366152520731042,29.450087431407713,28.23496389800281,-0.040079490731042
3304.428,28.31760897,28.3612135164901,29.443633839496407,28.229844167575934,-0.04360454649010137
3304.91,28.309864,28.356267874774936,29.437139909174643,28.224725747075624,-0.046403874774934906
3305.392,28.29785038,28.351315857167496,29.430605989945562,28.219608903030053,-0.053465477167495834
3305.874,28.29722425,28.34635772536624,29.424032433093185,28.21449390167484,-0.04913347536624002
3306.356,28.3045402,28.341393741173036,29.417419591663776,28.20938100893956,-0.03685354117303419
3306.838,28.30986595,28.33642416648004,29.410767820447337,28.204270490434013,-0.02655821648004064
3307.321,28.31330059,28.331438936523433,29.404063555727564,28.19915201710274,-0.018138346523432602
3307.802,28.30884274,28.326469293536316,29.39734891641976,28.19405763687017,-0.017626553536317147
3308.285,28.30395289,28.32147417273616,29.39056842443426,28.188945250128157,-0.017521282736158383
3308.767,28.2816144,28.316484847161814,29.38376443877825,28.18384688516228,-0.034870447161814866
3309.249,28.28440567,28.311491241988147,29.376923323540026,28.178752217746844,-0.02708557198814532
3309.731,28.28568898,28.30649361937362,29.37004544358054,28.173661511285268,-0.020804639373618983
3310.213,28.27658375,28.30149224147513,29.363131165372263,28.1685750287657,-0.024908491475130745
3310.695,28.27669677,28.29648737043459,29.35618085697985,28.16349303274727,-0.019790600434589578
3311.177,28.26506363,28.29147926836593,29.34919488804106,28.158415785346712,-0.026415638365929084
3311.659,28.26430011,28.28646819734194,29.3421736297474,28.15334354822471,-0.022168087341938758
3312.142,28.26652648,28.28144401471978,29.335102779421312,28.148266075856128,-0.014917534719781855
3312.624,28.2678179,28.276427786971944,29.3280119908358,28.143204654129583,-0.00860988697194287
3313.106,28.24828846,28.271409376650748,29.32088703637935,28.13814902533129,-0.023120916650746892
3313.588,28.25660946,28.266389045531742,29.313728293267186,28.133099449161413,-0.009779585531742185
3314.07,28.22767972,28.261367055283237,29.30653614017064,28.128056184796435,-0.03368733528323631
3314.552,28.23024238,28.256343667452875,29.299310957197576,28.123019490875727,-0.026101287452874544
3315.034,28.22781786,28.251319143454786,29.29205312587273,28.11798962548829,-0.02350128345478808
3315.516,28.23428169,28.246293744555924,29.28476302911771,28.112966846159072,-0.012012054555924578
3315.999,28.22571407,28.24125730399388,29.277425827532813,28.107941012177147,-0.015543233993881245
3316.481,28.21666588,28.236230937979578,29.270072289229528,28.102933191249083,-0.01956505797957675
3316.963,28.21370212,28.231204480392275,29.262687643248327,28.097933225966894,-0.017502360392274596
3317.445,28.21375166,28.22617819177839,29.25527227790232,28.09294137146496,-0.012426531778391592
3317.927,28.20614379,28.221152332471245,29.24782658280177,28.08795788224701,-0.0150085424712465
3318.409,28.21260152,28.216127162577827,29.240350948833772,28.082983012172896,-0.0035256425778271705
3318.891,28.17181073,28.211102941965475,29.232845768142298,28.07801701444537,-0.039292211965474166
3319.373,28.19532801,28.20607993024881,29.22531143410776,28.07306014159681,-0.010751920248807778
3319.855,28.1772562,28.20105838677643,29.21774834132689,28.068112645476152,-0.02380218677643242
3320.338,28.1567349,28.19602815803652,29.210141106476073,28.063164542877683,-0.03929325803651906
3320.82,28.18577406,28.19101033235783,29.202521627148556,28.058236573714055,-0.005236272357830529
3321.302,28.1638351,28.18599475177717,29.194874580785797,28.053318733110082,-0.022159651777169387
3321.784,28.1640602,28.180981674446524,29.187200366648025,28.048411270048053,-0.01692147444652292
3322.266,28.14913483,28.175971358185826,29.17949938510947,28.043514432761306,-0.02683652818582516
3322.748,28.14844793,28.170964060469956,29.171772037637908,28.038628468721342,-0.022516130469956153
3323.23,28.15974485,28.165960038415445,29.164018726774,28.03375362462485,-0.0062151884154459935
3323.712,28.14150421,28.160959548767373,29.15623985611069,28.02889014638072,-0.019455338767372155
3324.195,28.15464947,28.15595248540302,29.148419613480026,28.02402822522185,-0.001303015403021135
3324.677,28.15004603,28.15095983790911,29.14059078717706,28.01918823804353,-0.0009138079091108864
3325.159,28.13777859,28.145971491226774,29.13273761880465,28.014360350093945,-0.008192901226774296
3325.641,28.13697357,28.14098770048325,29.124860515959544,28.009544804001116,-0.004014130483252387
3326.123,28.12277996,28.13600872036872,29.116959887186898,28.004741841541474,-0.013228760368722448
3326.605,28.10154653,28.131034805123367,29.10903614195943,27.999951703627033,-0.029488275123366492
3327.087,28.10442697,28.1260662085242,29.101089690656472,27.995174630292937,-0.021639238524201687
3327.569,28.09753133,28.121103183872098,29.093120944543102,27.99041086068472,-0.023571853872098814
3328.052,28.11412549,28.11613570556161,29.08511371522045,27.98565079204351,-0.002010215561611517
3328.534,28.07913974,28.11118459560654,29.0771015726063,27.980914372536926,-0.03204485560654291
3329.016,28.0760738,28.10623981503606,29.069068374940663,27.976191969220228,-0.03016601503605898
3329.498,28.0880822,28.101301615115407,29.061014536823155,27.9714838175541,-0.01321941511540814
3329.98,28.07549171,28.096370246568735,29.052940473633804,27.966790152047423,-0.020878536568734063
3330.462,28.07763759,28.091445959566283,29.044846601512194,27.962111206245122,-0.013808369566284284
3330.944,28.06061189,28.086529003711398,29.036733337336067,27.957447212715802,-0.025917113711397377
3331.426,28.05392751,28.081619628027738,29.028601098700403,27.952798403039623,-0.027692118027736967
3331.908,28.05498764,28.07671808094645,29.02045030389604,27.948165007796135,-0.021730440946448937
3332.391,28.04613007,28.071814466431483,29.01226440533431,27.943537692575987,-0.025684396431483236
3332.873,28.03433349,28.06692933693933,29.00407771942105,27.938935847041105,-0.03259584693932993
3333.355,28.03838677,28.062052778170397,28.99587373704776,27.934350102024222,-0.0236660081703981
3333.837,28.03076899,28.057185036056275,28.98765287907805,27.929780683979914,-0.026416046056276343
3334.319,28.0425312,28.052326355872193,28.979415566965184,27.925227818302222,-0.009795155872193817
3334.801,28.02313942,28.04747698222436,28.97116222273085,27.920691729312914,-0.024337562224360454
3335.283,28.04988885,28.04263715903719,28.962893268943763,27.916172640249606,0.007251690962807089
3335.765,28.01062057,28.037807129540834,28.95460912869835,27.911670773254162,-0.0271865595408336
3336.248,28.03035735,28.032977146872863,28.946292992900272,27.90717706386177,-0.0026197968728638443
3336.729,28.02366406,28.02817742099377,28.93799698371079,27.902719588485542,-0.004513360993769311
3337.212,28.0383035,28.023368279081403,28.929652537167392,27.89826149811242,0.014935220918598446
3337.694,28.03488303,28.01857986489456,28.921311864256147,27.893830756261448,0.016303165105441053
3338.176,28.02662261,28.013802450190948,28.912958128380055,27.88941833079364,0.012820159809052711
3338.658,28.01558551,28.00903627376993,28.904591755340057,27.8850244370316,0.006549236230071642
3339.14,27.99256391,28.004281573649116,28.89621317131306,27.880649289121877,-0.011717663649115195
3339.622,28.00033755,27.999538587052054,28.88782280283066,27.876293100023894,0.0007989629479467908
3340.104,28.00909817,27.994807550395898,28.879421076757616,27.871956081498855,0.014290619604103938
3340.586,27.99258533,27.99008869927911,28.871008420270474,27.86763844409853,0.0024966307208913463
3341.069,27.95784844,27.985372517163345,28.862567774780565,27.863331500553453,-0.027524077163345595
3341.551,27.96477405,27.980678767081315,28.85413451967683,27.859053293457237,-0.015904717081316022
3342.033,27.96481757,27.975997904782915,28.845691618233335,27.854795092203616,-0.011180334782913803
3342.515,27.9434585,27.971330162468373,28.837239498659976,27.85055710239522,-0.02787166246837458
3342.997,27.9521404,27.966675771458682,28.828778589371268,27.846339528371146,-0.014535371458681112
3343.479,27.93410735,27.96203496218334,28.820309318964934,27.84214257319623,-0.027927612183336947
3343.961,27.92408089,27.957407964168542,28.811832116200428,27.837966438650447,-0.03332707416854319
3344.443,27.92730941,27.952795006025237,28.803347409977576,27.833811325218498,-0.02548559602523781
3344.926,27.92803736,27.94818678957396,28.79483800445682,27.82966887773348,-0.0201494295739586
3345.408,27.93091291,27.943602623592394,28.786339565130366,27.82555644739083,-0.012689713592394014
3345.89,27.90735218,27.939033178172608,28.777834910563687,27.82146563214686,-0.03168099817260739
3346.372,27.90031473,27.934478678144334,28.769324470004097,27.817396627198825,-0.03416394814433232
3346.854,27.90112969,27.92993934736304,28.760808672732296,27.813349626397407,-0.028809657363037644
3347.336,27.90587692,27.92541540869853,28.7522879480409,27.809324822236523,-0.019538488698529477
3347.818,27.89536107,27.92090708402319,28.74376272521319,27.805322405843544,-0.025546014023191788
3348.3,27.91205242,27.91641459420062,28.735233433501698,27.801342566969293,-0.0043621742006223485
3348.782,27.90913907,27.91193815907399,28.726700502106908,27.797385493978307,-0.002799089073992178
3349.265,27.91335872,27.907468761074927,28.71814664727817,27.793443235752527,0.005889958925074268
3349.747,27.90397099,27.903025125171403,28.70960771847861,27.789532302225034,0.00094586482859782
3350.229,27.89737898,27.89859819770613,28.701066437961593,27.78564469164061,-0.0012192177061294274
3350.711,27.90532347,27.894188194325245,28.692523234506115,27.78178058671946,0.011135275674753586
3351.193,27.8871247,27.889795329597955,28.6839785367327,27.777940168747705,-0.002670629597954388
3351.675,27.89340491,27.885419817005516,28.675432773082136,27.774123617568208,0.007985092994484688
3352.157,27.88839468,27.88106186893013,28.66688637179431,27.770331111571345,0.007332811069872491
3352.639,27.89333731,27.876721696643983,28.658339760887028,27.7665628276858,0.016615613356016468
3353.122,27.88784768,27.872390561948084,28.649775637552864,27.762811199452845,0.015457118051916297
3353.604,27.8866933,27.868086608527193,28.64122989224957,27.759091935842815,0.018606691472808023
3354.086,27.8867831,27.86380105837247,28.63268522072215,27.75539741662707,0.022982041627528815
3354.568,27.85787766,27.85953411820453,28.624142049888018,27.751727812795373,-0.0016564582045290877
3355.05,27.87586486,27.85528599357985,28.615600806336943,27.748083293831613,0.0205788664201485
3355.532,27.85037488,27.85105688887999,28.60706191630998,27.74446402770521,-0.0006820088799912583
3356.014,27.87360564,27.846847007301214,28.5985258056785,27.74087018086267,0.026758632698786755
3356.496,27.88069473,27.84265655084379,28.589992899923182,27.73730191821907,0.03803817915620655
3356.979,27.84886089,27.838477087666043,28.58144593258817,27.733752080410706,0.010383802333958414
3357.461,27.84647825,27.834326123954938,28.572920720213155,27.73023552866486,0.012152126045062772
3357.943,27.83662809,27.830195184497043,28.564399987482897,27.726745046923806,0.006432905502958164
3358.425,27.83433226,27.826084466402854,28.555884158105474,27.723280793892023,0.008247793597146114
3358.907,27.82798902,27.82199416553554,28.547373655293942,27.719842926702103,0.005994854464461241
3359.389,27.82164715,27.81792447650071,28.538868901745538,27.716431600906947,0.003722673499289897
3359.871,27.82734144,27.813875592636627,28.530370319621,27.71304697047196,0.013465847363374195
3360.353,27.8118467,27.809847706003993,28.521878330523894,27.70968918776751,0.0019989939960076697
3360.835,27.80411182,27.805841007376294,28.513393355479888,27.7063584035613,-0.001729187376295016
3361.318,27.80739616,27.801847440281428,28.504898234677267,27.703047941315862,0.0055487197185719594
3361.8,27.80523017,27.797883729722727,28.49642856513338,27.699771656743177,0.007346440277274269
3362.282,27.79178159,27.793941772054467,28.48796716991576,27.696522813583538,-0.002160182054467441
3362.764,27.78178062,27.79002175280098,28.4795144675317,27.69330155611758,-0.008241132800979045
3363.246,27.77681555,27.78612385615127,28.471070875808053,27.690108026987087,-0.009308306151272205
3363.728,27.77898096,27.78224826494924,28.462636811870738,27.686942367188202,-0.003267304949240213
3364.21,27.77948025,27.778395160684653,28.454212692124525,27.68380471606453,0.0010850893153460106
3364.692,27.76871864,27.774564723483802,28.445798932232616,27.68069521130042,-0.005846083483803
3365.174,27.76282271,27.770757132100194,28.4373959470965,27.67761398891437,-0.007934422100195349
3365.656,27.75629074,27.766972563905693,28.42900415083577,27.67456118325249,-0.010681823905692056
3366.139,27.73417206,27.76320341544799,28.42060658281981,27.671530682359666,-0.029031355447990848
3366.621,27.76425059,27.759465468848937,28.412238428794918,27.66853516610087,0.004785121151062555
3367.103,27.73110475,27.755751069532064,28.403882701964317,27.665568459773205,-0.024646319532063643
3367.585,27.7307749,27.752060389249905,28.395539813117054,27.662630690966765,-0.021285489249905254
3368.067,27.76332469,27.74839359832913,28.38721017216,27.659721985568183,0.0149310916708707
3368.549,27.75515654,27.744750865661697,28.378894188097938,27.656842467754856,0.010405674338304749
3369.031,27.75580466,27.741132358696564,28.370592269013756,27.653992259989128,0.014672301303434665
3369.513,27.74896997,27.737538243431175,28.362304822048767,27.65117148301275,0.011431726568826406
3369.996,27.73472757,27.733961304318502,28.354015106124532,27.648374495711963,0.0007662656814986235
3370.478,27.73984343,27.73041651605067,28.3457578530856,27.645612997299548,0.00942691394932993
3370.96,27.72809598,27.726896609016695,28.33751628858052,27.642881281760207,0.0011993709833042487
3371.442,27.74560234,27.723401743322523,28.32929081578535,27.640179462894878,0.022200596677478757
3371.924,27.70632858,27.71993207758172,28.32108183683653,27.637507652757012,-0.013603497581719637
3372.406,27.73221768,27.716487768907754,28.3128897528115,27.634865961647666,0.015729911092247306
3372.888,27.72271988,27.7130689729061,28.304714963709316,27.63225449811069,0.009650907093899264
3373.37,27.70582569,27.70967584366649,28.296557868431417,27.62967336892775,-0.0038501536664874436
3373.853,27.70746665,27.706301574579467,28.288401997944195,27.6271174189399,0.001165075420534123
3374.335,27.71808601,27.702960289069036,28.280281521301553,27.62459733521139,0.015125720930964093
3374.817,27.69734991,27.699645123728892,28.272179929229274,27.62210789577232,-0.00229521372889252
3375.299,27.72618149,27.696356226507643,28.264097616044353,27.619649200306903,0.029825263492355703
3375.781,27.69988291,27.693093743801185,28.25603497487081,27.61722134671504,0.0067891661988142005
3376.263,27.71261454,27.689857820445347,28.247992397620745,27.61482443110822,0.022756719554653415
3376.745,27.71624357,27.686648599709027,28.239970274975523,27.6124585478055,0.029594970290972356
3377.227,27.70915253,27.683466223287112,28.231968996367083,27.61012378932971,0.025686306712888296
3377.709,27.68788946,27.680310831293678,28.22398894995935,27.607820246403605,0.007578628706323087
3378.192,27.69506297,27.67717610036003,28.216014034110156,27.605543326360166,0.01788686963996966
3378.674,27.71913771,27.67407514790589,28.208077657483024,27.603302544700366,0.04506256209410964
3379.156,27.7139935,27.671001590949622,28.200163670550168,27.601093240097363,0.04299190905037875
3379.638,27.69819845,27.667955563212093,28.192272456215342,27.598915496034586,0.030242886787906542
3380.12,27.67826183,27.664937196800526,28.184404396022057,27.596769394178278,0.013324633199474079
3380.602,27.70042941,27.661946622202287,28.176559870135375,27.59465501437453,0.03848278779771519
3381.084,27.69434116,27.658983968278644,28.16873925732378,27.59257243464614,0.03535719172135643
3381.566,27.69592088,27.656049362258788,28.160942934941176,27.590521731189988,0.03987151774121145
3382.049,27.68730619,27.65313692916329,28.15315518104184,27.58849882335347,0.03416926083671257
3382.531,27.67862443,27.65025885291634,28.145408618171004,27.586512160226874,0.028365577083658167
3383.013,27.67541877,27.64740919666078,28.137687469896402,27.584557591124877,0.02800957333921872
3383.495,27.67593038,27.64458808103533,28.129992107731752,27.582635184910377,0.031342298964670334
3383.977,27.65240534,27.64179562501762,28.12232290168708,27.580745008607632,0.010609714982379614
3384.459,27.65482098,27.639031945919093,28.114680220251294,27.57888712740039,0.015789034080906816
3384.941,27.66249316,27.636297159379325,28.107064430374738,27.577061604629723,0.02619600062067562
3385.423,27.6841179,27.633591379361068,28.099475897451747,27.57526850179209,0.05052652063893248
3385.906,27.6506477,27.630909195251796,28.09189932772698,27.573504259595186,0.019738504748204377
3386.387,27.64732499,27.628267286324434,28.084382056160486,27.571779792668682,0.019057703675567694
3386.87,27.65019292,27.625643791643466,28.076861930678973,27.5700808164368,0.02454912835653289
3387.352,27.63800009,27.623055204822336,28.06938610771261,27.56841803913359,0.01494488517766257
3387.834,27.64857859,27.620496169223145,28.06193934547003,27.566787961625767,0.028082420776854633
3388.316,27.65034433,27.617966788639222,28.05452199964654,27.565190634305274,0.032377541360776974
3388.798,27.64736199,27.61546716515328,28.047134424262328,27.56362610570947,0.03189482484672013
3389.28,27.6446346,27.612997399132915,28.039776971645814,27.5620944225202,0.03163720086708466
3389.762,27.64908498,27.61055758922644,28.032449992417124,27.560595629562915,0.03852739077356304
3390.244,27.64338509,27.6081478323586,28.025153835471656,27.55912976980593,0.0352372576413984
3390.727,27.62201716,27.605763318183296,28.017873808015857,27.55769394587271,0.01625384181670242
3391.209,27.62719032,27.603414014090756,28.010640401083318,27.55629414252237,0.0237763059092444
3391.691,27.6073279,27.601095043618404,28.003438853319317,27.554927390204874,0.006232856381597429
3392.173,27.6069764,27.598806496753753,27.996269506553705,27.55359372445139,0.008169903246248111
3392.655,27.61890412,27.59654846174152,27.989132700810625,27.55229317893412,0.02235565825847985
3393.137,27.61595697,27.59432102508021,27.982028774292743,27.551025785466322,0.021635944919790262
3393.619,27.62787604,27.59212427151858,27.97495806336532,27.549791574002374,0.03575176848142192
3394.101,27.6208406,27.58995828405237,27.96792090254066,27.548590572638027,0.030882315947632577
3394.583,27.64568545,27.587823143921185,27.960917624462407,27.547422807610626,0.05786230607881393
3395.066,27.61955762,27.585714597220168,27.95393413704333,27.546285984146852,0.033843022779830534
3395.548,27.62420921,27.583641452842254,27.946999686842528,27.545184832149463,0.04056775715774563
3396.03,27.62904461,27.58159938910662,27.940100106629696,27.544116984097634,0.04744522089337977
3396.512,27.61168062,27.57958848019485,27.933235721416374,27.543082458797468,0.03209213980515102
3396.994,27.60719561,27.57760879851807,27.926406854269114,27.54208127320024,0.029586811481930653
3397.476,27.58756235,27.575660414714356,27.919613826294526,27.541113442403372,0.01190193528564265
3397.958,27.62260978,27.57374339764647,27.912856956624438,27.540178979651706,0.04886638235353047
3398.44,27.61746028,27.571857814399472,27.906136562401116,27.539277896338685,0.04560246560052761
3398.923,27.61392448,27.569999916418627,27.899439130826334,27.538408436525504,0.04392456358137409
3399.405,27.59894013,27.56817746049451,27.892792708194833,27.537574208166244,0.03076266950548856
3399.887,27.60989182,27.566386629085326,27.8861837009971,27.53677338234255,0.04350519091467575
3400.369,27.63584116,27.564627482141013,27.87961241826767,27.536005963053725,0.07121367785898514
3400.851,27.60725588,27.562900077823983,27.87307916697939,27.53527195245584,0.044355802176017534
3401.333,27.57455842,27.56120447250763,27.86658425202933,27.534571350863704,0.0133539474923694
3401.815,27.60111332,27.559540720774645,27.86012797622479,27.533904156752953,0.04157259922535417
3402.297,27.58414133,27.557908875415777,27.85371064026946,27.533270366762267,0.02623245458422474
3402.78,27.56544574,27.556305701412885,27.847319351176402,27.532668764784574,0.009140038587116095
3403.262,27.58945187,27.55473788645381,27.84098087087659,27.5321018348832,0.034713983546190263
3403.744,27.59600614,27.55320212557339,27.834682220386615,27.53156828799967,0.0428040144266113
3404.226,27.57073688,27.551698464378962,27.828423691854674,27.531068113445425,0.019038415621036364
3404.708,27.56765491,27.550226946680564,27.822205575257687,27.530601298707637,0.017427963319438078
3405.19,27.57322699,27.5487876144903,27.816028158388043,27.53016782945214,0.024439375509697214
3405.672,27.58003418,27.54738050802169,27.809891726840608,27.529767689526487,0.03265367197830926
3406.154,27.56964212,27.546005665689126,27.803796563999693,27.529400860962955,0.02363645431087491
3406.636,27.56035089,27.544663124107604,27.79774295102623,27.52906732398189,0.015687765892394623
3407.119,27.55541758,27.543350233458554,27.791718737937032,27.52876646860256,0.012067346541446256
3407.601,27.54735175,27.542072463212808,27.785749146866223,27.528499517167024,0.005279286787192916
3408.083,27.56120924,27.54082709282711,27.77982193624594,27.528265787082788,0.020382147172888665
3408.565,27.56353866,27.539614151713433,27.773937378212928,27.52806525135297,0.023924508286565782
3409.047,27.58472362,27.538433667484057,27.76809574261818,27.527897881186544,0.04628995251594148
3409.529,27.56170889,27.537285665952005,27.762297297014722,27.52776364600215,0.02442322404799313
3410.011,27.56351837,27.536170171131342,27.756542306645727,27.527662513432173,0.027348198868658358
3410.493,27.56321465,27.535087205237733,27.750831034432476,27.527594449326774,0.028127444762265696
3410.976,27.5645696,27.53403464324987,27.745152028987814,27.527559379389935,0.030534956750127407
3411.458,27.58220919,27.533016862253803,27.739529064549014,27.527557411070365,0.04919232774619786
3411.94,27.57976295,27.53203166608162,27.73395059351064,27.52758839803183,0.047731283918380996
3412.422,27.57163581,27.531079069759347,27.728416869385555,27.52765229903542,0.040556740240653255
3412.904,27.56810665,27.530159086518918,27.72292814330722,27.527749071082194,0.03794756348108308
3413.386,27.5881874,27.529271727799422,27.71748466401861,27.527878669417937,0.05891567220057681
3413.868,27.58020841,27.528417003248446,27.712086677861137,27.528041047538082,0.0517914067515548
3414.35,27.57431799,27.527594920723462,27.70673442876379,27.52823615719258,0.046723069276538354
3414.833,27.58592618,27.526803882403456,27.701417197333193,27.528464454923704,0.05912229759654508
3415.314,27.57128258,27.52604870424017,27.696168105338916,27.528724369408028,0.04523387575982696
3415.797,27.5802616,27.52532310866762,27.690943738568308,27.52901800849135,0.05493849133237916
3416.279,27.56866916,27.524631704825126,27.68577692548466,27.529343594467015,0.04403745517487323
3416.761,27.59807261,27.523972955498134,27.680657033025675,27.529701644606806,0.07409965450186462
3417.243,27.59202642,27.523346857835964,27.675584290419078,27.530092100294627,0.0686795621640357
3417.725,27.57486405,27.522753407210942,27.670558924407505,27.53051490120672,0.05211064278905653
3418.207,27.59950774,27.522192597220727,27.665581159238574,27.530969985317274,0.07731514277927332
3418.689,27.57248812,27.521664419690676,27.660651216655207,27.531457288904402,0.05082370030932282
3419.171,27.57473289,27.521168864676433,27.655769315886012,27.531976746556168,0.053564025323566966
3419.654,27.57151108,27.520704993891073,27.650925695645903,27.532529468766864,0.05080608610892767
3420.136,27.57823253,27.52027471462364,27.64614062687285,27.533113097937203,0.05795781537636202
3420.618,27.58489893,27.519877017413833,27.641404242856066,27.5337286747091,0.06502191258616818
3421.1,27.57853535,27.51951188526214,27.63671675266804,27.534376126968567,0.05902346473785869
3421.582,27.5902393,27.51917929941351,27.63207836282088,27.53505538094295,0.07106000058649187
3422.064,27.58949061,27.51887923936068,27.627489277257414,27.5357663612075,0.07061137063931966
3422.546,27.57946075,27.51861168284733,27.62294969734255,27.536508990691985,0.060849067152670244
3423.028,27.59012239,27.518376605871516,27.61845982185469,27.53728319068753,0.07174578412848476
3423.51,27.57873292,27.51817398268925,27.61401984697735,27.538088880853422,0.06055893731074846
3423.993,27.58735213,27.5180034663995,27.60962091086025,27.538927748533716,0.06934866360050052
3424.475,27.58095446,27.517865733804165,27.60528141985632,27.539796236426568,0.06308872619583639
3424.957,27.56838365,27.517760367288144,27.600992402749828,27.540695963568247,0.05062328271185734
3425.439,27.59458473,27.51768733417243,27.596754045257647,27.541626843157832,0.07689739582757227
3425.921,27.57681701,27.517646600055023,27.592566530461674,27.542588786798326,0.05917040994497569
3426.403,27.55743567,27.517638128815,27.588430038801103,27.54358170450391,0.03979754118499912
3426.885,27.57535118,27.5176618826167,27.58434474806508,27.544605504707544,0.05768929738329831
3427.367,27.57575177,27.51771782191423,27.58031083338528,27.54566009426859,0.05803394808577167
3427.85,27.5685943,27.517806121585934,27.576320258761033,27.546747661947776,0.050788178414066465
3428.332,27.56586573,27.51792637297239,27.572389718397027,27.547863607926296,0.047939357027608764
3428.814,27.55309476,27.518078680905123,27.568511063812092,27.5490100542708,0.03501607909487703
3429.296,27.5582531,27.5182629990386,27.56468445943179,27.55018690162027,0.03999010096140054
3429.778,27.54221772,27.518479279340237,27.560910066989607,27.551394049079374,0.023738440659762716
3430.26,27.56570414,27.518727472095087,27.557188045520327,27.552631394226367,0.04697666790491439
3430.742,27.55864058,27.519007525911224,27.553518551353736,27.553898833121412,0.0396330540887746
3431.224,27.55551336,27.5193193877245,27.54990173810835,27.55519626031472,0.036193972275498254
3431.707,27.54859443,27.519663748667043,27.546330417554685,27.556526353593735,0.02893068133295884
3432.189,27.56893953,27.520039126322036,27.54281952620081,27.55788349669229,0.04890040367796544
3432.671,27.53694596,27.52044614268054,27.53936176059448,27.55927030253473,0.01649981731945971
3433.153,27.55777862,27.520884738040326,27.53595726344375,27.56068665971292,0.036893881959674246
3433.635,27.54256185,27.521354851054273,27.53260617471619,27.562132455351417,0.02120699894572553
3434.117,27.52525555,27.521856418736117,27.529308631633565,27.56360757511611,0.0033991312638832483
3434.599,27.51844758,27.52238937646631,27.5260647686665,27.56511190322314,-0.003941796466310876
3435.081,27.55012154,27.522953657997824,27.522874717529348,27.566645322447688,0.027167882002174792
3435.563,27.54140902,27.52354919546236,27.51973860717529,27.568207714133127,0.017859824537641344
3436.046,27.55212371,27.524177252002374,27.516650225798948,27.569802289443956,0.02794645799762563
3436.528,27.53443271,27.524835155752317,27.513622485355846,27.571422323878938,0.009597554247683604
3437.01,27.5234949,27.525524102010618,27.510649056187304,27.57307096604745,-0.0020292020106182918
3437.492,27.53529432,27.52624401648189,27.507730056148624,27.57474809165343,0.009050303518108649
3437.974,27.54866173,27.526994823280788,27.504865600310925,27.576453575014682,0.021666906719211454
3438.456,27.55366579,27.527776444938482,27.5020558009571,27.578187289072563,0.0258893450615183
3438.938,27.56060446,27.528588802409438,27.49930076757775,27.579949105401333,0.032015657590562796
3439.42,27.54827365,27.52943181507806,27.49660060686739,27.581738894217665,0.018841834921939693
3439.903,27.56111297,27.530307244906727,27.49394999200527,27.58356032425661,0.030805725093273395
3440.385,27.55975702,27.531211383045665,27.491359999885383,27.58540572066476,0.028545636954333986
3440.867,27.56769816,27.532145925005427,27.48882518390552,27.5872786918827,0.035552234994572274
3441.349,27.55642908,27.53311078395622,27.48634563953394,27.589179102790958,0.02331829604377944
3441.831,27.55841048,27.534105871533196,27.4839214594255,27.591106816961172,0.024304608466803046
3442.313,27.55610772,27.535131097843735,27.481552733418695,27.593061696666147,0.02097662215626528
3442.795,27.56880598,27.536186371474855,27.479239548532803,27.595043602889795,0.03261960852514534
3443.277,27.5739513,27.537271599500432,27.476981988965022,27.5970523953371,0.036679700499568924
3443.76,27.56617746,27.53838903192257,27.47477562589045,27.59909218325254,0.027788428077428762
3444.241,27.57217097,27.539531539511056,27.472634068447505,27.601150071389455,0.03263943048894191
3444.724,27.56386124,27.540708525677562,27.47053958334955,27.603243028692123,0.02315271432243904
3445.206,27.58025263,27.54191267326505,27.468505426618215,27.605357992301325,0.038339956734951386
3445.688,27.57150247,27.543146287977574,27.466527273917933,27.60749912152773,0.028356182022424292
3446.17,27.56953729,27.54440926796851,27.464605192458556,27.609666268615285,0.02512802203148823
3446.652,27.59367512,27.545701509932528,27.462739246612852,27.61185928460127,0.047973610067472805
3447.134,27.58049687,27.547022909113654,27.460929497914762,27.61407801932671,0.03347396088634724
3447.616,27.58363558,27.548373359313324,27.45917600505799,27.616322321446876,0.035262220686675505
3448.098,27.59035875,27.549752752898733,27.45747882389476,27.618592038442046,0.040605997101266667
3448.581,27.5805158,27.55116393234252,27.45583466187719,27.62089180414539,0.02935186765748199
3449.063,27.58063661,27.55260094358253,27.454250377379104,27.623211940610748,0.028035666417469685
3449.545,27.56327329,27.554066566553796,27.45272255516602,27.625557027123826,0.00920672344620499
3450.027,27.57121488,27.55556068796712,27.451251239707705,27.627926906569623,0.015654192032879877
3450.509,27.58319047,27.557083193141228,27.449836472627975,27.630321420711955,0.026107276858773787
3450.991,27.57076223,27.55863396601152,27.448478292704145,27.632740410204445,0.01212826398847966
3451.473,27.57427367,27.560212889138736,27.447176735866794,27.63518371460143,0.014060780861264277
3451.955,27.59660684,27.561819843717743,27.44593183519953,27.637651172369022,0.03478699628225712
3452.438,27.57516544,27.563458130353993,27.44474121470895,27.640147814701443,0.011707309646006081
3452.92,27.56521572,27.565120843530213,27.443609831934758,27.642663139573784,9.487646978811881e-05
3453.402,27.57061762,27.566811223380633,27.442535187548003,27.645202126453512,0.003806396619367547
3453.884,27.59894102,27.56852914572348,27.44151730323958,27.64776460956256,0.03041187427652048
3454.366,27.59368448,27.570274485056157,27.440556197854676,27.650350422090398,0.02340999494384377
3454.848,27.61151367,27.572047114564572,27.43965188739341,27.65295939620527,0.03946655543542832
3455.33,27.59278414,27.573846906132246,27.43880438501163,27.655591363065433,0.018937233867752923
3455.812,27.60748219,27.575673730349873,27.43801370102191,27.65824615283061,0.0318084596501258
3456.294,27.59021651,27.5775274565246,27.437279842894583,27.660923594673264,0.012689053475401835
3456.777,27.60256188,27.57941188186877,27.436601469714198,27.663629141536703,0.023149998131231087
3457.259,27.60861048,27.581319069915747,27.43598139226939,27.66635141726094,0.027291410084252732
3457.741,27.6173323,27.583252759954448,27.435418146052683,27.669095826409738,0.03407954004555336
3458.223,27.60795997,27.585212816250554,27.434911727173475,27.671862194319417,0.022747153749445914
3458.705,27.63223397,27.587199101834067,27.43446212890646,27.67465034539634,0.04503486816593494
3459.187,27.63569408,27.589211478509224,27.43406934169372,27.67746010312888,0.04648260149077643
3459.669,27.60876448,27.591249806864198,27.43373335314663,27.680291290098722,0.01751467313580335
3460.151,27.65346881,27.59331394628105,27.433454148048185,27.68314372799271,0.060154863718949514
3460.634,27.64822783,27.595408117232346,27.43323130585565,27.686023221031842,0.05281971276765418
3461.116,27.6391363,27.59752350495387,27.433065728405374,27.688917665469237,0.04161279504613091
3461.598,27.6432688,27.599664274445885,27.432956871754428,27.691832820262402,0.04360452555411598
3462.08,27.63883568,27.601830280363423,27.432904709391245,27.694768503633792,0.0370053996365769
3462.562,27.64781134,27.60402137620548,27.432909211989,27.697724532969616,0.04378996379452005
3463.044,27.65396295,27.606237414325456,27.43297034740869,27.700700724831652,0.04772553567454452
3463.526,27.64467794,27.608478245941193,27.433088080702294,27.70369689496908,0.03619969405880852
3464.008,27.63176896,27.610743721145408,27.433262374116076,27.706712858330306,0.021025238854591066
3464.49,27.6314507,27.613033688915934,27.433493187094108,27.709748429074846,0.018417011084064683
3464.973,27.62905394,27.615352823791223,27.433781130992777,27.71280977879991,0.013701116208775233
3465.455,27.62477451,27.617691369241616,27.434124967265603,27.71588404340169,0.007083140758386008
3465.937,27.63190073,27.62005394728586,27.43452518455376,27.718977352860072,0.011846782714140858
3466.419,27.63668647,27.62244040254469,27.43498173112395,27.72208951829671,0.014246067455310651
3466.901,27.64485967,27.624850578576396,27.435494552460078,27.725220350104003,0.020009091423602854
3467.383,27.64156527,27.627284317887554,27.436063591267466,27.728369657957245,0.014280952112446954
3467.865,27.64367483,27.629741461943617,27.436688787477266,27.73153725082639,0.013933368056381568
3468.347,27.64400742,27.632221851179676,27.43737007825107,27.734722936988355,0.011785568820325665
3468.83,27.63692181,27.63473054282463,27.438108985889503,27.737933188959047,0.00219126717536966
3469.312,27.64772554,27.63725698704735,27.43890238224907,27.741154520361583,0.01046855295264848
3469.794,27.63525373,27.639806191342085,27.43975166793696,27.744393365446076,-0.0045524613420866444
3470.276,27.645888,27.64237799212805,27.4406567690789,27.747649529835726,0.0035100078719487726
3470.758,27.68560816,27.644972224848228,27.441617609055832,27.750922818520838,0.040635935151772884
3471.24,27.64964829,27.647588723980242,27.44263410850931,27.754213035870894,0.0020595660197564314
3471.722,27.6639755,27.65022732304734,27.443706185346887,27.757519985646702,0.013748176952660174
3472.204,27.67169897,27.65288785462945,27.444833754747872,27.760843471012407,0.018811115370549913
3472.687,27.66137989,27.655575737809567,27.446019241003953,27.764190240488375,0.005804152190432177
3473.168,27.67852404,27.65827404100775,27.447255018350354,27.767539258259873,0.020249998992248663
3473.651,27.67505209,27.66100503268003,27.448551270291055,27.7709181756834,0.01404705731997069
3474.133,27.68841635,27.663751645557216,27.449900021644993,27.77430585599576,0.02466470444278457
3474.615,27.68542209,27.666519339728282,27.45130380053351,27.777709078779043,0.018902750271717395
3475.097,27.68753803,27.669307942344133,27.452762505886064,27.781127643871173,0.018230087655865646
3475.579,27.69865856,27.672117279690227,27.454276033946947,27.784561350598338,0.026541280309771764
3476.061,27.69648828,27.67494717719789,27.455844278281855,27.788009997787157,0.021541102802110856
3476.543,27.69371866,27.67779745945555,27.45746712978483,27.791473383776804,0.015921200544447345
3477.025,27.7075532,27.680667950220112,27.4591444766851,27.794951306431077,0.026885249779887488
3477.508,27.69143081,27.683564490061602,27.46087985379866,27.798450823256008,0.007866319938397481
3477.99,27.70255233,27.68647490684554,27.462665958014703,27.801957240096563,0.016077423154460035
3478.472,27.71075474,27.6894049981595,27.46450620614724,27.80547758404006,0.021349741840499092
3478.954,27.69570806,27.692354584546027,27.466400475832863,27.80901165116945,0.0033534754539736866
3479.436,27.71897431,27.69532348577301,27.468348642080038,27.81255923715307,0.023650824226990608
3479.918,27.72981145,27.698311520845092,27.47035057727674,27.816120137256682,0.031499929154907846
3480.4,27.72450783,27.70131850801517,27.47240615119834,27.8196941463556,0.023189321984830258
3480.882,27.73513122,27.7043442647959,27.47451523101555,27.82328105894681,0.030786955204099797
3481.365,27.75401661,27.707394943228852,27.476682223097015,27.826888150288184,0.04662166677114854
3481.847,27.74998261,27.710457726852916,27.478898016134966,27.830500277603175,0.039524883147084466
3482.329,27.74787287,27.713538727915196,27.481166900739733,27.834124689323318,0.03433414208480201
3482.811,27.75065334,27.71663776108104,27.483488733740096,27.8377611785524,0.0340155789189609
3483.293,27.74707891,27.719754640333132,27.485863369401805,27.84140953807622,0.02732426966686674
3483.775,27.74063934,27.722889178983245,27.488290659436355,27.8450695603747,0.01775016101675675
3484.257,27.75954902,27.726041189683684,27.49077045300973,27.84874103763384,0.03350783031631721
3484.739,27.73856778,27.729210484439054,27.493302596751416,27.852423761757876,0.009357295560946
3485.221,27.75809727,27.732396874617653,27.49588693476337,27.8561175243811,0.025700395382347807
3485.704,27.76263565,27.735606834248646,27.498528832264526,27.859829813869236,0.027028815751354074
3486.186,27.75542671,27.738826881375648,27.501217188514516,27.863545049192222,0.01659982862435072
3486.668,27.74205787,27.74206345393445,27.503957255926753,27.86727069598392,-5.583934449049366e-06
3487.15,27.76578464,27.74531636086392,27.506748868581273,27.87100654491849,0.02046827913607885
3487.632,27.77048472,27.748585410524985,27.509591858077783,27.87475238646002,0.02189930947501395
3488.114,27.76845187,27.75187041071226,27.512486053545437,27.87850801087446,0.01658145928773891
3488.596,27.77923693,27.755171168665846,27.515431281652745,27.88227320824154,0.02406576133415328
3489.078,27.78181026,27.758487491082974,27.518427366617637,27.886047768466522,0.023322768917026337
3489.561,27.78636785,27.76182611219879,27.521480503859177,27.88983934068689,0.024541737801211383
3490.043,27.80082715,27.765173012805054,27.52457787001935,27.893632014038626,0.035654137194946145
3490.525,27.78391448,27.768534894421165,27.527725550706666,27.897433418599153,0.015379585578834565
3491.007,27.79659553,27.771911561688626,27.53092336043404,27.901243343694198,0.024683968311375537
3491.489,27.79554638,27.775302818764537,27.53417111131562,27.90506157853407,0.020243561235464114
3491.971,27.80017537,27.778708469333296,27.537468613077472,27.908887912225502,0.021466900666705868
3492.453,27.78966096,27.78212831661829,27.540815673068437,27.912722133783273,0.007532643381708226
3492.935,27.78298853,27.785562163393532,27.544212096270968,27.916564032142,-0.0025736333935313382
3493.417,27.77866618,27.789009811995466,27.54765768531233,27.920413396167607,-0.010343631995468172
3493.9,27.79996738,27.79247825935941,27.551159541350422,27.924278023346876,0.007489120640588709
3494.382,27.79915357,27.795952944536953,27.554702961544542,27.928141699481102,0.0032006254630481124
3494.864,27.79240272,27.799440835628445,27.558294941013216,27.932012207146673,-0.007038115628446917
3495.346,27.80920078,27.802941733335825,27.561935273070446,27.93588933505129,0.006259046664176537
3495.828,27.79512045,27.80645543798188,27.565623748731877,27.939772871892085,-0.011334987981882705
3496.31,27.80354889,27.809981749521796,27.569360156726475,27.94366260636695,-0.006432859521797951
3496.792,27.81554006,27.813520467554927,27.57314428350834,27.94755832718612,0.002019592445073215
3497.274,27.82245755,27.81707139133638,27.57697591326864,27.951459823083503,0.005386158663618801
3497.757,27.80692283,27.82064172409558,27.580862924488535,27.9553749943984,-0.013718894095578804
3498.239,27.81908679,27.824216480098826,27.58478900120153,27.95928741769164,-0.005129690098826245
3498.721,27.82152323,27.827802837247933,27.588761919545576,27.96320498208324,-0.006279607247932972
3499.203,27.8495716,27.831400593536742,27.592781454776727,27.967127476515877,0.018171006463258976
3499.685,27.84864366,27.835009546673096,27.59684737994933,27.97105469001273,0.013634113326904895
3500.167,27.83686936,27.83862949409027,27.600959465928497,27.97498641168862,-0.0017601340902686502
3500.649,27.8402572,27.842260232958584,27.605117481402768,27.978922430761163,-0.002003032958583617
3501.131,27.8420511,27.84590156019699,27.609321192896868,27.982862536562113,-0.003850460196989758
3501.614,27.85500975,27.84956085930529,27.61357922758524,27.986814704966914,0.005448890694712105
3502.095,27.84481141,27.853215166272324,27.617864759301582,27.990754166313064,-0.008403756272326035
3502.578,27.88255425,27.856894666015112,27.622213186007915,27.994713470352522,0.025659583984886325
3503.06,27.86022618,27.86057633136496,27.626597396574063,27.99866782556868,-0.0003501513649588617
3503.542,27.84660822,27.86426756588871,27.631026103270916,28.002625215835273,-0.017659345888709765
3504.024,27.87254274,27.867968165238537,27.635499059909236,28.006585431401003,0.004574574761463168
3504.506,27.87092838,27.871677924895796,27.64001601822803,28.01054826270587,-0.0007495448957968165
3504.988,27.87319969,27.875396640182302,27.644576727908024,28.014513500391807,-0.0021969501823022597
3505.47,27.87936819,27.87912410627186,27.649180936585356,28.01848093531374,0.00024408372814122004
3505.952,27.87195814,27.88286011820159,27.653828389865215,28.02245035855017,-0.010901978201591334
3506.435,27.88707443,27.886612247777766,27.658528607049295,28.026429802129407,0.00046218222223259886
3506.917,27.86421564,27.890364752674742,27.663261866676493,28.03040257922195,-0.02614911267474085
3507.399,27.89369349,27.89412518739078,27.668037595132834,28.03437671888215,-0.0004316973907805277
3507.881,27.88336897,27.897893346529617,27.67285553003497,28.038352013190757,-0.01452437652961791
3508.363,27.89000914,27.901669024614844,27.677715407038647,28.042328254505456,-0.011659884614843463
3508.845,27.89492091,27.90545201610136,27.682616959853096,28.046305235471547,-0.010531106101360876
3509.327,27.88913582,27.909242115386427,27.687559920255264,28.050282749032245,-0.02010629538642661
3509.809,27.89486976,27.913039116820922,27.69254401810431,28.05426058843925,-0.018169356820923355
3510.292,27.92880723,27.91685071302825,27.697579448880912,28.0582468002708,0.011956516971750375
3510.774,27.92117642,27.920660914937127,27.702645087531597,28.062224672017347,0.0005155050628715685
3511.256,27.94368721,27.924477401454695,27.70775104127176,28.066202250893156,0.019209808545305407
3511.738,27.91268957,27.928299966857765,27.71289703243189,28.070179331487967,-0.01561039685776322
3512.22,27.92269607,27.93212840543239,27.71808278149826,28.07415570875149,-0.009432335432389749
3512.702,27.93846349,27.93596251148498,27.723308007127972,28.078131178003648,0.002500978515019625
3513.184,27.94945683,27.939802079353097,27.72857242616392,28.082105534944617,0.009654750646902244
3513.666,27.94574995,27.94364690341662,27.73387575364992,28.086078575664946,0.002103046583378898
3514.148,27.93471334,27.947496778108587,27.73921770284603,28.09005009665563,-0.012783438108588285
3514.631,27.94234756,27.951359500164106,27.74460918730148,28.094028128982185,-0.009011940164104004
3515.113,27.9231549,27.955218869091773,27.750027591263336,28.09799599743263,-0.032063969091773004
3515.595,27.92302135,27.959082671949126,27.755483745558035,28.101961737709,-0.036061321949127034
3516.077,27.92580222,27.962950703490904,27.76097735646039,28.105925148004026,-0.037148483490902606
3516.559,27.92354176,27.966822758579347,27.766508128538693,28.109886026960325,-0.043280998579348307
3517.041,27.94170727,27.970698632194818,27.77207576467034,28.113844173679936,-0.02899136219481946
3517.523,27.92640638,27.974578119446598,27.777679966057647,28.117799387734184,-0.04817173944659814
3518.005,27.94088151,27.978461015583548,27.783320432243627,28.121751469173248,-0.0375795055835475
3518.488,27.92982726,27.982355181642692,27.789008675124,28.125708407359948,-0.05252792164269238
3518.97,27.94612872,27.986244287919256,27.79472083664329,28.12965361815001,-0.04011556791925486
3519.452,27.93756638,27.990136189347524,27.80046835115894,28.133595099032792,-0.0525698093475242
3519.934,27.96753838,27.99403068184108,27.806250911733365,28.13753265207016,-0.026492301841077648
3520.416,27.94420211,27.99792756150588,27.812068209849997,28.14146607985024,-0.05372545150587982
3520.898,27.93860242,28.00182662465076,27.817919935429536,28.145395185496717,-0.06322420465076206
3521.38,27.95275167,28.00572766779788,27.82380577684633,28.149319772678112,-0.05297599779787987
3521.862,27.97814156,28.00963048769316,27.829725420944754,28.153239645616942,-0.031488927693157365
3522.344,27.97457545,28.013534881316357,27.83567855305561,28.15715460909889,-0.03895943131635704
3522.827,27.96796632,28.017448750422297,27.84167731099247,28.16107257478303,-0.04948243042229805
3523.309,28.00036029,28.0213556856423,27.84769653698047,28.1649771248132,-0.020995395642298575
3523.791,27.99287618,28.025263586617378,27.853748297394514,28.168876182812674,-0.032387406617377934
3524.273,27.98168769,28.02917225136658,27.859832271674374,28.17276955591159,-0.047484561366580635
3524.755,28.00059715,28.03308147819418,27.86594813782976,28.176657051848288,-0.03248432819417957
3525.237,28.01723156,28.036991065699528,27.872095572457024,28.180538478977994,-0.019759505699529
3525.719,28.00053103,28.040900812787296,27.878274250756167,28.1844136462818,-0.04036978278729464
3526.201,28.00277845,28.044810518677494,27.88448384654781,28.188282363375222,-0.04203206867749287
3526.684,28.02522057,28.04872809344682,27.890737010303823,28.192152446091573,-0.0235075234468205
3527.166,28.03526883,28.05263711478815,27.897007519549327,28.196007679827662,-0.017368284788151556
3527.648,28.02873413,28.056545494168653,27.90330795895689,28.199855895702775,-0.027811364168652375
3528.13,28.03629068,28.0604530321693,27.909637996997763,28.203696905957784,-0.02416235216929863
3528.612,28.05142642,28.064359529735707,27.915997300849575,28.20753052351068,-0.012933109735708825
3529.094,28.0574879,28.0682647881879,27.922385536413664,28.21135656196511,-0.010776888187898237
3529.576,28.04446909,28.072168609230037,27.92880236833249,28.215174835618605,-0.027699519230036884
3530.058,28.06572794,28.076070794959993,27.935247460007005,28.218985159470872,-0.010342854959993986
3530.541,28.04466008,28.079979237855493,27.94173393189275,28.222795229009613,-0.035319157855493444
3531.022,28.05924544,28.083869470901142,27.948221070124465,28.226581221330324,-0.024624030901140515
3531.505,28.04483749,28.08777364810002,27.954762480636433,28.23037443742665,-0.042936158100019384
3531.987,28.04511176,28.09166731653982,27.961317276582747,28.234151108197377,-0.046555556539818355
3532.469,28.0664484,28.095558365991728,27.967898630569103,28.23791891460725,-0.029109965991729325
3532.951,28.06879426,28.099446601117013,27.9745061989141,28.241677676040666,-0.030652341117011872
3533.433,28.07197661,28.103331827036968,27.98113963681832,28.245427212640394,-0.03135521703696753
3533.915,28.06148052,28.107213849342077,27.98779859838214,28.249167345315303,-0.04573332934207741
3534.397,28.06965902,28.111092474101387,27.994482736623596,28.2528978957482,-0.04143345410138721
3534.879,28.06975446,28.114967507871484,28.001191703496293,28.256618686403385,-0.045213047871484946
3535.362,28.08384125,28.118846785277423,28.007939144916893,28.260337228950657,-0.035005535277424116
3535.844,28.07675149,28.122714050285595,28.014696770441386,28.26403794944491,-0.04596256028559509
3536.326,28.09571799,28.12657714659351,28.021478173521622,28.267728381956953,-0.030859156593511017
3536.808,28.0862379,28.130435882800057,28.028283002031436,28.27140835215437,-0.044197982800056934
3537.29,28.11803728,28.1342900680369,28.035110902870457,28.27507768652386,-0.016252788036901222
3537.772,28.11277686,28.13813951197733,28.0419615219823,28.278736212378455,-0.025362651977328454
3538.254,28.11420794,28.141984024844945,28.048834504372707,28.282383757864647,-0.02777608484494465
3538.736,28.10616765,28.1458234174226,28.055729494127824,28.286020151969744,-0.039655767422601684
3539.219,28.11497108,28.1496654499422,28.062660506566292,28.28965273354004,-0.03469436994220132
3539.701,28.10994577,28.153494024968897,28.06959848352579,28.293266291228043,-0.04354825496889703
3540.183,28.10428135,28.15731691510762,28.07655739402885,28.29686818926369,-0.05303556510762064
3540.665,28.08123515,28.161133933465635,28.083536878664464,28.30045826006976,-0.07989878346563373
3541.147,28.11512317,28.164944893752445,28.090536577193728,28.30403633694475,-0.049821723752444314
3541.629,28.11159316,28.168749610288152,28.097556128568307,28.30760225406976,-0.05715645028815075
3542.111,28.09876518,28.172547898011974,28.1045951709489,28.311155846515337,-0.073782718011973
3542.593,28.09548649,28.17633957249037,28.11165334172365,28.31469695024795,-0.08085308249037126
3543.075,28.11175581,28.180124449925554,28.118730277526815,28.31822540213689,-0.06836863992555564
3543.558,28.10655152,28.183910177742046,28.12584035374753,28.321748320382802,-0.07735865774204598
3544.04,28.1334298,28.187680897231314,28.132953763626634,28.32525095574869,-0.05425109723131527
3544.522,28.1458364,28.19144427180319,28.140084843339555,28.328740455028363,-0.04560787180318826
3545.004,28.16609195,28.195200120285467,28.147233226689018,28.33221665876881,-0.029108170285468304
3545.486,28.14118685,28.19894826218225,28.15439854681683,28.335679408452048,-0.057761412182248506
3545.968,28.15400125,28.202688517681846,28.161580436222554,28.339128546501282,-0.048687267681845725
3546.45,28.15269515,28.206420707664655,28.168778526782184,28.342563916287066,-0.05372555766465581
3546.932,28.16830747,28.210144653710927,28.175992449766916,28.345985362133593,-0.04183718371092837
3547.415,28.14838209,28.213867877788395,28.183236850405542,28.349399783809645,-0.06548578778839698
3547.897,28.16578498,28.217574785518128,28.19048136065728,28.35279288890767,-0.051789805518126286
3548.379,28.16739575,28.221272917964427,28.19774059293708,28.356171608504667,-0.05387716796442632
3548.861,28.1660092,28.224962099586115,28.20501417628328,28.359535790801157,-0.058952899586113716
3549.343,28.17947844,28.22864215558026,28.212301739223314,28.362885284981022,-0.04916371558026
3549.825,28.1923932,28.232312911889746,28.21960290979251,28.366219941217135,-0.03991971188974475
3550.307,28.18652941,28.235974195210726,28.226917315552935,28.369539610677222,-0.049444785210727815
3550.789,28.18246749,28.239625832999934,28.234244583612274,28.372844145529374,-0.05715834299993361
3551.271,28.18710974,28.243267653482047,28.241584340642635,28.376133398947733,-0.05615791348204624
3551.754,28.21217487,28.2469070100775,28.248951478080745,28.37941400115121,-0.03473214007750158
3552.236,28.22987868,28.25052866247551,28.256315115391686,28.382672222818847,-0.020649982475511308
3552.718,28.23112549,28.254139986569943,28.2636901184882,28.385914728368586,-0.023014496569942366
3553.2,28.21046839,28.25774081373112,28.271076112488394,28.38914137505516,-0.047272423731122615
3553.682,28.23157215,28.26133097613303,28.278472722169294,28.39235202116622,-0.029758826133029714
3554.164,28.24005735,28.26491030676046,28.285879571985912,28.395546526027665,-0.02485295676045851
3554.646,28.22891474,28.26847863941575,28.293296286089994,28.398724750008512,-0.039563899415750114
3555.128,28.24253583,28.272035808725807,28.300722488349077,28.401886554526246,-0.029499978725805676
3555.611,28.23582504,28.27558899477728,28.30817323753842,28.405038310155696,-0.03976395477727834
3556.093,28.22855024,28.279123320598465,28.315617304398717,28.408166829443115,-0.05057308059846477
3556.575,28.2272429,28.282645991632855,28.323069728718288,28.411278519579866,-0.055403091632854284
3557.057,28.24532731,28.2861568458746,28.330530133416648,28.414373246228525,-0.04082953587460025
3557.539,28.23562166,28.28965572217582,28.33799814122379,28.41745087612448,-0.05403406217581974
3558.021,28.2362379,28.2931424602531,28.345473374699043,28.420511277080585,-0.05690456025310198
3558.503,28.23546623,28.296616900693902,28.35295545625017,28.423554317991783,-0.06115067069390179
3558.985,28.24069842,28.300078884963057,28.360444008152193,28.42657986883979,-0.0593804649630556
3559.468,28.25172223,28.303535398558257,28.36795420769216,28.429594022816303,-0.05181316855825813
3559.949,28.25264692,28.306964855270046,28.37543901155918,28.432577985733467,-0.05431793527004558
3560.432,28.25996266,28.310395618192988,28.38296028438864,28.435556445170725,-0.050432958192988764
3560.914,28.24951514,28.313806182889856,28.39047094834744,28.43851072000073,-0.06429104288985599
3561.396,28.25764275,28.317203511799644,28.397986191919752,28.441446870874888,-0.05956076179964498
3561.878,28.2511106,28.32058745178385,28.40550563698174,28.444364774389914,-0.06947685178385044
3562.36,28.25624417,28.323957850624403,28.41302890540938,28.447264308259463,-0.0677136806244043
3562.842,28.26216947,28.3273145570295,28.420555619097158,28.450145351318252,-0.0651450870294994
3563.324,28.23169856,28.330657420639564,28.428085399977125,28.45300778352605,-0.09895886063956283
3563.806,28.23566679,28.33398629203288,28.43561787003764,28.45585148597156,-0.09831950203287931
3564.289,28.25215569,28.337307884964527,28.44316828580903,28.458682181898237,-0.08515219496452886
3564.771,28.26240294,28.340608297643783,28.450705004133873,28.46148803315563,-0.07820535764378178
3565.253,28.26883697,28.34389427522323,28.458243277347307,28.464274804491097,-0.07505730522323262
3565.735,28.29560127,28.347165672091904,28.465782727851668,28.467042381550016,-0.05156440209190549
3566.217,28.31672898,28.350422343604862,28.473322978199807,28.46979065112555,-0.033693363604861304
3566.699,28.33536585,28.35366414608873,28.480863651113754,28.472519501162264,-0.018298296088730126
3567.181,28.35799197,28.356890936846924,28.488404369503566,28.475228820759604,0.001101033153076969
3567.663,28.36952763,28.360102574165115,28.49594475648599,28.47791850017543,0.009425055834885399
3568.146,28.37737583,28.36330553273837,28.503500076893367,28.48059394950104,0.014070297261628895
3568.628,28.3928043,28.366486409823334,28.51103866869052,28.48324398267136,0.02631789017666719
3569.11,28.37771868,28.369651713983878,28.518575799077677,28.485874053198184,0.008066966016123445
3569.592,28.38185951,28.372801307488388,28.526111092185843,28.488484056008478,0.009058202511614155
3570.074,28.3823297,28.37593505361319,28.53364417244618,28.49107388720389,0.0063946463868092
3570.556,28.39630667,28.379052816647473,28.54117466460849,28.493643444063935,0.01725385335252838
3571.038,28.35847236,28.382154461898093,28.548702193759752,28.496192625048938,-0.02368210189809261
3571.52,28.36936126,28.38523985569448,28.556226385342843,28.49872132980284,-0.015878595694477582
3572.002,28.35364139,28.388308865393437,28.56374686517481,28.501229459156487,-0.034667475393437286
3572.485,28.3514998,28.391367675100028,28.571278849138537,28.503722054269822,-0.03986787510002898
3572.967,28.35432461,28.394403488136312,28.578790774870363,28.506188696884415,-0.04007887813631328
3573.449,28.36415731,28.397422525088622,28.586297867959463,28.508634473541925,-0.03326521508862257
3573.931,28.33384093,28.400424657471703,28.593799755905565,28.511059289849975,-0.06658372747170205
3574.413,28.37016781,28.403409757850685,28.601296066674855,28.51346305261657,-0.03324194785068357
3574.895,28.35513965,28.40637769984539,28.60878642871827,28.515845669852414,-0.051238049845387934
3575.377,28.37931284,28.40932835813472,28.616270470989875,28.518207050773547,-0.030015518134717922
3575.859,28.35442693,28.41226160846088,28.623747822964987,28.520547105803658,-0.05783467846088186
3576.342,28.36633865,28.415183358535174,28.631233605593476,28.522870534713824,-0.04884470853517442
3576.824,28.38697007,28.418081387685092,28.638696451780095,28.52516762937701,-0.031111317685091677
3577.306,28.3826509,28.4209616422708,28.646151498641668,28.527443136512602,-0.03831074227079867
3577.788,28.37716711,28.42382400233195,28.653598377921977,28.52969697140059,-0.046656892331952804
3578.27,28.39374963,28.426668348992155,28.661036721976934,28.53192905053974,-0.032918718992156926
3578.752,28.36472865,28.429494564462864,28.668466163792548,28.53413929164978,-0.06476591446286406
3579.234,28.36103982,28.432302532047242,28.675886337002993,28.536327613673315,-0.07126271204724333
3579.716,28.3830597,28.43509213614408,28.683296875908564,28.538493936777865,-0.05203243614407782
3580.198,28.37318743,28.43786326225138,28.69069741549347,28.540638182357572,-0.0646758322513783
3580.681,28.34922865,28.44062148821936,28.698102912733766,28.542764652630026,-0.09139283821935962
3581.163,28.39360997,28.44335528033708,28.705482338822254,28.54486446605788,-0.049745310337080184
3581.645,28.3556615,28.446070257362322,28.712850674073106,28.546941973367616,-0.09040875736232223
3582.127,28.35403461,28.448766309228994,28.72020755638636,28.5489971008805,-0.09473169922899416
3582.609,28.37464248,28.451443326988215,28.72755262443481,28.55102977615299,-0.07680084698821688
3583.091,28.34473592,28.4541012028116,28.734885517681885,28.55303992797827,-0.10936528281159852
3583.573,28.35857137,28.456739829994717,28.74220587639903,28.55502748638781,-0.09816845999471724
3584.055,28.33883699,28.459359102960345,28.749513341683357,28.556992382652602,-0.12052211296034443
3584.538,28.33696155,28.461964290768154,28.75682267467592,28.55893855500244,-0.12500274076815288
3585.02,28.34455343,28.46454450240023,28.76410325117136,28.560857878393588,-0.11999107240022866
3585.502,28.34986762,28.46710504966728,28.771369861915367,28.56275434077036,-0.11723742966727713
3585.984,28.36963397,28.469645831534798,28.778622151483788,28.564627878377696,-0.10001186153479935
3586.466,28.37901209,28.472166748110915,28.785859765364975,28.56647842870625,-0.09315465811091528
3586.948,28.40819456,28.474667700649412,28.79308234997715,28.568305930493555,-0.06647314064941412
3587.43,28.41946151,28.477148591552577,28.80028955268541,28.570110323724975,-0.05768708155257585
3587.912,28.41618959,28.47960932437392,28.80748102181891,28.571891549634532,-0.06341973437392312
3588.395,28.42127144,28.48205484593758,28.814671276416217,28.57365317382977,-0.060783405937577584
3588.876,28.4229798,28.484469935758185,28.821815357600794,28.575384270673585,-0.061490135758184294
3589.359,28.42989101,28.48687458451029,28.828972325970543,28.57709918081623,-0.05698357451029068
3589.841,28.42196654,28.489253700967637,28.836097328072466,28.57878712620246,-0.06728716096763776
3590.323,28.43038716,28.491612194287356,28.843204852582804,28.580451629089897,-0.06122503428735726
3590.805,28.41941125,28.493949974988777,28.85029455397325,28.58209263822432,-0.074538724988777
3591.287,28.39793669,28.496266954760486,28.85736608779758,28.583710103605203,-0.09833026476048445
3591.769,28.43867331,28.498563046462714,28.86441911070842,28.585303976486323,-0.05988973646271489
3592.251,28.41893308,28.500838164129583,28.871453280473762,28.586874209376045,-0.08190508412958408
3592.733,28.40938413,28.50309222297135,28.87846825599341,28.588420756037785,-0.09370809297135096
3593.216,28.41153456,28.505329749948363,28.88547819013831,28.589946706159342,-0.09379518994836289
3593.698,28.44309681,28.507541397366154,28.892453716894057,28.591445697306746,-0.06444458736615388
3594.18,28.44295178,28.50973173850045,28.89940903235963,28.59292087096256,-0.06677995850044738
3594.662,28.45141498,28.51190069328957,28.906343800128454,28.594372185915525,-0.06048571328956953
3595.144,28.42968408,28.51404818285819,28.913257685007366,28.595799602210352,-0.08436410285818852
3595.626,28.45538399,28.516174129519275,28.920150353032703,28.59720308114788,-0.06079013951927337
3596.108,28.45468228,28.518278456775874,28.92702147148624,28.59858258528497,-0.06359617677587437
3596.59,28.47785381,28.520361089322883,28.93387070891134,28.599938078434512,-0.04250727932288356
3597.073,28.44974829,28.522426206020196,28.94071187576652,28.60127226298465,-0.07267791602019713
3597.555,28.45041495,28.524465182618687,28.947516314785066,28.60257958062911,-0.07405023261868848
3598.037,28.46434309,28.526482245612527,28.95429788545396,28.603862786192984,-0.062139155612527475
3598.519,28.473499,28.528477324482957,28.961056261523275,28.605121848513846,-0.05497832448295625
3599.001,28.47648484,28.530450349910996,28.967791118083163,28.606356737684056,-0.053965509910995024
3599.483,28.49045219,28.53240125377897,28.974502131579527,28.607567425050366,-0.04194906377897212
3599.965,28.49134655,28.534329969171722,28.98118897982937,28.60875388321347,-0.04298341917172266
3600.447,28.49509194,28.536236430378057,28.987851342036222,28.60991608602745,-0.04114449037805912
3600.929,28.5012842,28.538120572891945,28.994488898805358,28.611054008599236,-0.03683637289194408
3601.412,28.49945251,28.539986172678088,29.00111502456494,28.61216991242071,-0.04053366267808656
3601.894,28.49779961,28.541825442487312,29.00770196484961,28.613259154345386,-0.04402583248731062
3602.376,28.50790401,28.543642207203593,29.01426314942263,28.61432404881687,-0.03573819720359239
3602.858,28.50304649,28.545436407155435,29.020798264650743,28.615364575949325,-0.04238991715543605
3603.34,28.5290214,28.54720798388207,29.027306998377764,28.61638071710629,-0.01818658388206984
3603.822,28.52217615,28.54895688013405,29.03378903993935,28.617372454899456,-0.02678073013404969
3604.304,28.49001276,28.5506830398745,29.04024408017777,28.61833977318807,-0.060670279874500466
3604.786,28.48874663,28.552386408279617,29.04667181145646,28.619282657077633,-0.0636397782796152
3605.269,28.50195791,28.55407039451904,29.05308517700685,28.620202972965252,-0.05211248451903927
3605.751,28.48972302,28.55572797308029,29.059457315374186,28.621096897594057,-0.06600495308029153
3606.233,28.48787613,28.55736260301644,29.065801230517764,28.621966350586433,-0.06948647301643973
3606.715,28.50983996,28.558974234366037,29.072116621034,28.622811322025164,-0.049134274366036124
3607.197,28.51218721,28.560562818384046,29.07840318711249,28.623631803233685,-0.04837560838404542
3607.679,28.53143425,28.562128307542274,29.084660630550093,28.624427786774785,-0.03069405754227361
3608.161,28.52856988,28.5636706555299,29.090888654765113,28.625199266449215,-0.03510077552990154
3608.643,28.52799702,28.565189817253792,29.097086964811144,28.625946237294322,-0.0371927972537911
3609.125,28.53090162,28.56668574883883,29.103255267390924,28.626668695582516,-0.0357841288388272
3609.608,28.52570896,28.56816143871588,29.109405973619978,28.627368061350463,-0.042452478715880204
3610.09,28.54369345,28.56961073485911,29.115513324278044,28.628041437410857,-0.025917284859112044
3610.572,28.53296421,28.571036676466388,29.121589797014245,28.628690297128163,-0.03807246646638873
3611.054,28.54825068,28.57243922453925,29.127635105268418,28.62931464170216,-0.02418854453924979
3611.536,28.53294548,28.573818341298075,29.13364896419763,28.629914473559683,-0.04087286129807666
3612.018,28.50574415,28.575173990181984,29.13963109068942,28.630489796352766,-0.06942984018198217
3612.5,28.50490879,28.576506135848874,29.145581203375013,28.631040614956927,-0.0715973458488719
3612.982,28.50703571,28.577814744175242,29.151499022642515,28.631566935469248,-0.07077903417524212
3613.465,28.49339495,28.579102423786793,29.157396446658463,28.63206978089464,-0.085707473786794
3613.947,28.49740892,28.58036381093653,29.16324877891281,28.632547077607814,-0.08295489093652719
3614.429,28.48233154,28.58160156562313,29.16906798901708,28.63299990185181,-0.09927002562313092
3614.911,28.50372219,28.58281565859803,29.17485380451996,28.633428264592826,-0.07909346859802824
3615.393,28.49384131,28.58400606182979,29.180605954791115,28.633832178008426,-0.09016475182978922
3615.875,28.49235162,28.585172748503986,29.18632417103392,28.634211655485565,-0.09282112850398505
3616.357,28.4946456,28.58631569302245,29.192008186297798,28.634566711618238,-0.09167009302245077
3616.839,28.50048766,28.58743487100288,29.197657735490647,28.63489736220524,-0.0869472110028795
3617.322,28.50344305,28.588532507123297,29.203284168112422,28.635204234306887,-0.08508945712329563
3617.803,28.51984429,28.58960183589623,29.20885238466057,28.635485515947465,-0.06975754589622696
3618.286,28.53137369,28.590651729074015,29.214408430310517,28.63574356572149,-0.059278039074015965
3618.768,28.57027851,28.591675571870137,29.21991742796056,28.635976725672055,-0.021397061870136014
3619.25,28.57044655,28.592675544395515,29.225390661852977,28.636185577106637,-0.0222289943955154
3619.732,28.58834148,28.5936516295514,29.23082787830433,28.636370143004942,-0.005310149551398524
3620.214,28.56248636,28.594603811449705,29.23622882557329,28.636530447534255,-0.03211745144970379
3620.696,28.5609801,28.595532075412116,29.24159325387222,28.636666516046784,-0.03455197541211774
3621.178,28.56170223,28.596436407969,29.246920915378688,28.636778375076833,-0.0347341779689998
3621.66,28.56483396,28.597316796858486,29.2522115642467,28.63686605233825,-0.03248283685848463
3622.143,28.55411914,28.598174982951765,29.257475816876216,28.636929683428633,-0.04405584295176368
3622.625,28.54667176,28.599007402817605,29.262691632844056,28.636969034982652,-0.0523356428176065
3623.107,28.52016688,28.59981584944866,29.26786971011081,28.63698429502385,-0.07964896944865885
3623.589,28.50976741,28.60060031540494,29.273009810851995,28.636975495957778,-0.09083290540494104
3624.071,28.48341443,28.60136079444804,29.278111699274717,28.636942671354817,-0.11794636444804141
3624.553,28.48836836,28.60209728154007,29.28317514162848,28.636885855947458,-0.1137289215400692
3625.035,28.4909621,28.60280977284202,29.28819990621568,28.636805085626843,-0.11184767284201769
3625.517,28.46285722,28.603498265712496,29.293185763402146,28.63670039743994,-0.14064104571249558
3626.0,28.46869337,28.604164112374068,29.298142707699263,28.636571538052177,-0.13547074237406775
3626.482,28.47534525,28.60480455544762,29.303049987593667,28.636419080460808,-0.12945930544761808
3626.964,28.47480055,28.605420999338584,29.30791768320735,28.636242823131397,-0.13062044933858274
3627.446,28.51024263,28.606013446182715,29.31274557326695,28.63604280770383,-0.09577081618271421
3627.928,28.52554536,28.60658189930532,29.317533438613328,28.635819076957404,-0.08103653930531962
3628.41,28.53687513,28.607126363219514,29.322281062211417,28.635571674807288,-0.07025123321951554
3628.892,28.55567621,28.607646843624472,29.326988229159987,28.63530064630124,-0.05197063362447096
3629.374,28.59329024,28.608143347403605,29.331654726701178,28.63500603761599,-0.014853107403602905
3629.856,28.58389307,28.608615882622537,29.336280344230072,28.634687896053705,-0.024722812622538726
3630.339,28.60234245,28.609065364284234,29.340874341920337,28.634345536892972,-0.00672291428423577
3630.821,28.60457557,28.609489941624634,29.345417490381628,28.633980427399212,-0.004914371624632707
3631.303,28.58538102,28.609890581701567,29.34991913960536,28.633591933757966,-0.02450956170156715
3631.785,28.58863314,28.6102672972926,29.35437908769551,28.633180107739246,-0.02163415729260265
3632.267,28.57549341,28.610620102347447,29.358797134954706,28.632745002220137,-0.03512669234744692
3632.749,28.58763601,28.61094901198584,29.363173083893173,28.63228667118107,-0.023313001985840742
3633.231,28.57733392,28.61125404249528,29.367506739237296,28.631805169701778,-0.03392012249527809
3633.713,28.59295453,28.611535211328754,29.371797907938312,28.63130055395762,-0.018580681328753457
3634.196,28.57858521,28.61179304620207,29.37605516898364,28.63077176253133,-0.03320783620207024
3634.678,28.5760343,28.612026499288444,29.38026070506546,28.63022104349198,-0.03599219928844377
3635.16,28.57777201,28.612236150072135,29.384423188406654,28.62964738537156,-0.03446414007213505
3635.642,28.59990449,28.612422020646843,29.388542434945883,28.62905084868982,-0.0125175306468428
3636.124,28.59916969,28.612584134259844,29.392618262887897,28.62843149504186,-0.01341444425984406
3636.606,28.58436405,28.612722515309304,29.39665049271132,28.6277893870941,-0.02835846530930297
3637.088,28.56610096,28.61283718934164,29.40063894717644,28.627124588579814,-0.04673622934164001
3637.57,28.56707753,28.612928183048986,29.40458345133288,28.626437164295165,-0.045850653048987056
3638.052,28.57515109,28.612995524266434,29.408483832527114,28.62572718009473,-0.03784443426643591
3638.535,28.57987672,28.613039308134116,29.4123478744325,28.6249931598906,-0.03316258813411466
3639.017,28.57798586,28.61305938351845,29.41615940854958,28.624238211181087,-0.035073523518452276
3639.499,28.56618421,28.613055896814576,29.41992631525715,28.62346090657131,-0.04687168681457621
3639.981,28.56553204,28.613028880404112,29.423648431166875,28.62266131610826,-0.047496840404111396
3640.463,28.56879595,28.61297836779749,29.42732559522319,28.62183951087542,-0.0441824177974901
3640.945,28.54995066,28.612904393631087,29.43095764871009,28.62099556298807,-0.0629537336310868
3641.427,28.54239915,28.612806993664176,29.434544435257795,28.62012954558885,-0.07040784366417441
3641.909,28.56489178,28.61268620477586,29.438085800849418,28.619241532843127,-0.0477944247758586
3642.392,28.53664831,28.61254174167049,29.441588799033283,28.618329689373358,-0.07589343167049023
3642.874,28.53608472,28.61237424171724,29.44503877509319,28.61739786725847,-0.07628952171723924
3643.356,28.53072131,28.61218347025245,29.448442882024853,28.61644427854362,-0.08146216025244968
3643.838,28.49426363,28.61196946860551,29.451800975290993,28.615469001440047,-0.11770583860550943
3644.32,28.50146033,28.61173227920977,29.4551129127382,28.614472115157874,-0.11027194920977124
3644.802,28.44977673,28.6114719455992,29.458378554602838,28.613453699901434,-0.16169521559919886
3645.284,28.4550937,28.61118851240497,29.461597763516735,28.612413836864246,-0.15609481240496947
3645.766,28.4294114,28.610882025352172,29.464770404512823,28.611352608224156,-0.18147062535217273
3646.249,28.43206182,28.610551823775868,29.46790278174862,28.61026782919981,-0.17849000377586677
3646.73,28.43473378,28.61020007801962,29.470975454921305,28.60916638773799,-0.17546629801962155
3647.213,28.44126254,28.609823912085304,29.47401384832403,28.608039209579548,-0.16856137208530342
3647.695,28.4564861,28.609425641229546,29.476998818376156,28.60689331628197,-0.15293954122954645
3648.177,28.49213998,28.609004561533403,29.479936581626205,28.605726483040836,-0.1168645815334024
3648.659,28.54115993,28.60856072521341,29.482827017629358,28.60453879783567,-0.06740079521341258
3649.141,28.54433918,28.608094185554886,29.485670008377603,28.603330349594707,-0.063755005554885
3649.623,28.57925711,28.607604996908314,29.48846543830445,28.602101228189564,-0.028347886908314024
3650.105,28.60459052,28.60709321468532,29.491213194289287,28.600851524429828,-0.002502694685322382
3650.587,28.63000703,28.60655889535514,29.493913165661837,28.599581330057894,0.023448134644862506
3651.07,28.60378972,28.60600091792907,29.496570696585827,28.598288039027338,-0.0022111979290677652
3651.552,28.60421756,28.605421651547427,29.49917467685499,28.596977100335064,-0.0012040915474287317
3652.034,28.60986835,28.604820023896714,29.50173055503298,28.595645951997476,0.005048326103285206
3652.516,28.57499222,28.60419609563895,29.504238230297034,28.594294689435813,-0.029203875638952326
3652.998,28.56817283,28.603549928473825,29.50669760429467,28.59292340897691,-0.03537709847382331
3653.48,28.54850087,28.602881585134647,29.50910858114727,28.591532207847568,-0.05438071513464493
3653.962,28.54384473,28.60219112938422,29.51147106745362,28.590121184169046,-0.05834639938422015
3654.444,28.54944749,28.601478626010607,29.513784972293223,28.58869043695139,-0.05203113601060849
3654.927,28.55351187,28.600742594191047,29.51605485623485,28.58723703669062,-0.04723072419104568
3655.409,28.55493017,28.599986148619024,29.518271234077627,28.585767102553152,-0.04505597861902544
3655.891,28.56648361,28.599207856039595,29.52043877243774,28.58427774739449,-0.032724246039595783
3656.373,28.57366657,28.598407785301852,29.522557390353978,28.582769073724805,-0.024741215301851582
3656.855,28.59259111,28.59758600625867,29.52462700936068,28.58124118491434,-0.0049948962586690016
3657.337,28.59357806,28.59674258976254,29.526647553490587,28.579694185187705,-0.0031645297625395585
3657.819,28.60940413,28.59587760766093,29.52861894927711,28.578128179617917,0.013526522339070368
3658.301,28.58993258,28.594991132791915,29.530541125756816,28.57654327412065,-0.0050585527919153606
3658.783,28.57821511,28.594083238979604,29.5324140144716,28.574939575448038,-0.01586812897960499
3659.266,28.5958801,28.593152051015327,29.534241281390994,28.57331380589203,0.002728048984671716
3659.748,28.58023624,28.59220150066445,29.53601529664399,28.57167280601349,-0.011965260664450028
3660.23,28.56168055,28.591229758873457,29.53773983368646,28.570013338403598,-0.029549208873458355
3660.712,28.58267932,28.59023690336673,29.53941483410665,28.568335513102728,-0.0075575833667294035
3661.194,28.58012256,28.589223012831493,29.54104024200744,28.566639440957594,-0.0091004528314933
3661.676,28.58027596,28.588188166913064,29.542616004007744,28.56492523361521,-0.007912206913061937
3662.158,28.57752235,28.58713244621012,29.544142069243932,28.563193003516766,-0.0096100962101211
3662.64,28.56409938,28.58605593226982,29.54561838937096,28.561442863891262,-0.021956552269820406
3663.123,28.55994629,28.584956409712095,29.54704782637972,28.55967124241531,-0.025010119712096213
3663.605,28.56537842,28.5838385150002,29.548424417899472,28.557885589981097,-0.018460095000200738
3664.087,28.55779609,28.582700077510463,29.54975113431513,28.556082372612448,-0.024903987510462855
3664.569,28.5491189,28.581541182536867,29.551027937371078,28.55426170662895,-0.032422282536867186
3665.051,28.52625903,28.580361916297225,29.55225479133456,28.55242370910654,-0.05410288629722615
3665.533,28.51411594,28.579162365928003,29.55343166299609,28.550568497871268,-0.0650464259280028
3666.015,28.49496649,28.577942619479334,29.554558521669787,28.548696191492628,-0.0829761294793343
3666.497,28.47065488,28.576702765909864,29.555635339193646,28.54680690927735,-0.10604788590986303
3666.979,28.46831189,28.575442895081572,29.556662089929535,28.544900771262782,-0.10713100508157325
3667.462,28.44198621,28.57416042192333,29.55764072494746,28.542973891535283,-0.13217421192333134
3667.944,28.46212446,28.572860748695526,29.55856717130498,28.541034370582867,-0.11073628869552721
3668.426,28.45445953,28.57154133335569,29.559443489067668,28.539078358515937,-0.11708180335568841
3668.908,28.47768319,28.570202269328743,29.560269662696545,28.537105978230397,-0.09251907932874204
3669.39,28.47481505,28.568843650916516,29.56104567917508,28.53511735331988,-0.09402860091651633
3669.872,28.49162333,28.56746557329251,29.56177152800848,28.53311260806915,-0.07584224329250944
3670.354,28.4832233,28.566068132496365,29.56244720122288,28.53109186744732,-0.08284483249636665
3670.836,28.49924456,28.564651425428597,29.563072693364475,28.529055257101255,-0.06540686542859575
3671.319,28.48049957,28.563212550992557,29.563649142916884,28.52699862907602,-0.0827129809925573
3671.801,28.49055549,28.561757566037343,29.564174162510263,28.524930626631964,-0.07120207603734485
3672.283,28.49787102,28.560283610828606,29.564648999785295,28.522847135668016,-0.06241259082860395
3672.765,28.47489079,28.558790785656402,29.565073659361666,28.52074828447518,-0.08389999565640238
3673.247,28.48870329,28.55727919164385,29.565448148372564,28.518634201988224,-0.0685759016438503
3673.729,28.47333434,28.555748930741384,29.565772476463053,28.516505017778673,-0.08241459074138291
3674.211,28.50435375,28.554200105721105,29.56604665578818,28.51436086204773,-0.04984635572110463
3674.693,28.53553488,28.552632820171112,29.566270701011135,28.512201865619705,-0.017097940171112214
3675.176,28.54600413,28.551043869768368,29.566444938065022,28.51002363497313,-0.005039739768367468
3675.657,28.55441537,28.549443285879562,29.56656846033124,28.50783987704177,0.004972084120439035
3676.14,28.56323184,28.547817864331297,29.566642317260616,28.505632564695276,0.015413975668703728
3676.622,28.5827176,28.546177751348527,29.566665918982558,28.50341549638184,0.036539848651472084
3677.104,28.59343516,28.544519708037488,29.566639497522594,28.501184250869397,0.048915451962511014
3677.586,28.57750097,28.54284384276167,29.566563082550243,28.498938962573504,0.034657127238329366
3678.068,28.57486918,28.541150264659738,29.566436706226227,28.496679766483368,0.03371891534026261
3678.55,28.56946447,28.53943908363928,29.56626040319949,28.49440679815463,0.030025386360719608
3679.032,28.5512017,28.537710410371005,29.56603421060413,28.492120193702185,0.013491289628994707
3679.514,28.5519888,28.53596435628256,29.565758168056348,28.489820089793074,0.016024443717441272
3679.997,28.5445573,28.53419735733416,29.565431589868194,28.48750181012228,0.010359942665839839
3680.479,28.52843398,28.532416843411173,29.565055872980242,28.485175092179876,-0.0039828634111742645
3680.961,28.5228464,28.530619287668785,29.564630439947152,28.48283528830947,-0.0077728876687857
3681.443,28.51557324,28.528804804503242,29.564155340284284,28.480482537315144,-0.013231564503243476
3681.925,28.52504627,28.526973509037102,29.563630625971342,28.47811697851672,-0.001927239037101458
3682.407,28.52108513,28.525125517113015,29.5630563514485,28.47573875174247,-0.0040403871130152424
3682.889,28.50715467,28.523260945287557,29.562432573612455,28.4733479973218,-0.016106275287558702
3683.371,28.49211907,28.521379910824937,29.56175935181221,28.47094485607781,-0.02926084082493574
3683.854,28.47975959,28.51947857831128,29.561035197378068,28.4685244455132,-0.039718988311278736
3684.336,28.45742778,28.51756493962548,29.56026317323359,28.466096930066133,-0.06013715962548005
3684.818,28.44969656,28.51563519452568,29.559441897983753,28.463657453449045,-0.06593863452567916
3685.3,28.44590084,28.5136894630445,29.55857144074825,28.461206158386876,-0.06778862304449973
3685.782,28.41755511,28.511727865890315,29.557651873076644,28.458743188061042,-0.09417275589031604
3686.264,28.41712215,28.509750524440868,29.55668326894349,28.456268686102046,-0.09262837444086713
3686.746,28.42065353,28.507757560736668,29.55566570474341,28.453782796581905,-0.08710403073666839
3687.228,28.42287154,28.505749097474585,29.55459925928593,28.451285664006697,-0.08287755747458547
3687.71,28.40615532,28.503725258001342,29.553484013790367,28.448777433308955,-0.0975699380013424
3688.193,28.44381523,28.501681920057855,29.552317586440413,28.44625301203414,-0.05786669005785683
3688.675,28.44700554,28.499627669513632,29.551104893336944,28.44372299928766,-0.0526221295136331
3689.157,28.4561364,28.49755841689192,29.549843658443805,28.441182326002984,-0.04142201689192149
3689.639,28.47662924,28.49547428807407,29.548533972569793,28.438631138743535,-0.018845048074069837
3690.121,28.5022578,28.49337540955816,29.547175928905624,28.43606958446116,0.008882390441840471
3690.603,28.52740605,28.49126190845232,29.545769623018032,28.43349781048841,0.03614414154768042
3691.085,28.51422859,28.489133912467995,29.54431515284376,28.430915964531067,0.025094677532003118
3691.567,28.50882675,28.486991549913284,29.542812618683417,28.428324194660302,0.021835200086716355
3692.05,28.50688174,28.4848304607014,29.541258856616377,28.42571724184948,0.0220512792986014
3692.532,28.50435008,28.482659723147414,29.53966040563351,28.423106049970915,0.021690356852584358
3693.014,28.48432017,28.480475007729392,29.538014205911537,28.420485380817574,0.003845162270607716
3693.496,28.49482449,28.478276445075014,29.53632036714762,28.417855383845797,0.01654804492498485
3693.978,28.48233364,28.476064166374528,29.534579001370368,28.415216208838718,0.006269473625472699
3694.46,28.48382674,28.473838303373725,29.53279022293296,28.412568005898443,0.009988436626276354
3694.942,28.47630905,28.471598988367166,29.530954148506254,28.409910925438187,0.00471006163283505
3695.424,28.47232844,28.46934635419119,29.529070897071726,28.40724511817458,0.002982085808806545
3695.906,28.48257238,28.467080534216954,29.52714058991429,28.404570735119854,0.015491845783046188
3696.389,28.46004517,28.464796920919287,29.525159199759933,28.401882352931004,-0.004751750919286479
3696.871,28.46693604,28.46250510490675,29.52313505721273,28.399191255467606,0.004430935093250099
3697.353,28.44146491,28.46020050662894,29.52106423681301,28.396492037259904,-0.018735596628939533
3697.835,28.44050648,28.457883261527424,29.518946868990362,28.393784850424417,-0.017376781527424612
3698.317,28.43014964,28.45555350554339,29.51678308644034,28.39106984733391,-0.025403865543388804
3698.799,28.43885157,28.453211375110637,29.5145730241166,28.388347180609536,-0.014359805110636614
3699.281,28.43891626,28.450857007148542,29.51231681922304,28.385617003112962,-0.011940747148543096
3699.763,28.42654515,28.448490539054827,29.51001461120571,28.382879467938363,-0.021945389054828013
3700.246,28.39757118,28.446107161856755,29.50766162265787,28.380129026541802,-0.04853598185675523
3700.728,28.41676035,28.44371688318383,29.505267740960377,28.37737722171594,-0.026956533183827958
3701.21,28.42231059,28.441314919659565,29.50282828815362,28.37461852012999,-0.01900432965956611
3701.692,28.43251519,28.43890141052443,29.5003434125743,28.37185307572959,-0.006386220524429831
3702.174,28.40480886,28.436476495461363,29.49781326475942,28.369081042653157,-0.031667635461364085
3702.656,28.42742513,28.434040314588437,29.495237997437673,28.366302575224065,-0.0066151845884370175
3703.138,28.42168189,28.43159300845171,29.492617765520546,28.363517827942587,-0.009911118451711332
3703.62,28.41571264,28.429134718017806,29.489952726093517,28.360726955477904,-0.013422078017807593
3704.103,28.41559714,28.42666045081051,29.487237370348225,28.357924303983108,-0.011063310810509819
3704.584,28.40646966,28.424185750184424,29.48448886386738,28.355127454472715,-0.017716090184425326
3705.067,28.37949835,28.421690179087186,29.481684514056074,28.352313303880564,-0.042191829087187216
3705.549,28.39074125,28.419189347825665,29.47884176716676,28.349499469215008,-0.028448097825663154
3706.031,28.36017711,28.416678243450654,29.475955030836214,28.34668028528933,-0.05650113345065577
3706.513,28.33390932,28.414157009299444,29.473024475005516,28.34385590761881,-0.08024768929944415
3706.995,28.32807329,28.411625789078514,29.470050271724567,28.341026491831457,-0.08355249907851459
3707.477,28.31944599,28.409084726856086,29.467032595142342,28.338192193660348,-0.08963873685608803
3707.959,28.28768516,28.406533967054674,29.463971621497134,28.3353531689353,-0.11884880705467538
3708.441,28.29987465,28.403973654443657,29.460867529106558,28.332509573574928,-0.1040990044436576
3708.924,28.30424798,28.401398593083435,29.45771392474014,28.32965565036356,-0.09715061308343564
3709.406,28.29067135,28.398819591446543,29.454524049564995,28.32680337313079,-0.10814824144654267
3709.888,28.29887953,28.396231473617366,29.451291603357955,28.323946993795236,-0.09735194361736532
3710.37,28.30785845,28.393634385678574,29.448016772657315,28.32108666855061,-0.08577593567857278
3710.852,28.32653921,28.39102847402222,29.444699746029645,28.318222553639146,-0.064489264022221
3711.334,28.34148295,28.38841388534222,29.44134071405938,28.315354805343652,-0.04693093534222115
3711.816,28.36652146,28.385790766626805,29.43793986933816,28.31248357997948,-0.019269306626803484
3712.298,28.38516956,28.383159265150923,29.434497406454213,28.309609033886495,0.0020102948490787753
3712.781,28.3992022,28.38051404337857,29.431006251085208,28.306725349886268,0.01868815662142964
3713.263,28.40437642,28.377866202690754,29.427481058255353,28.303844625334452,0.02651021730924441
3713.745,28.38717446,28.375210423019524,29.423914843316428,28.30096104946391,0.011964036980476322
3714.227,28.37942416,28.372546852711533,29.42030780873812,28.298074778631904,0.006877307288466028
3714.709,28.39025733,28.369875640362192,29.416660158931798,28.29518596917981,0.02038168963780862
3715.191,28.4016218,28.367196934807946,29.41297210023927,28.29229477742523,0.034424865192054455
3715.673,28.37535436,28.36451088511892,29.409243840921487,28.289401359653965,0.010843474881077952
3716.155,28.39115122,28.3618176405909,29.40547559114704,28.286505872111892,0.029333579409101418
3716.637,28.37299685,28.359117350737996,29.40166756298072,28.283608470997,0.013879499262003492
3717.12,28.35248318,28.356404541653465,29.39781194683687,28.280703295880944,-0.003921361653464572
3717.602,28.3610275,28.353690596688153,29.39392492419717,28.27780253282237,0.007336903311845333
3718.084,28.34727848,28.350970056484208,29.38999877107399,28.274900324740727,-0.0036915764842078147
3718.566,28.35312777,28.34824307135209,29.38603370700367,28.271996827561896,0.0048846986479098575
3719.048,28.3261617,28.34550979178202,29.38202995335981,28.269092197123832,-0.019348091782021015
3719.53,28.32728256,28.342770368436227,29.377987733341193,28.266186589168342,-0.015487808436226658
3720.012,28.31942405,28.340024952141377,29.37390727195971,28.2632801593333,-0.02060090214137844
3720.494,28.3118473,28.33727369388066,29.369788796028107,28.26037306314454,-0.025426393880660925
3720.977,28.30373292,28.334511019164104,29.36562387207889,28.257459423204555,-0.030778099164102457
3721.459,28.2968051,28.331748519173672,29.36142997695179,28.254551459821354,-0.03494341917367194
3721.941,28.27006831,28.328980631343725,29.357198758878134,28.25164329623179,-0.05891232134372615
3722.423,28.25694712,28.326207507206895,29.352930451754013,28.24873508743361,-0.06926038720689576
3722.905,28.28317135,28.323429298413746,29.348625291214084,28.24582698827271,-0.04025794841374619
3723.387,28.28510391,28.32064615672491,29.34428351461883,28.242919153435157,-0.035542246724908466
3723.869,28.28498428,28.31785823400356,29.33990536104183,28.24001173743924,-0.03287395400355919
3724.351,28.26570628,28.315065682207383,29.335491071256847,28.237104894627695,-0.049359402207382885
3724.833,28.26558546,28.312268653381018,29.331040887724928,28.234198779159588,-0.046683193381017674
3725.316,28.27920808,28.309461483320806,29.326545710986174,28.231287518568628,-0.03025340332080617
3725.798,28.26939453,28.306655948377717,29.32202440083215,28.228383321798162,-0.03726141837771735
3726.28,28.28307244,28.303846393297786,29.317467934822403,28.225480313986466,-0.020773953297783976
3726.762,28.2558513,28.30103297039552,29.312876562039495,28.22257864847906,-0.04518167039552168
3727.244,28.23982218,28.298215832033467,29.30825053318733,28.219678478398468,-0.058393652033466026
3727.726,28.22931057,28.295395130614313,29.30359010057781,28.216779956636337,-0.06608456061431411
3728.208,28.25251511,28.29257101857327,29.298895518117366,28.213883235845874,-0.040055908573268795
3728.69,28.22002812,28.289743648370145,29.294167041293388,28.21098846843359,-0.06971552837014627
3729.173,28.23042424,28.286907297002482,29.289395012469065,28.208089807472813,-0.05648305700248102
3729.655,28.24048571,28.284073861946055,29.284599450655428,28.205199407853268,-0.0435881519460537
3730.137,28.23019108,28.281237626493617,29.2797707708311,28.202311417589485,-0.05104654649361606
3730.619,28.22522612,28.278398743125894,29.27490923467364,28.19942598802396,-0.05317262312589577
3731.101,28.21248064,28.275557364309282,29.270015105372785,28.196543270213798,-0.06307672430928335
3731.583,28.22831833,28.272713642488267,29.26508864761643,28.19366341492309,-0.044395312488266114
3732.065,28.22715126,28.269867730077483,29.26013012757668,28.19078657261522,-0.04271647007748314
3732.547,28.24025286,28.26701977945406,29.25513981289565,28.1879128934452,-0.026766919454061622
3733.03,28.25635974,28.26416402857117,29.250107521332446,28.185036575682883,-0.0078042885711688825
3733.511,28.24839612,28.261318372843327,29.245064877443493,28.182175623550425,-0.012922252843328152
3733.994,28.26641934,28.258459300412884,29.239970219281492,28.179306394942422,0.007960039587114665
3734.476,28.24884064,28.25560471688011,29.2348553679327,28.176446871393598,-0.006764076880109826
3734.958,28.28162452,28.252748856500755,29.229710082277528,28.17359125717132,0.028875663499245974
3735.44,28.27415539,28.249891871263525,29.224534638481444,28.17073970041897,0.024263518736475476
3735.922,28.28429498,28.247033913065287,29.21932931407953,28.167892348918276,0.037261066934711096
3736.404,28.31076214,28.244175133703358,29.214094387961673,28.16504935008171,0.06658700629664338
3736.886,28.30499345,28.241315684867768,29.208830140358028,28.162210850944994,0.06367776513223333
3737.368,28.31629449,28.2384557181335,29.203536852824158,28.15937699815961,0.07783877186649946
3737.851,28.30644463,28.235589450375766,29.198203736944173,28.156542073649092,0.07085517962423538
3738.333,28.32103958,28.232728901781563,29.192853160668584,28.15371796234384,0.08831067821843774
3738.815,28.30093635,28.22986828956013,29.187474397527883,28.150898935265825,0.07106806043987035
3739.297,28.28217698,28.227007764749132,29.182067734233744,28.148085137454384,0.055169215250867154
3739.779,28.24304608,28.224147478232712,29.176633458748782,28.145276713527473,0.01889860176728675
3740.261,28.24552768,28.22128758073378,29.171171860271446,28.14247380767428,0.024240099266219062
3740.743,28.20895129,28.2184282228065,29.165683229220882,28.13967656364806,-0.00947693280649986
3741.225,28.212025,28.21556955482853,29.16016785722186,28.136885124758756,-0.003544554828529556
3741.708,28.19590025,28.2127057988674,29.154614512248234,28.134093861120675,-0.016805548867399267
3742.19,28.19404892,28.209848963386875,29.149046484017067,28.13131447340867,-0.015800043386875018
3742.672,28.20955665,28.20699326816395,29.14345259740579,28.128541318324828,0.002563381836051093
3743.154,28.18943398,28.204138862793577,29.13783314871079,28.12577453733232,-0.014704882793576957
3743.636,28.19843852,28.201285896656163,29.132188435357296,28.123014271414903,-0.002847376656163192
3744.118,28.20794223,28.19843451890997,29.12651875588391,28.120260661069842,0.009507711090030568
3744.6,28.22308555,28.195584878483498,29.12082440992698,28.117513846300607,0.027500671516502706
3745.082,28.22433306,28.1927371240679,29.11510569820514,28.11477396660998,0.031595935932099195
3745.564,28.21348983,28.189891404109577,29.109362922503614,28.1120411609929,0.023598425890423158
3746.047,28.22293733,28.18704196971901,29.103584397400162,28.109309920765337,0.03589536028098905
3746.529,28.18030016,28.184200767986198,29.097794354932994,28.106591693606962,-0.0039006079861962917
3747.011,28.1880948,28.181362044811525,29.09198116071807,28.10388095467459,0.00673275518847305
3747.493,28.1556088,28.178525947586383,29.08614512065196,28.101177840860878,-0.022917147586383635
3747.975,28.14473709,28.175692623419703,29.080286541618964,28.09848248851586,-0.030955533419703585
3748.457,28.14516362,28.172862219130682,29.074405731475263,28.095795033439988,-0.02769859913068018
3748.939,28.15687168,28.17003488124124,29.068502999033043,28.093115610877447,-0.01316320124124104
3749.421,28.18264563,28.167210755968675,29.062578654044408,28.09044435550922,0.015434874031324597
3749.904,28.20902532,28.164384140597257,29.05662064989133,28.087775885367332,0.044641179402741926
3750.386,28.22079836,28.161566885375795,29.050653969522365,28.085121383782344,0.059231474624205305
3750.868,28.24496249,28.15875327982225,29.04466661199227,28.082475450263424,0.08620921017774918
3751.35,28.25206764,28.1559434688609,29.038658890654485,28.07983821717031,0.09612417113909899
3751.832,28.27413907,28.153137597074373,29.032631119721973,28.077209816266105,0.12100147292562724
3752.314,28.29581534,28.150335808696585,29.02658361425107,28.074590378710575,0.1454795313034154
3752.796,28.25948569,28.147538247605404,29.02051669012524,28.071980035053638,0.11194744239459808
3753.278,28.24203536,28.144745057315287,29.01443066403881,28.06937891522886,0.09729030268471206
3753.76,28.20667006,28.141956380970125,29.00832585348068,28.06678714854682,0.06471367902987524
3754.243,28.19421241,28.139166590301166,29.002189853849977,28.064199516196677,0.05504581969883304
3754.725,28.15828618,28.13638737986357,28.99604839259432,28.06162686127852,0.021898800136430197
3755.207,28.16622184,28.133613110801154,28.989889104602035,28.059063943897,0.032608729198845054
3755.689,28.14847506,28.130843924702564,28.983712310378333,28.05651089080567,0.017631135297435208
3756.171,28.14523449,28.128079962750032,28.977518331141084,28.053967828103247,0.0171545272499678
3756.653,28.13339438,28.12532136571208,28.971307488804314,28.051434881227372,0.008073014287919733
3757.135,28.12694292,28.12256827393656,28.965080105961732,28.048912174948363,0.0043746460634395135
3757.617,28.13321236,28.119820827343535,28.95883650587023,28.046399833362997,0.013391532656466865
3758.1,28.13138803,28.11707348343268,28.952564009636347,28.043892800308676,0.014314546567320008
3758.582,28.13999931,28.114337757652727,28.94628891542488,28.0414015798176,0.025661552347273187
3759.064,28.13261999,28.111608094465623,28.93999857822372,28.038921092460654,0.021011895534375213
3759.546,28.13294105,28.10888463200927,28.933693323777952,28.036451459578075,0.024056417990728107
3760.028,28.15857438,28.106167507958805,28.927373478412804,28.033992801806136,0.052406872041196095
3760.51,28.1522532,28.103456859519714,28.921039369017038,28.03154523907133,0.048796340480286915
3760.992,28.15271756,28.10075282342097,28.914691323026275,28.029108890584425,0.05196473657903056
3761.474,28.16079017,28.098055535908113,28.90832966840626,28.026683874834575,0.06273463409188551
3761.957,28.16369123,28.095359558237366,28.90194149405386,28.02426531417077,0.06833167176263544
3762.438,28.15090898,28.092681749164473,28.895566847691843,28.021868311859723,0.058227230835527166
3762.921,28.14224678,28.08999997513393,28.889153048076214,28.01947305102098,0.05224680486606914
3763.403,28.1279183,28.08733104977485,28.882740223455848,28.017094561075655,0.040587250225151195
3763.885,28.13590203,28.084669547017516,28.87631543808746,28.01472798552432,0.05123248298248484
3764.367,28.12433872,28.082015600063635,28.869879022767037,28.012373438404328,0.04232311993636628
3764.849,28.10091386,28.079369341584297,28.863431308703287,28.010031032991435,0.02154451841570193
3765.331,28.09654522,28.076730903713393,28.856972627500916,28.007700881794527,0.019814316286606015
3765.813,28.12360484,28.07410041804098,28.850503311143772,28.00538309655013,0.04950442195901772
3766.295,28.1154143,28.07147801560671,28.844023691977995,28.00307778821682,0.04393628439328978
3766.778,28.10674882,28.068858411893707,28.837520628684075,28.000780323447202,0.03789040810629274
3767.26,28.11168812,28.066252584265733,28.831021382656846,27.998500325128163,0.04543553573426706
3767.742,28.11447133,28.063655229895268,28.8245128335566,27.99623313210006,0.0508161001047327
3768.224,28.11065522,28.061066477554288,28.81799531501067,27.993978852155198,0.04958874244571376
3768.706,28.10632012,28.058486455432,28.811469160924396,27.99173759228164,0.047833664567999534
3769.188,28.10735223,28.05591529112863,28.80493470546417,27.989509458658112,0.05143693887136891
3769.67,28.12515514,28.05335311164886,28.798392283040513,27.987294556648784,0.07180202835114002
3770.152,28.12506993,28.050800043395764,28.791842228291273,27.98509299079836,0.07426988660423461
3770.635,28.12714,28.048250944195075,28.78527126424613,27.98290033918882,0.07888905580492533
3771.117,28.12039337,28.04571649471973,28.778706935487318,27.980725784190682,0.074676875280268
3771.599,28.1127301,28.043191532265247,28.77213598020674,27.978564874229544,0.06953856773475309
3772.081,28.11432251,28.040676180764333,28.76555873378267,27.976417710520874,0.07364632923566816
3772.563,28.11195329,28.038170563516896,28.758975531736116,27.97428439343607,0.07378272648310258
3773.045,28.09392954,28.03567480318422,28.752386709713967,27.972165022497826,0.05825473681577975
3773.527,28.09404298,28.033189021782675,28.745792603472047,27.97005969637536,0.060853958217325754
3774.009,28.07391149,28.03071334067796,28.739193548858278,27.96796851287988,0.043198149322041246
3774.491,28.0727686,28.028247880578895,28.732589881795715,27.965891568959897,0.04452071942110436
3774.974,28.06578538,28.02578767875609,28.725968224627028,27.963824696394482,0.03999770124391233
3775.456,28.0856671,28.023343041964022,28.719356332826518,27.961776549035616,0.06232405803597629
3775.938,28.078378,28.020908984550058,28.712740837325867,27.959742927071428,0.05746901544994287
3776.42,28.06175644,28.018485624535685,28.70612207418011,27.957723923953104,0.04327081546431444
3776.902,28.07734504,28.01607307925633,28.699500379434962,27.955719632246915,0.06127196074367092
3777.384,28.07093865,28.013671465355674,28.692876089110165,27.953730143630054,0.05726718464432423
3777.866,28.05699019,28.01128089877991,28.686249539182537,27.951755548886428,0.04570929122009204
3778.348,28.06851908,28.00890149477213,28.679621065569105,27.949795937902305,0.05961758522787264
3778.831,28.07688168,28.006528466541944,28.672977247378554,27.947847381080066,0.07035321345805556
3779.313,28.0741737,28.0041717543094,28.666345931573,27.945918035208347,0.07000194569059914
3779.795,28.05260744,28.001826546333504,28.659713700002573,27.944003937509155,0.050780893666495075
3780.277,28.07877377,27.99949295498764,28.6530808881771,27.942105174236204,0.0792808150123605
3780.759,28.05337462,27.99717109191461,28.646447831462673,27.940221830725793,0.05620352808539053
3781.241,28.06255913,27.994861068020878,28.639814865064935,27.938353991392695,0.06769806197912231
3781.723,28.06149067,27.992562993471545,28.633182324012292,27.93650173972661,0.06892767652845677
3782.205,28.06602209,27.990276977684836,28.626550543139267,27.934665158288297,0.07574511231516468
3782.688,28.01643793,27.987998424522182,28.619906101829695,27.932840567481264,0.028439505477816596
3783.17,28.04870965,27.985736877081,28.613276848272886,27.931035603377552,0.06297277291900016
3783.652,28.04764786,27.98348771234529,28.606649358761906,27.929246551738387,0.0641601476547109
3784.134,28.03080386,27.98125103669216,28.600023967188253,27.92747349137071,0.04955282330783817
3784.616,28.04328937,27.979026955726088,28.59340100716624,27.925716500134758,0.06426241427391233
3785.098,28.02465972,27.976815574273655,28.58678081201636,27.923975654940605,0.04784414572634432
3785.58,28.03267533,27.974616996378803,28.580163714748707,27.92225103174492,0.05805833362119728
3786.062,28.03326191,27.972431325297677,28.573550048046418,27.9205427055476,0.060830584702323165
3786.544,28.00897612,27.970258663493876,28.56694014424915,27.918850750388586,0.03871745650612368
3787.027,28.02539225,27.96809464593641,28.560320634825647,27.91717178032449,0.057297604063588636
3787.509,28.02330316,27.965948334397947,28.553719261929253,27.915512819846633,0.057354825602054404
3787.991,28.01747746,27.96381533493023,28.547122647418085,27.913870446882406,0.053662125069767086
3788.473,28.00916285,27.961695746776567,28.540531122092407,27.912244731598854,0.047467103223432616
3788.955,28.03210579,27.959589668363876,28.533945016326793,27.910635743187807,0.07251612163612364
3789.437,28.02811582,27.957497197297986,28.527364660053724,27.909043549863036,0.07061862270201402
3789.919,28.01621988,27.955418430359092,28.5207903827473,27.907468218857435,0.060801449640909055
3790.401,28.02418154,27.953353463497248,28.514222513406917,27.905909816420277,0.07082807650275313
3790.884,28.00185723,27.951298151002046,28.50764777546237,27.904365227581085,0.050559078997952867
3791.365,28.00905159,27.949265309627496,28.501107312150957,27.902844057313988,0.05978628037250289
3791.848,27.98486453,27.94723812793848,28.494547061309067,27.90133371901085,0.03762640206151957
3792.33,27.97948969,27.945229333632486,28.488008120118383,27.899843709289012,0.03426035636751479
3792.812,27.97110528,27.94323480673633,28.48147722487893,27.89837094466122,0.027870473263668316
3793.294,27.97421781,27.94125463812524,28.474954701400375,27.896915485418365,0.0329631718747585
3793.776,27.95691012,27.93928891781404,28.468440874904523,27.89547739085003,0.017621202185960527
3794.258,27.95239929,27.937337734953086,28.461936070009376,27.894056719242304,0.015061555046912645
3794.74,27.94153484,27.935401177824012,28.45544061071298,27.892653527875527,0.006133662175987098
3795.222,27.96071645,27.93347933383594,28.448954820377644,27.89126787302213,0.027237116164059216
3795.705,27.95024983,27.93156834844167,28.442465597056838,27.889896989963823,0.018681481558331825
3796.187,27.96419742,27.929676220423524,28.436000133839855,27.888546609578203,0.03452119957647781
3796.669,27.93894003,27.9277990626735,28.429545306363188,27.887213928564638,0.011140967326500828
3797.151,27.95561488,27.925936959069308,28.423101435285847,27.885898999141514,0.029677920930691215
3797.633,27.9342667,27.9240899925967,28.416668840551893,27.884601872509467,0.0101767074032999
3798.115,27.93853469,27.92225824534575,28.41024784137479,27.88332259884951,0.016276444654252487
3798.597,27.93045918,27.92044179850734,28.403838756221724,27.882061227321454,0.010017381492659183
3799.079,27.91551917,27.918640732369465,28.397441902798022,27.88081780606204,-0.0031215623694649253
3799.562,27.9131204,27.916851437862103,28.391044365849737,27.879589858550766,-0.003731037862102937
3800.044,27.91785029,27.91508140267868,28.384672952893958,27.87838251562111,0.0027688873213200793
3800.526,27.92302479,27.91332698376736,28.378314720710275,27.87719326130946,0.009697806232640716
3801.008,27.93811068,27.911588257767846,28.371969983799712,27.876022139643187,0.026522422232154952
3801.49,27.92827979,27.909865300399836,28.365639055824015,27.874869193619244,0.018414489600164785
3801.972,27.90722278,27.908158186459737,28.3593222495905,27.873734465202954,-0.0009354064597353329
3802.454,27.91014944,27.90646698981742,28.353019877036623,27.87261799532674,0.00368245018258051
3802.936,27.91969268,27.904791783413064,28.34673224921487,27.871519823888853,0.014900896586937051
3803.418,27.9218332,27.90313263925407,28.34045967627752,27.870439989752366,0.018700560745926964
3803.901,27.89680612,27.901486236495177,28.334189501885593,27.869376347673597,-0.004680116495176634
3804.383,27.90111556,27.899859462792183,28.32794799833306,27.868333338819653,0.0012560972078183852
3804.865,27.90329679,27.89824896187242,28.321722475206688,27.867308777707954,0.00504782812758009
3805.347,27.90157371,27.89665480198027,28.315513238905545,27.866302699048685,0.004918908019732271
3805.829,27.91480904,27.895077050412652,28.3093205948535,27.86531513651214,0.01973198958734912
3806.311,27.91310539,27.89351577351623,28.303144847484322,27.864346122728037,0.019589616483767003
3806.793,27.92136702,27.89197103668471,28.296986300227037,27.86339568928479,0.02939598331529325
3807.275,27.93059099,27.89044290435623,28.29084525549107,27.862463866728973,0.04014808564376793
3807.758,27.94899173,27.88892832156238,28.284709329548104,27.86154880939233,0.060063408437621035
3808.24,27.93668605,27.887433622493827,28.278604230803776,27.860654334841453,0.04925242750617187
3808.722,27.94653095,27.885955715610052,28.27251753616526,27.8597785566167,0.0605752343899475
3809.204,27.92984824,27.88449466149931,28.266449543815586,27.858921501089856,0.045353578500687775
3809.686,27.92834963,27.883050519781875,28.260400550845407,27.85808319358865,0.04529911021812438
3810.168,27.92806967,27.881623349107688,28.25437085323879,27.857263658396533,0.04644632089231138
3810.65,27.89488331,27.88021320715407,28.248360745858832,27.856462918752406,0.014670102845929733
3811.132,27.90958882,27.87882015062362,28.242370522433482,27.85568099685056,0.030768669376378455
3811.615,27.89500964,27.87744139850202,28.23638811072763,27.854916350277907,0.017568241497979642
3812.097,27.87355391,27.876082714748136,28.230438574550366,27.85417216541147,-0.0025288047481382137
3812.579,27.88230332,27.874741280765868,28.224509797159875,27.853446858640567,0.00756203923413068
3813.061,27.88132389,27.873417149335754,28.218602067599786,27.852740447978825,0.00790674066424657
3813.543,27.87220403,27.87211037225357,28.21271567370831,27.852052950395525,9.365774642944302e-05
3814.025,27.89127211,27.87082100032829,28.20685090210444,27.85138438181588,0.020451109671707712
3814.507,27.9053018,27.869549083380374,28.201008038174102,27.850734757121376,0.03575271661962631
3814.989,27.91211959,27.868294670240047,28.195187366056512,27.850104090150015,0.04382491975995251
3815.471,27.93264244,27.867057808745614,28.1893891686305,27.849492393696934,0.06558463125438507
3815.954,27.96016064,27.865836034476125,28.183601769107774,27.84889846955681,0.09432460552387667
3816.436,27.92212468,27.86463445246624,28.17784941267653,27.84832478777106,0.05749022753375854
3816.918,27.92817039,27.863450559741903,28.172120372453403,27.847770108655165,0.06471983025809536
3817.4,27.94504344,27.862284400156152,28.166414926138057,27.84723444083571,0.0827590398438467
3817.882,27.92164374,27.861136016562675,28.160733350102653,27.846717791899373,0.06050772343732547
3818.364,27.919357,27.860005450814462,28.155075919378657,27.846220168393707,0.0593515491855392
3818.846,27.92011432,27.858892743762556,28.149442907643653,27.845741575828022,0.06122157623744329
3819.328,27.90459701,27.857797935254865,28.143834587208307,27.84528201867431,0.04679907474513456
3819.811,27.91669451,27.8567188486348,28.13823967140809,27.844840606222444,0.059975661365200494
3820.292,27.92090867,27.855662168241174,28.132693102567004,27.84442002330992,0.06524650175882485
3820.775,27.95509126,27.85461914364379,28.127149024245416,27.844016773734563,0.10047211635620812
3821.257,27.95856251,27.853596345170743,28.121642218058497,27.843633421745096,0.10496616482925702
3821.739,27.95202029,27.852591629467707,28.116161444318134,27.843269112001288,0.09942866053229338
3822.221,27.92985254,27.851605030339833,28.110706966860512,27.842923842771608,0.0782475096601658
3822.703,27.94523527,27.850636580582425,28.105279048065636,27.84259761129529,0.09459868941757676
3823.185,27.94880859,27.849686311980243,28.09987794884487,27.84229041378376,0.09912227801975604
3823.667,27.91865775,27.84875425530671,28.094503928628516,27.84200224542205,0.0699034946932926
3824.149,27.91810229,27.847840440323534,28.089157245353597,27.841733100370327,0.07026184967646643
3824.632,27.90304802,27.84694305681523,28.083827148855725,27.841482472588726,0.056104963184768764
3825.114,27.86639741,27.8460658484389,28.078535965281066,27.841251391973955,0.020331561561100386
3825.596,27.88468568,27.84520696501617,28.073272883901584,27.841039310997026,0.03947871498382938
3826.078,27.88280329,27.844366432254475,28.068038156556696,27.84084621973291,0.03843685774552341
3826.56,27.87266026,27.84354427484721,28.062832033532267,27.840672107240113,0.02911598515278868
3827.042,27.88167807,27.842740516473715,28.057654763548904,27.840516961562695,0.03893755352628503
3827.524,27.87058967,27.84195517979886,28.05250659375019,27.840380769731983,0.02863449020114217
3828.006,27.87973061,27.841188286473038,28.047387769691092,27.84026351776878,0.0385423235269613
3828.489,27.86693562,27.840438323581186,28.04228800767564,27.840165006348588,0.02649729641881393
3828.971,27.85048879,27.83970841621385,28.03722866749151,27.840085627363113,0.010780373786150932
3829.453,27.86079334,27.838997011097007,28.032199400562938,27.84002514022804,0.021796328902993878
3829.935,27.83257508,27.83830412582091,28.027200445972493,27.839983526940433,-0.00572904582090672
3830.417,27.82609411,27.837629776961556,28.02223204115728,27.83996076849757,-0.011535666961556501
3830.899,27.82728435,27.836973980080995,28.017294421897876,27.839956844899177,-0.009689630080995215
3831.381,27.83008043,27.836336749727565,28.012387822307296,27.839971735149852,-0.006256319727565796
3831.863,27.84603935,27.83571809943622,28.007512474820043,27.84000541726138,0.010321250563780637
3832.345,27.8405512,27.835118041728997,28.002668610181313,27.840057868255453,0.005433158271003435
3832.828,27.8414307,27.83453540112644,27.997846506839284,27.840129231343447,0.006895298873558886
3833.31,27.8412106,27.833972600733752,27.993066359821412,27.840219186030716,0.007237999266248352
3833.792,27.82901182,27.833428424437155,27.98831837811107,27.84032783469486,-0.004416604437153637
3834.274,27.83751094,27.83290288071002,27.98360278558604,27.840455150420624,0.0046080592899819806
3834.756,27.81718253,27.832395977015693,27.978919804382006,27.840601105315688,-0.015213447015693049
3835.238,27.83228859,27.831907719808317,27.974269654882193,27.840765670513722,0.0003808701916838686
3835.72,27.83996816,27.831438114533498,27.96965255570721,27.840948816177086,0.008530045466503822
3836.202,27.8503829,27.830987165629367,27.965068723704952,27.841150511499873,0.019395734370633022
3836.685,27.83994683,27.83055399906069,27.96050896833385,27.84137120081143,0.009392830939308539
3837.167,27.83875458,27.83014041090681,27.955992384208106,27.84160993749324,0.008614169093188906
3837.649,27.85143033,27.82974548640405,27.95150970749973,27.84186712556596,0.021684843595949133
3838.131,27.85930299,27.829369225968023,27.947061147862865,27.84214273037879,0.029933764031977006
3838.613,27.86143277,27.82901162901216,27.94264691312988,27.842436716328077,0.032421140987839436
3839.095,27.87072697,27.828672693948736,27.938267209301756,27.8427490468605,0.042054276051263884
3839.577,27.86264153,27.828352418190182,27.93392224053867,27.8430796844764,0.03428911180981942
3840.059,27.87216574,27.82805079815054,27.92961220915075,27.843428590733254,0.044114941849461076
3840.542,27.87625863,27.827767261558424,27.925328483178685,27.84379650686219,0.04849136844157442
3841.024,27.87669949,27.827502976889022,27.921088999541993,27.844181869012008,0.049196513110977946
3841.506,27.87034275,27.827257331189347,27.916885049424323,27.844585378764805,0.04308541881065153
3841.988,27.89037076,27.827030316891967,27.912716827639983,27.845006993938654,0.06334044310803222
3842.47,27.87821671,27.826821925438587,27.90858452710796,27.845446671426178,0.05139478456141333
3842.952,27.87370617,27.82663214728169,27.904488338843134,27.845904367198184,0.047074022718309294
3843.434,27.90232488,27.826460971886192,27.90042845194767,27.84638003630743,0.07586390811380639
3843.916,27.86805101,27.826308387731334,27.896405053602447,27.846873632892226,0.04174262226866432
3844.398,27.87507619,27.826174382312495,27.8924183290586,27.847385110180404,0.04890180768750696
3844.881,27.8532212,27.8260587219293,27.88846030532256,27.84791553715105,0.027162478070700047
3845.363,27.84704176,27.825961871014055,27.884547553404964,27.848462668752475,0.021079888985944706
3845.845,27.8481588,27.825883555403973,27.880672019751138,27.849027535212485,0.022275244596027477
3846.327,27.82922397,27.825823758676503,27.876833881806846,27.84961008615374,0.0034002113234983256
3846.809,27.82349316,27.825782463435246,27.87303331504739,27.850210270308125,-0.00228930343524425
3847.291,27.79480382,27.825759651312275,27.869270492969804,27.850828035520646,-0.030955831312276416
3847.773,27.78115411,27.825755302970155,27.86554558708512,27.851463328753873,-0.04460119297015552
3848.255,27.79585944,27.825769398104438,27.861858766910693,27.852116096091812,-0.02990995810443664
3848.738,27.75805151,27.825802002043805,27.858202670201067,27.85278769124195,-0.06775049204380323
3849.219,27.7453776,27.825852832762823,27.854600051749,27.853473833051286,-0.0804752327628222
3849.702,27.7252307,27.825922289713432,27.851021116091612,27.85418017079782,-0.10069158971343128
3850.184,27.71349447,27.8260099744995,27.84748837434578,27.854902313702723,-0.11251550449949832
3850.666,27.71130212,27.826115986763593,27.84399453606154,27.85564164798369,-0.11481386676359406
3851.148,27.69187909,27.82624030044758,27.840539758635884,27.85639811454258,-0.13436121044757954
3851.63,27.72525136,27.82638288854369,27.83712419742163,27.857171653433415,-0.10113152854368934
3852.112,27.74324721,27.826543723097355,27.83374800572071,27.85796220386675,-0.08329651309735553
3852.594,27.77333823,27.826722775209767,27.83041133477748,27.85876970421442,-0.05338454520976654
3853.076,27.77961581,27.826920015040844,27.82711433377206,27.859594092013904,-0.047304205040845204
3853.559,27.8114642,27.82713587754556,27.823850433661566,27.86043706667064,-0.01567167754556209
3854.041,27.86123477,27.827369437113383,27.82063329484152,27.86129507337775,0.03386533288661653
3854.523,27.87732017,27.827621089191904,27.81745626134494,27.86216977505546,0.049699080808096596
3855.005,27.87868663,27.827890800202944,27.814319474027336,27.863061105949868,0.05079582979705677
3855.487,27.89729189,27.82817853564193,27.811223071648723,27.863968999496617,0.06911335435807331
3855.969,27.88658747,27.828484260080877,27.808167190867707,27.864893388325683,0.05810320991912121
3856.451,27.88301225,27.828807937171597,27.805151966235705,27.86583420426639,0.054204312828403545
3856.933,27.85648097,27.829149529649005,27.802177530191187,27.866791378352307,0.027331440350994995
3857.416,27.87720964,27.82950976367831,27.799237969543295,27.867766877340777,0.04769987632169048
3857.898,27.85107037,27.82988710844944,27.796345584801216,27.868756591232742,0.02118326155055783
3858.38,27.86097327,27.830282251259103,27.793494373488198,27.869762451497223,0.03069101874089597
3858.862,27.85411623,27.830695151205507,27.79068445953157,27.870784386033325,0.023421078794491734
3859.344,27.85006754,27.831125766486906,27.78791596471876,27.871822321969745,0.018941773513095228
3859.826,27.8327003,27.831574054404786,27.78518900869221,27.87287618566985,0.0011262455952127937
3860.308,27.84227177,27.832039971367703,27.782503708944528,27.87394590273693,0.010231798632297284
3860.79,27.82414301,27.832523472894675,27.77986018081356,27.875031398019548,-0.008380462894674423
3861.272,27.81166719,27.83302451361896,27.777258537477667,27.87613259561658,-0.02135732361895748
3861.755,27.83507154,27.833544141239027,27.77469362320948,27.87725175213276,0.0015273987609738526
3862.237,27.83044458,27.83408015687808,27.77217616780374,27.878384155860836,-0.0036355768780786946
3862.719,27.82810076,27.834633570236132,27.769700923944846,27.879532029593417,-0.006532810236130615
3863.201,27.8219372,27.83520433243888,27.767267996123717,27.880695294483274,-0.013267132438880225
3863.683,27.83159078,27.835792393745255,27.764877486649823,27.88187387096057,-0.004201613745255628
3864.165,27.84266063,27.836397703551214,27.762529495647147,27.883067678738346,0.006262926448787454
3864.647,27.8390857,27.83702021039384,27.760224121050143,27.884276636818036,0.0020654896061600425
3865.129,27.82596602,27.83765986195528,27.75796145859999,27.885500663495012,-0.01169384195528167
3865.612,27.81572708,27.8383179853337,27.755737040889016,27.8867422624509,-0.02259090533370056
3866.094,27.82209243,27.838991801270833,27.753560170255803,27.887996209244825,-0.01689937127083141
3866.576,27.82262872,27.839682599769983,27.75142628597908,27.889264975167347,-0.01705387976998196
3867.058,27.81268642,27.840390325132994,27.74933547498607,27.890548475744406,-0.027703905132995033
3867.54,27.82006664,27.841114920827614,27.747287821993186,27.891846625824137,-0.021048280827614008
3868.022,27.82432175,27.841856329491645,27.745283409502814,27.89315933958259,-0.017534579491645275
3868.504,27.83171101,27.842614492937408,27.743322317800313,27.894486530529495,-0.010903482937408171
3868.986,27.84413521,27.84338935215599,27.741404624951056,27.89582811151416,0.0007458578440093788
3869.469,27.86890307,27.84418250667895,27.73952656362145,27.89718682257268,0.024720563321050548
3869.951,27.86041934,27.84499061147883,27.737695984205015,27.898556948964416,0.015428728521168722
3870.433,27.87807461,27.84581523001361,27.735909024636126,27.899941199851455,0.032259379986388836
3870.915,27.87192197,27.846656300032453,27.734165754068425,27.901339485498234,0.025265669967545534
3871.397,27.87026995,27.847513758485714,27.73246623942256,27.9027517155381,0.022756191514286428
3871.879,27.87858747,27.848387541529675,27.730810545383957,27.904177798979266,0.030199928470324267
3872.361,27.87305354,27.849277584530977,27.729198734400587,27.905617644210796,0.023775955469023557
3872.843,27.86379443,27.850183822071596,27.727630866680997,27.907071159008645,0.01361060792840263
3873.325,27.85214175,27.851106187953295,27.726107000192385,27.908538250541646,0.0010355620467059623
3873.808,27.8641027,27.852046578795925,27.724624166349017,27.91002191106034,0.01205612120407551
3874.29,27.84782522,27.853001032779506,27.723188558818922,27.911515902852564,-0.0051758127795054065
3874.772,27.84783413,27.853971411733824,27.721797113059583,27.913023189107747,-0.006137281733824551
3875.254,27.86289702,27.854957646386715,27.72044987805108,27.914543674626,0.007939373613282896
3875.736,27.84969755,27.855959666710046,27.71914690052424,27.91607726363093,-0.006262116710047394
3876.218,27.82582756,27.856977401924745,27.71788822495936,27.91762385977579,-0.031149841924744237
3876.7,27.82419355,27.858010780505733,27.716673893585103,27.919183366149724,-0.03381723050573271
3877.182,27.82911546,27.85905973018697,27.71550394637744,27.920755685283808,-0.0299442701869701
3877.665,27.82323248,27.86012640242356,27.714376132145436,27.92234402075823,-0.036893922423558934
3878.146,27.80479436,27.86120405011141,27.713297353097303,27.923938369205075,-0.05640969011141195
3878.629,27.79782492,27.862301560312307,27.712258671400118,27.925551889859328,-0.06447664031230715
3879.111,27.81677773,27.86341208870363,27.71126670793535,27.927174500064613,-0.04663435870363131
3879.593,27.83064395,27.86453781577008,27.710319294756886,27.92880942732787,-0.03389386577008224
3880.075,27.84479058,27.865678664905577,27.709416458305103,27.93045657096349,-0.020888084905575255
3880.557,27.84156693,27.8668345587991,27.708558222763845,27.932115829771995,-0.025267628799099384
3881.039,27.84523457,27.86800541944006,27.707744610060228,27.93378710204656,-0.022770849440060914
3881.521,27.83078007,27.869191168123567,27.7069756398647,27.935470285579296,-0.03841109812356791
3882.003,27.84248764,27.870391725455757,27.70625132959115,27.937165277667766,-0.027904085455755734
3882.486,27.82332068,27.871609547953682,27.705570330814535,27.938875528083244,-0.04828886795368348
3882.968,27.82288601,27.87283951197819,27.704935476327123,27.940593851191323,-0.049953501978187376
3883.45,27.80952068,27.874084042220474,27.704345320486595,27.94232367162796,-0.06456336222047554
3883.932,27.81441597,27.875343056583763,27.703799871679404,27.94406488477576,-0.06092708658376367
3884.414,27.82155252,27.876616472309376,27.703299136037685,27.9458173855551,-0.055063952309375
3884.896,27.82572993,27.87790420598254,27.702843117440146,27.947581068430612,-0.05217427598253721
3885.378,27.84592249,27.879206173537746,27.70243181751293,27.94935582741759,-0.033283683537746356
3885.86,27.8391453,27.880522290264512,27.702065235630638,27.951141556088697,-0.04137699026451358
3886.343,27.86768686,27.88185524508334,27.70174274762233,27.95294188616617,-0.01416838508334095
3886.825,27.84183342,27.883199432379378,27.701465683705944,27.954749255387874,-0.04136601237937754
3887.307,27.85341259,27.88455751072105,27.70123332244345,27.956567272197038,-0.031144920721047242
3887.789,27.8501677,27.88592939287265,27.701045654211132,27.958395828460123,-0.03576169287265074
3888.271,27.842387,27.887314990981945,27.700902667140625,27.96023481563388,-0.044927990981946664
3888.753,27.83909833,27.888714216585583,27.70080434712047,27.962084124771778,-0.04961588658558469
3889.235,27.8324748,27.890126980615097,27.700750677798037,27.963943646530705,-0.05765218061509714
3889.717,27.84076793,27.89155319340265,27.700741640581384,27.9658132711776,-0.05078526340265199
3890.199,27.8371916,27.892992764686777,27.700777214641306,27.967692888595977,-0.05580116468677687
3890.682,27.83186832,27.89444863153528,27.700857589557366,27.96958631861232,-0.0625803115352781
3891.164,27.84535516,27.8959146739243,27.70098240717093,27.971485609881412,-0.05055951392429847
3891.646,27.86246143,27.897393800331226,27.70115176011242,27.973394561108027,-0.03493237033122654
3892.128,27.86595327,27.898885918177875,27.701365618621512,27.975313060708192,-0.032932648177876445
3892.61,27.87748864,27.900390934321877,27.701623950712445,27.977240996747923,-0.022902294321877292
3893.092,27.87889326,27.901908755062816,27.701926722176722,27.979178256949897,-0.02301549506281475
3893.574,27.90028432,27.90343928614805,27.702273896585897,27.98112472870021,-0.0031549661480489988
3894.056,27.86447947,27.90498243277882,27.70266543529455,27.983080299054976,-0.04050296277882026
3894.539,27.869371,27.906541340089046,27.703102247766157,27.98504893985029,-0.03717034008904463
3895.021,27.87303039,27.908109456936632,27.70358248210636,27.987022385584083,-0.035079066936631875
3895.503,27.84397947,27.909689901516213,27.704106951442288,27.989004588941626,-0.06571043151621225
3895.985,27.85075459,27.91128257690371,27.70467560828728,27.99099543572589,-0.06052798690370764
3896.467,27.82304641,27.912887385659253,27.70528840295391,27.992994811443417,-0.08984097565925353
3896.949,27.85290837,27.91450422983321,27.705945283557572,27.995002601311185,-0.06159585983320781
3897.431,27.83345896,27.916133010972345,27.706646196020113,27.99701869026328,-0.0826740509723436
3897.913,27.8372513,27.91777363012607,27.707391084073706,27.999042962957635,-0.08052233012607246
3898.396,27.8308322,27.919429428113503,27.708181571400008,28.001079528564006,-0.08859722811350323
3898.878,27.83406991,27.92109344852802,27.70901432401695,28.003119838023668,-0.08702353852801892
3899.36,27.86893554,27.922769006973667,27.70989087019006,28.005167983368743,-0.053833466973667754
3899.842,27.86398182,27.92445600257105,27.71081114492817,28.00722384821947,-0.060474182571049084
3900.324,27.86475984,27.926154333974342,27.711775081071014,28.009287315953653,-0.06139449397434049
3900.806,27.87012567,27.927863899377655,27.71278260929362,28.01135826971343,-0.05773822937765516
3901.288,27.862886,27.929584596521178,27.71383365811082,28.013436592411963,-0.06669859652117793
3901.77,27.87268078,27.931316322697526,27.71492815388198,28.015522166740215,-0.05863554269752669
3902.252,27.90640488,27.933058974758033,27.716066020815695,28.01761487517368,-0.026654094758033153
3902.735,27.90952367,27.934816098210348,27.71724967646242,28.01971896346641,-0.02529242821034927
3903.217,27.93089527,27.936580312988287,27.718474139337577,28.021825600898065,-0.005685042988286426
3903.699,27.9347531,27.93835514140271,27.719741732972942,28.023939018390777,-0.0036020414027113645
3904.181,27.94583019,27.940140478602164,27.721052373019354,28.026059097625197,0.00568971139783514
3904.663,27.92783796,27.941936219325587,27.722405973002274,28.028185720100176,-0.014098259325585616
3905.145,27.96302411,27.943742257908685,27.723802444327138,28.03031876713955,0.019281852091314278
3905.627,27.95998452,27.945558488290285,27.725241696284904,28.032458119898813,0.014426031709714238
3906.109,27.9303397,27.947384804018803,27.726723636057592,28.034603659371893,-0.017045104018801993
3906.592,27.94033882,27.949224918295933,27.72825137586307,28.03675973653719,-0.008886098295931788
3907.073,27.92606207,27.95106726379621,27.729815197265534,28.03891282166728,-0.025005193796211245
3907.556,27.92103919,27.952927053597406,27.73142800563011,28.0410807000546,-0.03188786359740803
3908.038,27.9281737,27.9547926585327,27.733079814149384,28.04324980504518,-0.026618958532701242
3908.52,27.92334238,27.956667810699223,27.734773814746443,28.045424499281395,-0.03332543069922167
3909.002,27.90836258,27.95855240143666,27.736509902068722,28.04760466292819,-0.05018982143666051
3909.484,27.91208672,27.960446321739166,27.738287968696714,28.049790176035646,-0.04835960173916476
3909.966,27.90745806,27.96234946226199,27.740107905150502,28.05198091854602,-0.05489140226199041
3910.448,27.9382466,27.96426171332781,27.741969599896144,28.054176770300074,-0.026015113327812145
3910.93,27.90915275,27.9661829649333,27.74387293935238,28.056377611043942,-0.05703021493329885
3911.413,27.89891437,27.968117120363754,27.745821885982316,28.058587901573613,-0.069202750363754
3911.895,27.92869523,27.970056059866387,27.74780825175222,28.06079836891574,-0.041360829866388116
3912.377,27.90377543,27.972003667776665,27.74983590902187,28.06301346373414,-0.06822823777666542
3912.859,27.92643078,27.9739598328513,27.751904736084473,28.06523306546248,-0.04752905285129927
3913.341,27.89613558,27.975924443553424,27.754014609220384,28.06745705347281,-0.07978886355342496
3913.823,27.90777024,27.977897388059038,27.756165402704344,28.069685307082228,-0.07012714805903641
3914.305,27.9384344,27.979878554263635,27.75835698881281,28.07191770555961,-0.04144415426363679
3914.787,27.93030082,27.981867829788637,27.7605892378313,28.074154128131987,-0.05156700978863782
3915.27,27.92609337,27.98386925394036,27.762866775413258,28.07639910594384,-0.0577758839403586
3915.752,27.92032871,27.98587442614548,27.76518003685429,28.07864322197502,-0.0655457161454791
3916.234,27.92909672,27.98788736872094,27.767533559908347,28.08089099934678,-0.0587906487209402
3916.716,27.94178439,27.989907968256563,27.769927206969143,28.08314231718476,-0.04812357825656477
3917.198,27.96000122,27.991936111100678,27.772360838477873,28.0853970546056,-0.03193489110067915
3917.68,27.96989742,27.99397168336666,27.774834312931198,28.087655090723445,-0.02407426336666063
3918.162,27.93788414,27.99601457093951,27.77734748688937,28.089916304656395,-0.05813043093951009
3918.644,27.95432194,27.99806465948233,27.779900214984316,28.092180575533167,-0.04374271948233144
3919.126,27.96949565,28.000121834442815,27.782492349927917,28.094447782499326,-0.030626184442816395
3919.609,27.95823881,28.00219027068893,27.785129242544777,28.0967225171562,-0.04395146068893041
3920.091,27.95734036,28.004261288104754,27.787799822658442,28.098995239302656,-0.04692092810475401
3920.573,27.95202293,28.006339046815118,27.7905093560006,28.10127053489102,-0.054316116815119386
3921.055,27.92629729,28.008423431471016,27.793257687683354,28.103548283199217,-0.08212614147101505
3921.537,27.93970174,28.010514326540644,27.796044660941398,28.105828363554316,-0.07081258654064371
3922.019,27.93713044,28.012611616315937,27.7988701171408,28.108110655338777,-0.07548117631593598
3922.501,27.9514818,28.014715184919044,27.801733895787933,28.110395037997016,-0.06323338491904451
3922.983,27.95343991,28.016824916308863,27.804635834538395,28.11268139104149,-0.06338500630886301
3923.466,27.95780909,28.018945090073167,27.80758190803739,28.114974343208036,-0.061136000073165775
3923.948,27.97027465,28.02106681047494,27.810559750915115,28.117264279330477,-0.050792160474941284
3924.43,27.97688098,28.02319434438375,27.81357525549945,28.11955582459978,-0.046313364383749445
3924.912,27.98906111,28.02532757517006,27.81662825213073,28.121848858864492,-0.03626646517005838
3925.394,27.97900333,28.027466386073662,27.819718569344765,28.124143262072913,-0.04846305607366119
3925.876,27.99436431,28.02961066020991,27.822846033882374,28.12643891427924,-0.03524635020990985
3926.358,27.98938436,28.03176028057643,27.82601047069886,28.12873569564975,-0.04237592057643269
3926.84,27.99171553,28.03391513005932,27.829211702973815,28.131033486469125,-0.042199600059319664
3927.323,27.99621924,28.03607957791998,27.832456307588416,28.13333693703569,-0.03986033791998267
3927.805,27.96748652,28.03824454412111,27.835730668670486,28.13563638958527,-0.07075802412110832
3928.287,27.98404834,28.040414387249637,27.839041283813415,28.137936492962023,-0.0563660472496359
3928.769,27.96764709,28.042588989810525,27.84238796918846,28.14023712798594,-0.07494189981052557
3929.251,27.96934184,28.044768234229462,27.845770539240704,28.142538175626004,-0.07542639422946351
3929.733,27.97587257,28.046952002859456,27.849188806699324,28.144839517006442,-0.07107943285945595
3930.215,27.96248126,28.049140177987177,27.852642582587688,28.147141033412552,-0.08665891798717595
3930.697,27.97684125,28.051332641839267,27.856131676233844,28.149442606297082,-0.0744913918392669
3931.179,27.98388012,28.05352927658885,27.859655895280863,28.15174411728593,-0.06964915658885218
3931.662,27.98771083,28.05573453423545,27.863222466002334,28.154050222460608,-0.06802370423545057
3932.144,27.9891539,28.057939165158558,27.866816423953974,28.15635125451793,-0.06878526515855654
3932.626,27.99391913,28.060147612996097,27.87044491981995,28.15865187041264,-0.06622848299609885
3933.108,27.99369105,28.062359759770615,27.874107754605753,28.160951952523977,-0.06866870977061623
3933.59,28.01246176,28.064575487482735,27.877804727685128,28.163251383434137,-0.05211372748273391
3934.072,28.02204493,28.066794678117844,27.88153563681107,28.165550045934385,-0.04474974811784449
3934.554,28.00275517,28.06901721365202,27.885300278126664,28.167847823030687,-0.06626204365202071
3935.036,28.00887,28.071242976058574,27.889098446176202,28.170144597949683,-0.062372976058572505
3935.519,28.02559072,28.073476474678305,27.892937917552185,28.17244501567301,-0.04788575467830469
3936.0,28.00494501,28.075703709405722,27.896794532726837,28.174734675300396,-0.07075869940572233
3936.483,28.01165329,28.077943083619232,27.900700152575446,28.177032501262605,-0.06628979361923015
3936.965,28.01273247,28.0801805790045,27.90463040901615,28.17932410119084,-0.06744810900450204
3937.447,28.0284529,28.082420711061143,27.908593140877215,28.1816141183476,-0.0539678110611419
3937.929,28.01213873,28.084663361877126,27.912588133342727,28.18390243740514,-0.07252463187712621
3938.411,28.00520737,28.086908413581302,27.916615170077307,28.186188943296564,-0.08170104358130104
3938.893,28.01577687,28.089155748349587,27.92067403323767,28.188473521221376,-0.07337887834958678
3939.375,28.00174838,28.091405248411228,27.924764503484376,28.19075605665118,-0.08965686841122888
3939.857,28.01164332,28.093656796054866,27.928886359993584,28.193036435335276,-0.08201347605486475
3940.34,27.98740717,28.09591495082395,27.933048028933765,28.19531926723197,-0.10850778082394896
3940.822,28.01739364,28.098170244403793,27.93723205357568,28.19759498574616,-0.0807766044037912
3941.304,27.99507701,28.10042723260575,27.94144679275192,28.199868206249093,-0.10535022260575033
3941.786,28.00749628,28.10268579801758,27.945692019816995,28.202138815656706,-0.0951895180175768
3942.268,28.01249974,28.104945823317053,27.949967506700805,28.20440670119018,-0.0924460833170535
3942.75,28.01718997,28.107207191278032,27.95427302392089,28.20667175038133,-0.09001722127803191
3943.232,28.03683713,28.109469784776348,27.958608340594534,28.208933851078015,-0.07263265477634917
3943.714,28.03043781,28.11173348679605,27.962973224451215,28.2111928914495,-0.08129567679605287
3944.197,28.0426904,28.11400287991955,27.96737658880777,28.213453436842777,-0.07131247991954837
3944.679,28.04154282,28.116268450090224,27.97179996485434,28.215706015457577,-0.07472563009022437
3945.161,28.04295632,28.11853477820105,27.976252202577115,28.217955200007285,-0.07557845820105058
3945.643,28.05666705,28.120801747728635,27.980733064275437,28.220200880000633,-0.06413469772863323
3946.125,28.06887089,28.123069242287535,27.985242310923233,28.22244294529438,-0.054198352287535556
3946.607,28.06779886,28.12533714563624,27.989779702181682,28.224681286098228,-0.05753828563624097
3947.089,28.0879292,28.127605341682898,27.994344996411826,28.226915792980137,-0.03967614168289657
3947.571,28.08217916,28.129873714491385,27.99893795068755,28.229146356871432,-0.04769455449138604
3948.053,28.07843295,28.13214214828706,28.003558320808285,28.231372869072025,-0.05370919828705922
3948.536,28.10686547,28.134415233506523,28.008215531584746,28.233599827545135,-0.027549763506524272
3949.018,28.13617693,28.1366834421549,28.012890051361616,28.235817902796317,-0.0005065121548994966
3949.5,28.11120048,28.13895136525462,28.017591246348946,28.238031602295038,-0.027750885254619106
3949.982,28.11893326,28.14121888773544,28.022318867375592,28.240240818866344,-0.022285627735442404
3950.464,28.12390855,28.14348589471756,28.027072664061137,28.24244544572899,-0.019577344717561118
3950.946,28.11944894,28.145752271517317,28.031852384829,28.244645376500138,-0.026303331517315343
3951.428,28.13676349,28.148017903652924,28.036657776919792,28.24684050520047,-0.011254413652924455
3951.91,28.12449895,28.15028267685014,28.041488586404483,28.249030726258965,-0.025783726850139743
3952.393,28.1286596,28.152551172638347,28.04635465880667,28.25122046286123,-0.02389157263834818
3952.875,28.11791038,28.15481388362134,28.051235588085756,28.253400542854312,-0.036903503621338984
3953.357,28.13407501,28.157075393909363,28.056141165552763,28.255575400774443,-0.023000383909362654
3953.839,28.14326513,28.15933559011508,28.061071132731986,28.257744932732727,-0.016070460115081175
3954.321,28.10849287,28.161594359086816,28.066025230045373,28.259909035272422,-0.05310148908681711
3954.803,28.13382465,28.163851587913964,28.071003196826112,28.262067605373687,-0.030026937913962826
3955.285,28.11092123,28.166107163932658,28.076004771332364,28.264220540458222,-0.055185933932659026
3955.767,28.11175263,28.168360974731034,28.081029690760865,28.26636773839376,-0.056608344731031934
3956.25,28.11609868,28.170617578186846,28.086088188099836,28.268513534012794,-0.05451889818684563
3956.732,28.10338036,28.172867518101956,28.09115905184652,28.270648940632363,-0.06948715810195694
3957.214,28.11121156,28.175115356897482,28.096252465322117,28.2727783062201,-0.06390379689748116
3957.696,28.10125985,28.17736098322517,28.101368161613507,28.274901530474708,-0.0761011332251691
3958.178,28.09931826,28.179604286015977,28.106505872815376,28.277018513563654,-0.08028602601597612
3958.66,28.12300729,28.181845154485472,28.111665330044126,28.279129156127485,-0.058837864485472124
3959.142,28.0937843,28.184083478139048,28.116846263451944,28.281233359284332,-0.09029917813904831
3959.624,28.1163185,28.186319146777272,28.12204840224073,28.283331024634116,-0.0700006467772738
3960.106,28.11291604,28.18855205050118,28.12727147467635,28.285422054262988,-0.07563601050117796
3960.589,28.13332636,28.190786703270152,28.132526108505,28.287510667947775,-0.057460343270150815
3961.071,28.12171214,28.19301374239246,28.1377902713705,28.289588120088734,-0.07130160239245953
3961.553,28.13092204,28.195237688532522,28.143074546634725,28.291658645527495,-0.0643156485325207
3962.035,28.14522119,28.197458433045803,28.14837865895887,28.293722148338528,-0.05223724304580202
3962.517,28.13139749,28.199675867614115,28.15370233213909,28.295778533103526,-0.0682783776141136
3962.999,28.13653166,28.201889884250736,28.159045289120815,28.297827704915576,-0.0653582242507369
3963.481,28.15445825,28.204100375305433,28.16440725201307,28.29986956938334,-0.049642125305432216
3963.963,28.13823554,28.206307233469534,28.169787942102886,28.30190403263485,-0.06807169346953401
3964.446,28.1320158,28.20851491860424,28.175198300382323,28.30393519879598,-0.07649911860423941
3964.927,28.13970148,28.210709623629192,28.180604384999977,28.30595038262335,-0.07100814362919294
3965.41,28.148375,28.212909493181833,28.18605087112938,28.30796624985809,-0.06453449318183146
3965.892,28.17928658,28.215100745172926,28.19150370317575,28.309970163837534,-0.03581416517292624
3966.374,28.16692498,28.217287832809482,28.196973856443968,28.311966214984544,-0.050362852809481495
3966.856,28.1701757,28.219470650937378,28.202461047591715,28.313954312628493,-0.04929495093737657
3967.338,28.15616376,28.221649094778417,28.207964992556366,28.315934366645617,-0.065485334778419
3967.82,28.17116596,28.223823059935416,28.213485406569653,28.317906287462733,-0.05265709993541634
3968.302,28.17853775,28.22599244239685,28.219022004172313,28.319869986061136,-0.04745469239685107
3968.784,28.17708847,28.22815713854161,28.224574499228847,28.321825373980076,-0.05106866854161041
3969.267,28.15795281,28.23032152122762,28.230154173056675,28.323776393926604,-0.07236871122761812
3969.749,28.17269277,28.232476525204305,28.235737633474667,28.325714879659078,-0.0597837552043039
3970.231,28.1706322,28.234626534178652,28.241336128431488,28.327644792535377,-0.06399433417865197
3970.713,28.14824644,28.23677144613911,28.24694936923283,28.32956604636454,-0.08852500613910763
3971.195,28.16407394,28.238911159487905,28.252577066582074,28.331478555531522,-0.0748372194879039
3971.677,28.18976165,28.241045573045625,28.258218930595117,28.333382235000848,-0.05128392304562368
3972.159,28.18343607,28.243174586055737,28.263874670815255,28.335277000319948,-0.05973851605573799
3972.641,28.18836457,28.24529809818911,28.269543996228105,28.337162767622644,-0.05693352818910924
3973.124,28.17121007,28.247420397664403,28.27523841855869,28.339043337674433,-0.07621032766440194
3973.606,28.18927222,28.249532596859606,28.280934065827736,28.340910840609933,-0.06026037685960617
3974.088,28.19483672,28.25163899659479,28.286642421441865,28.342769097312402,-0.056802276594787315
3974.57,28.18627758,28.253739498295865,28.292363192304208,28.34461802629557,-0.06746191829586579
3975.052,28.17826251,28.255834003838316,28.29809608483512,28.34645754667619,-0.07757149383831674
3975.534,28.19693194,28.257922415551374,28.303840804987075,28.348287578176922,-0.0609904755513746
3976.016,28.19930343,28.260004636222483,28.309597058259715,28.350108041129758,-0.06070120622248254
3976.498,28.18654871,28.26208056910141,28.315364549714893,28.35191885647891,-0.07553185910141025
3976.98,28.19434827,28.26415011790455,28.321142983991784,28.353719945784068,-0.06980184790455013
3977.463,28.20204056,28.26621746024308,28.32694408672624,28.355514937338427,-0.06417690024307987
3977.945,28.20480415,28.26827394019103,28.33274354011528,28.35729632113147,-0.06346979019102861
3978.427,28.20511021,28.27032374985765,28.338553047242407,28.35906774712399,-0.06521353985764833
3978.909,28.21021039,28.272366794868496,28.344372311206044,28.3608291393687,-0.06215640486849594
3979.391,28.23873882,28.274402981336426,28.35020103475748,28.36258042254854,-0.03566416133642747
3979.873,28.22672978,28.276432215865547,28.356038920315942,28.364321521979647,-0.04970243586554801
3980.355,28.23805051,28.27845440555536,28.361885669983746,28.36605236361405,-0.04040389555536095
3980.837,28.22312218,28.28046945800462,28.367740985561486,28.367772874042526,-0.05734727800462025
3981.32,28.24688512,28.282481439345727,28.373616742059863,28.369486517571044,-0.035596319345724936
3981.802,28.23295232,28.284481926844574,28.379488309949824,28.371186126119646,-0.05152960684457497
3982.284,28.23206108,28.286475002746066,28.38536754687205,28.37287518694688,-0.05441392274606471
3982.766,28.22450345,28.2884605766863,28.391254153571353,28.37455362922702,-0.06395712668630082
3983.248,28.24254339,28.29043855881993,28.39714783056675,28.3762213827865,-0.04789516881992739
3983.73,28.25710832,28.29240885982401,28.403048278166533,28.37787837810638,-0.03530053982401071
3984.212,28.23435878,28.294371390901798,28.408955196483618,28.379524546324955,-0.0600126109017971
3984.694,28.24263393,28.296326063786378,28.414868285450677,28.38115981924027,-0.05369213378637738
3985.177,28.25261093,28.298276821276573,28.420799530727898,28.382787487808066,-0.045665891276573944
3985.659,28.23905187,28.30021549835514,28.42672407139151,28.38440074520977,-0.06116362835513911
3986.141,28.24462436,28.30214605547606,28.432653880949864,28.386002906548228,-0.05752169547606201
3986.623,28.25109119,28.30406840652924,28.43858865876637,28.387593906285893,-0.05297721652923926
3987.105,28.24350646,28.30598246595252,28.44452810410024,28.389173679556855,-0.06247600595252223
3987.587,28.2331609,28.30788814873497,28.450471916121646,28.390742162168973,-0.07472724873496972
3988.069,28.24184644,28.309785370420485,28.4564197939269,28.392299290606296,-0.06793893042048538
3988.551,28.25668093,28.311674047111268,28.462371436553756,28.393845002031167,-0.05499311711126609
3989.033,28.25054293,28.31355409547106,28.46832654299644,28.395379234286352,-0.06301116547105678
3989.516,28.24743227,28.315429306058807,28.47429717685427,28.396905072969698,-0.0679970360588058
3989.998,28.24678073,28.317291831682798,28.480258313437876,28.398416139014135,-0.07051110168279706
3990.48,28.23968252,28.319145482201534,28.4862220100867,28.399915543396947,-0.0794629622015357
3990.962,28.2420121,28.32099017655975,28.49218796577308,28.401403226704982,-0.07897807655974987
3991.444,28.25106022,28.322825834280195,28.49815587950173,28.402879130215695,-0.07176561428019568
3991.926,28.25785329,28.324652375466886,28.504125450325006,28.404343195899177,-0.06679908546688651
3992.408,28.25310728,28.32646972080835,28.510096377357982,28.405795366420023,-0.07336244080835286
3992.89,28.25741236,28.32827779158048,28.516068359793504,28.407235585139116,-0.07086543158047931
3993.373,28.27364684,28.33008023165411,28.522053489064245,28.408666746688475,-0.05643339165411021
3993.854,28.28042757,28.331865797476773,28.52801428812389,28.41007994410847,-0.051438227476772624
3994.337,28.27415557,28.333649260673216,28.534000025712633,28.411486874871123,-0.05949369067321442
3994.819,28.26870244,28.335419437823532,28.539973223156846,28.412878708675056,-0.06671699782353357
3995.301,28.29070579,28.33717995554724,28.54594597304193,28.41425831787989,-0.046474165547238044
3995.783,28.29507132,28.33893073871012,28.55191797534528,28.41562565006291,-0.04385941871011667
3996.265,28.30989767,28.340671712786307,28.55788893022772,28.416980653509796,-0.030774042786305245
3996.747,28.29662687,28.3424028038611,28.563858538048464,28.418323277215972,-0.045775933861097684
3997.229,28.31728269,28.34412393863378,28.56982649938025,28.419653470888292,-0.026841248633779458
3997.711,28.29685919,28.34583504442027,28.575792515024173,28.42097118494639,-0.04897585442027008
3998.194,28.30868452,28.347539567661876,28.581768656453104,28.42227906532131,-0.038855047661876085
3998.676,28.30534315,28.34923037872597,28.5877298785263,28.42357164812642,-0.04388722872597128
3999.158,28.30074918,28.350910946333034,28.593688258216332,28.424851606769984,-0.0501617663330336
3999.64,28.304996,28.35258120029422,28.599643497388115,28.426118894538636,-0.04758520029422186
