sigma_cm1,R_pct,multi_pct,two_pct,separate_angle_pct,residual_multi_pp
450.297,79.79542451,78.53610733264549,73.0875032153331,78.82432911192497,1.259317177354518
450.7791,79.79072746,78.42970809567387,72.80217202553732,78.7219968370174,1.3610193643261255
451.2612,79.75169315,78.3221654452096,72.5156430848152,78.61856272029597,1.429527704790388
451.7433,79.68486497,78.2134683255762,72.22793417442412,78.51401617771039,1.4713966444238054
452.2255,79.63997994,78.1035826388646,71.9390031119259,78.40832446140755,1.536397301135409
452.7076,79.52349161,77.99254263884077,71.64898766912779,78.3015205657897,1.5309489711592192
453.1897,79.38855732,77.88031420295971,71.35784604934707,78.19357171790462,1.5082431170402941
453.6718,79.30409168,77.76688574040224,71.06559632693751,78.08446681536435,1.5372059395977544
454.1539,79.21809284,77.65224552389034,70.77225664673637,77.97419462346504,1.5658473161096538
454.636,79.1124257,77.53638168863432,70.47784522294006,77.86274377410459,1.5760440113656813
455.1182,78.99906142,77.41925781282421,70.18231894291031,77.75007927578808,1.5798036071757906
455.6003,78.89724246,77.30091033038542,69.88581873350273,77.63623621774013,1.5963321296145807
456.0824,78.76630692,77.18130279685849,69.5883018317644,77.52117958437641,1.5850041231415162
456.5645,78.65365063,77.06042278710436,69.28978671801227,77.40489746332024,1.5932278428956437
457.0466,78.52932611,76.93825773340896,68.99029193623562,77.28737780352319,1.5910683765910392
457.5287,78.45657937,76.81479492451987,68.68983609294554,77.16860841424604,1.641784445480127
458.0109,78.37127998,76.68999548661807,68.38837524177202,77.04855193465059,1.6812844933819235
458.493,78.24366453,76.56389817882234,68.08605314965435,76.92724568475421,1.679766351177662
458.9751,78.11175114,76.43646410877173,67.7828261830265,76.80465228242615,1.6752870312282653
459.4572,78.03755382,76.30767998181096,67.47871318691466,76.68075896826225,1.729873838189036
459.9393,77.88569885,76.17753235525544,67.1737330630549,76.55555283832251,1.7081664947445603
460.4214,77.71367948,76.04600763757003,66.86790476871906,76.42902084322208,1.667671842429968
460.9036,77.50921346,75.9130643722223,66.56118362216132,76.30112312365681,1.5961490877777038
461.3857,77.32188757,75.77874380551899,66.25371590888753,76.17189938198125,1.543143764481016
461.8678,77.10820463,75.64300446930028,65.9454572223444,76.04130974278215,1.4652001606997231
462.3499,76.89665202,75.50583216901711,65.63642673014499,75.90934056627326,1.3908198509828935
462.832,76.66048133,75.36721255765488,65.32664364951434,75.77597806306872,1.2932687723451153
463.3141,76.39845055,75.22713113512393,65.01612724609382,75.64120829344283,1.1713194148760806
463.7963,76.18029561,75.08554373074676,64.70483220278271,75.5049887686403,1.0947518792532378
464.2784,75.96096808,74.94249425964605,64.39290699630197,75.36736174288235,1.0184738203539467
464.7605,75.80016748,74.79793855010132,64.08030654648636,75.22828471962893,1.0022289298986777
465.2426,75.61935246,74.65186148449305,63.767050300638346,75.0877431511015,0.9674909755069478
465.7247,75.50416346,74.50424778977612,63.453157748453975,74.94572233605425,0.999915670223885
466.2068,75.36349448,74.35508203716898,63.13864842080923,74.80220741927948,1.0084124428310162
466.689,75.32478558,74.20431721219529,62.82347646671031,74.65715315183817,1.1204683678047047
467.1711,75.2136637,74.05200010324319,62.507792221638255,74.51060453020732,1.16166359675681
467.6532,75.07821266,73.89808371012575,62.191550032717174,74.36251631007579,1.180128949874259
468.1353,74.94739621,73.74255197921414,61.8747695833606,74.2128730164445,1.2048442307858522
468.6174,74.81333161,73.5853887005488,61.55747059205359,74.06165901868071,1.227942909451201
469.0995,74.63057926,73.42657750793728,61.23967281112335,73.90885853036497,1.204001752062723
469.5817,74.42861569,73.26606841852956,60.92132995835719,73.75442341471135,1.1625472714704443
470.0638,74.18530185,73.10391132504586,60.602593891180824,73.59840162512609,1.081390524954145
470.5459,73.95327146,72.94005628034412,60.28341848620782,73.44074504713151,1.013215179655873
471.028,73.69849433,72.77448629591919,59.96382361880104,73.28143727100974,0.9240080340808134
471.5101,73.43505507,72.60718422881331,59.643829191984814,73.12046173158159,0.8278708411866944
471.9922,73.18462411,72.43813278226082,59.323455135202586,72.95780170851592,0.7464913277391787
472.4744,72.98655539,72.26727888981841,59.00265483867788,72.79340605626714,0.7192765001815928
472.9565,72.77724849,72.09467581073866,58.68158134135979,72.62732592820805,0.6825726792613409
473.4386,72.61495989,71.92027054344581,58.36018815262069,72.45951022551195,0.6946893465541848
473.9207,72.46968895,71.74404518456689,58.03849529512469,72.28994161218768,0.7256437654331194
474.4028,72.34669591,71.56598168184621,57.716522811716054,72.11860260009294,0.7807142281537836
474.8849,72.2218455,71.38606183550814,57.394290764166776,71.94547554985681,0.8357836644918564
475.3671,72.0989888,71.20422939512721,57.07175231953893,71.77050619775805,0.8947594048727865
475.8492,71.97603725,71.02054128517821,56.74906135504132,71.5937491733839,0.9554959648217931
476.3313,71.82000998,70.83494135903302,56.426171116909735,71.41515029267457,0.9850686209669703
476.8134,71.69391277,70.64741084330498,56.103101730075295,71.23469132301717,1.046501926695015
477.2955,71.61491102,70.45793082610993,55.77987333211312,71.05235388708782,1.156980193890064
477.7776,71.39366598,70.26648225935804,55.45650607198255,70.86811946457519,1.127183720641952
478.2598,71.22614734,70.07300563000587,55.132952998497395,70.68193058170672,1.1531417099941308
478.7419,71.09339894,69.87756186925711,54.80936848179139,70.49384565948269,1.215837070742893
479.224,70.89559278,69.68009161903723,54.485705609669274,70.30380734747024,1.2155011609627735
479.7061,70.75051547,69.48057531300367,54.16198456400827,70.11179657380828,1.2699401569963271
480.1882,70.58334782,69.27899326289472,53.83822553175588,69.91779413471961,1.3043545571052846
480.6703,70.41248834,69.07532566200689,53.514448703664975,69.72178069726445,1.3371626779931063
481.1525,70.25774887,68.8695096864518,53.19060711548903,69.52369551088829,1.388239183548194
481.6346,70.09385941,68.66161066591499,52.866855283655546,69.32360114891894,1.4322487440850011
482.1167,69.89694595,68.45156599787774,52.54314624260859,69.12143704123227,1.4453799521222663
482.5988,69.65848939,68.23935544128912,52.21950018566571,68.91718336981701,1.4191339487108792
483.0809,69.43942222,68.02495865762401,51.8959373036198,68.71082020439007,1.4144635623759854
483.563,69.2188229,67.808355215857,51.572477783472245,68.5023275064588,1.4104676841430006
484.0452,68.99039668,67.58947897413759,51.249074753139666,68.29164121656592,1.4009177058624118
484.5273,68.72813632,67.36840011129016,50.92588252819836,68.07882847491929,1.3597362087098475
485.0094,68.52908525,67.14505279203908,50.602854194928256,67.86382547621629,1.3840324579609131
485.4915,68.26986666,66.91941627093041,50.280009912497896,67.6466117948516,1.350450389069593
485.9736,68.01772383,66.69146973935955,49.95736982995214,67.42716692125124,1.3262540906404467
486.4557,67.71475957,66.46119233241319,49.63495408494686,67.20547026757761,1.2535672375868074
486.9379,67.46469391,66.22851463734654,49.3127160025831,66.981454479604,1.2361792726534588
487.42,67.23783324,65.99351220166872,48.990809350708176,66.7551917418016,1.2443210383312788
487.9021,66.99328811,65.75611602744968,48.66918737252306,66.52661504829445,1.237172082550316
488.3842,66.77111206,65.5163051001922,48.347870147476876,66.29570356161771,1.2548069598077944
488.8663,66.53841336,65.27405838883888,48.02687773730914,66.06243639946207,1.2643549711611257
489.3484,66.3157864,65.02935485491909,47.706230184788346,65.82679264241976,1.2864315450809016
489.8306,66.05390908,64.78212193182551,47.38588111678114,65.58870171603816,1.2717871481744822
490.3127,65.8242187,64.53244113553836,47.06598340757866,65.34824139981039,1.2917775644616398
490.7948,65.55502667,64.28024045047678,46.74649056203892,65.10534158681932,1.2747862195232216
491.2769,65.31258414,64.02549890884907,46.42742253444185,64.85998129459195,1.2870852311509253
491.759,65.06577553,63.768195587955255,46.108799253802296,64.61213954830988,1.2975799420447416
492.2411,64.83063233,63.50830962214564,45.7906406226149,64.36179539106094,1.3223227078543616
492.7233,64.548519,63.245765496714434,45.47290067341495,64.10887518010227,1.3027535032855653
493.2054,64.2870734,62.98065138881104,45.15573104294333,63.85346292598801,1.3064220111889568
493.6875,64.04400764,62.71289250460287,44.83908560186312,63.59548560291984,1.331115135397134
494.1696,63.75559104,62.442468336950476,44.52298413405893,63.334922437729695,1.3131227030495225
494.6517,63.49424356,62.16935850373046,44.20744639064166,63.07175273374295,1.3248850562695438
495.1339,63.2216935,61.893485269778736,43.89242682092551,62.805900476989734,1.3282082302212643
495.616,62.97395845,61.6149429689501,43.57807576943609,62.53745542707759,1.3590154810498944
496.0981,62.70070313,61.333654758752786,43.264347490648134,62.2663423388528,1.3670483712472148
496.5802,62.38862812,61.04960091694864,42.951261592132184,61.9925409602911,1.3390272030513586
497.0623,62.10829226,60.76276192946787,42.63883764247642,61.71603118813541,1.345530330532128
497.5444,61.81704339,60.47311850905841,42.32709517005047,61.43679308417814,1.343924880941593
498.0266,61.5351784,60.180590655263615,42.01598921778441,61.1547481145441,1.354587744736385
498.5087,61.26749352,59.885280920589274,41.70566826933528,60.86999370180578,1.3822125994107282
498.9908,61.02633566,59.58711044568198,41.39608713361358,60.58245230166213,1.4392252143180215
499.4729,60.73633136,59.286061051728836,41.08726516579697,60.2921048122843,1.4502703082711648
499.955,60.45157112,58.982114891109525,40.77922167470204,59.99893238844735,1.469456228890472
500.4371,60.16460222,58.67525447062984,40.47197592156341,59.70291646199818,1.489347749370161
500.9193,59.85196614,58.36539811151212,40.165483643634424,59.40397647001479,1.4865680284878806
501.4014,59.60881487,58.052657617386224,39.85989112911234,59.10221844993573,1.5561572526137795
501.8835,59.2264463,57.73695275194654,39.555153842549736,58.79756309783622,1.48949354805346
502.3656,58.9005237,57.418267689032646,39.251290842688675,58.48999317415303,1.4822560109673546
502.8477,58.54722787,57.096587085925584,38.94832113462681,58.179491830567244,1.450640784074416
503.3298,58.2254656,56.77189611185165,38.64626366861359,57.86604263533873,1.4535694881483465
503.812,57.88644772,56.44411218601683,38.34507497536133,57.549563658741555,1.4423355339831687
504.2941,57.57060986,56.11335754204815,38.04489881780232,57.230170643703126,1.4572523179518484
504.7762,57.26386746,55.77955140310874,37.745691415854026,56.907783244828714,1.4843160568912594
505.2583,56.92516529,55.44268129052028,37.44747148839086,56.58238696798114,1.4824839994797259
505.7404,56.56681214,55.1027353945838,37.15025769347034,56.253967875818454,1.4640767454162003
506.2225,56.2320566,54.75970260900611,36.85406862714985,55.922512618672705,1.4723539909938879
506.7047,55.90449161,54.41350044808338,36.55886171093945,55.58793876448651,1.490991161916618
507.1868,55.5864749,54.064262910993556,36.26477785823745,55.250373003266525,1.5222119890064434
507.6689,55.27402068,53.71190974408673,35.9717741423386,54.90973487550154,1.5621109359132674
508.151,54.94946288,53.35643302022132,35.67986889952591,54.566013711140876,1.5930298597786816
508.6331,54.64145973,52.997825703732346,35.389080398221125,54.21919959733441,1.6436340262676552
509.1152,54.33328199,52.636081691316974,35.09942683782392,53.86928341546912,1.697200298683029
509.5974,54.01404259,52.27111984106566,34.81086662596124,53.516183329276046,1.7429227489343404
510.0795,53.69487046,51.90308741456735,34.52353750850387,53.160038376646845,1.7917830454326449
510.5616,53.37879715,51.531906001523936,34.23739750820193,52.80076915088108,1.846891148476061
511.0437,53.05537011,51.1575736595864,33.95246453682974,52.43837010259046,1.8977964504136011
511.5258,52.70344876,50.78008960006387,33.66875643139943,52.072836678187926,1.9233591599361333
512.0079,52.36408732,50.39945423558194,33.38629095302589,51.704165363539126,1.964633084418061
512.4901,52.0463768,50.015589295402386,33.105027588533446,51.332276279531605,2.030787504597612
512.9722,51.66607181,49.62865695694102,32.82510060527504,50.957322373128136,2.0374148530589764
513.4543,51.28172392,49.238582253922004,32.546469069379626,50.579226724365604,2.043141666077993
513.9364,50.96190722,48.84537090375131,32.269150427097166,50.1979904363195,2.116536316248691
514.4185,50.6064092,48.44903008037306,31.99316204317424,49.81361588676413,2.1573791196269383
514.9006,50.23926475,48.04956846863333,31.718521199746483,49.42610677861053,2.1896962813666647
515.3828,49.86487149,47.64691249397513,31.445188553465997,49.03538683871517,2.217958996024869
515.8649,49.4238283,47.241241040516606,31.17329458989041,48.6416246345335,2.182587259483391
516.347,48.97677288,46.832484481279494,30.902799510082396,48.24474745422834,2.144288398720505
516.8291,48.47642866,46.420658109895435,30.633720254747466,47.84476482817757,2.055770550104569
517.3112,47.9448691,46.005779018388694,30.366073676521417,47.44168788063954,1.9390900816113046
517.7933,47.74476504,45.58786615760767,30.099876538893245,47.03552938669441,2.1568988823923263
518.2755,47.16054241,45.16685277667676,29.835090756313367,46.626218629176755,1.9936896333232355
518.7576,46.60245432,44.74293635498122,29.571842737676462,46.2139416307043,1.8595179650187816
519.2397,46.0477623,44.316054792374715,29.310093907954453,45.798631904383186,1.7317075076252877
519.7218,45.51547544,43.88623509699531,29.049860663375977,45.380309418197946,1.629240343004696
520.2039,45.0137501,43.45350645046297,28.791159305723248,44.9589960902226,1.5602436495370355
520.686,44.5304149,43.01790027292775,28.53400604128824,44.534715851114036,1.5125146270722496
521.1682,44.07781677,42.579359050271094,28.27836412742981,44.10740578750839,1.4984577197289042
521.6503,43.65940079,42.13810077532914,28.024355610597866,43.67727128437398,1.5213000146708566
522.1324,43.2472715,41.6940733276443,27.77194322586648,43.24425438028269,1.5531981723556996
522.6145,42.84579607,41.24731774246715,27.52114278723149,42.808387696203894,1.5984783275328454
523.0966,42.43343175,40.79787762558883,27.271970008070387,42.369706188545244,1.6355541244111649
523.5787,41.99353004,40.34579922047725,27.02444050013453,41.92824721532549,1.6477308195227565
524.0609,41.57509594,39.891036900509306,26.778518945743894,41.48395818373734,1.6840590394906911
524.543,41.12507338,39.43383101487509,26.53432275286636,41.03706573827395,1.6912423651249142
525.0251,40.65341878,38.97414207994086,26.291816049889263,40.58752298700885,1.679276700059141
525.5072,40.19828219,38.51202756034036,26.05101403208415,40.135377562308946,1.6862546296596435
525.9893,39.70049842,38.047547891871325,25.811931788151284,39.680679832381,1.6529505281286774
526.4714,39.22695708,37.58076654684831,25.574584299249324,39.223482968057105,1.6461905331516888
526.9536,38.7577741,37.11165258545556,25.338937751466844,38.76374741867441,1.64612151454444
527.4357,38.30999013,36.64047033057464,25.10510464863294,38.30172285238839,1.669519799425366
527.9178,37.83257368,36.16719569154278,24.87305059248699,37.83737615577975,1.665377988457223
528.3999,37.39509397,35.69190492294768,24.642790124433045,37.370772370783975,1.7031890470523194
528.882,36.96650935,35.21467762769114,24.414337673583276,36.90197966874467,1.7518317223088644
529.3641,36.51931938,34.735596815133384,24.187707555828723,36.43106941330764,1.7837225648666148
529.8463,36.06826004,34.25464903997835,23.96286753640565,35.958017912808735,1.8136110000216519
530.3284,35.60421127,33.772123787895715,23.739924960342666,35.483099318539374,1.832087482104285
530.8105,35.13386081,33.28801505765574,23.518846979412626,35.006297042712475,1.8458457523442604
531.2926,34.66082974,32.80242002663997,23.299647447438723,34.52769582114027,1.8584097133600253
531.7747,34.21130837,32.31543953754693,23.08234010047843,34.047383874761685,1.8958688324530684
532.2568,33.7247954,31.82717814225709,22.86693855593616,33.56545296252456,1.8976172577429082
532.739,33.24090137,31.33764250730612,22.653412229972975,33.08189799965456,1.9032588626938818
533.2211,32.76531777,30.847147783918253,22.44186306574077,32.597018549508434,1.9181699860817503
533.7032,32.29312241,30.35570847901599,22.23225983819285,32.11081715187493,1.937413930984011
534.1853,31.81430778,29.863444353397437,22.02461568136734,31.623400196379208,1.950863426602563
534.6674,31.31663524,29.37047904372496,21.818943606321092,31.134877834840736,1.9461561962750409
535.1495,30.82036343,28.87694008354341,21.61525650028748,30.64536401641332,1.9434233464565907
535.6317,30.34339899,28.382856418536353,21.41352549836101,30.15487471758879,1.9605425714636482
536.1138,29.84038257,27.88856837264645,21.213846910891256,29.66373503165512,1.9518141973535492
536.5959,29.3416738,27.39411282517868,21.01619120545495,29.171968839433738,1.947560974821318
537.078,28.81204695,26.899633009663763,20.820570765684636,28.679705551528496,1.9124139403362364
537.5601,28.34151985,26.405276085314785,20.62699784728786,28.187078489205696,1.9362437646852158
538.0422,27.81180643,25.911193125619494,20.435484577250467,27.694224892724563,1.9006133043805065
538.5244,27.31530965,25.4174367593817,20.24600387368278,27.201183677084426,1.8978728906182987
539.0065,26.8088282,24.92437064974378,20.05864619589505,26.70830444565164,1.8844575502562222
539.4886,26.31856932,24.432055033913915,19.87338376966604,26.21563394659831,1.8865142860860864
539.9707,25.80522329,23.94065639797483,19.690228199258414,25.723325067940433,1.8645668920251701
540.4528,25.32101633,23.450344984530915,19.50919095634868,25.231534571705946,1.8706713454690842
540.9349,24.84328955,22.961294739213052,19.330283379278622,24.740423065716342,1.8819948107869493
541.4171,24.37842067,22.47358226778804,19.153480229181092,24.25005337312351,1.9048384022119613
541.8992,23.91334771,21.987591047750342,18.97886590928966,23.760797098282882,1.9257566622496576
542.3813,23.43413402,21.50340443497429,18.80641446514579,23.272724358830395,1.9307295850257091
542.8634,22.97133142,21.021210491939733,18.636136694402957,22.786010720002345,1.9501209280602652
543.3455,22.51172994,20.541200594079122,18.46804325776076,22.300835341329808,1.9705293459208768
543.8276,22.04245868,20.063569325871203,18.30214467826656,21.81738090259698,1.9788893541287962
544.3098,21.5755371,19.588416110317855,18.138417615866807,21.335733846879844,1.9871209896821433
544.7919,21.08777084,19.1161387142881,17.976940226361805,20.856283442219993,1.9716321257119027
545.274,20.6053556,18.64684182302966,17.817688432456436,20.37912231082337,1.9585137769703387
545.7561,20.11158261,18.18073163653678,17.660672199744212,19.904446302550785,1.9308509734632189
546.2382,19.61278613,17.71801690679838,17.505901352801743,19.432454287434624,1.894769223201621
546.7203,19.11880543,17.258908778329136,17.35338557454171,18.96334802861694,1.8598966516708622
547.2025,18.6402036,16.803526591870785,17.203103475169247,18.497235717094323,1.8366770081292145
547.6846,18.16098359,16.352274675236085,17.055126785826875,18.034517847283155,1.8087089147639155
548.1667,17.69978125,15.90527545794096,16.909433359488233,17.575307015313914,1.7945057920590415
548.6488,17.2215274,15.462747872327693,16.766032306086892,17.119815100069644,1.7587795276723064
549.1309,16.75111086,15.024912305512444,16.624932590790177,16.668256097979363,1.7261985544875564
549.613,16.32935957,14.591990384406447,16.486143033405202,16.220845939771472,1.737369185593554
550.0952,15.88870445,14.164116566418212,16.34964424137394,15.777710867345597,1.7245878835817887
550.5773,15.47435633,13.741691784295417,16.21550135850845,15.339253928546357,1.7326645457045835
551.0594,15.03968927,13.32485073389264,16.083694216737722,14.905603306578671,1.7148385361073597
551.5415,14.6126211,12.913817679729526,15.954231048641896,14.47698065345016,1.6988034202704743
552.0236,14.204693,12.508816924717477,15.827119938608774,14.053608502758086,1.6958760752825235
552.5057,13.78610446,12.110072546733791,15.702368822294362,13.6357100331196,1.6760319132662094
552.9879,13.38430779,11.717727450214658,15.579960346777554,13.223423928804287,1.666580339785341
553.47,12.98919536,11.332167215535813,15.459952920807341,12.817144957512104,1.6570281444641868
553.9521,12.59252851,10.953531553330603,15.34232839942025,12.417010634539766,1.6389969566693967
554.4342,12.18829691,10.582040877359045,15.227094118109658,12.023244196088356,1.606256032640955
554.9163,11.81130168,10.217913966496955,15.114257261081661,11.636068226209515,1.593387713503045
555.3984,11.42709066,9.861367667970923,15.003824860771687,11.255704377347572,1.5657229920290767
555.8806,11.04307351,9.512545080434295,14.895781641617555,10.88229639145485,1.5305284295657042
556.3627,10.64571554,9.171803000103665,14.790179144866514,10.516218112182672,1.4739125398963342
556.8448,10.29916395,8.839277510535645,14.687001288176967,10.15760849184556,1.4598864394643556
557.3269,9.964740718,8.515174703797516,14.586254492230006,9.80668255874906,1.4495660142024835
557.809,9.613763701,8.199697217425639,14.487945023663604,9.463652940446952,1.414066483574361
558.2911,9.260538839,7.89304392716085,14.392078994646678,9.128729559922562,1.3674949118391506
558.7733,8.950945967,7.595348852389211,14.298643239929815,8.802052459137037,1.355597114610788
559.2554,8.65075597,7.306925934090711,14.207682316434099,8.48396076356378,1.3438300359092894
559.7375,8.339602041,7.02789825241392,14.119182239222125,8.174585828705547,1.3117037885860787
560.2196,8.067279055,6.758446592920802,14.0331484984894,7.874123696908299,1.3088324620791978
560.7017,7.783101606,6.4987464733336795,13.949586427978561,7.582766176061996,1.2843551326663203
561.1838,7.49290175,6.248967854306014,13.868501204611567,7.300700537013645,1.2439338956939858
561.666,7.226881933,6.009226194920643,13.789881801558668,7.02805366671486,1.2176557380793565
562.1481,6.981448305,5.779778962074009,13.713765690490053,6.7651159818764315,1.2016693429259906
562.6302,6.726011067,5.560727002736928,13.64014101383971,6.512001829198446,1.165284064263072
563.1123,6.463095541,5.3522152881035066,13.569012317735911,6.2688773780753,1.1108802528964938
563.5944,6.225161726,5.154381892871652,13.500383989796392,6.035902810689364,1.0707798331283476
564.0765,6.013253823,4.967357754557652,13.43426025881992,5.813232050533053,1.0458960684423486
564.5587,5.79452646,4.791231060117401,13.370632259587815,5.600969573269161,1.0032953998825995
565.0408,5.579176784,4.626190865668395,13.309530293744206,5.3993440668219375,0.9529859183316054
565.5229,5.386933866,4.472307700779313,13.250944656174076,5.208444025490806,0.9146261652206871
566.005,5.191545625,4.329681775372654,13.194878937483608,5.028395797210651,0.8618638496273459
566.4871,5.007754414,4.198405137196242,13.141336568068137,4.85931825245089,0.8093492768037578
566.9692,4.835324319,4.078561507302874,13.090320817864004,4.701322573695252,0.7567628116971257
567.4514,4.675370658,3.9702048574265163,13.041825001482918,4.5544827724173915,0.705165800573484
567.9335,4.537123931,3.873446774985056,12.995872182130753,4.418954995058881,0.6636771560149439
568.4156,4.416860158,3.7883214961165796,12.952454827274659,4.294794610810894,0.6285386618834208
568.8977,4.287231744,3.7148780932563232,12.911575562700547,4.182080208490742,0.5723536507436764
569.3798,4.195721427,3.653156722343952,12.873236852645332,4.080881840576046,0.5425647046560478
569.8619,4.126633485,3.6031885542548974,12.83744099960966,3.9912608984200357,0.5234449307451028
570.3441,4.04963903,3.5649890237562882,12.804183511237081,3.9132550358309945,0.4846500062437116
570.8262,3.983342869,3.5385870397740806,12.773480160422729,3.8469403730214573,0.4447558292259193
571.3083,3.931652638,3.5239774330560714,12.745325602348597,3.792334345020067,0.4076752049439287
571.7904,3.902914997,3.521155091557252,12.71972149086448,3.749462775686988,0.38175990544274807
572.2725,3.878326529,3.5301058348440053,12.696669317299017,3.7183424515122736,0.3482206941559949
572.7546,3.87276989,3.550806449651036,12.6761704103335,3.698981097689251,0.32196344034896374
573.2368,3.847539068,3.583232679887386,12.658222478792885,3.691377013502735,0.264306388112614
573.7189,3.847182963,3.627329964662926,12.642833970068155,3.6955229506242997,0.21985299833707383
574.201,3.845841619,3.683053885502914,12.630001737151847,3.7113966829021106,0.16278773349708642
574.6831,3.848136688,3.750345792588533,12.619726457044791,3.7389697973024587,0.09779089541146702
575.1652,3.847714187,3.8291384344327666,12.61200864362326,3.7782049603617134,0.018575752567233206
575.6473,3.873949209,3.9193560925412525,12.606848647574434,3.8290559976492773,-0.04540688354125244
576.1295,3.880504824,4.020936967310774,12.604246381979584,3.8914821306554686,-0.14043214331077447
576.6116,3.930555297,4.133746721205229,12.604202950312908,3.9653939031341814,-0.20319142420522907
577.0937,3.982099853,4.257705082674397,12.606717408409219,4.050731005522766,-0.27560522967439693
577.5758,4.053590257,4.392704104688924,12.61178945372622,4.14741301765091,-0.3391138476889246
578.0579,4.120003625,4.538628262284508,12.619418620364574,4.25535131597623,-0.41862463728450816
578.54,4.238982991,4.695354669176176,12.62960427906531,4.374449245926198,-0.4563716781761755
579.0222,4.353114468,4.862789126213906,12.642348545155345,4.504630444161477,-0.509674658213906
579.5043,4.508462231,5.040725248378,12.657645176624015,4.645728750138013,-0.5322630173779999
579.9864,4.663548554,5.22905309386237,12.67549543210074,4.797650436399539,-0.5655045398623697
580.4685,4.84627222,5.427622710669877,12.695898029035344,4.960268709110915,-0.5813504906698768
580.9506,5.048764176,5.636278022782112,12.718851521660389,5.133449796330889,-0.5875138467821124
581.4327,5.236318423,5.854857102842185,12.74435430105067,5.317053191829375,-0.6185386798421852
581.9149,5.458614288,6.083240814165308,12.772410677683089,5.510973179059573,-0.6246265261653079
582.397,5.667760258,6.321161613708567,12.80300707936409,5.714976092532582,-0.6534013557085663
582.8791,5.911761192,6.568488072616117,12.836146962386817,5.928941928806723,-0.6567268806161168
583.3612,6.127290367,6.825037700895516,12.871828065963708,6.152705854951583,-0.6977473338955162
583.8433,6.376677561,7.090623600934115,12.910047966602407,6.386097645731045,-0.7139460399341147
584.3254,6.619429507,7.365054766401524,12.950804078227458,6.628941970725041,-0.7456252594015238
584.8076,6.864846878,7.64819598475299,12.994102894297503,6.881111930422543,-0.7833491067529899
585.2897,7.152500616,7.939731462126936,13.03992354459514,7.142318237872956,-0.7872308461269357
585.7718,7.411831833,8.239517497803412,13.088271672871068,7.412423347968474,-0.8276856648034121
586.2539,7.676513096,8.547349656578783,13.139144044106867,7.691234453069567,-0.8708365605787831
586.736,7.953189411,8.863020895525752,13.19253726146409,7.978555123615225,-0.9098314845257516
587.2181,8.225309935,9.186321860204583,13.248447766468114,8.274185608583227,-0.9610119252045823
587.7003,8.530363757,9.51711053247439,13.306884218342377,8.57798696522291,-0.9867467754743906
588.1824,8.817300088,9.855036574245394,13.367818497810658,8.889627655876598,-1.0377364862453948
588.6645,9.123693038,10.199953278617837,13.431258420819354,9.208961927698903,-1.0762602406178363
589.1466,9.414517271,10.551644938382731,13.497199784357262,9.53577972609214,-1.1371276673827317
589.6287,9.756556604,10.909894959207078,13.565638224849293,9.869869154748725,-1.1533383552070777
590.1108,10.10399896,11.274486129139694,13.636569218401982,10.211016762294793,-1.1704871691396939
590.593,10.45557984,11.64527839781187,13.7100035677737,10.55908070172226,-1.1896985578118695
591.0751,10.82209733,12.02190027142404,13.785905970310612,10.913700850373328,-1.1998029414240392
591.5572,11.20544394,12.404210505578929,13.864286393868168,11.274732243393819,-1.1987665655789286
592.0393,11.59650572,12.791991980889218,13.945139675903185,11.641957976502264,-1.1954862608892185
592.5214,12.01277907,13.185028205465317,14.028460494933778,12.015160944903965,-1.1722491354653162
593.0035,12.3966915,13.583103540949782,14.114243370846031,12.394124095081938,-1.186412040949783
593.4857,12.77931298,13.986087477778511,14.202501222737753,12.778710985945445,-1.206774497778511
593.9678,13.14737272,14.393599548669131,14.293191646846871,13.168545841553833,-1.2462268286691316
594.4499,13.5154479,14.805511027204714,14.386326737669716,13.563492387607305,-1.2900631272047143
594.932,13.89737279,15.221611780620158,14.481900383799829,13.963336142673883,-1.3242389906201577
595.4141,14.28969426,15.641693531489583,14.579906316883587,14.367863819704528,-1.3519992714895839
595.8962,14.66873003,16.065550031413373,14.68033811198752,14.776863529650676,-1.3968200014133725
596.3784,15.06434095,16.49306624149495,14.783210772446314,15.190211125048053,-1.4287252914949509
596.8605,15.45943172,16.923863102506385,14.888474892081188,15.60752661025909,-1.464431382506385
597.3426,15.8720264,17.357829701266887,14.99614466183358,16.028688710520456,-1.4858033012668876
597.8247,16.26367182,17.79476946149444,15.10621303429153,16.453492988377796,-1.5310976414944406
598.3068,16.68363999,18.23448856848174,15.218672807449892,16.88173728900063,-1.550848578481741
598.7889,17.13994385,18.67679608867749,15.333516625137596,17.313221889994363,-1.5368522386774899
599.2711,17.58530163,19.121596560597524,15.450761537986716,17.74784007664622,-1.5362949305975242
599.7532,18.04280921,19.568520617194395,15.57035125231193,18.18521710676301,-1.5257114071943931
600.2353,18.49435916,20.0174786009328,15.692302020442387,18.625251188178954,-1.5231194409328026
600.7174,18.96865343,20.46829212594435,15.816605873982649,19.06775364723091,-1.499638695944352
601.1995,19.43423955,20.92078615666776,15.943254692656163,19.51253885766814,-1.4865466066677584
601.6816,19.89423347,21.374789077059997,16.07224020479191,19.95942433750755,-1.4805556070599977
602.1638,20.35444115,21.830227329735685,16.203581466624165,20.40832411862006,-1.4757861797356853
602.6459,20.78981932,22.286747386291044,16.3372154278485,20.858876046473622,-1.4969280662910442
603.128,21.20907309,22.744282545576066,16.473160362339495,21.31100047175658,-1.5352094555760658
603.6101,21.65643263,23.20267541071044,16.611407397875666,21.7645282937768,-1.5462427807104397
604.0922,22.09769386,23.66177223856018,16.751947513419516,22.219293918267535,-1.564078378560179
604.5743,22.51598743,24.12142296585173,16.894771539661427,22.67513530678594,-1.6054355358517292
605.0565,22.94168598,24.58157668927795,17.03990049208008,23.13198884690696,-1.6398907092779496
605.5386,23.39855444,25.04189987833479,17.187264710338194,23.589510218107105,-1.6433454383347872
606.0207,23.81677618,25.50234899548938,17.336884445317267,24.04764293006933,-1.6855728154893796
606.5028,24.26634855,25.96278883608552,17.48874994022844,24.50623952289837,-1.6964402860855188
606.9849,24.71696446,26.42308791609918,17.642851292877975,24.965156237044138,-1.7061234560991814
607.467,25.14396995,26.883118464142417,17.799178456268624,25.42425302345505,-1.7391485141424177
607.9492,25.61053167,27.342851700366523,17.957754354205473,25.8834887809959,-1.7323200303665232
608.4313,26.06659696,27.801976533835454,18.11850287828942,26.342540391977117,-1.7353795738354556
608.9134,26.5270824,28.260471623098237,18.2814462072727,26.80137418306802,-1.7333892230982357
609.3955,26.97384232,28.7182238764142,18.446573721119872,27.259864940427253,-1.7443815564142007
609.8776,27.44333798,29.175123808132465,18.613874658141583,27.717891131928294,-1.731785828132466
610.3597,27.8695857,29.63106550581589,18.783338115651297,28.175334887297474,-1.7614798058158918
610.8419,28.30691245,30.086040831250635,18.954988870417157,28.63217663531589,-1.7791283812506364
611.324,28.75468974,30.539762181998427,19.128744542983252,29.08811625263324,-1.7850724419984267
611.8061,29.22209038,30.992228604515592,19.30462918634927,29.54314151354196,-1.7701382245155912
612.2882,29.64394772,31.44334808878257,19.48263134057236,29.99714891883536,-1.799400368782571
612.7703,30.08406005,31.893031988772776,19.66273940813835,30.450038475113402,-1.8089719387727747
613.2524,30.49331057,32.34119497317385,19.844941654673377,30.901713653890607,-1.8478844031738504
613.7346,30.9314689,32.787847430405684,20.029264650223745,31.35217462401552,-1.856378530405685
614.2167,31.37996556,33.23272523355166,20.21561993593077,31.801144802686892,-1.8527596735516632
614.6988,31.81596712,33.675845478487595,20.404033381050695,32.24863134224638,-1.8598783584875953
615.1809,32.24159415,34.11713556351087,20.59449271104283,32.69455111489443,-1.8755414135108737
615.663,32.6701231,34.55652592900918,20.786985518201032,33.13882421703459,-1.8864028290091852
616.1451,33.1443089,34.99394999893885,20.981499262418232,33.581373915292325,-1.8496410989388536
616.6273,33.59974475,35.429434218518104,21.17806224314794,34.02221782317949,-1.8296894685181044
617.1094,34.04438284,35.862737165507184,21.37658012801143,34.461102521170254,-1.8183543255071868
617.5915,34.49752076,36.29389137987441,21.57708054029478,34.89805206139513,-1.7963706198744092
618.0736,34.97277519,36.72284161836903,21.779550418085883,35.33300182456559,-1.7500664283690313
618.5557,35.39498449,37.14953531729605,21.983976571026986,35.765890072436726,-1.7545508272960504
619.0378,35.83606657,37.57392253038205,22.190345681131234,36.196657887233236,-1.7378559603820491
619.52,36.23804539,37.9960431597753,22.39868770934556,36.62533778186459,-1.7579977697752938
620.0021,36.662014,38.41567721845652,22.608902669430552,37.051698484932885,-1.7536632184565235
620.4842,37.08250585,38.8328700253173,22.82101987237925,37.47577830053395,-1.7503641753173014
620.9663,37.51597676,39.247581481256,23.035025497994468,37.89752897794586,-1.731604721255998
621.4484,37.91835394,39.659773793540815,23.25090560265721,38.316904777895,-1.7414198535408119
621.9305,38.33943123,40.0694114141954,23.468646120193064,38.733862410345104,-1.729980184195398
622.4127,38.75521255,40.47654514070758,23.688278601241382,39.148446692307814,-1.7213325907075756
622.8948,39.16681985,40.88097486113368,23.909697638651345,39.56044708434945,-1.714155011133677
623.3769,39.60583678,41.28275609884264,24.13293416085544,39.96991350692385,-1.6769193188426428
623.859,40.02773086,41.68186167802105,24.35797362025515,40.376811848734825,-1.654130818021052
624.3411,40.45666519,42.07826636675917,24.58480135114758,40.7811101399794,-1.621601176759171
624.8232,40.91348886,42.47194681876123,24.81340257064,41.18277849202446,-1.558457958761231
625.3054,41.29260283,42.86296231953616,25.043810343538418,41.581871525217906,-1.570359489536159
625.7875,41.71805332,43.25113093913994,25.27591408750363,41.97819780025832,-1.533077619139938
626.2696,42.12654615,43.63651602178892,25.509746274353375,42.37181635804509,-1.5099698717889183
626.7517,42.52763398,44.019101196633294,25.74529166170442,42.76270504395136,-1.4914672166332963
627.2338,42.93419188,44.39887169897175,25.982534894667943,43.150843492490615,-1.464679818971753
627.7159,43.3095978,44.77581431700546,26.2214605068104,43.536213071179084,-1.4662165170054635
628.1981,43.7057418,45.14999464287243,26.462102998026655,43.918875892928135,-1.4442528428724302
628.6802,44.09386479,45.52124721586099,26.704346868737932,44.298657908382914,-1.4273824258609906
629.1623,44.49427698,45.8896410666876,26.94822605647745,44.6756250033741,-1.3953640866876
629.6444,44.87911423,46.255168682158356,27.193724658354363,45.049764933773716,-1.3760544521583569
630.1265,45.24366468,46.61782385028115,27.44082666484169,45.42106692106852,-1.3741591702811462
630.6086,45.62771331,46.97760161294239,27.689515960780753,45.78952160172664,-1.3498883029423894
631.0908,45.98697441,47.334571950116015,27.93982839870557,46.155196515636604,-1.3475975401160127
631.5729,46.34786624,47.68858421421919,28.19164383139639,46.51793331088857,-1.3407179742191886
632.055,46.74415175,48.03971126378924,28.44499758099193,46.87780270641,-1.295559513789243
632.5371,47.09243651,48.38795270380564,28.699873119959467,47.23480051251288,-1.2955161938056392
633.0192,47.4499154,48.73330917197004,28.956253820256496,47.5889237164057,-1.2833937719700401
633.5013,47.81208789,49.07578229757856,29.214122954376638,47.94017043765422,-1.263694407578562
633.9835,48.16941506,49.41544480304666,29.473517641860663,48.28861184703002,-1.2460297430466625
634.4656,48.53545847,49.75215930193334,29.734313368491836,48.6341036779492,-1.2167008319333377
634.9477,48.89023801,50.08600090081228,29.996546756650982,48.976719749536244,-1.1957628908122828
635.4298,49.24408898,50.41697480470694,30.260200691538426,49.316462286248374,-1.1728858247069383
635.9119,49.60324887,50.74508701986858,30.52525796421539,49.653334437670104,-1.1418381498685761
636.394,49.95478755,51.070344318704244,30.791701272688112,49.98734024013894,-1.115556768704245
636.8762,50.31117859,51.39282078700312,31.0595689148861,50.31855297082251,-1.08164219700312
637.3583,50.62803178,51.712390877478015,31.32873230065366,50.646840953866814,-1.0843590974780142
637.8404,50.96596502,52.02913063151631,31.599229265189486,50.97227965023819,-1.063165611516311
638.3225,51.29788876,52.343049554867505,31.871042145230724,51.294876279718736,-1.0451607948675061
638.8046,51.61560027,52.65415775844154,32.14415318997557,51.614638771894484,-1.0385574884415405
639.2867,51.9499494,52.96246592889096,32.41854456220389,51.931575733675714,-1.0125165288909557
639.7689,52.25402054,53.26804838420834,32.69425564683348,52.24576128303333,-1.0140278442083428
640.251,52.5643853,53.570790134805264,32.97115407858493,52.557074976226176,-1.0064048348052665
640.7331,52.87814932,53.87076708838526,33.249278815192014,52.86559271515242,-0.9926177683852586
641.2152,53.19858335,54.16799195808717,33.528611685075504,53.17132550992734,-0.9694086080871713
641.6973,53.49231688,54.46247789875786,33.809134435932656,53.47428489940186,-0.9701610187578638
642.1794,53.79188374,54.754238482643714,34.09082873589199,53.7744829241021,-0.9623547426437113
642.6616,54.08427783,55.043347351870906,34.37373496288755,54.07199351440548,-0.9590695218709087
643.1437,54.41680072,55.32969893380274,34.65771728640962,54.366706241499635,-0.912898213802741
643.6258,54.70533027,55.61336815188695,34.94281569379193,54.65869648030872,-0.9080378818869548
644.1079,54.9935335,55.89437002056533,35.22901154654095,54.94797802427159,-0.9008365205653348
644.59,55.31379426,56.17271986169271,35.516286132455065,55.23456504559683,-0.8589256016927109
645.0721,55.60406094,56.44843328473188,35.8046206668119,55.518472073043554,-0.8443723447318803
645.5543,55.90259926,56.72158254343244,36.09405642423434,55.79977203186674,-0.8189832834324378
646.0364,56.21566308,56.992070475683825,36.384454427250624,56.07836342933345,-0.776407395683826
646.5185,56.51843768,57.25997035950517,36.67585559742318,56.35432035065524,-0.7415326795051698
647.0006,56.81565855,57.52529877033816,36.96824087190949,56.627658543343486,-0.7096402203381587
647.4827,57.1009761,57.78807248222203,37.261591121359174,56.898394011225385,-0.6870963822220304
647.9648,57.38040419,58.048308451878135,37.555887151131145,57.166542996450595,-0.6679042618781352
648.447,57.68261133,58.306076999926724,37.851171034079094,57.43217678463499,-0.6234656699267234
648.9291,57.98609735,58.56128849251269,38.147300971689106,57.69520187028561,-0.5751911425126863
649.4112,58.25659539,58.814014062358126,38.44431872216363,57.95569046282298,-0.5574186723581249
649.8933,58.53420894,59.064271249350476,38.74220484194577,58.21365959044043,-0.5300623093504768
650.3754,58.8251518,59.31207770501671,39.040939828340484,58.46912643902863,-0.4869259050167116
650.8575,59.09839666,59.5574511799128,39.340504120757444,58.722108337805025,-0.45905451991280444
651.3397,59.34626919,59.800459658053,39.640940489918975,58.972674453904474,-0.45419046805299956
651.8218,59.64088494,60.04102026372852,39.94210464909763,59.22073843909258,-0.4001353237285201
652.3039,59.8954645,60.279201619483764,40.244039093557376,59.466370190181415,-0.38373711948376155
652.786,60.12491105,60.51502175562898,40.546724043634015,59.70958747673511,-0.3901107056289774
653.2681,60.40143544,60.74849874562157,40.850139668046815,59.950408147700585,-0.3470633056215675
653.7502,60.64576957,60.979650696225605,41.154266085165666,60.188850120096,-0.33388112622560584
654.2324,60.89104299,61.20854296841038,41.459146661548814,60.42498009386786,-0.3174999784103747
654.7145,61.10484314,61.43509877415719,41.76463496123283,60.658718154578956,-0.33025563415719006
655.1966,61.34006575,61.65938397213468,42.0707741152049,60.890131573634,-0.319318222134676
655.6787,61.54280661,61.88141671200632,42.37754405317334,61.11923843619282,-0.3386101020063208
656.1608,61.74244076,62.101215133486335,42.68492466088709,61.346056845533425,-0.3587743734863338
656.6429,61.96036202,62.318797358791976,42.99289578142405,61.57060491428921,-0.35843533879197764
657.125,62.15784879,62.534181485435674,43.30143721648257,61.79290075606566,-0.3763326954356714
657.6072,62.39187059,62.74742957848827,43.610592896904194,62.013007893410034,-0.3555589884882693
658.0892,62.55542808,62.95842766830509,43.920150037830524,62.230808170225,-0.40299958830509297
658.5714,62.76741995,63.16736884538752,44.23034521287079,62.44650040845992,-0.3999488953875243
659.0535,62.99412513,63.37414038508842,44.54096524012496,62.65996777434289,-0.3800152550884164
659.5356,63.18366816,63.57880371694723,44.85205401088005,62.871273231226326,-0.39513555694722413
660.0177,63.38315053,63.78137665652495,45.16359110583852,63.08043474224047,-0.39822612652494627
660.4999,63.55964497,63.981918327994244,45.475620826012815,63.28751294764287,-0.4222733579942428
660.9819,63.77170227,64.18032228345467,45.787928431208215,63.49239753303894,-0.4086200134546729
661.4641,63.97430309,64.37677077989784,46.10075258006253,63.6952763339401,-0.4024676898978399
661.9462,64.15684358,64.5711584862128,46.41387822731348,63.896040218399335,-0.41431490621279465
662.4283,64.3409614,64.76354378966752,46.727349640484135,64.09474914403286,-0.42258238966752515
662.9104,64.51294795,64.9539440382882,47.041146226493,64.29142070450291,-0.4409960882882018
663.3926,64.70509467,65.14241537070589,47.35531255078372,64.4861125822971,-0.43732070070589657
663.8746,64.86859011,65.32885829854862,47.669632424349395,64.67872170712951,-0.46026818854862483
664.3568,65.04695712,65.51344461200597,47.98434602573764,64.86942527065058,-0.4664874920059674
664.8389,65.18903889,65.69607583003048,48.29923695366627,65.05812126567862,-0.5070369400304742
665.321,65.34353547,65.87680728642155,48.61434974627713,65.24486660649751,-0.5332718164215464
665.8031,65.54513406,66.05565572716961,48.929663684424256,65.42967835586681,-0.5105216671696127
666.2853,65.75882812,66.23267430604531,49.24522349158291,65.61261121529026,-0.47384618604530715
666.7673,65.96905211,66.40776999122917,49.5608120403786,65.79356882441503,-0.43871788122916655
667.2495,66.22571563,66.58110450253352,49.8766704601254,65.97271811178797,-0.35538887253352414
667.7316,66.51255004,66.75258572183643,50.192581504569745,66.14996367819924,-0.24003568183643154
668.2137,66.83899495,66.92226595661026,50.50858987618209,66.32535940155957,-0.08327100661026066
668.6958,67.10069338,67.0901612571584,50.824674777871934,66.49892169857898,0.010532122841595992
669.178,67.36027162,67.25632182759094,51.14088098433652,66.67070230682178,0.10394979240906821
669.66,67.58145223,67.42066064189018,51.45699094301702,66.84061109764637,0.16079158810981653
670.1422,67.71829026,67.58332976288486,51.7732461621485,67.00880514098459,0.13496049711514502
670.6243,67.87410188,67.74424299797974,52.08942906407729,67.17519518204773,0.1298588820202582
671.1064,67.9582726,67.90344968418586,52.40558440888989,67.3398321031551,0.05482291581414245
671.5885,68.06074147,68.06096511479683,52.7216913699607,67.50273159666793,-0.00022364479683290028
672.0707,68.1579945,68.21683660512755,53.03779466624021,67.66394248361347,-0.05884210512755317
672.5527,68.26326353,68.37098273022733,53.35367683471711,67.82338043814515,-0.10771920022732218
673.0349,68.38846478,68.52354631625062,53.66957918933217,67.98119308831221,-0.1350815362506097
673.517,68.49708618,68.67444670263501,53.985284335933216,68.13729690718742,-0.17736052263501279
673.9991,68.63543951,68.8237303327023,54.3008369853372,68.29173984732712,-0.18829082270229947
674.4812,68.78248491,68.97141170671537,54.61621632997378,68.44453682746509,-0.1889267967153785
674.9634,68.93121578,69.11753533054659,54.93146692617033,68.59573382178134,-0.18631955054658533
675.4454,69.09009761,69.26202501614645,55.2463719155459,68.74525192175092,-0.17192740614645174
675.9276,69.26561552,69.4050147724102,55.56117184449909,68.89322973351761,-0.13939925241020035
676.4097,69.40869141,69.54642911610571,55.87565001741468,69.03958908294405,-0.13773770610571034
676.8918,69.54243369,69.68631168825084,56.189850989033324,69.18437507659338,-0.14387799825084358
677.3739,69.7113705,69.8246761796095,56.50375401949897,69.32760183288262,-0.11330567960949622
677.8561,69.87061453,69.96156437869055,56.8174033959829,69.46931256460704,-0.09094984869055622
678.3381,70.00740083,70.09690500600311,57.13058337896888,69.60943343341046,-0.08950417600311766
678.8203,70.17199606,70.23082366574181,57.443533175374796,69.74809443981216,-0.05882760574181134
679.3024,70.32065373,70.363249731634,57.756037302089574,69.88522242406793,-0.042596001633995684
679.7845,70.46803791,70.49422414337766,58.068140051300645,70.02085974276598,-0.026186233377657686
680.2666,70.59527881,70.6237597806566,58.37982079948258,70.15501970466626,-0.028480970656602267
680.7488,70.73924603,70.75189581484437,58.69112345871429,70.28774285720885,-0.012649784844370515
681.2308,70.8777048,70.87856557836966,59.001833920527105,70.41896011891679,-0.0008607783696561455
681.713,71.0200073,71.00388667197294,59.31218948307044,70.54879329201967,0.016120628027067596
682.1951,71.14787877,71.12779303642924,59.621976387433605,70.6771739252578,0.020085733570766706
682.6772,71.31366869,71.25032301674324,59.93123855735669,70.80414172899333,0.06334567325676232
683.1593,71.43278425,71.37148869106653,60.23995553410658,70.92970920609834,0.061295558933466054
683.6415,71.5756559,71.49132671841409,60.5481707495794,71.0539143411371,0.08432918158591463
684.1235,71.70154371,71.60977477463521,60.85567223528605,71.17669252622555,0.09176893536478303
684.6057,71.82572756,71.72694284370684,61.16269481530817,71.29815775980852,0.09878471629316721
685.0878,71.97334614,71.84276917064415,61.469026963164076,71.41824602205878,0.1305769693558574
685.5699,72.07913476,71.95728961494228,61.77471212908278,71.53699448504793,0.12184514505771915
686.052,72.20773138,72.07051547088946,62.07973006731906,71.65441485923257,0.13721590911053738
686.5342,72.31315043,72.18248099166883,62.38412362559179,71.77054267200863,0.13066943833116795
687.0162,72.4129968,72.29312795311176,62.687683479877464,71.88531753246353,0.11986884688823807
687.4984,72.50591289,72.40255909229259,62.990641420210565,71.99884601415015,0.10335379770741326
687.9805,72.60694371,72.51071671985818,63.292788656103355,72.11106827733221,0.09622699014181535
688.4626,72.67808042,72.61763431915941,63.594168060292056,72.22201906516236,0.06044610084059343
688.9447,72.79695941,72.72332242402109,63.89475964783657,72.33170931614225,0.07363698597890789
689.4269,72.86716656,72.82781298792412,64.19460557962552,72.44017220694411,0.03935357207588197
689.9089,72.97362085,72.93105166564314,64.49349967495394,72.54735133078641,0.0425691843568643
690.3911,73.07036783,73.03313429887262,64.79167013647279,72.65334619770049,0.037233531127370156
690.8732,73.14914358,73.13400704696863,65.08891140740346,72.75810091968953,0.015136533031366639
691.3553,73.25878951,73.23370112487953,65.38526568033535,72.86164791968893,0.02508838512046907
691.8374,73.35877266,73.33222633321421,65.68071327846056,72.96399738954317,0.026546326785791052
692.3196,73.44621954,73.42961242986163,65.97529557477294,73.06518026048457,0.016607110138366465
692.8016,73.53662871,73.52580874760037,66.26881002392629,73.1651438983117,0.010819962399637006
693.2838,73.62555886,73.62090456502025,66.56148069580452,73.26398109216017,0.004654294979744122
693.7659,73.71744442,73.71484969277176,66.85310575802812,73.36163969805301,0.0025947272282422773
694.248,73.81628454,73.80767318217576,67.143726621958,73.45814992515605,0.008611357824236165
694.7301,73.8863586,73.8993841302458,67.43332396564588,73.5535212471017,-0.013025530245812433
695.2123,73.99319017,73.99001020016684,67.7219382749532,73.64778245238222,0.0031799698331695936
695.6943,74.07656853,74.07950421989315,68.00937112395627,73.74088448696043,-0.002935689893149629
696.1765,74.17673386,74.16794921748826,68.2958419136366,73.83291374226773,0.008784642511741936
696.6586,74.25323709,74.25529847510279,68.58115301851586,73.92382162921953,-0.0020613851027917462
697.1407,74.35641229,74.34157898125821,68.86534496945765,74.0136362462339,0.014833308741785345
697.6228,74.42460241,74.4267991602245,69.1483988453905,74.10236637900681,-0.0021967502244990555
698.105,74.50532272,74.51098467727911,69.43035414787227,74.19003877236297,-0.005661957279116336
698.587,74.59155051,74.59409168911105,69.71101704533903,74.27660777728451,-0.0025411791110485638
699.0692,74.67175084,74.67619726604093,69.99060174425767,74.36215369097594,-0.004446426040928486
699.5513,74.72513851,74.75725799790544,70.26891529921939,74.446631306937,-0.032119487905447386
700.0334,74.79956826,74.83729890661886,70.5459972633717,74.53006671159324,-0.03773064661885428
700.5155,74.85932476,74.91632777491205,70.82182916171968,74.61246803379461,-0.057003014912041294
700.9977,74.93071539,74.99436836225468,71.09644941664433,74.69386006939955,-0.06365297225467259
701.4797,74.99686295,75.07138000252041,71.36966925562038,74.77420041491824,-0.07451705252042018
701.9619,75.07300912,75.1474340814384,71.64169717676779,74.8535635571198,-0.07442496143841026
702.444,75.12454004,75.22249034727102,71.9123453774524,74.93190751506025,-0.09795030727102016
702.9261,75.21339688,75.2965719464163,72.18165233817122,75.00925645707925,-0.08317506641628825
703.4082,75.27646147,75.36968605096001,72.44960007427962,75.08561788630938,-0.09322458096001185
703.8904,75.36652745,75.44185460156379,72.71622583663486,75.16101473946492,-0.07532715156378345
704.3724,75.44791051,75.51303997132683,72.98134636506177,75.23540771334248,-0.0651294613268334
704.8546,75.55153896,75.58330811525857,73.2451639485097,75.30886574863698,-0.03176915525857282
705.3367,75.62102402,75.65262180409732,73.50749637825558,75.38134994687134,-0.03159778409732894
705.8188,75.7053622,75.72100239442457,73.76838096972268,75.45288264697689,-0.015640194424577203
706.3009,75.76925034,75.78845647776731,74.02780027186027,75.52347075695182,-0.019206137767312725
706.7831,75.85228112,75.85500425763738,74.28579027440438,75.59313543898382,-0.0027231376373748617
707.2651,75.93285839,75.92061102085697,74.54217367038513,75.66184035794156,0.012247369143040032
707.7473,75.98312095,75.98533752679376,74.79714605297008,75.7296491537943,-0.0022165767937565306
708.2294,76.03801599,76.04914944493595,75.05053124583281,75.7965258802125,-0.011133454935944087
708.7115,76.08166086,76.11206642220202,75.30236530963319,75.86249112994167,-0.030405562202020064
709.1936,76.14549383,76.17409449847571,75.55263136902433,75.92755124545086,-0.028600668475704083
709.6758,76.17668279,76.2352522163115,75.8013640659889,75.99172569362894,-0.05856942631149309
710.1578,76.23756393,76.29550766222067,76.04839247410166,76.05498098716319,-0.05794373222067861
710.64,76.26608279,76.35491661678648,76.29390501952174,76.1173756921645,-0.08883382678648388
711.1221,76.34599589,76.41344753579534,76.53773198309761,76.17887669587756,-0.06745164579534446
711.6042,76.41034686,76.4711184310539,76.77990808398678,76.2395029225238,-0.060771571053891194
712.0863,76.46605258,76.52793481828922,77.02041706342143,76.29926017735654,-0.06188223828922901
712.5685,76.5231978,76.58391364979244,77.25929213217395,76.35816630572525,-0.060715849792430276
713.0505,76.58074197,76.63902570833358,77.49636915715453,76.41619055891313,-0.05828373833357148
713.5327,76.64950037,76.69332199497521,77.73182894281166,76.47338663815886,-0.043821624975208806
714.0148,76.70502238,76.74677364979209,77.96550863721316,76.52972415656,-0.04175126979208699
714.4969,76.76444931,76.7993971184481,78.19744153443534,76.58522044189567,-0.034947808448094975
714.979,76.80328119,76.85119741839188,78.42761203183113,76.63988078900594,-0.04791622839186971
715.4612,76.84976996,76.9021899768816,78.65605182888442,76.69372148999152,-0.05242001688159803
715.9432,76.93687976,76.95234817936259,78.88260398308151,76.7467144357246,-0.015468419362591135
716.4254,76.96686035,77.00171842969894,79.10744124008653,76.79890865431963,-0.034858079698935285
716.9075,77.01464143,77.05027445995611,79.33040800950096,76.85027638707238,-0.0356330299561165
717.3896,77.07183883,77.09803121311523,79.55153608010545,76.9008334318681,-0.0261923831152302
717.8717,77.1446698,77.14499323250132,79.77081054348557,76.95058459827641,-0.00032343250131816603
718.3539,77.19933133,77.19117448018613,79.98826151133144,76.99954468802892,0.008156849813872213
718.8359,77.24945078,77.23655085989253,80.2037396124295,77.04768814208316,0.012899920107471985
719.3181,77.30529009,77.2811643443232,80.41740911527856,77.09505949059616,0.02412574567679826
719.8002,77.36176418,77.32499117430913,80.62912206863814,77.14163351478564,0.03677300569086128
720.2823,77.39553554,77.36804484821008,80.83890867933675,77.18742454375013,0.027490691789921584
720.7644,77.45593826,77.41032945759,81.04675476978196,77.2324369251795,0.045608802410001203
721.2466,77.48041459,77.45185755391086,81.25268879112633,77.27668402800263,0.028557036089139842
721.7286,77.52166854,77.49260748338031,81.45656930673016,77.32014276263715,0.029061056619681835
722.2108,77.57258488,77.53261693793789,81.65855170926432,77.36285332052313,0.03996794206210552
722.6929,77.59743626,77.57186459246577,81.85849604665424,77.4047929432989,0.025571667534222797
723.175,77.6068937,77.61036255349964,82.05643087086645,77.44597454706467,-0.003468853499640545
723.6571,77.63963173,77.64811448138045,82.2523427701071,77.486402039219,-0.0084827513804413
724.1393,77.67519812,77.68513156640046,82.44625846618675,77.52608740826435,-0.009933446400452794
724.6213,77.69399859,77.72139452955693,82.63804480197021,77.56500996178559,-0.027395939556924986
725.1035,77.73865282,77.7569369174085,82.8278479163364,77.60320569645788,-0.01828409740849679
725.5856,77.77227906,77.79173977219313,83.01553619788123,77.64065424308328,-0.01946071219312273
726.0677,77.80196892,77.82581385630462,83.2011364747249,77.67736715537701,-0.02384493630462714
726.5498,77.83176416,77.85916241756749,83.38463613414936,77.7133479202119,-0.027398257567483597
727.032,77.8492087,77.89179532955251,83.56606010392761,77.74860719299107,-0.042586629552502586
727.514,77.88020835,77.9236956280078,83.7452838321638,77.78312661402809,-0.04348727800780239
727.9962,77.90723184,77.95489283506532,83.92244384761233,77.81693811450633,-0.04766099506532839
728.4783,77.93373877,77.98537030121403,84.09741720169677,77.85002365091687,-0.05163153121402786
728.9604,77.97089332,78.0151374874275,84.27022893380172,77.8823934601802,-0.04424416742749315
729.4425,78.01811326,78.04419724590173,84.44086726177872,77.91405062658946,-0.026083985901721007
729.9247,78.03769244,78.07255817309098,84.60935525893791,77.94500451487426,-0.03486573309098162
730.4067,78.06176132,78.10020556672598,84.77557728434934,77.97523904107561,-0.03844424672597313
730.8889,78.10337932,78.12716503159061,84.93965992283003,78.00478218605497,-0.023785711590605274
731.371,78.10350968,78.15342217453613,85.10148919063627,78.03361817589419,-0.049912494536130225
731.8531,78.12500552,78.1789851930325,85.26108827778299,78.06175597144319,-0.05397967303250084
732.3352,78.16625832,78.20385655874139,85.41844626232378,78.0891982705609,-0.03759823874139556
732.8174,78.17981104,78.22804362591006,85.57358430710028,78.11595318497761,-0.04823258591005697
733.2994,78.21572076,78.25153390842144,85.72639596710127,78.1420068565357,-0.03581314842143968
733.7816,78.23531943,78.2743491874217,85.87699757274731,78.16738341737523,-0.03902975742170156
734.2637,78.26966728,78.29647728112815,86.02528438622261,78.19206931409555,-0.02681000112815468
734.7458,78.28485169,78.31792515676966,86.17127769194559,78.21607226748861,-0.033073466769664606
735.2279,78.32123897,78.33869491880773,86.31496745586577,78.2393946033539,-0.017455948807736377
735.7101,78.34051764,78.35879270963883,86.45637287891128,78.26204321349084,-0.01827506963883252
736.1921,78.36571463,78.37820822011932,86.59539697544844,78.28400642237978,-0.01249359011931972
736.6743,78.38584981,78.39695948856087,86.73214553517911,78.30530460196027,-0.011109678560870861
737.1564,78.42387703,78.41503650616568,86.86652332568917,78.325926376997,0.008840523834322767
737.6385,78.43467815,78.43244503867311,86.99854967412094,78.34587825967313,0.002233111326887638
738.1206,78.46530378,78.44918683495743,87.12821546000418,78.36516221636975,0.016116945042568886
738.6028,78.48531351,78.46526685150039,87.25553787559915,78.38378394755769,0.020046658499609293
739.0848,78.50630441,78.48067692336207,87.38042963594205,78.40173392368678,0.02562748663793002
739.567,78.51664605,78.49543141432846,87.50298572855885,78.41902883237935,0.021214635671540805
740.0491,78.52172283,78.50952245658479,87.6231206636264,78.43565944067457,0.01220037341521163
740.5312,78.56403787,78.52295463875416,87.74085176400868,78.45163107917256,0.04108323124584956
741.0133,78.55551065,78.5357293640566,87.85617084642362,78.466945365783,0.019781285943395233
741.4955,78.58449985,78.54785042469786,87.9690930525179,78.48160683391438,0.03664942530214432
741.9775,78.57426409,78.55931177337806,88.07954101650222,78.49560806958604,0.01495231662194385
742.4597,78.59107982,78.57012415553504,88.18759868780543,78.50896213974227,0.020955664464963775
742.9418,78.58752662,78.58028181851768,88.29319053348777,78.52166192404754,0.0072448014823294216
743.424,78.62626402,78.58979009833061,88.39635296939085,78.53371402631302,0.03647392166938346
743.906,78.629364,78.59864434768872,88.49701535250387,78.54511242908234,0.03071965231127649
744.3882,78.65102668,78.606852925119,88.59525415521631,78.55586781493929,0.04417375488100106
744.8702,78.64889962,78.61440997605561,88.69098098659819,78.56597242909015,0.03448964394438292
745.3524,78.67274687,78.62132267194795,88.78426854820853,78.57543576954026,0.05142419805204668
745.8345,78.68467846,78.62758735551162,88.87505145482561,78.5842528049899,0.05709110448837862
746.3167,78.71348986,78.63320741592219,88.96336095408631,78.59242819567295,0.0802824440778096
746.7987,78.70996178,78.63818029261665,89.0491366341659,78.59995800247172,0.07178148738334755
747.2809,78.72152031,78.6425107932736,89.13244359453628,78.60684936706024,0.07900951672640133
747.7629,78.73894163,78.64619595162321,89.2132068142792,78.61309741078087,0.0927456783767866
748.2451,78.74376714,78.6492393979315,89.29148756401293,78.61870810283324,0.09452774206850734
748.7272,78.72736298,78.65163955638027,89.36723077310336,78.6236784832763,0.07572342361972062
749.2094,78.78103178,78.65339788651573,89.44046244265778,78.62801129011577,0.12763389348427268
749.6914,78.77793833,78.65451390376461,89.5111325471311,78.6317046480655,0.1234244262353883
750.1736,78.76631731,78.65498889018056,89.57929464808458,78.63476219042474,0.11132841981944352
750.6556,78.76522675,78.65482275369598,89.64488728756942,78.63718189521722,0.1104039963040151
751.1378,78.77790603,78.65401560485714,89.70796014938463,78.63896623160848,0.12389042514286075
751.6199,78.77225359,78.65256794121521,89.76846861993539,78.64011429913883,0.11968564878479526
752.1021,78.77221282,78.65047930348095,89.8264333879994,78.64062692851851,0.1217335165190434
752.5841,78.75995448,78.6477512781016,89.88181494478897,78.64050429953542,0.11220320189841004
753.0663,78.74646088,78.64438163550363,89.93465517644668,78.63974655842283,0.10207924449636607
753.5483,78.72895453,78.64037315190129,89.98490634876765,78.63835452858204,0.08858137809870925
754.0305,78.72644331,78.63572242840945,90.03260643047358,78.63632719675081,0.09072088159054204
754.5126,78.71221408,78.63043203359342,90.07772138264653,78.633665715791,0.08178204640657327
754.9948,78.68290532,78.62449959380754,90.1202665286398,78.63036901774204,0.058405726192461316
755.4768,78.67098704,78.61792876726832,90.16021298191691,78.62643933439062,0.053058272731675515
755.959,78.68257678,78.61071381567953,90.19759084356369,78.62187333515142,0.07186296432047357
756.441,78.6501129,78.60286038573037,90.23236623125217,78.61667468556196,0.04725251426962984
756.9232,78.64899919,78.59436156833209,90.26456529835292,78.6108388965199,0.054637621667907865
757.4053,78.63964662,78.58522200642128,90.29416467310904,78.60436917371607,0.05442461357871764
757.8875,78.62650199,78.57543741022582,90.32117427321134,78.59726255291666,0.05106457977417733
758.3695,78.61299127,78.5650135161828,90.34557591457289,78.58952332048102,0.04797775381719305
758.8517,78.58140839,78.5539410691704,90.36738783177535,78.58114466830519,0.027467320829600794
759.3337,78.56900754,78.54222859663841,90.38659008947607,78.5721331088374,0.0267789433615917
759.8159,78.5618607,78.52986566753393,90.40319695370357,78.56248067280434,0.03199503246607094
760.298,78.55044967,78.51685900823236,90.41719578691101,78.55219262388044,0.033590661767647134
760.7802,78.53005278,78.50320240485715,90.4285910738675,78.5412640977856,0.02685037514285682
761.2622,78.49878541,78.48890368423571,90.4373753875852,78.52970144366918,0.009881725764287808
761.7444,78.49789476,78.47395005534989,90.4435550431389,78.51749436433113,0.023944704650105564
762.2264,78.4722634,78.45835294480955,90.44712411395003,78.50465223191416,0.013910455190455195
762.7086,78.48303149,78.44209837687183,90.44808493522828,78.49116358177825,0.040933113128176046
763.1907,78.45828311,78.42519517616043,90.44643564502971,78.4770357463924,0.03308793383956754
763.6729,78.4419816,78.40763519052555,90.44217528101024,78.46226195151978,0.03434640947445189
764.1549,78.42153278,78.3894283551183,90.4353072021903,78.44685062298484,0.03210442488170884
764.6371,78.41258944,78.37055831297977,90.42582577976685,78.4307879520602,0.04203112702023759
765.1191,78.40653916,78.3510394164561,90.41373912414568,78.41408619141068,0.055499743543890645
765.6013,78.37406518,78.33085411140382,90.39903762492045,78.39673035497775,0.04321106859617885
766.0834,78.39554691,78.31001334130579,90.38173021132405,78.37872986053145,0.0855335686942027
766.5656,78.37867882,78.28850699537492,90.36181047283614,78.36007600783951,0.09017182462508799
767.0476,78.33852708,78.26634714085839,90.33929255752,78.34077931900934,0.0721799391416198
767.5298,78.33024878,78.24351381379097,90.31415889707591,78.32082244048082,0.0867349662090362
768.0118,78.30967003,78.22002432711014,90.28643163340635,78.3002205343862,0.08964570288986806
768.494,78.28761602,78.19585750351482,90.25608922446827,78.27895505630683,0.09175851648518574
768.9761,78.24955642,78.17102643184992,90.22315138032485,78.25703753158524,0.0785299881500805
769.4583,78.23582511,78.14551901610645,90.18760625437238,78.23445731181363,0.09030609389354538
769.9403,78.21260307,78.11934948534514,90.14947876080606,78.21122704079744,0.09325358465486033
770.4225,78.17192834,78.09249421641834,90.1087394250132,78.18732577590204,0.07943412358164892
770.9045,78.08899019,78.064973526134,90.06542438112768,78.16277162590583,0.024016663866007093
771.3867,78.09700438,78.03676255812672,90.01950019825401,78.13754244012196,0.060241821873276535
771.8688,78.06889327,78.00787657912218,89.97099733097821,78.11165187960191,0.061016690877821134
772.351,78.04366653,77.97830147503748,89.9198985218591,78.08508731940785,0.06536505496251266
772.833,78.01320894,77.94805367254955,89.86623940235535,78.05786355638097,0.06515526745045008
773.3152,78.00508698,77.9171058259129,89.80997865351154,78.02995600353111,0.08798115408710316
773.7972,77.96343668,77.88548130769564,89.75116632865917,78.00138576185147,0.07795537230435912
774.2794,77.95814725,77.8531515152722,89.68975717959981,77.97212701539723,0.10499573472779389
774.7615,77.92241473,77.82013393193753,89.62579234319412,77.94219559506084,0.10228079806246626
775.2437,77.86960989,77.78641238635493,89.5592491895278,77.91157686479461,0.08319750364508138
775.7257,77.84035106,77.75200554487483,89.49017399254814,77.8802878118822,0.08834551512516953
776.2079,77.82785516,77.71688226433594,89.41851367962701,77.84830013851769,0.11097289566406232
776.6899,77.76967498,77.68106903379748,89.3443321165816,77.81563799206576,0.08860594620252016
777.1721,77.72842513,77.64453342571213,89.26757233811546,77.78227182109937,0.08389170428787907
777.6542,77.68049099,77.60729518499286,89.18828607525839,77.74821966664462,0.0731958050071313
778.1364,77.62571528,77.56933603746347,89.10644537703834,77.71346484066929,0.056379242536522156
778.6184,77.56841739,77.53067693766764,89.02210705932262,77.67802656455635,0.03774045233235768
779.1006,77.52420376,77.49128285860922,88.93520641502491,77.64187275186804,0.03292090139078141
779.5826,77.46087238,77.45118347568638,88.84582098222802,77.6050306593281,0.009688904313620128
780.0648,77.4371255,77.41034244609571,88.75388220722078,77.56746691838148,0.026783053904281928
780.5469,77.41011625,77.36878182800271,88.65945230138215,77.52920182683891,0.041334421997291315
781.0291,77.36323017,77.32648119231223,88.56249805705158,77.49021659743296,0.03674897768776475
781.5111,77.34337962,77.28346383698513,88.46308670582658,77.45053273576737,0.05991578301485845
781.9933,77.29475029,77.23969075294511,88.36114205369921,77.4101142773932,0.05505953705488764
782.4753,77.27032411,77.19519488121603,88.25675513753956,77.36899166049828,0.07512922878397887
782.9575,77.24212937,77.14993586149626,88.14984597213609,77.3271276061148,0.09219350850374042
783.4396,77.21513117,77.10393812368775,88.04048710988843,77.28454472208266,0.11119304631225191
783.9218,77.17939273,77.05717902510773,87.9286401636405,77.24122206817937,0.12221370489227468
784.4038,77.13770238,77.00968426934483,87.81438262914597,77.19718349106742,0.12801811065516233
784.886,77.10977545,76.96141075491991,87.69762700103902,77.15238904710861,0.14836469508009031
785.368,77.07721451,76.91239477757969,87.57847760857197,77.10687243751129,0.16481973242031245
785.8502,76.99962905,76.86259184511698,87.45684321986292,77.06059236772779,0.13703720488301485
786.3323,76.98279514,76.81202882480895,87.33280656376232,77.01357381573783,0.17076631519104524
786.8145,76.94145808,76.76068079502872,87.20632416347416,76.96579362807633,0.18077728497128476
787.2965,76.89205937,76.70857593451365,87.07748360224522,76.91727805630985,0.1834834354863517
787.7787,76.84768365,76.65566692671246,86.94618626658354,76.86798306437564,0.19201672328753716
788.2607,76.78549454,76.60199352142621,86.81254953920165,76.81794570789445,0.18350101857379286
788.7429,76.7494479,76.54750696769554,86.67647115390855,76.76712055942329,0.20194093230446697
789.225,76.68645546,76.49223664331606,86.5380438265228,76.71553503437387,0.19421881668394292
789.7072,76.5885752,76.43615527557742,86.39721909293402,76.66316369908239,0.15241992442257413
790.1892,76.54586187,76.37929359556571,86.254094422489,76.61003528120655,0.16656827443428313
790.6714,76.48143767,76.3215999363623,86.10856032403879,76.55610152669024,0.15983773363770126
791.1534,76.43872016,76.2631176118654,85.96074696280687,76.50140294722918,0.17560254813460574
791.6356,76.37280148,76.20379347279683,85.81054127773496,76.44588985274278,0.16900800720317477
792.1177,76.3143708,76.14365948851545,85.65804575760222,76.38959217090768,0.17071131148455265
792.5999,76.24044757,76.08268595621985,85.50320706555678,76.33248211414055,0.15776161378015274
793.0819,76.18785247,76.02090624464253,85.34613233133899,76.27459096509769,0.16694622535746362
793.5641,76.14396016,75.95826418829412,85.18670144335505,76.2158661135437,0.1856959717058828
794.0461,76.08610675,75.89480678646052,85.0250570469297,76.15635163967279,0.1912999635394783
794.5283,76.02790567,75.83047633897712,84.86107555214133,76.09599344831166,0.19742933102287452
795.0104,75.99608996,75.76530749616333,84.69486898264643,76.03482406218424,0.23078246383667533
795.4926,75.9241235,75.69926803918426,84.526379255418,75.97281325921774,0.22485546081573204
795.9746,75.87621951,75.6323940682864,84.35572291104793,75.9099949641242,0.24382544171359655
796.4568,75.83657717,75.5646247580247,84.18276950088972,75.84631205940113,0.27195241197529185
796.9388,75.77631351,75.4960109262093,84.00767381714456,75.78181231747499,0.28030258379070006
797.421,75.70861367,75.42649015595381,83.83030203300962,75.71643708262992,0.28212351404619085
797.9031,75.64256696,75.35609987679553,83.65077544536751,75.65022156383064,0.2864670832044709
798.3853,75.58153396,75.28480526095231,83.46903136329189,75.58313301703227,0.2967286990476907
798.8673,75.521621,75.2126452431526,83.28519546538544,75.51520810469303,0.30897575684740275
799.3495,75.45187232,75.13955416317958,83.09912727489308,75.44638503778097,0.3123181568204245
799.8315,75.3852542,75.0655868030143,82.91099336757404,75.37671541661045,0.31966739698570734
800.3137,75.29325073,74.99067584970635,82.72064999705506,75.30613585621242,0.30257488029364765
800.7958,75.23230079,74.91486161969945,82.52822744879137,75.23468435191737,0.31743917030054547
801.278,75.16328887,74.83810657638534,82.33365857363077,75.16232554328136,0.32518229361465956
801.76,75.07516523,74.76045260163755,82.13707789264038,75.08909893537592,0.31471262836244307
802.2422,74.99378052,74.68182901201027,81.9383352347607,75.01493788995545,0.3119515079897326
802.7242,74.89812836,74.602294712547,81.73760856669372,74.93989798347845,0.29583364745299434
803.2064,74.81860694,74.52177730119146,81.5347445644218,74.86391091951704,0.2968296388085321
803.6885,74.74552948,74.44032009905581,81.32988219494192,74.78701758940822,0.30520938094419137
804.1707,74.64748241,74.35788275392335,81.12295001160294,74.70917991495122,0.2895996560766463
804.6527,74.56783178,74.27451021784032,80.91409106033637,74.6304403584841,0.2933215621596901
805.1349,74.50093723,74.19012658188166,80.70314583368844,74.55072724123804,0.31081064811834835
805.6169,74.4260359,74.10479504710156,80.49030326826045,74.47010027742267,0.3212408528984412
806.0991,74.36357478,74.01843791547088,80.27540082815662,74.38848606326512,0.34513686452910974
806.5812,74.2616115,73.93110164132477,80.05858583318658,74.30592850592298,0.330509858675228
807.0634,74.1969659,73.84274294329381,79.83978271061125,74.2223867012238,0.354222956706181
807.5454,74.11690228,73.75340997773404,79.61914269227901,74.13790619389356,0.36349230226596774
808.0276,74.03853978,73.66302139413267,79.39649731554093,74.05241005956604,0.37551838586732345
808.5096,73.95860164,73.57164487745297,79.17204603836814,73.96596232598719,0.3869567625470296
808.9918,73.88502147,73.4791972129695,78.94561750175717,73.87848427236034,0.4058242570305026
809.4739,73.81024098,73.38572812839328,78.71736702863703,73.79002295238567,0.42451285160672114
809.9561,73.73415176,73.29119129313526,78.48721510187784,73.70053452100301,0.4429604668647471
810.4381,73.66123089,73.19563821394269,78.2553207797105,73.6100677416791,0.46559267605731236
810.9203,73.5626599,73.09898186879755,78.02150704790313,73.5185402255615,0.46367803120244844
811.4023,73.46714087,73.00129463040085,77.78598341079288,73.42602050480606,0.46584623959914495
811.8845,73.39145271,72.90248753284669,77.5485700971469,73.33242431810827,0.4889651771533039
812.3666,73.27842025,72.80261372987496,77.30943006314493,73.23780200816473,0.4758065201250332
812.8488,73.17932507,72.7016237154536,77.06848003882482,73.14210666766934,0.4777013545464115
813.3308,73.06485263,72.59957250567797,76.82588652949138,73.04539042726557,0.46528012432203525
813.813,72.98230229,72.4963671634996,76.58146439442166,72.94756520098451,0.48593512650040793
814.295,72.86941874,72.3920849701903,76.33543268391965,72.84870423235186,0.47733376980970377
814.7772,72.73957199,72.28663096067905,76.08760364655672,72.74871748238667,0.4529410293209537
815.2593,72.65274625,72.18006188089635,75.83814748255924,72.64765873788835,0.47268436910366063
815.7415,72.53135401,72.07232491751185,75.58697737010107,72.54547790189687,0.4590290924881515
816.2235,72.40081821,71.96347876884133,75.33426686334408,72.44223063370255,0.4373394411586702
816.7057,72.30970149,71.85342432606808,75.07982314065413,72.33782290407892,0.4562771639319152
817.1877,72.20477952,71.74224401804628,74.82387427365356,72.2323328920613,0.46253550195372384
817.6699,72.09361132,71.62983661952748,74.56622498289809,72.12566453043314,0.4637747004725128
818.152,71.9971604,71.51626264942797,74.30705230501042,72.01787521888538,0.48089775057202644
818.6342,71.88801541,71.40146585035566,74.04626607620429,71.90891153790248,0.486549559644331
819.1162,71.77960337,71.2855087907914,73.78404648328595,71.79883285098714,0.4940945792086069
819.5984,71.67546054,71.16828592084391,73.52019348873398,71.68753892643916,0.5071746191560891
820.0804,71.56851691,71.04988507541856,73.25494363780035,71.57511312131626,0.5186318345814414
820.5626,71.44412356,70.93019849578829,72.98809459428895,71.4614530767317,0.5139250642117048
821.0447,71.36701157,70.80929067054046,72.71982980606225,71.34661998888798,0.5577208994595395
821.5269,71.23111072,70.68710175751437,72.45005598571191,71.23055697808218,0.5440089624856341
822.0089,71.10799663,70.56369839966115,72.17895951944199,71.1133273028711,0.5442982303388533
822.4911,70.99746793,70.4389683250933,71.90633363721548,70.99482425748307,0.5584996049067001
822.9731,70.85764326,70.31300505408194,71.63242278845448,70.87513663918384,0.5446382059180621
823.4553,70.74615352,70.18569400990347,71.35701806944547,70.75415552189945,0.5604595100965213
823.9374,70.59353944,70.05710386478967,71.08030889761183,70.63194609807702,0.5364355752103336
824.4196,70.48746626,69.92717104842208,70.80219908817426,70.50844788647836,0.5602952115779232
824.9016,70.34672324,69.79596650031837,70.52288077746083,70.38372824814581,0.5507567396816313
825.3838,70.22738835,69.66337093539306,70.24214096349027,70.257673720273,0.564017414606937
825.8658,70.09322613,69.52948386094528,69.96023140995433,70.13037882360149,0.5637422690547282
826.348,69.95116875,69.39418358800168,69.67693715166439,70.00172777841055,0.5569851619983126
826.8301,69.80964092,69.25754320525331,69.3924531184337,69.87178999066381,0.5520977147466937
827.3123,69.71218128,69.11949526977085,69.10668046173043,69.74050123384461,0.5926860102291442
827.7943,69.5544983,68.98011525910925,68.8198166037552,69.60793319695941,0.5743830408907513
828.2765,69.42392001,68.83927657530683,68.53164282716233,69.47396536725162,0.5846434346931773
828.7585,69.29076807,68.6970850383166,68.24241760095413,69.33869829481213,0.5936830316833976
829.2407,69.16612092,68.55341154490776,67.9519204201083,69.20200905043511,0.612709375092237
829.7228,69.0201758,68.4083338536071,67.66035125523538,69.06397148999514,0.6118419463929001
830.205,68.88992894,68.2617805054036,67.36760883447306,68.92451749724769,0.6281484345963975
830.687,68.73957213,68.11383177848128,67.07389538775766,68.78372333430315,0.625740351518715
831.1692,68.5914613,67.9643534562195,66.77898701372585,68.64146113748474,0.6271078437805073
831.6512,68.43869639,67.81345802253949,66.48314826011097,68.49783781634756,0.6252383674605113
832.1334,68.29946575,67.66100865277636,66.18615361804527,68.35272298906656,0.6384570972236361
832.6155,68.16069467,67.50708805112666,65.88820761403512,68.20619521869473,0.65360661887334
833.0977,68.02281146,67.35162060256283,65.589206799527,68.05818235623727,0.6711908574371677
833.5797,67.8711563,67.19469167152897,65.28935772129962,67.90876550348577,0.6764646284710238
834.0619,67.68531445,67.03615911390989,64.98843183880815,67.75780913930417,0.6491553360901179
834.5439,67.56059175,66.87614245642541,64.68669913580305,67.6054268888143,0.6844492935745876
835.0261,67.38607287,66.71449684393784,64.38392964860974,67.4514806098468,0.6715760260621693
835.5082,67.25189834,66.55131022668337,64.08033196257003,67.29605385270335,0.700588113316627
835.9904,67.07507233,66.38650270037095,63.77580070469367,67.13907029669751,0.6885696296290433
836.4724,66.91183383,66.22016502646463,63.4705462361202,66.98061617326596,0.6916688035353786
836.9546,66.73796261,66.05214682533006,63.16433593412509,66.82054799489462,0.6858157846699413
837.4366,66.599758,65.88257507474134,62.85744456116209,66.65898648620434,0.7171829252586548
837.9188,66.43313551,65.71129658235228,62.54963825950792,66.4957854358179,0.721838927647724
838.4009,66.2596437,65.53840487160278,62.24112916530391,66.33103368626948,0.7212388283972189
838.8831,66.07969449,65.36381562622788,61.93181023837226,66.16465061359024,0.7158788637721187
839.3651,65.9244605,65.18762534285798,61.62189514134427,65.99672789433382,0.7368351571420106
839.8473,65.76083442,65.0096751039433,61.31114773712809,65.8271137673329,0.7511593160567003
840.3293,65.57731007,64.83009977795601,60.99984689654195,65.65593647039138,0.747210292043988
840.8115,65.37668778,64.64873753608038,60.687755438922736,65.48304141725706,0.7279502439196222
841.2936,65.22367483,64.46568783134697,60.37508853341793,65.30852307488334,0.7579869986530241
841.7758,65.03941282,64.28086182799345,60.061737734271354,65.13229639576414,0.7585509920065476
842.2578,64.83303661,64.09436212575633,59.74791948358049,64.95445884483358,0.7386744842436599
842.74,64.64791688,63.9060209783351,59.4333947071182,64.7748500866479,0.7418959016648969
843.222,64.44342299,63.71598161790036,59.118445702321694,64.59360631759533,0.7274413720996407
843.7042,64.26929193,63.52407329371969,58.80283254564538,64.41056427944746,0.7452186362803062
844.1863,64.06509346,63.33040177659669,58.48677291293964,64.22582442542141,0.7346916834033124
844.6685,63.88398414,63.13487362450009,58.170157218189196,64.03929718036238,0.7491105154999147
845.1505,63.66423186,62.93759794052717,57.853204153036664,63.851086171069426,0.7266339194728317
845.6327,63.46016579,62.73839787756844,57.535672291351496,63.66102219999999,0.7217679124315595
846.1147,63.28363045,62.53742553975119,57.217846665688306,63.4692499012056,0.7462049102488066
846.5969,63.08564896,62.33450099047671,56.899485197195546,63.27559706251484,0.7511479695232879
847.079,62.89151778,62.129736740967765,56.580807534887896,63.080170517502935,0.7617810390322362
847.5612,62.67649474,61.92303468349041,56.26170322085782,62.88287608113575,0.7534600565095957
848.0432,62.50110191,61.7145108596522,55.94239265976465,62.68382394831775,0.786591050347802
848.5254,62.32076984,61.50397907692713,55.62263266535542,62.48283579185049,0.8167907630728664
849.0074,62.12909635,61.291600856650646,55.30271030573116,62.28006519808219,0.8374954933493512
849.4896,61.90764437,61.07718684310671,54.98238194037352,62.0753307420073,0.8304575268932908
849.9717,61.72222204,60.86085674773359,54.6618686519868,61.86874606657759,0.8613652922664059
850.4539,61.50931347,60.64250777271056,54.34105938151147,61.66021232331038,0.8668056972894433
850.9359,61.28985627,60.42226337073965,54.02017570479686,61.44984671678655,0.8675928992603517
851.4181,61.08128183,60.19992779703366,53.698973272327265,61.23746155181442,0.8813540329663425
851.9001,60.87051689,59.97567257379979,53.377740481823636,61.02321991891078,0.8948443162002064
852.3823,60.6495587,59.749298734543665,53.05623272932157,60.806930953911106,0.9002599654563355
852.8644,60.42356978,59.52093369045115,52.734671987124656,60.5887155757589,0.9026360895488494
853.3466,60.20587232,59.29046997319742,52.41294686745332,60.36847025553235,0.9154023468025798
853.8286,59.9691329,59.05803895896499,52.091279571552626,60.146319686906395,0.9110939410350056
854.3108,59.76282502,58.823435193727356,51.769425187086846,59.92206660819567,0.9393898262726452
854.7928,59.49067487,58.586840823544506,51.44767273085536,59.695884204532504,0.9038340464554935
855.275,59.26556885,58.34804713380726,51.125777236750274,59.46757199004028,0.9175217161927378
855.7571,59.02863235,58.107189777024786,50.8039610193094,59.23725866640915,0.9214425729752165
856.2393,58.77598046,57.8641566880901,50.482112635463594,59.00483605300067,0.9118237719099014
856.7213,58.54472511,57.619087720841804,50.16045436343926,58.77043685215298,0.9256373891581973
857.2035,58.26900153,57.37176761893356,49.83874133059651,58.53385408945805,0.8972339110664365
857.6855,58.02711318,57.122389814691836,49.517262459417125,58.29527167446061,0.9047233653081648
858.1677,57.77361377,56.87073577707367,49.19577302451793,58.05447937386282,0.902877992926328
858.6498,57.5337067,56.61694998530957,48.87449513338608,57.81161422121669,0.9167567146904361
859.132,57.26916247,56.36091591679228,48.55331756139451,57.56656346899082,0.908246553207718
859.614,57.03510152,56.10278250031065,48.232462114078395,57.31946838978752,0.9323190196893449
860.0962,56.78628803,55.842324664048995,47.911684561557124,57.07011221689533,0.9439633659510065
860.5782,56.5413203,55.579747827402414,47.59127301752223,56.81869025333858,0.961572472597588
861.0604,56.29170528,55.314823660296774,47.270983600220596,56.56498246457254,0.976881619703228
861.5425,56.01971178,55.04770609880724,46.95103766025193,56.30913480912089,0.972005681192762
862.0247,55.77758783,54.77827438024907,46.631324464760745,56.05103012510759,0.9993134497509288
862.5067,55.51467575,54.50668714905657,46.312064797033266,55.79081886018622,1.0079886009434347
862.9889,55.26160439,54.23270960275143,45.99301567202373,55.52827445878537,1.028894787248575
863.4709,55.00587498,53.956559884305186,45.67446368087594,55.2636043244299,1.0493150956948156
863.9531,54.72817737,53.6779999864046,45.35616638687036,54.99657865642851,1.050177383595397
864.4352,54.45178984,53.39719397637608,45.03834383470802,54.72735297605995,1.0545958636239234
864.9174,54.18622063,53.11401716055841,44.7208860555264,54.455805940123525,1.0722034694415896
865.3994,53.91094256,52.828638581847756,44.40401226230152,54.18209781932016,1.0823039781522468
865.8816,53.61996263,52.54081390975069,44.08748131436592,53.905992374033566,1.0791487202493144
866.3636,53.33212468,52.250774778081684,43.77157756907535,53.627709850199174,1.0813499019183155
866.8458,53.04659937,51.95827374891403,43.45606063310009,53.34701082398111,1.0883256210859713
867.3279,52.74072763,51.66348573711058,43.14114869844287,53.06406106109838,1.0772418928894254
867.8101,52.44860998,51.36628253294811,42.82673283063778,52.77873536416394,1.0823274470518882
868.2921,52.14138181,51.06684429920349,42.51303012717134,52.4912045164717,1.0745375107965103
868.7743,51.8482188,50.76491751929636,42.19980188722131,52.20122282070433,1.0833012807036368
869.2563,51.56021621,50.46074810789977,41.88732952743642,51.90902413653981,1.0994681021002322
869.7385,51.24130538,50.154079589787145,41.57537529164047,51.61435968859564,1.0872257902128553
870.2206,50.92652901,49.84509848034552,41.26415497593514,51.31740620974246,1.081430529654483
870.7028,50.62051994,49.53367358869337,40.953560948130715,51.018035083811064,1.086846351306633
871.1848,50.32184285,49.2199969508913,40.64380764931536,50.716428333741334,1.101845899108703
871.667,50.00163892,48.903806367933356,40.33465940835413,50.412331174004386,1.0978325520666417
872.149,49.69393081,48.5853628360736,40.026394000399605,50.10599187008346,1.108567973926398
872.6312,49.40275997,48.264401405410425,39.71877689405383,49.797152717230226,1.1383585645895735
873.1133,49.07971391,47.94112097260596,39.412020951300775,49.48600217339348,1.1385929373940442
873.5955,48.75183167,47.61538803390891,39.10602010687407,49.17240876133767,1.1364436360910943
874.0775,48.45527324,47.287407273256704,38.80098561021194,48.856566500878955,1.1678659667432925
874.5597,48.15093634,46.95690849726109,38.49668540254186,48.53821205340675,1.1940278427389117
875.0417,47.82744056,46.624168577908605,38.19339292466513,48.21760889006391,1.203271982091394
875.5239,47.52353291,46.288914845026014,37.890877449905965,47.89449097210555,1.2346180649739864
876.006,47.19673719,45.95135937111868,37.589348374285564,47.56905926590227,1.2453778188813232
876.4882,46.86842092,45.6113671527461,37.288701460172405,47.241180126258676,1.2570537672539004
876.9702,46.53343885,45.26915630124216,36.98914423714248,46.911060345545565,1.2642825487578406
877.4524,46.21425688,44.92444952291668,36.69044883275777,46.57842875532134,1.289807357083319
877.9344,45.87887493,44.5775403291686,36.39288367034369,46.24356482162344,1.301334600831403
878.4166,45.53975277,44.228149296732454,36.096222398679046,45.906194962486985,1.311603473267546
878.8987,45.20859061,43.87650246193701,35.80067042372582,45.56653344641187,1.3320881480629936
879.3809,44.88502364,43.522464287882826,35.50612559156528,45.224445299672965,1.3625593521171737
879.8629,44.52018815,43.166267074498826,35.21279119211194,44.88015086385862,1.3539210755011766
880.3451,44.17199656,42.80762754699292,34.92044410300759,44.53337207328375,1.364369013007078
880.8271,43.81010097,42.44685655728456,34.629347058492904,44.18440514218364,1.3632444127154386
881.3093,43.45412714,42.08366912676463,34.339278642800906,43.83296995200249,1.370458013235364
881.7914,43.09456099,41.71830600846338,34.0504397568568,43.479294855639516,1.3762549815366185
882.2736,42.72510526,41.35063225429118,33.76273058120638,43.123244543859116,1.374473005708822
882.7556,42.35119366,40.98089506373872,33.47634965608055,42.765053660370086,1.3702985962612786
883.2378,41.97267398,40.608806539711786,33.19107916120902,42.40443840245644,1.3638674402882174
883.7198,41.6086843,40.234695471206585,32.90717548342366,42.04171241611179,1.373988828793415
884.202,41.212257,39.858272765011,32.62442269017532,41.67659028553567,1.3539842349889994
884.6841,40.83955966,39.47979457023063,32.3430166728496,41.3093151886276,1.3597650897693683
885.1663,40.4816025,39.09912780155733,32.06286019119925,40.93975262896909,1.382474698442671
885.6483,40.11417119,38.71653517644239,31.784146536874726,40.568152247809984,1.3976360135576087
886.1305,39.72776668,38.331725781317395,31.506663730473267,40.19422590649163,1.3960408986826067
886.6125,39.36152675,37.94504678074324,31.230661168128595,39.81830525259583,1.4164799692567627
887.0947,38.99056157,37.55620665510458,30.955928934551604,39.44010105617449,1.4343549148954153
887.5768,38.6137441,37.165477505411864,30.68265741890077,39.059871978628216,1.4482665945881337
888.059,38.23516942,36.77272952073048,30.410752198195897,38.67748563394958,1.4624398992695191
888.541,37.84550626,36.37824140788414,30.1404008290669,38.29320725441755,1.4672648521158607
889.0232,37.45512553,35.981721087254755,29.871397697059738,37.90674601309495,1.4734044427452417
889.5052,37.10376147,35.58353431291593,29.603984581080823,37.518451959462084,1.5202271570840722
889.9874,36.69139561,35.183389068127354,29.337958101960467,37.128033778830755,1.5080065418726463
890.4695,36.29563255,34.781573774910946,29.073502667079993,36.7357661401515,1.5140587750890546
890.9517,35.90611675,34.37796341957396,28.810526901440046,36.34152019844426,1.5281533304260435
891.4337,35.4966013,33.972852954928165,28.549212153979447,35.9455772117922,1.5237483450718372
891.9159,35.10852436,33.56595121504573,28.289359683130506,35.547645554515924,1.5425731449542681
892.3979,34.69637366,33.15764245262782,28.03120304250143,35.14809383986604,1.5387312073721802
892.8801,34.30646213,32.747636303949015,27.774545891283026,34.746630635300434,1.5588258260509846
893.3622,33.89366191,32.336237617182626,27.519566189965083,34.34354694123733,1.5574242928173732
893.8444,33.51439049,31.92332776909617,27.266175834250788,33.93871898842906,1.5910627209038282
894.3264,33.10030154,31.50921791852288,27.01454950777194,33.532444266515036,1.591083621477118
894.8086,32.6822547,31.093620091275323,26.76449583222729,33.12443246440377,1.5886346087246785
895.2906,32.28807447,30.67693654895077,26.51623954797763,32.71507059978981,1.6111379210492274
895.7728,31.88184191,30.258880915022985,26.269591836793232,32.30406930345894,1.6229609949770136
896.2549,31.47136828,29.83977421380598,26.024723762868874,31.891735951325657,1.631594066194019
896.7371,31.06222956,29.419505818832533,25.781550706704245,31.47795344480337,1.6427237411674653
897.2191,30.6622327,28.99840266329363,25.54024024532395,31.063035397613607,1.663830036706372
897.7013,30.25048708,28.576182392010757,25.30060883513277,30.646695116112404,1.6743046879892418
898.1833,29.84412688,28.153264280783734,25.0628718370469,30.22933744567958,1.690862599216267
898.6655,29.42010201,27.729368403048667,24.8268484202412,29.810677435719548,1.6907336069513335
899.1476,29.01042534,27.304831250664076,24.592702320166552,29.39103850833461,1.705594089335925
899.6298,28.59551136,26.87955173911179,24.360352606970515,28.970311830399588,1.71595962088821
900.1118,28.17398354,26.453871646544727,24.129959327316598,28.548826621855245,1.7201118934552717
900.594,27.76093812,26.0275167448563,23.901347223468083,28.12630224627786,1.733421375143699
901.076,27.34992945,25.600921709888677,23.674721734038407,27.703160274808017,1.749007740111324
901.5582,26.93185675,25.173815581516987,23.44991045970526,27.279122645844097,1.7580411684830146
902.0403,26.48528246,24.746549040188214,23.22706939289757,26.854528019970935,1.738733419811787
902.5225,26.08420241,24.319031937365157,23.00612148841884,26.429277347039537,1.7651704726348427
903.0045,25.63113647,23.89161935690126,22.78721885756049,26.003714417674427,1.7395171130987421
903.4867,25.21870518,23.46404769937017,22.570194958004585,25.57756715743902,1.754657480629831
903.9688,24.80667092,23.036676060702032,22.355200399423147,25.151183650327514,1.7699948592979666
904.4509,24.36139502,22.60951081392135,22.14220480206571,24.72456064324252,1.7518842060786497
904.933,23.93971949,22.182648975772718,21.9312228544188,24.297785224560243,1.7570705142272836
905.4152,23.50612974,21.756101104114563,21.72222596919401,23.870857945694485,1.7500286358854353
905.8972,23.10257228,21.330233328889335,21.515357937204485,23.4441355026847,1.7723389511106653
906.3794,22.67849994,20.904795071375677,21.31046133825369,23.01735686255316,1.7737048686243213
906.8615,22.27733469,20.480155912211885,21.107678392084914,22.590882633236795,1.7971787777881154
907.3436,21.85249113,20.056334109449374,20.906980345504305,22.164721291937063,1.796157020550627
907.8257,21.43446933,19.633438043078694,20.708381000443374,21.73897177997715,1.8010312869213045
908.3079,21.05160652,19.211490496769215,20.511853470522947,21.313646816038567,1.8401160232307845
908.7899,20.65396192,18.790865568725337,20.31753286199944,20.88911359806258,1.8630963512746632
909.2721,20.24239483,18.371327870328475,20.125271259426608,20.465124483547704,1.8710669596715235
909.7542,19.83484777,17.953254140497783,19.93520213245501,20.04204997675922,1.8815936295022162
910.2363,19.41721448,17.536674186292846,19.74729841796137,19.619910371922,1.8805402937071527
910.7184,19.01163787,17.121706531791215,19.56157298930381,19.198815751113173,1.8899313382087861
911.2006,18.6239893,16.7083856978057,19.37800071950149,18.77879096255262,1.9156036021943024
911.6826,18.20486397,16.297089783562527,19.19670768828345,18.360210470937506,1.907774186437475
912.1647,17.78162387,15.88768513102406,19.017592764686924,17.94292853261333,1.8939387389759403
912.6469,17.38279613,15.480297279131857,18.840669563372487,17.527062850703153,1.9024988508681417
913.129,16.97046186,15.075220769027565,18.666023536942244,17.112904300709836,1.8952410909724353
913.6111,16.56736975,14.672497651249373,18.49362966774464,16.70048635806404,1.8948720987506285
914.0932,16.16239904,14.27225581949858,18.323499695278805,16.289930355118546,1.89014322050142
914.5753,15.77024869,13.874624226551347,18.15564519280219,15.881359017842172,1.8956244634486534
915.0574,15.36598439,13.479732804291084,17.9900775662923,15.474896402423575,1.8862515857089157
915.5396,14.97749579,13.087631372165967,17.826774426265086,15.07058422152246,1.8898644178340334
916.0217,14.59536585,12.698614220167622,17.665814575495617,14.668716704865396,1.8967516298323783
916.5038,14.19104359,12.312732087424441,17.50717480696411,14.269337401923327,1.8783115025755581
916.9859,13.79586432,11.930117956905187,17.35086584731721,13.872574988505281,1.8657463630948126
917.468,13.4093762,11.550905341917456,17.196898250883653,13.478559103090207,1.8584708580825442
917.9501,13.02275718,11.175228186972513,17.045282398697175,13.087420263315538,1.8475289930274865
918.4323,12.65990591,10.803143991722317,16.895997784126013,12.699209592101896,1.8567619182776838
918.9144,12.30090917,10.434941604977965,16.74911635857184,12.314220141219902,1.8659675650220358
919.3965,11.93194128,10.0706780919059,16.60461677300863,11.932503707698498,1.8612631880940995
919.8786,11.56277574,9.710488072905557,16.462508705692116,11.554193426380243,1.8522876670944424
920.3607,11.19978908,9.354506061636142,16.322801656855344,11.179422845903813,1.8452830183638582
920.8428,10.86850051,9.002866349779111,16.185504947794605,10.80832582654878,1.865634160220889
921.325,10.49737464,8.655631352473161,16.05059999455044,10.440960654202927,1.841743287526839
921.8071,10.17175328,8.313078607104831,15.91815171332086,10.077613888413946,1.8586746728951695
922.2892,9.821460734,7.975268546807811,15.78814065496701,9.718343098942297,1.8461921871921891
922.7713,9.497399105,7.642333380395568,15.66057541608388,9.363282316149382,1.8550657246044313
923.2534,9.130036242,7.314404488099314,15.535464409926167,9.012565331089574,1.8156317539006848
923.7355,8.827588727,6.991612295369147,15.41281586556121,8.666325578169756,1.8359764316308533
924.2177,8.479752283,6.674020837509676,15.292613155824649,8.324625640357695,1.8057314454903235
924.6998,8.169110755,6.361889995305828,15.174913996207195,7.987739626912731,1.8072207596941725
925.1819,7.837830037,6.055280147899119,15.059700873728037,7.655727832988076,1.7825498891008804
925.664,7.520686056,5.754316618653904,14.946981272419658,7.3287210542992565,1.7663694373460954
926.1461,7.220273428,5.459123131512885,14.83676248806141,7.006849115826529,1.7611502964871146
926.6282,6.914436407,5.169821680884945,14.729051627401192,6.690240744795215,1.7446147261150555
927.1104,6.598716776,4.886474272035501,14.623834048359505,6.378959456190068,1.7122425039644984
927.5925,6.320772236,4.609316593770362,14.521160119114569,6.073260527553216,1.7114556422296374
928.0746,6.021683124,4.338405284381136,14.421014293351046,5.773203504143824,1.6832778396188637
928.5567,5.74688372,4.073854125085196,14.32340291410337,5.478911435999239,1.6730295949148033
929.0388,5.491756212,3.815774524048374,14.228332131660109,5.190505630490843,1.6759816879516265
929.5209,5.221690746,3.564275390847789,14.135807902857103,4.90810552296939,1.657415355152211
930.0031,4.961533268,3.319412933023576,14.045817593034359,4.631771884044286,1.6421203349764242
930.4852,4.728601483,3.081392271352076,13.958404095882884,4.361734652319362,1.6472092116479242
930.9673,4.469217905,2.85026260616729,13.873553856371739,4.098048930049296,1.6189552988327098
931.4494,4.238341507,2.6261216334795834,13.791272050661291,3.8408253826920618,1.612219873520417
931.9315,4.013499674,2.4090639528332294,13.71156365810876,3.5901721682524066,1.6044357211667708
932.4136,3.76494958,2.1991809554852084,13.634433460635561,3.3461948142343485,1.5657686245147917
932.8958,3.549777154,1.9965194463875746,13.559870847275322,3.108947605524985,1.5532577076124254
933.3779,3.372856064,1.8012481489676668,13.487911129978254,2.8786288664488673,1.5716079150323332
933.86,3.127651856,1.6134054060654375,13.418542763617292,2.6552856072089384,1.5142464499345625
934.3421,2.934015271,1.433068723724697,13.351769734252956,2.43901164475245,1.5009465472753027
934.8242,2.728690941,1.2603118928161636,13.287595827535402,2.229897584410993,1.4683790481838364
935.3063,2.552970596,1.0952048997224648,13.226024628148355,2.0280307122687677,1.4577656962775354
935.7885,2.363906783,0.937781999342121,13.167047558942695,1.8334553053036413,1.426124783657879
936.2706,2.198169227,0.7881706233443599,13.110692263243436,1.6463324188760935,1.4099986036556402
936.7527,2.0327872,0.6463954048119416,13.056949218353761,1.4666976554828635,1.3863917951880584
937.2348,1.867332545,0.5125103114472145,13.00582119974507,1.2946240192090002,1.3548222335527855
937.7169,1.722401136,0.38656513145639293,12.957310779335819,1.130180712764036,1.335836004543607
938.199,1.597388448,0.26860541409663463,12.911420325013843,0.9734330538127112,1.3287830339033655
938.6812,1.444784181,0.15865044809019668,12.868143297347281,0.8244123002204096,1.2861337329098033
939.1633,1.320451335,0.056782760179051706,12.827499604925196,0.6832375858136419,1.2636685748209482
939.6454,1.208644035,-0.03698875548013003,12.789481753836146,0.549930407510625,1.24563279048013
940.1275,1.093876378,-0.12263598835139877,12.75409129129364,0.4245398024314162,1.2165123663513988
940.6096,0.999383566,-0.20013527877131976,12.721329558293448,0.30711057868500935,1.1995188447713199
941.0917,0.887157202,-0.2694674425798875,12.691197689216729,0.19768326258371705,1.1566246445798876
941.5739,0.798112302,-0.33062962431903076,12.6636911799698,0.09627385687336631,1.1287419263190308
942.056,0.734979125,-0.3835862711210416,12.638822159427711,0.0029562548213136752,1.1185653961210416
942.5381,0.65313149,-0.42834524610064695,12.616585162588436,-0.08226398862402584,1.081476736100647
943.0202,0.589954594,-0.46490539236383577,12.596980493639142,-0.15936388851282562,1.054859986363836
943.5023,0.522277696,-0.49327006001383356,12.580008248375291,-0.22832491887115952,1.0155477560138335
943.9844,0.473082176,-0.5134470940727256,12.565668313886933,-0.28913303022504566,0.9865292700727256
944.4666,0.430437275,-0.5254504588246748,12.553958212723291,-0.34178873394359705,0.9558877338246747
944.9487,0.409588794,-0.5292919534541628,12.544882270512984,-0.38626512157138526,0.9388807474541627
945.4308,0.363937028,-0.5249961124706365,12.538437045014463,-0.4225733849588527,0.8889331404706364
945.9129,0.356962792,-0.512588520257439,12.534621585597343,-0.4507174348722802,0.869551312257439
946.395,0.349331123,-0.4920991060296911,12.533434731569054,-0.4707056547421231,0.8414302290296911
946.8771,0.350227326,-0.4635620964742575,12.534875111946263,-0.48255088168640353,0.8137894224742575
947.3593,0.372466824,-0.42700755431662846,12.538942260891337,-0.4862703115889059,0.7994743783166285
947.8414,0.376205614,-0.38249330655045505,12.54563269896577,-0.4818840697097151,0.7586989205504551
948.3235,0.416041834,-0.3300593829669545,12.554944994243609,-0.46941979535637623,0.7461012169669545
948.8056,0.446657091,-0.26975661919845084,12.566876932536934,-0.44890783328341965,0.7164137101984509
949.2877,0.483555043,-0.2016398317504593,12.581426088440697,-0.42038279914486254,0.6851948747504593
949.7698,0.510470946,-0.12576773987012502,12.598589825191251,-0.38388352606442006,0.636238685870125
950.252,0.568025592,-0.04218475591233406,12.61836966720146,-0.33944297028481113,0.6102103479123341
950.7341,0.641399838,0.049008168422640996,12.640754350074534,-0.28712665940498366,0.592391669577359
951.2162,0.712271378,0.14775765581234457,12.665744433456204,-0.22697731153104417,0.5645137221876554
951.6983,0.804793948,0.253990243665536,12.693336433983573,-0.1590499920262448,0.550803704334464
952.1804,0.871747676,0.36762902073893255,12.72352665644882,-0.0834036399001602,0.5041186552610675
952.6625,0.980683701,0.4885937291041351,12.756311193746676,-0.00010098493947252596,0.4920899718958649
953.1447,1.064465865,0.6168282081186007,12.79169353286737,0.09081117541502937,0.44763765688139934
953.6268,1.170223642,0.752192622309148,12.82965466666325,0.18922507549061218,0.4180310196908521
954.1089,1.29686629,0.8946231609003681,12.870197121326429,0.2950852198898726,0.402243129099632
954.591,1.416558425,1.0440272582557975,12.913316141892917,0.4083146254459826,0.3725311667442026
955.0731,1.568106436,1.2003095547474767,12.959006761464524,0.5288329919601131,0.3677968812525234
955.5552,1.685541948,1.363372014141265,13.007263801247017,0.6565568072497965,0.32216993385873494
956.0374,1.822775373,1.5331499373880457,13.058092676867837,0.7914281572542354,0.2896254356119543
956.5195,1.953710401,1.7094698576681342,13.111466702854361,0.9333014764735412,0.24424054333186573
957.0016,2.107933211,1.8922609483899047,13.167390340677398,1.0821115088591349,0.21567226261009553
957.4837,2.279887338,2.081415670729997,13.225857564604159,1.2377629982860994,0.19847166727000287
957.9658,2.424858968,2.276824416887832,13.286862137427638,1.4001580403243525,0.1480345511121679
958.4479,2.617318824,2.4783756340429526,13.35039761059757,1.5691962009350795,0.13894318995704724
958.9301,2.778037973,2.6859996235905843,13.41647128823786,1.7448117273051778,0.09203834940941569
959.4122,2.971662947,2.899495180002122,13.485048893264624,1.9268266299884638,0.07216776699787797
959.8943,3.153654487,3.1187880966174903,13.556136784979318,2.115169355717815,0.03486639038250949
960.3764,3.34824496,3.343760281673298,13.629727671036022,2.3097305632143756,0.004484678326702074
960.8585,3.544448482,3.574292317657614,13.705814048635103,2.5103989914775067,-0.029843835657613837
961.3406,3.769367193,3.8102635835420733,13.784388204748312,2.7170615833690124,-0.04089639054207339
961.8228,3.968025532,4.051602968677183,13.86545928574425,2.9296482977906844,-0.08357743667718287
962.3049,4.198776074,4.298087686884312,13.948985531949017,3.1479546619474466,-0.09931161288431145
962.787,4.429421988,4.549643731156546,14.034975156950594,3.3719064514886994,-0.12022174315654599
963.2691,4.662612225,4.806146865608218,14.123419609334167,3.601384657079292,-0.14353464060821786
963.7512,4.87074121,5.0674722432366215,14.214310128822257,3.836269086914217,-0.19673103323662122
964.2333,5.119616029,5.333494519442427,14.307637746596106,4.076438487142526,-0.21387849044242646
964.7155,5.349381205,5.604144557090838,14.403413399020442,4.321822076371047,-0.2547633520908379
965.1976,5.593106982,5.879184070632628,14.501587975127881,4.572195034858758,-0.28607708863262804
965.6797,5.857874836,6.158542541444055,14.602171493263521,4.827483989122226,-0.30066770544405497
966.1618,6.092913117,6.442093727560367,14.705154153939805,5.087564614317642,-0.3491806105603672
966.6439,6.35801457,6.729711424312506,14.810525950979022,5.352312104029775,-0.3716968543125061
967.126,6.642586201,7.021269563930631,14.918276671932988,5.621601280906073,-0.378683362930631
967.6082,6.902238847,7.316703967419152,15.028418985056884,5.895363928150298,-0.41446512041915273
968.0903,7.164359484,7.6157665710798526,15.140896581579021,6.173360880641658,-0.45140708707985233
968.5724,7.440724498,7.918393165013871,15.25572122922245,6.455522809879804,-0.47766866701387123
969.0545,7.721508973,8.224459170249501,15.372881894939276,6.741724116272383,-0.5029501972495014
969.5366,8.020920201,8.533840600920621,15.492367341756793,7.031839347846241,-0.5129203999206222
970.0187,8.293193493,8.846414146691446,15.614166129296523,7.325743296280579,-0.5532206536914455
970.5009,8.613438341,9.162123034659102,15.738292593908028,7.623373184879908,-0.5486846936591014
970.983,8.911141919,9.480714574453282,15.864683404563245,7.924481101485593,-0.5695726554532818
971.4651,9.201780071,9.802133104940076,15.993352017296617,8.229004464719033,-0.6003530339400758
971.9472,9.517881505,10.12625878102426,16.12428618359463,8.536819945048638,-0.6083772760242603
972.4293,9.812734233,10.452972799086659,16.25747345438761,8.847804894033526,-0.6402385660866585
972.9114,10.10603009,10.78215746082169,16.3929011806707,9.161837422880744,-0.676127370821689
973.3936,10.42493369,11.113765239872091,16.530585297596147,9.478862518697001,-0.6888315498720914
973.8757,10.71829871,11.4475432682899,16.67045564930053,9.79862852359815,-0.729244558289901
974.3578,11.03322568,11.783446045500424,16.81252731356677,10.121081714785358,-0.7502203655004251
974.8399,11.34047746,12.121360870945226,16.956786848160263,10.446103966339576,-0.7808834109452256
975.322,11.66596689,12.461176422116704,17.103220614273994,10.773578258537595,-0.7952095321167043
975.8041,11.98136745,12.80278279997192,17.25181477725284,11.103388737856207,-0.8214153499719199
976.2863,12.29827429,13.146142945447066,17.402586796489455,11.43548986850547,-0.8478686554470656
976.7684,12.62408645,13.491007498534868,17.5554599103417,11.769630533445058,-0.8669210485348682
977.2505,12.95306457,13.837342110205416,17.71045074650334,12.105767352900186,-0.8842775402054155
977.7326,13.26354086,14.185042971123828,17.867544694483424,12.443789677057566,-0.9215021111238269
978.2147,13.59096816,14.53400787894518,18.026726951829005,12.78358827648457,-0.9430397189451813
978.6968,13.90375038,14.884136266663281,18.187982524956233,13.125055383998234,-0.9803858866632815
979.179,14.23865812,15.23540217848185,18.351330317919842,13.468156041573147,-0.9967440584818501
979.6611,14.56635449,15.587562682904494,18.516687203703604,13.812643196268303,-1.0212081929044938
980.1432,14.88893441,15.940595002683008,18.684071283051136,14.158484685246348,-1.0516605926830085
980.6253,15.23900832,16.29440534392928,18.853466806474813,14.505578952094464,-1.055397023929281
981.1074,15.56133651,16.64890165135644,19.024857837775585,14.853826069517087,-1.0875651413564391
981.5895,15.92108235,17.003993621706247,19.198228254981984,15.203127764593782,-1.0829112717062461
982.0717,16.23064831,17.359666521947577,19.37359832250668,15.553460187162809,-1.129018211947578
982.5538,16.55667637,17.715686048535808,19.5508788093699,15.904583116546988,-1.1590096785358064
983.0359,16.90735071,18.07204092403916,19.73008920776799,16.256475926416634,-1.1646902140391617
983.518,17.25974375,18.42864794416559,19.91121266234991,16.609047163979472,-1.1689041941655915
984.0001,17.61767359,18.785425691592373,20.094232136958453,16.962207119969023,-1.1677521015923737
984.4822,17.92670275,19.14229453703523,20.279130415678903,17.31586783952801,-1.2155917870352297
984.9644,18.28116492,19.499250661172567,20.46592903457254,17.670016612444375,-1.218085741172569
985.4465,18.64761992,19.85606994077641,20.65453294072258,18.024422113647045,-1.2084500207764108
985.9286,18.98274547,20.212752127696042,20.84496293176271,18.379075100376788,-1.2300066576960411
986.4107,19.30744439,20.56922472098841,21.037201083572945,18.733894702733906,-1.2617803309884081
986.8928,19.66279879,20.925416987589834,21.231229297800724,19.08880182887997,-1.262618197589834
987.3749,20.002002,21.281259953700218,21.427029303022607,19.443719164135015,-1.2792579537002169
987.8571,20.3583542,21.636760071669293,21.62462381419412,19.798644761935286,-1.2784058716692925
988.3392,20.70003407,21.99170439462538,21.823912258659185,20.153357628940395,-1.291670324625379
988.8213,21.03464127,22.34610293208418,22.024916649412894,20.507859375035153,-1.3114616620841772
989.3034,21.37339986,22.69989363534358,22.227618034713824,20.862079752496047,-1.3264937753435824
989.7855,21.73072252,23.05301615287335,22.431997295846365,21.21595026212378,-1.3222936328733503
990.2676,22.07716947,23.405411814572407,22.63803514839919,21.569404143202732,-1.3282423445724056
990.7498,22.43471582,23.757096463272685,22.84575538981931,21.922449523370023,-1.322380643272684
991.2319,22.7475634,24.10786886462178,23.055052249584286,22.274876641854707,-1.3603054646217778
991.714,23.10121427,24.457748306022978,23.265948862308367,22.626697148815815,-1.3565340360229783
992.1961,23.45195056,24.80668266778486,23.478425293930737,22.977851112943355,-1.3547321077848586
992.6782,23.76693608,25.15462141980145,23.692461451378065,23.328280273444545,-1.3876853398014504
993.1603,24.13032842,25.50151560097413,23.908037083961425,23.677928023364203,-1.371187180974129
993.6425,24.44544481,25.847389409863055,24.125176972004866,24.026811654034393,-1.4019445998630538
994.1246,24.79995055,26.192053494923428,24.343770488119603,24.37473309866039,-1.3921029449234297
994.6067,25.12466921,26.535535316270447,24.563841791564833,24.721713044616003,-1.410866106270447
995.0888,25.43276663,26.877791972006797,24.785370015527306,25.06770131707072,-1.4450253420067973
995.5709,25.76742491,27.218782018274606,25.00833414286533,25.412649299576675,-1.4513571082746068
996.053,26.10787991,27.558465445791672,25.232713007627797,25.756509912967978,-1.4505855357916708
996.5352,26.43716276,27.896873694016023,25.45853227066592,26.099308563695086,-1.459710934016023
997.0173,26.75572836,28.233829184785442,25.685676807249784,26.440858993149156,-1.478100824785443
997.4994,27.07150293,28.56936638995957,25.91417170155273,26.781189812107765,-1.497863459959568
997.9815,27.40124658,28.903450798460465,26.143995207961716,27.12025986965797,-1.5022042184604665
998.4636,27.72056636,29.236049212512093,26.375125439962773,27.458029439460137,-1.5154828525120934
998.9457,28.04675738,29.567129722866827,26.60754037178505,27.794460196092203,-1.5203723428668283
999.4279,28.37567922,29.896729874696184,26.841266440243412,28.129584544994028,-1.521050654696186
999.91,28.71018695,30.224683549382675,27.076184400659983,28.463227886493975,-1.5144965993826744
1000.392,29.01146975,30.55096354470871,27.312271054775636,28.79535684255801,-1.5394937947087115
1000.874,29.30161466,30.87561106408806,27.54955245092755,29.12600782453975,-1.57399640408806
1001.356,29.64816385,31.198600283211768,27.78800590662467,29.455149168299688,-1.5504364332117682
1001.838,29.97403069,31.51990651589542,28.027608610549485,29.78275046332966,-1.545875825895422
1002.321,30.30530357,31.84016746943501,28.268838216957185,30.109457292262512,-1.5348638994350097
1002.803,30.59315348,32.158034489631106,28.51067274190592,30.433888807149255,-1.5648810096311045
1003.285,30.90645523,32.47415100317114,28.75358727799718,30.756696261707134,-1.5676957731711383
1003.767,31.22992953,32.788496632042744,28.997558516529427,31.07785401484039,-1.558567102042744
1004.249,31.55824826,33.10105201375003,29.24256302917645,31.397337555374918,-1.5428037537500288
1004.731,31.85469634,33.41179877727511,29.48857726989527,31.715123477469582,-1.557102437275109
1005.213,32.14587349,33.72071951923688,29.73557757685565,32.031189456129454,-1.5748460292368804
1005.695,32.45274947,34.027797780265715,29.983540174393124,32.34551422284438,-1.5750483102657142
1006.177,32.72362707,34.33301802160779,30.232441174984793,32.65807754137371,-1.6093909516077929
1006.66,33.05425465,34.636992997474245,30.482775804290775,32.96950309713184,-1.5827383474742476
1007.142,33.33155514,34.938450222667974,30.733483332972416,33.278483069084885,-1.6068950826679753
1007.624,33.62421975,35.23800807944244,30.985056900756966,33.5856468032984,-1.6137883294424356
1008.106,33.93282637,35.535654484286646,31.23747219269819,33.890977955932314,-1.6028281142866447
1008.588,34.18743391,35.83137816116082,31.490704792225063,34.194461097101446,-1.6439442511608178
1009.07,34.4974479,36.12516861972654,31.744730183257783,34.49608168789262,-1.6277207197265398
1009.552,34.77984191,36.41701613388101,31.999523752348576,34.79582605763663,-1.6371742238810114
1010.034,35.05497493,36.706911720602676,32.25506079084661,35.09368138144721,-1.6519367906026758
1010.517,35.33117157,36.99544245248619,32.51184887772821,35.39024768701867,-1.6642708824861856
1010.999,35.61975446,37.281406013889544,32.76879977267109,35.6842857383763,-1.6616515538895413
1011.481,35.90777076,37.56539493694515,33.02641940993691,35.976401102595666,-1.6576241769451485
1011.963,36.1836393,37.847403007177704,33.284682722014324,36.26658412051596,-1.6637637071777007
1012.445,36.45157251,38.127424652233366,33.543564557380705,36.55482587072645,-1.6758521422333672
1012.927,36.7262499,38.40545492269796,33.80303968281334,36.84111814888777,-1.679205022697964
1013.409,37.0071661,38.68148947325384,34.06308278572573,37.125453447374106,-1.6743233732538414
1013.891,37.28446564,38.955524544180854,34.323668476529434,37.4078249352406,-1.6710589041808532
1014.373,37.55037591,39.22755694319864,34.58477129101907,37.688226438519564,-1.677181033198643
1014.856,37.81724177,39.498142163749826,34.84690891301166,37.96722801105273,-1.6809003937498233
1015.338,38.09201454,39.76615765653691,35.10897023597897,38.243669441161124,-1.6741431165369107
1015.82,38.34080438,40.03216412602864,35.371471813231395,38.51812610627395,-1.6913597460286383
1016.302,38.5905527,40.29616047604384,35.634387906338354,38.7905942711861,-1.7056077760438342
1016.784,38.86290893,40.55814609218864,35.897692714571264,39.0610707641588,-1.69523716218864
1017.266,39.12814883,40.818120825763465,36.16136037744354,39.32955295924662,-1.6899719957634645
1017.748,39.3881468,41.07608497800849,36.425364977275365,39.5960387589659,-1.687938178008487
1018.23,39.62550673,41.33203928469011,36.6896805417864,39.86052657730637,-1.7065325546901136
1018.713,39.87841536,41.58650967213318,36.95483028853106,40.123557827007446,-1.7080943121331842
1019.195,40.13213439,41.83844399575173,37.21969017020113,40.384042738514715,-1.7063096057517342
1019.677,40.37460257,42.0883731435781,37.48478274417198,40.642527814831986,-1.7137705735781026
1020.159,40.62387111,42.33629944278221,37.75008184610992,40.89901335367399,-1.7124283327822098
1020.641,40.87635879,42.58222558294613,38.015561270437125,41.15350008434938,-1.7058667929461322
1021.123,41.13229097,42.82615460262563,38.28119477308141,41.405989152801226,-1.6938636326256287
1021.605,41.37463051,43.06808987622891,38.54695607425232,41.65648210697819,-1.6934593662289075
1022.087,41.61844592,43.30803510121085,38.81281886124469,41.90498088253374,-1.6895891812108488
1022.569,41.86725627,43.5459942855758,39.078756791267196,42.15148778885139,-1.678738015575803
1023.052,42.08027021,43.78245925859286,39.345295366325885,42.396510727806024,-1.7021890485928566
1023.534,42.33540933,44.01645547030582,39.611304466979426,42.63903813343129,-1.681046140305824
1024.016,42.56483243,44.24847941870339,39.87730947565113,42.8795827127035,-1.6836469887033871
1024.498,42.79786261,44.478536235630735,40.1432839580052,43.118148137225866,-1.6806736256307317
1024.98,43.01917317,44.70663130549251,40.40920146417777,43.35473838719744,-1.6874581354925056
1025.462,43.25427055,44.93277025453197,40.67503553176731,43.58935773931939,-1.6784997045319656
1025.944,43.47223938,45.15695894039048,40.94075968885261,43.822010755001095,-1.6847195603904837
1026.426,43.71230556,45.379203441942735,41.20634745703747,44.05270226886203,-1.666897881942738
1026.908,43.91780454,45.59951004940266,41.471772354522415,44.28143737752481,-1.6817055094026614
1027.391,44.1407241,45.81833631220671,41.737557965215515,44.50868991074437,-1.6776122122067108
1027.873,44.36825988,46.03478281349127,42.00257720250423,44.733524462302356,-1.6665229334912723
1028.355,44.58208957,46.24931147882128,42.26735407948119,44.95641937506314,-1.6672219088212756
1028.837,44.79143758,46.461929350436776,42.531862132010986,45.17738068771322,-1.6704917704367759
1029.319,44.99678111,46.672643636330264,42.796074908323035,45.39641464910279,-1.6758625263302633
1029.801,45.18333838,46.88146170187916,43.05996597224332,45.613527708693546,-1.6981233218791587
1030.283,45.41144333,47.0883910617168,43.323508906453746,45.828726507265735,-1.6769477317168011
1030.765,45.60299863,47.29343937183688,43.58667731577727,46.04201786787982,-1.6904407418368805
1031.248,45.78769278,47.497034005147974,43.84998955630045,46.25384538689786,-1.7093412251479734
1031.73,45.98849149,47.69833984944132,44.11232892172437,46.46333910578933,-1.7098483594413167
1032.212,46.19602181,47.89778840138103,44.374214688272396,46.6709468782641,-1.7017665913810305
1032.694,46.38194099,48.095387808159835,44.63562058278268,46.87667617134985,-1.713446818159838
1033.176,46.5863932,48.29114632216611,44.89652037105737,47.08053459280244,-1.7047531221661032
1033.658,46.79414596,48.48507229438804,45.15688786130324,47.28252988349741,-1.6909263343880383
1034.14,46.9949794,48.67717416801766,45.41669690759697,47.482669910042844,-1.6821947680176592
1034.622,47.18194704,48.86746047225085,45.67592141337483,47.68096265760934,-1.6855134322508505
1035.104,47.38296156,49.05593981628,45.934535334948215,47.87741622297314,-1.672978256280004
1035.587,47.57590813,49.24300632534792,46.193047228049025,48.072440691505626,-1.6670981953479185
1036.069,47.74977054,49.42789416404026,46.45036067797739,48.26523682286617,-1.6781236240402606
1036.551,47.95466565,49.61100131112833,46.70698571180159,48.456218683002206,-1.656335661128324
1037.033,48.094496,49.79233663949687,46.96289653310223,48.64539474979779,-1.6978406394968673
1037.515,48.29937923,49.97190907469535,47.21806741627383,48.83277358097081,-1.6725298446953474
1037.997,48.47642957,50.149727589988366,47.47247271017925,49.018363808295526,-1.6732980199883656
1038.479,48.64672399,50.325801201568524,47.72608684182788,49.20217413200743,-1.6790772115685257
1038.961,48.83955891,50.50013896392639,47.978884320073945,49.384213315383654,-1.6605800539263882
1039.444,49.00561623,50.67310629084424,48.23136157552626,49.56486237211013,-1.6674900608442371
1039.926,49.1860727,50.84399609511435,48.48244779374368,49.74338216215775,-1.6579233951143522
1040.408,49.36019076,51.01317741840443,48.73264136126218,49.92015744688814,-1.65298665840443
1040.89,49.52676497,51.180659425161885,48.98191715192332,50.09519719103722,-1.6538944551618826
1041.372,49.71140967,51.34645129720878,49.2302501402218,50.26851039778928,-1.6350416272087784
1041.854,49.89255349,51.510562229978774,49.477615405122386,50.44010610433495,-1.6180087399787766
1042.336,50.04464821,51.673001428886835,49.72398813389453,50.6099933775772,-1.6283532188868364
1042.818,50.20359382,51.833778105826106,49.96934362596371,50.77818130998278,-1.630184285826104
1043.301,50.39326984,51.99322989504925,50.21416307165249,50.94502269584638,-1.5999600550492445
1043.783,50.54666927,52.15070577147401,50.45740821901308,51.10983582808856,-1.6040365014740061
1044.265,50.69050938,52.30654678641103,50.69956268926769,51.272977029875626,-1.6160374064110314
1044.747,50.83740213,52.460762145070255,50.94060226956059,51.43445545723371,-1.6233600150702543
1045.229,51.00024385,52.61336104342706,51.180502878683534,51.59428027305146,-1.6131171934270654
1045.711,51.16978935,52.76435266541931,51.41924057101179,51.75246064372615,-1.5945633154193075
1046.193,51.30587113,52.91374618025072,51.656791540450776,51.909005735930855,-1.607875050250719
1046.675,51.46568207,53.06155073979658,51.893132124392835,52.063924713498366,-1.5958686697965803
1047.157,51.61705675,53.207775476109916,52.12823880768382,52.21722673442022,-1.5907187261099125
1047.64,51.76997574,53.352727984660376,52.36257206831615,52.369234001271366,-1.5827522446603766
1048.122,51.92201672,53.49581714901898,52.59513833393176,52.51932623790959,-1.5738004290189807
1048.604,52.07595723,53.63735376262982,52.82640103027091,52.66782894736616,-1.5613965326298214
1049.086,52.2137608,53.77734685515096,53.05633727213481,52.81475123638413,-1.5635860551509566
1049.568,52.36482967,53.91580542534425,53.284924341711275,52.96010219245524,-1.550975755344254
1050.05,52.50893844,54.052738439122635,53.51213969257145,53.10389088143942,-1.5437999991226334
1050.532,52.63551027,54.18815482767975,53.737960953665656,53.24612634527777,-1.5526445576797556
1051.014,52.78556816,54.32206348569813,53.962365933320484,53.386817599796494,-1.5364953256981337
1051.496,52.921023,54.454473269634256,54.185332623232796,53.525973632599445,-1.5334502696342582
1051.979,53.08027733,54.58566307095208,54.40729722685987,53.66388735963467,-1.5053857409520788
1052.461,53.18958952,54.715098450947785,54.62731896930757,53.79999665014665,-1.5255089309477867
1052.943,53.32316238,54.84306129889378,54.84583749294174,53.93459751102,-1.5198989188937801
1053.425,53.46946113,54.96956030254974,55.06283156320899,54.06769879749068,-1.5000991725497386
1053.907,53.5856164,55.09460410394166,55.27828014882352,54.199309327265624,-1.5089877039416635
1054.389,53.70185103,55.218201298060194,55.49216242571888,54.32943787889305,-1.5163502680601937
1054.871,53.83315915,55.34036043162098,55.704457780985734,54.45809319020457,-1.5072012816209792
1055.353,53.9401257,55.461090001884386,55.91514581679505,54.58528395682569,-1.5209643018843835
1055.835,54.07969391,55.58039845553388,56.124206354305755,54.71101883075467,-1.5007045455338783
1056.318,54.20715165,55.69853732184097,56.33204802890412,54.835562778571,-1.4913856718409733
1056.8,54.32856667,55.81502576971269,56.53779044943432,54.95840866584128,-1.4864590997126896
1057.282,54.44922707,55.93011814430704,56.74184614764721,55.07982435901173,-1.4808910743070385
1057.764,54.54660702,56.04382267975916,56.94419585982534,55.1998183225273,-1.4972156597591564
1058.246,54.71528832,56.156147554821466,57.144820560474706,55.31839897103422,-1.4408592348214668
1058.728,54.8131185,56.26710089205217,57.34370146609454,55.43557466832057,-1.4539823920521684
1059.21,54.9253078,56.376690757050994,57.540820038918596,55.55135372631149,-1.4513829570509955
1059.692,55.05322835,56.48492515773815,57.7361579906245,55.66574440411571,-1.431696807738149
1060.175,55.17972257,56.592032405449395,57.930096937740785,55.77898793972454,-1.412309835449392
1060.657,55.30408435,56.697576896070366,58.12181601151948,55.890623580664304,-1.3934925460703695
1061.139,55.43482285,56.80178960968425,58.31170109637379,56.00089530980101,-1.3669667596842459
1061.621,55.55871063,56.904678317006734,58.49973493869109,56.10981116631705,-1.345967687006734
1062.103,55.66640379,57.00625072809028,58.68590055230612,56.217379132538255,-1.3398469380902824
1062.585,55.77658724,57.10651449184245,58.87018122197584,56.323607133260545,-1.3299272518424488
1063.067,55.87878564,57.20547719557813,59.05256050680649,56.42850303511796,-1.3266915555781367
1063.549,55.96842367,57.30314636460746,59.23302224363236,56.5320746459913,-1.334722694607457
1064.031,56.0755198,57.3995294618546,59.411550550342774,56.63432971445487,-1.3240096618545962
1064.514,56.17004011,57.49482987552233,59.588494139528294,56.73548400599529,-1.3247897655223255
1064.996,56.26731531,57.58866033668309,59.763104989103496,56.8351263038447,-1.3213450266830904
1065.478,56.34990111,57.68122675221112,59.93573645015743,56.93347495982875,-1.3313256422111195
1065.96,56.44969855,57.772536332169615,60.10637379757597,57.0305374803677,-1.3228377821696142
1066.442,56.55222957,57.86259622278698,60.27500260309054,57.126321310345745,-1.310366652786982
1066.924,56.63730683,57.9514135062502,60.44160873824842,57.22083383276392,-1.3141066762501978
1067.406,56.72714162,58.03899520052421,60.606178377315416,57.314082368423925,-1.3118535805242146
1067.888,56.84105752,58.125348259195206,60.76869800010897,57.4060741756408,-1.2842907391952068
1068.371,56.94502611,58.21065492706128,60.92948513811995,57.497003418037416,-1.2656288170612768
1068.853,57.03490136,58.2945688035918,61.087861083235296,57.58650072187422,-1.2596674435918018
1069.335,57.12365485,58.377274531746394,61.24414828627758,57.67476270943781,-1.2536196817463932
1069.817,57.22770746,58.4587788063565,61.39833447677337,57.76179638664111,-1.2310713463565008
1070.299,57.34967907,58.53908825742944,61.55040770283837,57.84760869587733,-1.1894091874294404
1070.781,57.42168002,58.618209450121476,61.70035633354067,57.93220651588744,-1.1965294301214797
1071.263,57.48854896,58.69614888472908,61.84816906118,58.01559666165034,-1.2075999247290738
1071.745,57.57879177,58.772912996698714,61.99383490347694,58.097785884294865,-1.1941212266987122
1072.228,57.65359947,58.84866378234907,62.13763869076402,58.17894767362574,-1.1950643123490678
1072.71,57.71149287,58.9230938905137,62.27897461947803,58.25875259061809,-1.2116010205136973
1073.192,57.7845155,58.99636760651191,62.41813266868024,58.33737646774908,-1.2118521065119126
1073.674,57.83382561,59.06849110668828,62.555103178528476,58.41482580014175,-1.2346654966882795
1074.156,57.86874816,59.139470502832296,62.68987682415682,58.49110701892766,-1.2707223428322934
1074.638,57.91544839,59.20931184228243,62.82244461729184,58.56622649127378,-1.2938634522824302
1075.12,57.94589084,59.2780211080433,62.95279790776627,58.64019052042506,-1.3321302680433007
1075.602,57.99345882,59.34560421891657,63.08092838492844,58.713005345763776,-1.3521453989165693
1076.084,58.0264078,59.41206702964372,63.206828078945016,58.78467714288318,-1.3856592296437213
1076.567,58.06222104,59.47754975390537,63.33074358874145,58.85535718399005,-1.4153287139053745
1077.049,58.12638636,59.54178697864192,63.45215450965457,58.92475885679871,-1.4154006186419252
1077.531,58.17845149,59.60492109638679,63.57131278019549,58.9930356587453,-1.4264696063867888
1078.013,58.2514493,59.666957707171434,63.68821180537098,59.060193511163746,-1.415508407171437
1078.495,58.31131815,59.7279023478521,63.802845335872924,59.12623827217896,-1.416584197852103
1078.977,58.36697386,59.78776049231712,63.9152074687112,59.191175736860735,-1.4207866323171174
1079.459,58.44546737,59.84653755170371,64.02529264772879,59.25501163738881,-1.4010701817037088
1079.941,58.53825939,59.90423887462327,64.13309566400035,59.317751643228775,-1.3659794846232671
1080.423,58.60949005,59.96086974739494,64.23861165611041,59.379401361318656,-1.3513796973949397
1080.906,58.69959889,60.01654957200582,64.3420478839362,59.4400908659674,-1.3169506820058245
1081.388,58.759881,60.07105296150828,64.44297186723418,59.49957434677821,-1.311171961508279
1081.87,58.83872018,60.12450139904022,64.54159632061456,59.5579839986802,-1.2857812190402171
1082.352,58.91654556,60.176899924115524,64.63791777380555,59.61532518043038,-1.2603543641155213
1082.834,59.00801418,60.2282535152368,64.73193310362694,59.6716031893318,-1.2202393352367977
1083.316,59.07112959,60.27856709017137,64.82363953353875,59.726823261473214,-1.2074375001713733
1083.798,59.12881028,60.327845506233366,64.91303463306683,59.780990571977114,-1.199035226233363
1084.28,59.17881423,60.37609356057118,65.00011631710412,59.834110235253895,-1.1972793305711775
1084.762,59.24065553,60.42331599046026,65.08488284508883,59.88618730526359,-1.1826604604602622
1085.245,59.28297008,60.469612269243946,65.16750146925801,59.93733159165345,-1.1866421892439476
1085.727,59.32364601,60.514795320259374,65.24762902760524,59.98733625918124,-1.1911493102593766
1086.209,59.34124738,60.55896661181566,65.3254382642807,60.036313145380966,-1.2177192318156642
1086.691,59.3806051,60.60213064460044,65.4009288069112,60.08426706502868,-1.2215255446004463
1087.173,59.41987196,60.644291860963406,65.47410062170124,60.1312027738492,-1.2244199009634045
1087.655,59.45121877,60.6854546452357,65.54495401187214,60.1771249688124,-1.2342358752357043
1088.137,59.48351427,60.72562332405264,65.61348961597989,60.22203828843363,-1.2421090540526407
1088.619,59.50933501,60.764802166679786,65.6797084061119,60.26594731307913,-1.255467156679785
1089.102,59.55362575,60.80307360272474,65.74374185949515,60.30894455246717,-1.2494478527247352
1089.584,59.58577542,60.84028332097794,65.80532646368587,60.35085643686159,-1.2545079009779414
1090.066,59.63854092,60.87651567837267,65.86459915594686,60.39177743068195,-1.2379747583726726
1090.548,59.69159517,60.911774717900684,65.92156222276446,60.43171188471229,-1.2201795479006847
1091.03,59.76198425,60.94606442685866,65.97621827336974,60.4706640931724,-1.1840801768586644
1091.512,59.76431534,60.97938873719042,66.02857023723705,60.50863829404538,-1.215073397190416
1091.994,59.83131124,61.011751525831045,66.07862136147256,60.545638669407495,-1.1804402858310468
1092.476,59.90384547,61.04315661505345,66.12637520809257,60.581669345761135,-1.1393111450534477
1092.958,59.92884474,61.073607772816,66.17183565119497,60.616734394370106,-1.1447630328159946
1093.441,59.97696656,61.10316893318354,66.21509406430226,60.650907588782694,-1.1262023731835384
1093.923,60.00609779,61.13172135635086,66.25597582098679,60.68405139368667,-1.1256235663508605
1094.405,60.05660497,61.159330836980274,66.29457764933659,60.71624146464628,-1.102725866980272
1094.887,60.06558333,61.18600092917467,66.33090464203158,60.74748165525926,-1.1204175991746652
1095.369,60.09510003,61.211735134485735,66.36496218814617,60.77777576559549,-1.1166351044857379
1095.851,60.13586522,61.2365369022698,66.39675596972171,60.80712754254409,-1.1006716822697982
1096.333,60.14771251,61.26040963004501,66.42629195824827,60.83554068016261,-1.1126971200450129
1096.815,60.13148975,61.28335666384922,66.4535764110577,60.86301882002728,-1.1518669138492186
1097.298,60.1791073,61.30542603629009,66.47866548772728,60.88961966205854,-1.126318736290095
1097.78,60.17998697,61.32652961251514,66.50146212967496,60.91523660157694,-1.1465426425151364
1098.262,60.20166506,61.346717234164096,66.5220277006137,60.93992916388341,-1.1450521741640927
1098.744,60.22282961,61.36599204484252,66.54036956406208,60.96370078405028,-1.1431624348425231
1099.226,60.23732656,61.384357138475636,66.55649535011183,60.986554846437535,-1.1470305784756363
1099.708,60.26946555,61.40181555966906,66.57041295135093,61.00849468504917,-1.1323500096690609
1100.19,60.27856085,61.41837030407077,66.58213051871996,61.02952358389042,-1.1398094540707717
1100.672,60.30095891,61.43402431873254,66.59165645730351,61.04964477732484,-1.1330654087325414
1101.155,60.32048731,61.4488101856551,66.59901239336656,61.06890038098742,-1.1283228756551011
1101.637,60.34800879,61.46266953554381,66.60417678370105,61.087213803058695,-1.1146607455438087
1102.119,60.34921194,61.47563671465884,66.6071762616065,61.104628934903296,-1.1264247746588367
1102.601,60.37418437,61.48771447919079,66.60802020597974,61.121148815803515,-1.1135301091907905
1103.083,60.37998367,61.49890553854553,66.60671822796411,61.136776437194555,-1.1189218685455273
1103.565,60.41840953,61.50921255570632,66.60328016642592,61.15151474302393,-1.0908030257063217
1104.047,60.44328462,61.518638147595844,66.59771608339031,61.165366630111166,-1.0753535275958441
1104.529,60.47053706,61.527184885438444,66.59003625944004,61.17833494850748,-1.0566478254384464
1105.011,60.49954163,61.53485529512169,66.58025118908073,61.19042250185519,-1.0353136651216843
1105.494,60.54952293,61.5416650516468,66.56834475983807,61.20165439327034,-0.9921421216468005
1105.976,60.53788313,61.54758839773127,66.5543772011022,61.21198683043292,-1.0097052677312703
1106.458,60.59755666,61.552642729832655,66.53833713948015,61.22144664410321,-0.9550860698326531
1106.94,60.61602696,61.55683039601646,66.52023587866759,61.23003645579138,-0.9408034360164592
1107.422,60.6152964,61.56015370081912,66.50008491271485,61.23775884239678,-0.9448573008191232
1107.904,60.62994837,61.562614905608484,66.47789592126222,61.24461633656714,-0.9326665356084831
1108.386,60.65774857,61.56421622894423,66.45368076476582,61.25061142705716,-0.90646765894423
1108.868,60.64695072,61.56495984693806,66.42745147971715,61.255746559087314,-0.9180091269380597
1109.35,60.642015,61.5648478936138,66.39922027385927,61.26002413470215,-0.9228328936138013
1109.833,60.65097933,61.5638795725368,66.36893476328878,61.26345272613817,-0.9129002425368
1110.315,60.65613636,61.56206094774961,66.33673291159243,61.26602045705928,-0.9059245877496096
1110.797,60.65292347,61.55939290891176,66.30256676850338,61.267737586897596,-0.9064694389117633
1111.279,60.62874344,61.55587742520622,66.26644917929539,61.2686063484856,-0.9271339852062184
1111.761,60.64745841,61.551516425525115,66.22839313663064,61.26862893326823,-0.9040580155251163
1112.243,60.63717732,61.54631179882814,66.18841177582391,61.26780749165948,-0.9091344788281432
1112.725,60.6100009,61.540265394501326,66.14651837012491,61.26614413339905,-0.9302644945013228
1113.207,60.61717946,61.533379022714946,66.10272632602206,61.263640927908284,-0.9161995627149437
1113.689,60.61770918,61.52565445478183,66.05704917857062,61.2602999046461,-0.9079452747818308
1114.172,60.6053827,61.51707479372111,66.0094000023942,61.256113520317946,-0.9116920937211077
1114.654,60.59355707,61.507677263642904,65.95998990480359,61.25110106378246,-0.9141201936429013
1115.136,60.5993278,61.49744662518916,65.90873606306482,61.2452566455585,-0.8981188251891652
1115.618,60.58946445,61.48638449774412,65.85565248057573,61.238582138729335,-0.8969200477441177
1116.1,60.56698736,61.47449246362426,65.80075326638314,61.23107937819187,-0.9075051036242598
1116.582,60.58612765,61.461772068436055,65.74405263070918,61.22275016101156,-0.8756444184360532
1117.064,60.54248057,61.44822482143358,65.68556488051837,61.21359624677646,-0.9057442514335747
1117.546,60.5559834,61.433852195876334,65.62530441512824,61.20361935795137,-0.8778687958763314
1118.029,60.5557405,61.418623245736,65.56315523479981,61.192797924797034,-0.8628827457360018
1118.511,60.53241476,61.402602435580754,65.49938928236114,61.181178408656024,-0.8701876755807518
1118.993,60.53845159,61.38576045706225,65.4338943540688,61.16874086942972,-0.847308867062246
1119.475,60.54005735,61.36809864297053,65.36668517584782,61.15548688455578,-0.8280412929705321
1119.957,60.50387733,61.349618291893215,65.29777654473952,61.14141799611879,-0.8457409618932132
1120.439,60.4919888,61.330320668573876,65.22718332481178,61.126535711203985,-0.8383318685738743
1120.921,60.4832765,61.31020700427187,65.15492044312529,61.110841502251034,-0.8269305042718642
1121.403,60.46516016,61.28927849712162,65.08100288575656,61.09433680740827,-0.8241183371216181
1121.885,60.45157165,61.26753631249287,65.00544569387971,61.077023030886494,-0.815964662492874
1122.368,60.42886178,61.24493394543939,64.92810215361769,61.05886310818667,-0.8160721654393939
1122.85,60.41965873,61.22156609033707,64.84930769416329,61.039933575353864,-0.8019073603370686
1123.332,60.38600343,61.19738786307168,64.76891904756842,61.02019897606566,-0.8113844330716802
1123.814,60.37603127,61.17240030150112,64.68695143750062,60.99966058226043,-0.796369031501122
1124.296,60.34764622,61.146604412527964,64.60342012404087,60.97831963371354,-0.7989581925279623
1124.778,60.34623943,61.120001172463596,64.51834040013807,60.95617733839268,-0.7737617424635985
1125.26,60.35573093,61.09259152739243,64.4317275881287,60.933234872814225,-0.7368605973924289
1125.742,60.32442463,61.064376393537394,64.34359703632232,60.90949338239969,-0.7399517635373911
1126.225,60.32521454,61.035295614924316,64.25377660420307,60.8849022415458,-0.710081074924318
1126.707,60.30436671,61.00547046790918,64.16265363594042,60.85956436307041,-0.7011037579091806
1127.189,60.28630091,60.974842406968584,64.07005912747613,60.83343071518396,-0.6885414969685826
1127.671,60.26291772,60.943412232494374,63.97600849822103,60.80650232244377,-0.6804945124943771
1128.153,60.24331363,60.91118071685976,63.88051717748147,60.77878018010447,-0.6678670868597578
1128.635,60.2051047,60.87814860479094,63.78360060144789,60.75026525447844,-0.6730439047909371
1129.117,60.17671208,60.84431661374021,63.68527421025101,60.72095848329715,-0.6676045337402101
1129.599,60.13828654,60.80968543426048,63.58555344508599,60.690860776073094,-0.6713988942604772
1130.082,60.10167563,60.77418139515484,63.4842425723014,60.65990811130841,-0.6725057651548383
1130.564,60.05644268,60.73795215003737,63.381776560275334,60.62822951300135,-0.6815094700373692
1131.046,60.03186638,60.700925631762004,63.27796250851252,60.59576254319941,-0.6690592517620075
1131.528,60.00086972,60.66310242700503,63.17281583504118,60.56250800212556,-0.6622327070050318
1132.01,59.95665684,60.624483097438755,63.06635194558509,60.528466663610615,-0.6678262574387546
1132.492,59.91702524,60.585068180115606,62.95858623109234,60.49363927546185,-0.6680429401156047
1132.974,59.91800417,60.544858187853634,62.849534065330346,60.458026559833364,-0.6268540178536313
1133.456,59.89897997,60.503853609624485,62.739210802547014,60.42162921359703,-0.6048736396244863
1133.938,59.86164638,60.46205491094282,62.62763177519735,60.384447908715636,-0.6004085309428149
1134.421,59.84374133,60.41937334360113,62.514576947572955,60.346403714040626,-0.5756320136011297
1134.903,59.79678477,60.375986063349075,62.4005297643173,60.3076547867913,-0.5792012933490724
1135.385,59.78375592,60.33180592317756,62.28527269295388,60.26812377230064,-0.5480500031775648
1135.867,59.74854155,60.28683329866795,62.16882095725488,60.227811246605846,-0.5382917486679517
1136.349,59.69373917,60.2410685439264,62.051189748789106,60.18671776272381,-0.5473293739264022
1136.831,59.68050756,60.194511991987,61.93239422502881,60.144843851033954,-0.5140044319869972
1137.313,59.63506419,60.14716395521735,61.812449507516774,60.10219001966307,-0.51209976521735
1137.795,59.58368057,60.09902472572699,61.69137068009428,60.05875675487216,-0.5153441557269929
1138.277,59.56812733,60.05009457577839,61.56917278718741,60.01454452144507,-0.48196724577838523
1138.76,59.52226013,60.00026978124659,61.44561388168482,59.96945961228033,-0.47800965124658745
1139.242,59.47924765,59.94975689017781,61.32122058118499,59.92368913808796,-0.4705092401778117
1139.724,59.41348132,59.89845378093479,61.195753126626954,59.87714096548478,-0.4849724609347845
1140.206,59.37775709,59.84636065052049,61.06922638870276,59.82981547723806,-0.468603560520485
1140.688,59.34142193,59.793477678189866,60.941655190978466,59.78171303661674,-0.4520557481898635
1141.17,59.28628163,59.73980502587862,60.81305430851837,59.73283398779416,-0.45352339587861934
1141.652,59.24650488,59.68534283863502,60.6834384665615,59.68317865625319,-0.43883795863501973
1142.134,59.21426373,59.630091245055745,60.55282233925053,59.63274734919474,-0.4158275150557458
1142.616,59.18333376,59.57405035772459,60.421220548411185,59.581540355947986,-0.390716597724591
1143.099,59.13743062,59.5171015486082,60.288371615528725,59.52944929520499,-0.3796709286081992
1143.581,59.09134987,59.459480712595976,60.15484017847999,59.4766901201932,-0.3681308425959742
1144.063,59.03964282,59.40107082907305,60.02036664795709,59.423156024379985,-0.3614280090730517
1144.545,59.00753054,59.34187195100361,59.88496542518091,59.3688472297409,-0.3343414110036136
1145.027,58.96775673,59.28188411758934,59.74865085368097,59.31376394247869,-0.31412738758934466
1145.509,58.89434485,59.22110735473064,59.6114372183602,59.257906353452135,-0.32676250473063817
1145.991,58.84532493,59.1595416754921,59.473338744602735,59.2012746386083,-0.31421674549210366
1146.473,58.79831045,59.09718708057236,59.33436959742536,59.143868959418114,-0.2988766305723587
1146.956,58.74309774,59.03391173551996,59.19425290517316,59.085567954681636,-0.29081399551995446
1147.438,58.69998417,58.96997762738696,59.053582927312505,59.02661317048372,-0.2699934573869598
1147.92,58.62875591,58.905254536151915,58.91208442994728,58.966884824140436,-0.2764986261519127
1148.402,58.56967068,58.83974241781057,58.76977132882489,58.90638302361845,-0.2700717378105679
1148.884,58.53849316,58.77344121840735,58.62665747568697,58.84510786464084,-0.23494805840734756
1149.366,58.47653362,58.706350874531864,58.48275665765636,58.78305943114458,-0.2298172545318664
1149.848,58.43934224,58.63847131382023,58.33808259665998,58.720237795742264,-0.19912907382023093
1150.33,58.34919961,58.5698024554613,58.19264894888645,58.65664302018767,-0.2206028454613005
1150.812,58.29667698,58.500344210707716,58.046469304277736,58.592275155845584,-0.20366723070771542
1151.295,58.22303168,58.42994992048462,57.89925163707041,58.52699829348989,-0.20691824048461882
1151.777,58.1606456,58.35891096928559,57.75161902348791,58.461082762746464,-0.19826536928558625
1152.259,58.11875873,58.28708232278841,57.60328080852605,58.39439423977669,-0.16832359278840414
1152.741,58.0325057,58.21446386570451,57.45425031255827,58.32693273915608,-0.18195816570450773
1153.223,57.96229225,58.14105547744412,57.30454078764277,58.25869826748602,-0.1787632274441222
1153.705,57.91138204,58.06685703265958,57.154165417198136,58.189690823890665,-0.15547499265957754
1154.187,57.83892095,57.99186840179373,57.00313731570499,58.11991040051756,-0.15294745179372882
1154.669,57.76712484,57.916089451634775,56.851469528435196,58.04935698304393,-0.14896461163477426
1155.152,57.68963236,57.83936036641599,56.69885842502144,57.977881767475836,-0.14972800641599093
1155.634,57.62774968,57.76199872583925,56.54594886389072,57.90578069166317,-0.13424904583924757
1156.116,57.57227227,57.68384634974251,56.392438361771006,57.83290654502517,-0.11157407974251043
1156.598,57.48865658,57.604903095954086,56.23833968474049,57.759259292508354,-0.11624651595408864
1157.08,57.4379561,57.52516882150996,56.0836655286796,57.68483889519524,-0.08721272150995674
1157.562,57.36548805,57.44464338324425,55.928428519140624,57.60964531084103,-0.07915533324424473
1158.044,57.31444845,57.36332663838694,55.77264121123887,57.53367849441585,-0.04887818838693647
1158.526,57.23527337,57.28121844516703,55.616316089563476,57.456938398652525,-0.04594507516702606
1159.009,57.16321608,57.19814584922454,55.459139614510775,57.37926335446035,-0.03492976922454005
1159.491,57.09681207,57.11445269829257,55.30177498496621,57.30097494746904,-0.017640628292568294
1159.973,57.00576372,57.029967685537606,55.14390959703534,57.221913111368856,-0.02420396553760895
1160.455,56.93249503,56.944690679361564,54.985555652534934,57.14207779553323,-0.012195649361565586
1160.937,56.85956354,56.85862155228486,54.826725282582885,57.06146894992323,0.0009419877151444211
1161.419,56.76658172,56.77176018159069,54.66743054761311,56.9800865256701,-0.005178461590695349
1161.901,56.70832941,56.68410644997678,54.5076834374064,56.89793047566393,0.024222960023216444
1162.383,56.61951933,56.59566024621346,54.34749587113491,56.815000755148176,0.023859083786540225
1162.865,56.5645698,56.50642146580961,54.18687969742104,56.73129732232086,0.05814833419039189
1163.348,56.48226195,56.41620240039196,54.025512175883115,56.646644070740514,0.06605954960804183
1163.83,56.38503265,56.32537653873899,53.86407322294372,56.561391497351046,0.05965611126100612
1164.312,56.32443383,56.23375783401555,53.70224080998158,56.47536511002166,0.09067599598444787
1164.794,56.22279427,56.14134621551119,53.5400265041155,56.38856488491845,0.08144805448880987
1165.276,56.16504592,56.04814162269619,53.37744180239428,56.30099080426495,0.11690429730380458
1165.758,56.05764797,55.954144005932584,53.21449813192622,56.21264285698256,0.10350396406741424
1166.24,56.00156411,55.85935332719284,53.05120685001758,56.12352103933726,0.1422107828071546
1166.722,55.89747652,55.76376956078699,52.88757924432188,56.03362535559376,0.1337069592130078
1167.204,55.79955335,55.667392694096804,52.72362653299673,55.94295581867614,0.13216065590319204
1167.687,55.72312267,55.57002030646412,52.559018743995104,55.851321929930926,0.15310236353587925
1168.169,55.65403541,55.4720556119866,52.39444858183253,55.75910315807068,0.18197979801340125
1168.651,55.54363428,55.37329786535139,52.22958657601004,55.66611063057987,0.1703364146486095
1169.133,55.45090052,55.273747113771094,52.064443668296114,55.57234440179429,0.17715340622890352
1169.615,55.36795051,55.17340342132723,51.899030731868486,55.477804538121184,0.19454708867277049
1170.097,55.27406174,55.07226686975433,51.73335857151582,55.382491118743886,0.20179487024567067
1170.579,55.1735277,54.97033755923177,51.567437923844196,55.286404236332224,0.2031901407682284
1171.061,55.07849435,54.867615609184675,51.40127945749044,55.18954399776219,0.21087874081532476
1171.543,54.98474715,54.76410115909367,51.23489377333994,55.0919105248419,0.22064599090632697
1172.026,54.90150685,54.65957714167194,51.067945538710845,54.99329898851005,0.24192970832805827
1172.508,54.80183556,54.55447655097707,50.90113653472814,54.89411787227568,0.2473590090229294
1172.99,54.7132406,54.44858400768089,50.73413173284842,54.79416398446028,0.2646565923191062
1173.472,54.60526899,54.34189973979913,50.56694146508154,54.69343751405546,0.2633692502008671
1173.954,54.50238153,54.23442399958063,50.399575996840404,54.59193866873377,0.2679575304193733
1174.436,54.3975484,54.12615706436875,50.232045527182756,54.489667675621135,0.2713913356312503
1174.918,54.30626696,54.01709923747178,50.064360189055705,54.386624782077924,0.28916772252821943
1175.4,54.20899861,53.90725084904183,49.89653004954272,54.282810256487046,0.3017477609581718
1175.883,54.11181846,53.7963818951651,49.72821650191578,54.17800660432944,0.31543656483490423
1176.365,53.99801774,53.68495184774904,49.56012644990764,54.072648108570654,0.31306589225096104
1176.847,53.9294039,53.57273240014102,49.39192142550081,53.96651892077883,0.35667149985897595
1177.329,53.83199816,53.45972399890368,49.223611234705494,53.85961940152539,0.37227416109632117
1177.811,53.70689612,53.345927121975286,49.05520561893514,53.751949936469764,0.3609689980247168
1178.293,53.61198884,53.23134227960283,48.88671425526425,53.6435109371964,0.3806465603971745
1178.775,53.51346629,53.11597001528351,48.718146756686515,53.53430284205929,0.3974962747164881
1179.257,53.42571575,52.9998109067161,48.54951267237541,53.4243261170363,0.4259048432839023
1179.74,53.29395307,52.88262212473277,48.380471453424235,53.31335069735251,0.41133094526723113
1180.222,53.22893455,52.764889573239536,48.21173250201552,53.20183663330935,0.4640449767604622
1180.704,53.11356955,52.64637212690775,48.04295525142081,53.08955551289036,0.46719742309225154
1181.186,53.00394422,52.52707051000923,47.874148998002525,52.9765079213287,0.4768737099907696
1181.668,52.90079337,52.40698548590803,47.70532297560553,52.86269447587258,0.4938078840919715
1182.15,52.78149259,52.28611785806497,47.53648635581687,52.74811582668731,0.4953747319350299
1182.632,52.66328186,52.16446847105113,47.36764824822662,52.6327726577665,0.49881338894886795
1183.114,52.58062239,52.04203821156996,47.1988177006863,52.516665687850605,0.5385841784300425
1183.596,52.433664,51.918828009488536,47.03000369956871,52.399795671354475,0.5148359905114646
1184.079,52.35551634,51.79458079089829,46.86086501899141,52.28191855715166,0.5609355491017141
1184.561,52.2444863,51.66981205816874,46.6921109056182,52.16352327928502,0.5746742418312607
1185.043,52.13477196,51.54426644412302,46.523399949688624,52.04436744336144,0.5905055158769841
1185.525,52.02407381,51.41794506186669,46.354740894104836,51.92445195600987,0.6061287481333082
1186.007,51.90087172,51.29084907295664,46.186142421570885,51.8037777642934,0.6100226470433583
1186.489,51.77443092,51.162979688483645,46.01761315484531,51.68234585668452,0.6114512315163552
1186.971,51.67060425,51.03433817016297,45.8491616569917,51.56015726404876,0.6362660798370285
1187.453,51.55678534,50.90492583143422,45.680796431629005,51.43721306063657,0.6518595085657779
1187.936,51.43730928,50.77447315299177,45.512176918526045,51.3132569452919,0.6628361270082337
1188.418,51.31717051,50.6435217342887,45.344009735043,51.18880335994148,0.6736487757112997
1188.9,51.19772741,50.5118037600718,45.1759539979263,51.06359765946565,0.6859236499281991
1189.382,51.07902649,50.379320761947405,45.008017975359316,50.937641101823544,0.6997057280525922
1189.864,50.95914007,50.24607432886387,44.840209877304574,50.810934993434365,0.713065741136127
1190.346,50.83373336,50.11206610825768,44.67253785574334,50.68348069021474,0.7216672517423177
1190.828,50.73353327,49.97729780720781,44.505010004913316,50.55527959862403,0.7562354627921906
1191.31,50.59720406,49.841771193595925,44.33763436154353,50.42633317671543,0.7554328664040781
1191.792,50.50408236,49.70548809727469,44.170418905088205,50.296642935195734,0.7985942627253095
1192.275,50.33261364,49.56816531764375,44.00302516691363,50.16593906119309,0.7644483223562517
1192.757,50.22914407,49.43037343982854,43.836154167935035,50.03476439365401,0.7987706301714539
1193.239,50.11901048,49.29183095673552,43.6694669690298,49.902850768772524,0.8271795232644834
1193.721,49.99605642,49.152539958055534,43.50297132272847,49.77019991871666,0.8435164619444677
1194.203,49.84330858,49.01250260139302,43.33667492542284,49.63681363370769,0.8308059786069819
1194.685,49.71133889,48.871721113471686,43.17058541758631,49.50269376311953,0.8396177765283142
1195.167,49.59818388,48.73019779134738,43.00471038399271,49.367842216583895,0.8679860886526214
1195.649,49.4743462,48.58793500362553,42.83905735393215,49.23226096510143,0.8864111963744676
1196.131,49.33363683,48.44493519168389,42.6736338014249,49.09595204215899,0.8887016383161139
1196.614,49.21327749,48.300901905180645,42.50810468590001,48.958632488172505,0.9123755848193582
1197.096,49.09605431,48.15643415041128,42.3431628049193,48.820873079771445,0.9396201595887206
1197.578,48.96277166,48.011237150107334,42.17847250914765,48.68239249123317,0.9515345098926673
1198.06,48.82075866,47.86531364922417,42.01404105350693,48.54319301740973,0.9554450107758328
1198.542,48.69868791,47.71866647167606,41.8498756386849,48.40327702130759,0.9800214383239378
1199.024,48.57072794,47.571298521584445,41.68598341133551,48.26264693523516,0.9994294184155521
1199.506,48.43910742,47.42321278453022,41.52237146427616,48.12130526195521,1.0158946354697775
1199.988,48.30031739,47.27441232880829,41.35904683668441,47.979254575841004,1.0259050611917075
1200.47,48.18711788,47.124900306684545,41.19601651428978,47.8364975240359,1.0622175733154577
1200.953,48.0289341,46.974367561161614,41.03295013527365,47.69273846180846,1.0545665388383867
1201.435,47.9100617,46.823440746066034,40.87052981398724,47.548575465872226,1.0866209539339664
1201.917,47.75770214,46.671812344967215,40.70842445040964,47.40371449998987,1.0858897950327844
1202.399,47.63708496,46.51948585881296,40.54664081825908,47.25815851421576,1.1175991011870394
1202.881,47.49992301,46.36646487883624,40.38518563873883,47.111910537225,1.1334581311637635
1203.363,47.32588465,46.212753087821,40.22406558071762,46.96497367749069,1.1131315621789994
1203.845,47.20614855,46.05835426136589,40.06328726090596,46.817351124462284,1.1477942886341097
1204.327,47.06564925,45.90327226914853,39.90285724403209,46.669046149746265,1.1623769808514695
1204.81,46.92550559,45.747187216960626,39.742450310109916,46.5197523092492,1.1783183730393745
1205.292,46.78185588,45.590749488467694,39.582737142448536,46.37009124243016,1.1911063915323084
1205.774,46.64383054,45.433640789073856,39.423391674980316,46.2197580809036,1.2101897509261477
1206.256,46.51185828,45.2758653775922,39.264420266106825,46.068756436903286,1.2359929024078014
1206.738,46.35832384,45.117427613212534,39.105829223091604,45.917090010732046,1.2408962267874628
1207.22,46.21302367,44.95833195675174,38.94762480222234,45.76476259194284,1.2546917132482562
1207.702,46.07691363,44.798582971900544,38.78981320897132,45.61177806051876,1.2783306580994562
1208.184,45.93147184,44.63818532646511,38.6324005981539,45.4581403880508,1.2932865135348877
1208.667,45.79528088,44.47680901658824,38.47506775762817,45.30353287007961,1.3184718634117587
1209.149,45.66631371,44.31512715545007,38.31847223352254,45.14859986899041,1.3511865545499262
1209.631,45.50984877,44.152811284641466,38.162293866311416,44.99302621194993,1.357037485358532
1210.113,45.35047446,43.98986650096829,38.00653860962183,44.83681624891458,1.3606079590317108
1210.595,45.20373946,43.82629801147634,37.851212367186115,44.67997442730062,1.377441448523662
1211.077,45.05552865,43.66211113465396,37.69632099298828,44.52250529314267,1.3934175153460373
1211.559,44.91293451,43.49731130162585,37.54187029140907,44.36441349224731,1.41562320837415
1212.041,44.76599033,43.331904057337745,37.38786601736895,44.205703771340794,1.434086272662256
1212.523,44.6034212,43.165895061730396,37.23431387646892,44.04638097921079,1.4375261382696038
1213.006,44.45787319,42.99894382199115,37.08090238176394,43.88611763232321,1.458929368008853
1213.488,44.30173945,42.831747551328725,36.92827239456514,43.725582412185446,1.4699918986712746
1213.97,44.15859708,42.66396722331805,36.7761113742609,43.56444930169167,1.4946298566819465
1214.452,43.98981952,42.49560896965035,36.62442483045061,43.40272356937541,1.4942105503496492
1214.934,43.84896474,42.32667904271223,36.47321822409464,43.24041059143297,1.5222856972877707
1215.416,43.70457559,42.15718381668509,36.32249696764498,43.07751585281647,1.5473917733149065
1215.898,43.52043683,41.987129788629844,36.172266425174755,42.91404494831776,1.5333070413701577
1216.38,43.37050939,41.816523579555444,36.0225319125057,42.750003583640726,1.5539858104445585
1216.863,43.21702346,41.64501628684041,35.87298960958192,42.585055487374596,1.5720071731595908
1217.345,43.03835512,41.47332496967213,35.72426396786497,42.41988961548706,1.5650301503278712
1217.827,42.87266113,41.301102103288606,35.57605002584381,42.2541710892183,1.571559026711391
1218.309,42.72937659,41.12835481510198,35.428352907484694,42.087906068649964,1.6010217748980224
1218.791,42.5619156,40.955090361553495,35.28117768911967,41.92110082995661,1.606825238446504
1219.273,42.37368809,40.78131612907037,35.13452939956528,41.7537617664002,1.5923719609296327
1219.755,42.21327427,40.60703963500141,34.98841302024074,41.585895389308945,1.606234634998593
1220.237,42.05196451,40.432268528529974,34.84283348528426,41.41750832903942,1.6196959814700236
1220.719,41.89637701,40.25701059156396,34.69779568166773,41.248607335922,1.6393664184360404
1221.202,41.71126159,40.080908648053615,34.55300524646189,41.07884728993644,1.6303529419463842
1221.684,41.54231683,39.90469996258532,34.40906652720399,40.90893813649695,1.6376168674146783
1222.166,41.40263582,39.72802861434472,34.26568392813607,40.73853604511818,1.6746072056552777
1222.648,41.22070266,39.55090292482146,34.12286214859547,40.56764825537116,1.6697997351785432
1223.13,41.07034595,39.37333135229895,33.98060584131078,40.396282131248206,1.697014597701049
1223.612,40.88696445,39.19532249258629,33.83891961251008,40.224445161990445,1.691641957413708
1224.094,40.72388071,39.016885079719145,33.69780802202766,40.05214496289272,1.7069956302808578
1224.576,40.56497126,38.838027986630266,33.55727558341009,39.8793892760855,1.7269432733697343
1225.058,40.39230242,38.65876022578905,33.41732676402094,39.70618597129218,1.7335421942109477
1225.541,40.21986442,38.478717781022596,33.277677469207404,39.532182340163956,1.7411466389774048
1226.023,40.05740261,38.29865547924886,33.13891033974724,39.358107035904524,1.7587471307511393
1226.505,39.87201398,38.11821040996584,33.0007399644772,39.18360851285211,1.753803570034158
1226.987,39.70982964,37.93739214980713,32.86317062696345,39.0086951584397,1.7724374901928712
1227.469,39.52251347,37.756210417630264,32.726206565099744,38.8333754910922,1.7663030523697358
1227.951,39.34018014,37.57467507494605,32.589851971206166,38.65765816082204,1.7655050650539508
1228.433,39.17342221,37.39279612630768,32.45411099212816,38.48155194979383,1.7806260836923187
1228.915,39.0100117,37.21058371966267,32.31898772933444,38.30506577285909,1.7994279803373274
1229.397,38.81317935,37.02804814666184,32.18448623901314,38.12820867805832,1.7851312033381603
1229.88,38.65993796,36.84482017183297,32.050333434998976,37.95062180358316,1.8151177881670293
1230.362,38.48336171,36.66166910141723,31.91708878817436,37.77304983085634,1.8216926085827652
1230.844,38.30748475,36.47822662669229,31.784477819754944,37.59513490779186,1.82925812330771
1231.326,38.13758371,36.294503616678895,31.652504405671984,37.41688661982074,1.843080093321106
1231.808,37.95510802,36.110511085008895,31.52117237705132,37.23831468756534,1.8445969349911024
1232.29,37.79731894,35.926260189970634,31.390485520306594,37.05942896713189,1.8710587500293627
1232.772,37.63037897,35.74176223450691,31.260447577231705,36.88023945036354,1.8886167354930947
1233.254,37.44309985,35.55702866616494,31.131062245092515,36.70075626505565,1.886071183835064
1233.737,37.25460895,35.3716871228049,31.002066788657284,36.52061642799242,1.8829218271950978
1234.219,37.09118465,35.186516821086805,30.873998965281647,36.340576278135885,1.9046678289131975
1234.701,36.89928395,35.00114614029716,30.746594585731906,36.160273682377216,1.8981378097028383
1235.183,36.73027766,34.81558710518408,30.619857169979188,35.979719313932264,1.9146905548159197
1235.665,36.54113558,34.62985188408271,30.493790193919533,35.798923982422295,1.911283695917291
1236.147,36.38052622,34.44395278855159,30.368397089461954,35.61789863383379,1.9365734314484087
1236.629,36.18356587,34.2579022729548,30.243681244618013,35.43665435043327,1.925663597045201
1237.111,36.0190757,34.07171293398654,30.119646003589605,35.2552023506356,1.9473627660134625
1237.594,35.82057949,33.88501084146329,29.99603946440419,35.07317692883368,1.9355686485367087
1238.076,35.62628332,33.69858199106014,29.87337671781631,34.891343323622365,1.927701328939861
1238.558,35.46887962,33.51205298289863,29.75140435229423,34.709336496375144,1.956826637101372
1239.04,35.281262,33.32543697737771,29.630125537589873,34.52716820810204,1.9558250226222853
1239.522,35.10427809,33.13874727397442,29.50954340008368,34.34485035457355,1.9655308160255842
1240.004,34.9326659,32.951997310411464,29.38966102287066,34.16239496589116,1.9806685895885394
1240.486,34.73288873,32.76520066176287,29.270481445847665,33.97981420600623,1.9676880682371305
1240.968,34.56932974,32.57837103949647,29.152007665799566,33.797120372184274,1.9909587005035334
1241.45,34.37083078,32.39152229045166,29.03424263648513,33.61432589441553,1.9793084895483375
1241.933,34.20145224,32.2042807364903,28.916947161179458,33.43106382759526,1.9971715035097048
1242.415,34.04116485,32.01743584376425,28.80060980831363,33.248105736402884,2.0237290062357545
1242.897,33.82157002,31.83061419550397,28.684989815980206,33.06508510760022,1.9909558244960337
1243.379,33.64722611,31.643830168777505,28.570089966605863,32.88201489533819,2.003395941222493
1243.861,33.45162805,31.457098269924735,28.455913000020995,32.69890818270264,1.9945297800752613
1244.343,33.28149564,31.270433133135278,28.34246161354583,32.51577818078279,2.011062506864725
1244.825,33.11263587,31.083849518957827,28.229738462075396,32.3326382276803,2.0287863510421715
1245.307,32.91393937,30.897362312739787,28.117746158165712,32.149501787458235,2.016577057260214
1245.79,32.74189381,30.710599977525924,28.006257208701406,31.96600256065782,2.031293832474077
1246.272,32.54067896,30.524351012596455,27.895735798110856,31.78291411488003,2.0163279474035463
1246.754,32.39801705,30.33824387556557,27.785952824685506,31.59987034734295,2.0597731744344294
1247.236,32.18661572,30.15229393420655,27.676910732394994,31.416885214468145,2.0343217857934484
1247.718,32.00561278,29.966516672226284,27.568611923299315,31.23397279245501,2.039096107773716
1248.2,31.83574342,29.78092768727689,27.461058757634376,31.051147275855442,2.0548157327231102
1248.682,31.68461991,29.59554268889566,27.354253553898253,30.868422976083913,2.08907722110434
1249.164,31.48914233,29.410377496372874,27.24819858893762,30.685814319862892,2.078764833627126
1249.646,31.31241216,29.22544803654539,27.142896098034328,30.50333584760331,2.08696412345461
1250.129,31.12188154,29.04038746565667,27.038132156769382,30.320624086946648,2.081494074343329
1250.611,30.93996367,28.85597824309846,26.934342726374318,30.138450396642654,2.083985426901542
1251.093,30.75615142,28.67185318965384,26.83131223169581,29.956451207442466,2.084298230346157
1251.575,30.58147239,28.48802863902107,26.729042742538276,29.774641497213327,2.0934437509789277
1252.057,30.37954976,28.30452102030927,26.627536287576326,29.593036348415875,2.0750287396907297
1252.539,30.20087334,28.12134685539202,26.526794854442468,29.411650946085537,2.0795264846079817
1253.021,30.03860569,27.938522756186348,26.426820389815,29.230500575746554,2.1000829338136526
1253.503,29.83474339,27.756065421860082,26.327614799506485,29.049600621258126,2.0786779681399175
1253.985,29.67880495,27.573991635964497,26.22917994855166,28.868966562592576,2.1048133140355034
1254.468,29.49177364,27.39194177575403,26.13131584676532,28.688240101489427,2.099831864245971
1254.95,29.30796046,27.21068664369109,26.034429515313096,28.508185280137013,2.0972738163089097
1255.432,29.13869787,27.029865922644323,25.93831927811837,28.32844338075235,2.1088319473556787
1255.914,28.9752134,26.849496703728956,25.842986837913035,28.149030244370042,2.125716696271045
1256.396,28.79367088,26.66959614701843,25.748433857098966,27.969961796009333,2.124074732981569
1256.878,28.62189053,26.490181478246395,25.65466195783805,27.79125404204701,2.1317090517536066
1257.36,28.44896702,26.311269985437754,25.561672722143136,27.612923067521816,2.1376970345622475
1257.842,28.24667893,26.132879015471424,25.469467691969285,27.434985033372726,2.1137999145285775
1258.324,28.07737059,25.9550259705729,25.378048369305127,27.257456173610322,2.1223446194271
1258.807,27.91213396,25.777361056706933,25.2872290020062,27.079985811649806,2.134772903293065
1259.289,27.74004282,25.60063747884105,25.19738707845643,26.903325214200088,2.139405341158948
1259.771,27.56246297,25.424504365162633,25.10833513233368,26.72712293647821,2.1379586048373653
1260.253,27.37244491,25.248979302946562,25.020074506603034,26.551395475293315,2.1234656070534363
1260.735,27.20420451,25.074079916268264,24.932606504727616,26.376159385387417,2.130124593731736
1261.217,27.01356667,24.899823862100924,24.845932390762464,26.201431276214368,2.113742807899076
1261.699,26.83126078,24.726228826351637,24.760053389449318,26.027227808656423,2.105031953648364
1262.181,26.66713527,24.553312519835465,24.674970686311447,25.853565691676895,2.113822750164534
1262.664,26.49378438,24.380736107884772,24.59051139178356,25.680103133747785,2.113048272115229
1263.146,26.29959933,24.20923197164872,24.507026343041712,25.507575230258812,2.09036735835128
1263.628,26.14444216,24.038459842254575,24.42434091686892,25.335639093295804,2.1059823177454255
1264.11,25.96517833,23.86843748873164,24.342456142794674,25.164311589522672,2.0967408412683604
1264.592,25.78480165,23.699182684010914,24.261373011612953,24.993609616032593,2.0856189659890845
1265.074,25.61968932,23.53071320056169,24.181092475480213,24.823550096643185,2.0889761194383105
1265.556,25.45511857,23.363046805976452,24.101615448013902,24.65414997813533,2.0920717640235473
1266.038,25.27933804,23.196201258507504,24.022942804391654,24.485426226437337,2.0831367814924953
1266.521,25.13500278,23.029850773796596,23.944914668365556,24.317047944477853,2.1051520062034044
1267.003,24.94166811,22.86470193035478,23.867854937746337,24.149729372776246,2.0769661796452183
1267.485,24.79392907,22.700427144102218,23.791601988402157,23.98313817686673,2.093501925897783
1267.967,24.60380522,22.53704409030361,23.71615654267429,23.817291360051538,2.066761129696392
1268.449,24.45838228,22.37457041187775,23.641519284968446,23.65220592490968,2.083811868122247
1268.931,24.2876852,22.21302371467546,23.567690861856626,23.48789886917786,2.074661485324537
1269.413,24.11803716,22.05242156272283,23.494671882180672,23.324387181585887,2.0656155972771693
1269.895,23.94447569,21.892781473430613,23.422462917155705,23.161687837647797,2.0516942165693877
1270.377,23.77912094,21.734120912771605,23.351064500474244,22.999817795411637,2.0450000272283937
1270.86,23.60658001,21.57613123583842,23.28033152498434,22.838460808281912,2.0304487741615773
1271.342,23.44627368,21.419484022646664,23.21055734057139,22.678301960553163,2.026789657353337
1271.824,23.25493717,21.26386841451574,23.14159508233283,22.519023175751364,1.9910687554842603
1272.306,23.09538876,21.109301622741096,23.073445134848775,22.360641298689348,1.9860871372589024
1272.788,22.92752593,20.95580078266686,23.00610784570737,22.203173134878217,1.9717251473331423
1273.27,22.74231866,20.803382948723087,22.939583525612615,22.046635446059895,1.9389357112769119
1273.752,22.60925968,20.652065089448637,22.873872448492982,21.891044945711446,1.9571945905513637
1274.234,22.42189994,20.501864082502035,22.80897485161045,21.736418294521474,1.9200358574979646
1274.717,22.28610851,20.352488631252548,22.744758827426637,21.582454358457365,1.9336198787474501
1275.199,22.12302567,20.20457397722758,22.681490445308967,21.429807239331264,1.9184516927724218
1275.681,21.97147142,20.05782624747911,22.619036036544436,21.27817362320748,1.9136451725208907
1276.163,21.82113712,19.91226190586648,22.557395692758554,21.12756991376325,1.90887521413352
1276.645,21.65312251,19.767897300323224,22.496569469466,20.978012438926918,1.8852252096767756
1277.127,21.5244851,19.624748657851434,22.43655738618371,20.829517446236274,1.8997364421485656
1277.609,21.37727603,19.482832079522744,22.37735942654451,20.68210109818536,1.8944439504772568
1278.091,21.2089686,19.34216353548934,22.318975538411543,20.535779467562243,1.8668050645106575
1278.573,21.05656704,19.202758860007766,22.26140563399322,20.390568532779376,1.8538081799922352
1279.056,20.92613018,19.064348520764252,22.20453268473129,20.246186425026913,1.8617816592357492
1279.538,20.75825965,18.927521219794407,22.148592030315893,20.103246802636104,1.8307384302055922
1280.02,20.64147771,18.792004457041635,22.093464883033114,19.961465230713436,1.849473252958365
1280.502,20.47855194,18.657813473441312,22.039151013563085,19.820857263184163,1.8207384665586872
1280.984,20.32451317,18.524963349432294,21.985650157516748,19.681438336224698,1.7995498205677052
1281.466,20.18345315,18.393469000116866,21.932962015554587,19.543223763603663,1.7899841498831321
1281.948,20.04614385,18.26334517045472,21.88108625350672,19.406228732034428,1.7827986795452802
1282.43,19.88996371,18.13460643049246,21.830022502492913,19.27046829654084,1.755357279507539
1282.912,19.74140597,18.007267170631767,21.779770359043958,19.135957375838686,1.7341387993682318
1283.395,19.61285099,17.8810818198427,21.730227653475136,19.00243562685389,1.7317691701572997
1283.877,19.46550668,17.756586925887444,21.681599058431402,18.8704705921517,1.7089197541125571
1284.359,19.32622192,17.63353358717938,21.633780653145134,18.739798994541125,1.6926883328206195
1284.841,19.19650877,17.51193542869464,21.58677189694476,18.610435161411527,1.684573341305363
1285.323,19.06365454,17.391805872785355,21.540572215185627,18.48239326107696,1.6718486672146469
1285.805,18.92822796,17.273158134744207,21.495180999375137,18.355687298310418,1.6550698252557936
1286.287,18.80120035,17.156005218427186,21.450597607298747,18.230331109911894,1.6451951315728124
1286.769,18.66236676,17.040359911939,21.40682136314641,18.10633836031499,1.6220068480610017
1287.251,18.5258466,16.92623478338403,21.36385155763999,17.98372253723275,1.5996118166159725
1287.734,18.4057701,16.813410183559576,21.32160080774145,17.86224689625093,1.5923599164404258
1288.216,18.27747902,16.70236543141592,21.280243287589855,17.742427585977573,1.575113588584081
1288.698,18.14239006,16.59287722445758,21.239689877011358,17.624024588782937,1.5495128355424193
1289.18,18.02565794,16.484957209189258,21.199939734073627,17.50705064244817,1.540700730810741
1289.662,17.90356487,16.378616791928028,21.160991984022978,17.391518286949943,1.5249480780719722
1290.144,17.76422273,16.27386713500041,21.122845719416002,17.27743986040325,1.490355594999592
1290.626,17.64063489,16.170719153023157,21.085500000251656,17.164827495061985,1.4699157369768443
1291.108,17.52733825,16.06918350926916,21.048953854104013,17.053693113380664,1.4581547407308406
1291.591,17.40880326,15.969065017880524,21.01313294055175,16.943822502071306,1.4397382421194749
1292.073,17.29051821,15.870788415506013,20.978184547657673,16.835682122849562,1.4197297944939855
1292.555,17.16008071,15.774154618359173,20.944032615040527,16.729054220589266,1.385926091640826
1293.037,17.06210408,15.679173249254223,20.910676041850397,16.62394984000104,1.382930830745778
1293.519,16.95619289,15.585853662860615,20.878113695486956,16.5203797972992,1.370339227139386
1294.001,16.86757656,15.494204942634141,20.846344411736375,16.418354676680487,1.3733716173658586
1294.483,16.73737864,15.404235897850473,20.815366994908864,16.317884826881222,1.3331427421495263
1294.965,16.63329851,15.315955060741807,20.785180217977043,16.218980357814715,1.3173434492581926
1295.448,16.55430442,15.229192817144416,20.75572265193853,16.121450853630495,1.3251116028555856
1295.93,16.4391112,15.14431641447638,20.727114982744965,16.025709802102728,1.294794785523619
1296.412,16.33389147,15.061152142526835,20.69929408296014,15.931563014913849,1.2727393274731664
1296.894,16.23814813,14.979707398261311,20.672258601538157,15.83901961420737,1.2584407317386876
1297.376,16.13171657,14.899989288899967,20.646007156797054,15.748088467758588,1.2317272811000315
1297.858,16.04409745,14.822004629714161,20.6205383365611,15.6587781861362,1.2220928202858374
1298.34,15.93799835,14.745759941937692,20.59585069830384,15.571097119958456,1.192238408062309
1298.822,15.83033164,14.671261450795596,20.571942769291553,15.48505335724484,1.1590701892044049
1299.304,15.75095813,14.59851508365013,20.548813046727624,15.400654720865592,1.1524430463498714
1299.787,15.64127184,14.527381019905793,20.526414428548378,15.317738817043352,1.1138908200942073
1300.269,15.54750705,14.458159146003654,20.504838097434828,15.236656280492506,1.0893479039963463
1300.751,15.47168747,14.390705384373184,20.484035282121006,15.157240738253739,1.0809820856268164
1301.233,15.37246127,14.325024454155368,20.4640043609535,15.079498928535966,1.047436815844632
1301.715,15.28315292,14.261120769164787,20.444743682947376,15.003437313164262,1.0220321508352121
1302.197,15.19996953,14.198998436765233,20.42625156793456,14.9290620756476,1.0009710932347673
1302.679,15.1235156,14.138661256869545,20.408526306712453,14.856379119355427,0.9848543431304542
1303.161,15.06096274,14.080112721064342,20.39156616119354,14.78539406580229,0.9808500189356586
1303.644,14.97311657,14.02324012399514,20.375336553500894,14.715970288910318,0.9498764460048594
1304.126,14.90405883,13.968281840413594,20.359902888437485,14.648400319278705,0.9357769895864063
1304.608,14.82718562,13.915120823843525,20.34522894919573,14.58254341989798,0.912064796156475
1305.09,14.76886656,13.863759325674993,20.331312883597036,14.518404069329334,0.9051072343250066
1305.572,14.6854753,13.814199286476908,20.318152811334937,14.45598645736956,0.8712760135230919
1306.054,14.63241822,13.766442335875622,20.305746824128356,14.395294484008927,0.8659758841243779
1306.536,14.56685013,13.720489792559633,20.294092985875402,14.336331758503915,0.8463603374403679
1307.018,14.48719261,13.676342664409356,20.283189332807858,14.279101598564417,0.8108499455906433
1307.5,14.44210751,13.634001648752282,20.27303387364624,14.223607029656902,0.8081058612477179
1307.983,14.37652666,13.593384914193885,20.263605842651664,14.169741065667752,0.7831417458061143
1308.465,14.33870742,13.55466072326797,20.254942229888815,14.117729197332153,0.7840466967320303
1308.947,14.27078716,13.51774287711617,20.24702066935684,14.067460241879171,0.7530442828838293
1309.429,14.22283311,13.482630835250989,20.239839061238218,14.018936050537548,0.7402022747490111
1309.911,14.18969552,13.44932374976746,20.23339527898871,13.972158180545579,0.7403717702325405
1310.393,14.1134449,13.41782046633669,20.227687169496125,13.92712789515021,0.6956244336633102
1310.875,14.0748948,13.388119525319597,20.222712553239422,13.883846163721397,0.6867752746804019
1311.357,14.00266224,13.360219163000068,20.218469224448526,13.842313661982494,0.6424430769999319
1311.839,13.95645372,13.334117312935355,20.214954951264733,13.802530772354851,0.6223364070646458
1312.322,13.92512588,13.309763045936386,20.21216244668181,13.764420496107585,0.6153628340636139
1312.804,13.88168348,13.287254535527833,20.210100986336606,13.72814043642425,0.5944289444721669
1313.286,13.81453436,13.266536530477394,20.208761726285083,13.693609380142684,0.5479978295226058
1313.768,13.77134197,13.247605768645952,20.20814233187602,13.660826541607046,0.5237362013540476
1314.25,13.72992782,13.23045869364899,20.208240443180124,13.62979084529265,0.49946912635101093
1314.732,13.69452068,13.21509145688651,20.20905367515361,13.600500926828635,0.47942922311349
1315.214,13.65525695,13.201499919680623,20.210579617802516,13.572955134130392,0.45375703031937675
1315.696,13.61526109,13.189679655518743,20.212815836347445,13.547151528641294,0.4255814344812574
1316.178,13.58510683,13.179625952401096,20.21575987138882,13.523087886681882,0.4054808775989045
1316.661,13.55627914,13.171318439216607,20.21941754183009,13.500717185212011,0.38496070078339173
1317.143,13.53878255,13.164786230665987,20.223771189532837,13.48012926196811,0.37399631933401345
1317.625,13.50066044,13.16000474742215,20.22882512419461,13.461272928906793,0.340655692577851
1318.107,13.46768624,13.156968160454777,20.23457678954913,13.444144836889983,0.31071807954522335
1318.589,13.44162268,13.155670368480559,20.241023605544534,13.428741359981926,0.28595231151944134
1319.071,13.40571585,13.156105000892705,20.248162968511785,13.415058597418652,0.24961084910729525
1319.553,13.38044202,13.158265420779873,20.25599225133356,13.403092375675477,0.222176599220127
1320.035,13.3544036,13.16214472803218,20.264508803613563,13.392838250631042,0.19225887196781954
1320.518,13.35220212,13.167749136422104,20.273729751134045,13.384275549410855,0.18445298357789497
1321.0,13.32617071,13.175048009344708,20.28361421078597,13.377434741003741,0.1511227006552911
1321.482,13.32059686,13.184043506254506,20.294177845069214,13.372291085253874,0.13655335374549438
1321.964,13.31353206,13.194727706451955,20.305417912128107,13.368839078622154,0.11880435354804497
1322.446,13.3239325,13.207092442799526,20.317331647682312,13.36707295918294,0.11684005720047352
1322.928,13.30390342,13.22112930529983,20.329916265199007,13.366986709329062,0.08277411470016993
1323.41,13.31403531,13.236829644743555,20.343168956065497,13.36857405855978,0.07720566525644479
1323.892,13.30618706,13.254184576424775,20.357086889762286,13.371828486350326,0.05200248357522419
1324.375,13.3013415,13.273226107876594,20.371698150234895,13.376755142718947,0.028115392123405414
1324.857,13.30386117,13.293866031484262,20.386939356564604,13.3833266034025,0.009995138515737523
1325.339,13.30317512,13.316132498256728,20.402837178434044,13.391544095498121,-0.012957378256727381
1325.821,13.32029926,13.340015719454744,20.419388699392243,13.401400128136988,-0.01971645945474343
1326.303,13.31258897,13.365505690343497,20.436590981953685,13.41288697592203,-0.05291672034349659
1326.785,13.32681522,13.392592194255824,20.454441067773878,13.425996682238804,-0.06577697425582407
1327.267,13.32030748,13.421264806704048,20.472935977825486,13.440721062631972,-0.100957326704048
1327.749,13.35522274,13.451512899537544,20.492072712574707,13.457051708244851,-0.09629015953754383
1328.231,13.35963517,13.483325645143521,20.511848252158085,13.474979989319984,-0.12369047514352083
1328.714,13.36238403,13.516762852780014,20.532302562420373,13.494539195894397,-0.15437882278001425
1329.196,13.38959572,13.551674832733648,20.553347881120736,13.515639260747257,-0.16207911273364672
1329.678,13.38297699,13.588117804601849,20.575022818451213,13.538309762802655,-0.2051408146018492
1330.16,13.41439229,13.626080185323925,20.597324274965256,13.562541224413664,-0.21168789532392474
1330.642,13.4586566,13.665550213941522,20.620249131776923,13.58832396537134,-0.2068936139415225
1331.124,13.46123416,13.706515956001246,20.643794250739937,13.615648106719625,-0.24528179600124567
1331.606,13.47894496,13.748965307981274,20.667956474627026,13.644503574613875,-0.2700203479812746
1332.088,13.50553706,13.792886001739843,20.692732627309766,13.67488010422089,-0.28734894173984316
1332.571,13.53900031,13.838361265377532,20.718172816457738,13.7068349624759,-0.2993609553775318
1333.053,13.53453544,13.885190189637633,20.744168480705564,13.740225177585634,-0.35065474963763243
1333.535,13.5832839,13.933452681707283,20.77076842703537,13.775104530924544,-0.3501687817072838
1334.017,13.61562449,13.98313585948807,20.797969405480735,13.81146203308468,-0.3675113694880707
1334.499,13.63297282,14.034226698744753,20.825768148078126,13.849286523710498,-0.40125387874475216
1334.981,13.67032378,14.086712037628386,20.85416136904867,13.888566675594621,-0.4163882576283857
1335.463,13.68508823,14.14057858120314,20.88314576498007,13.929290998797761,-0.4554903512031405
1335.945,13.72898331,14.195812905974506,20.912718015009006,13.971447844790275,-0.4668295959745059
1336.427,13.74367863,14.252401464415772,20.942874781003542,14.015025410612765,-0.5087228344157726
1336.91,13.77803324,14.31045215837137,20.97367708115668,14.060106531733094,-0.5324189183713717
1337.392,13.84415027,14.369710806315915,21.004993991742083,14.10649241649452,-0.5255605363159148
1337.874,13.86300268,14.430282317423833,21.036885295068345,14.154262701933522,-0.5672796374238338
1338.356,13.93123798,14.492152692986167,21.06934758572673,14.203405008998438,-0.5609147129861665
1338.838,13.98208113,14.55530783280477,21.102377441957344,14.253906825225087,-0.5732267028047708
1339.32,14.03513642,14.619733539663434,21.135971425833294,14.305755508963207,-0.5845971196634334
1339.802,14.11783033,14.685415523781442,21.170126083445066,14.358938293605547,-0.5675851937814418
1340.284,14.1751628,14.752339407248462,21.20483794508528,14.41344229181806,-0.577176607248461
1340.766,14.22240066,14.820490728437772,21.240103525433405,14.469254499767949,-0.5980900684377719
1341.249,14.28010166,14.890000106238034,21.27599419988961,14.526481618317362,-0.6098984462380344
1341.731,14.34723962,14.96056507587108,21.31235783073651,14.584873435028724,-0.613325455871081
1342.213,14.41847118,15.032313609285454,21.34926462516199,14.644533765448012,-0.6138424292854552
1342.695,14.4481336,15.10523095350008,21.386711037215655,14.705449181724903,-0.6570973535000793
1343.177,14.50841747,15.179302293508757,21.42469350626188,14.767606160564126,-0.6708848235087572
1343.659,14.56669721,15.254512756526754,21.463208457166125,14.83099108740072,-0.687815546526755
1344.141,14.63145985,15.330847416202735,21.502252300480954,14.895590260559006,-0.6993875662027342
1344.623,14.68645529,15.40829129679582,21.54182143263271,14.961389895394321,-0.7218360067958205
1345.105,14.75657128,15.486829377314784,21.581912236108074,15.028376128414834,-0.7302580973147847
1345.588,14.81516262,15.5666128878607,21.622605866328172,15.096677639142928,-0.7514502678606991
1346.07,14.89364303,15.64729633654791,21.6637301684979,15.165997572378934,-0.7536533065479105
1346.552,14.95206549,15.729028660060717,21.705365200078326,15.236462051858148,-0.776963170060716
1347.034,15.03329292,15.81179469694506,21.747507289639515,15.308056939336943,-0.7785017769450615
1347.516,15.10992497,15.895579260590246,21.790152752747726,15.380768037985241,-0.7856542905902462
1347.998,15.18940561,15.980367143113973,21.833297892152785,15.454581096354133,-0.7909615331139737
1348.48,15.26417015,16.0661431192008,21.87693899797582,15.529481812311683,-0.8019729692007989
1348.962,15.33505735,16.152891949892084,21.921072347896747,15.605455836946042,-0.817834599892084
1349.445,15.42553552,16.24078133473421,21.965787289021176,15.682649688550676,-0.8152458147342081
1349.927,15.49775873,16.329432061065898,22.01089491318219,15.760729267948701,-0.8316733310658986
1350.409,15.5757752,16.419009848771307,22.056483533903503,15.839838837068996,-0.8432346487713058
1350.891,15.64331972,16.509499441228755,22.10254938095602,15.919963898141798,-0.8661797212287556
1351.373,15.7089166,16.600885586374307,22.149088672610077,16.001089925598208,-0.891968986374307
1351.855,15.79388966,16.69315304018188,22.196097615823597,16.08320236974681,-0.8992633801818801
1352.337,15.87479013,16.786286570089224,22.243572406430488,16.166286660408737,-0.9114964400892251
1352.819,15.9695695,16.880270958368307,22.291509229328994,16.25032821050953,-0.9107014583683064
1353.302,16.0510972,16.97528858565955,22.340005136939773,16.33548970516939,-0.9241913856595474
1353.784,16.12377395,17.070930799829014,22.38885547499708,16.421403873252984,-0.9471568498290139
1354.266,16.21805811,17.16737830963702,22.438156328319753,16.508231443095518,-0.9493201996370182
1354.748,16.30062971,17.264615989324557,22.487903839927124,16.5959577950548,-0.9639862793245584
1355.23,16.41584989,17.362628743971282,22.538094142845885,16.68456830987582,-0.9467788539712814
1355.712,16.49342413,17.461401512520556,22.588723360298413,16.77404837200279,-0.9679773825205551
1356.194,16.56949932,17.560919270745075,22.639787605891563,16.86438337284193,-0.991419950745076
1356.676,16.66384438,17.661167034153447,22.691282983805074,16.955558713973478,-0.9973226541534466
1357.158,16.74622048,17.762129860836698,22.7432055889804,17.04755981031331,-1.0159093808366961
1357.641,16.85857518,17.864004490839807,22.795660546112074,17.140565482954983,-1.0054293108398085
1358.123,16.92681515,17.966354208968987,22.848426720644476,17.234176040963053,-1.0395390589689875
1358.605,17.00918385,18.069374417056448,22.9016083455521,17.328568679662254,-1.0601905670564484
1359.087,17.12133946,18.17305037089636,22.95520148069073,17.4237288979383,-1.0517109108963574
1359.569,17.21441291,18.277367382197628,23.009202177620665,17.519642223039327,-1.062954472197628
1360.051,17.29477834,18.382310821067843,23.063606479795205,17.616294213419522,-1.0875324810678428
1360.533,17.37407935,18.487866118435758,23.118410422748948,17.713670461528174,-1.1137867684357587
1361.015,17.46351274,18.59401876841321,23.173610034286142,17.8117565965436,-1.1305060284132118
1361.498,17.62839898,18.700976369624122,23.229317073711435,17.910743941425928,-1.0725773896241222
1361.98,17.7133167,18.808281635984933,23.285296876058517,18.010208296637696,-1.0949649359849332
1362.462,17.84975921,18.916141109500206,23.34166037760697,18.11033964367345,-1.0663818995002075
1362.944,17.97992829,19.02454055957415,23.398403577106667,18.211123784963522,-1.0446122695741487
1363.426,18.11973833,19.133465829700548,23.455522466517642,18.312546572511692,-1.013727499700547
1363.908,18.23983368,19.242902839463287,23.513013031198113,18.414593910295654,-1.003069159463287
1364.39,18.32019848,19.352837586476603,23.570871250092,18.517251756610865,-1.032639106476605
1364.872,18.44380017,19.46325614826632,23.629093095916424,18.620506126358702,-1.019455978266322
1365.354,18.54974855,19.574144684092616,23.687674535349366,18.72434309327897,-1.0243961340926155
1365.837,18.64240941,19.685720907160846,23.746734171930186,18.82896598306815,-1.0433114971608468
1366.319,18.72401452,19.79750910852892,23.806023400457633,18.933927748733065,-1.07349458852892
1366.801,18.82781285,19.909726241373313,23.865660079855232,19.03943067886814,-1.0819133913733125
1367.283,18.93641537,20.022358809134712,23.925640154504507,19.14546110390846,-1.085943439134713
1367.765,19.03554304,20.135393405232847,23.9859595636832,19.252005423453063,-1.0998503652328466
1368.247,19.15458305,20.24881671454376,24.046614241751694,19.359050108162748,-1.0942336645437614
1368.729,19.24171105,20.362615514821073,24.107600118339448,19.46658170160251,-1.1209044648210735
1369.211,19.35532371,20.476776678062112,24.168913118531226,19.57458682202912,-1.121452968062112
1369.693,19.46401352,20.59128717181914,24.230549163052924,19.68305216412441,-1.127273651819138
1370.176,19.58173246,20.706372672767642,24.29263303453704,19.79219091539299,-1.1246402127676411
1370.658,19.67505712,20.821543776668047,24.354903562403276,19.901537985398043,-1.1464866566680456
1371.14,19.7927831,20.9370256730475,24.417484863990058,20.0113058091637,-1.1442425730474994
1371.622,19.90017215,21.05280572392284,24.480372844437124,20.12148140349656,-1.1526335739228415
1372.104,20.00886675,21.168871392622364,24.543563405452794,20.232051869490128,-1.160004642622365
1372.586,20.12460556,21.285210244780572,24.607052445498848,20.34300439393806,-1.1606046847805729
1373.068,20.25078589,21.40180994928244,24.67083585997483,20.45432625069523,-1.1510240592824417
1373.55,20.38741536,21.518658279158032,24.734909541402455,20.56600480198776,-1.1312429191580335
1374.032,20.52078125,21.635743112427875,24.799269379609648,20.67802749967156,-1.1149618624278759
1374.515,20.67200648,21.753296038305905,24.864045664032908,20.79061532302404,-1.0812895583059046
1374.997,20.79162347,21.870818365050685,24.92896604776352,20.90328968327828,-1.0791948950506836
1375.479,20.92087227,21.988541442551018,24.994160234886856,21.016271069743187,-1.0676691725510175
1375.961,21.04875395,22.106453576509754,25.059624106286684,21.12954730457901,-1.0576996265097556
1376.443,21.1655619,22.224543181136465,25.125353541069444,21.243106305126464,-1.0589812811364645
1376.925,21.28189214,22.34279877971296,25.191344416746638,21.356936084871382,-1.060906639712961
1377.407,21.40883054,22.461209005114988,25.257592609417102,21.47102475436204,-1.0523784651149874
1377.889,21.51920419,22.579762600290554,25.324093993948583,21.585360522079753,-1.0605584102905539
1378.372,21.6491139,22.698694784604136,25.390983186610633,21.700169631436903,-1.0495808846041363
1378.854,21.7472438,22.817502030629,25.457979079331466,21.814965069224286,-1.0702582306290012
1379.336,21.83377262,22.936419517306017,25.52521577437968,21.92997280256697,-1.1026468973060162
1379.818,21.97657151,23.055436432048513,25.592689143509983,22.045181439690563,-1.0788649220485134
1380.3,22.10044029,23.17454207411178,25.660395058150677,22.160579690434535,-1.0741017841117788
1380.782,22.20428551,23.293725854828164,25.728329389583596,22.276156366857858,-1.0894403448281658
1381.264,22.31052743,23.412977297803675,25.796488009123568,22.391900383802177,-1.1024498678036743
1381.746,22.41248636,23.532286039077967,25.86486678829755,22.50780075941443,-1.1197996790779676
1382.229,22.53002947,23.651889495216306,25.933604133609457,22.624087518400444,-1.1218600252163071
1382.711,22.65585118,23.771282257634777,26.002411283719503,22.74026834972545,-1.1154310776347778
1383.193,22.75393025,23.890701881446304,26.07142620254266,22.856573196581376,-1.1367716314463046
1383.675,22.87110029,24.010138453541884,26.14064476424084,22.97299149497507,-1.1390381635418834
1384.157,22.94912023,24.129582173515928,26.210062844078664,23.08951278623608,-1.1804619435159296
1384.639,23.060262,24.24902335361966,26.27967631860042,23.20612671730558,-1.1887613536196575
1385.121,23.18846267,24.368452418683106,26.349481065806618,23.32282304098952,-1.1799897486831057
1385.603,23.32559925,24.487859906005898,26.419472965329867,23.439591616175594,-1.1622606560058983
1386.085,23.45781371,24.607236465218136,26.48964789861072,23.556422408015813,-1.1494227552181364
1386.568,23.59761454,24.72682039588606,26.560147894547413,23.67354803161281,-1.1292058558860631
1387.05,23.76254507,24.846107384542098,26.630676906158627,23.790473655950084,-1.083562314542096
1387.532,23.90067622,24.96533604754659,26.701376599918284,23.907432011252187,-1.0646598275465884
1388.014,24.056632,25.084497482114422,26.772242866252135,24.024413489098716,-1.0278654821144215
1388.496,24.16072196,25.20358289666882,26.843271598266405,24.14140858774646,-1.04286093666882
1388.978,24.30121074,25.32258361053693,26.914458691920387,24.258407912116034,-1.0213728705369327
1389.46,24.39806205,25.44149105362058,26.985800046199472,24.375402173750274,-1.0434290036205809
1389.942,24.51936804,25.56029676604298,27.057291563287123,24.492382190742077,-1.0409287260429814
1390.425,24.61043492,25.679238534104734,27.129077923431435,24.609581505901275,-1.0688036141047341
1390.907,24.7137179,25.79781559058079,27.200857776645854,24.72650583731822,-1.0840976905807906
1391.389,24.82110702,25.916266177451426,27.272775511646408,24.843388998253115,-1.0951591574514268
1391.871,24.91828785,26.034582271955088,27.34482704512933,24.96022223194107,-1.1162944219550894
1392.353,25.00140492,26.152755959444118,27.417008297842692,25.0769968873935,-1.151351039444119
1392.835,25.11618398,26.27077943290083,27.489315194756024,25.193704419165265,-1.154595452900832
1393.317,25.2334452,26.38864499243403,27.56174366522895,25.310336387097575,-1.1551997924340327
1393.799,25.34806495,26.506345044756515,27.634289643179265,25.42688445603653,-1.1582800947565133
1394.281,25.49173964,26.623872102644874,27.706949067251013,25.543340395529075,-1.1321324626448757
1394.764,25.63050814,26.741462049660694,27.779868964522656,25.659937371531743,-1.1109539096606937
1395.246,25.80618649,26.858620681645373,27.85274333084488,25.77618454501025,-1.0524341916453714
1395.728,25.93455988,26.975584473472253,27.92571898085679,25.892315506190467,-1.0410245934722546
1396.21,26.06333877,27.092346356643155,27.99879187378455,26.00832244015327,-1.0290075866431536
1396.692,26.22860219,27.208899365770687,28.07195797441129,26.12419763483367,-0.9802971757706871
1397.174,26.32902381,27.325236637942567,28.14521325324172,26.239933480591095,-0.9962128279425677
1397.656,26.46341207,27.441351412071736,28.218553686666,26.35552246976119,-0.9779393420717355
1398.138,26.60688052,27.55723702823331,28.291975257123056,26.4709571961894,-0.950356508233309
1398.62,26.745892,27.67288692698937,28.365473953263667,26.58623035474723,-0.9269949269893694
1399.103,26.86173921,27.788533827636712,28.439198481970386,26.701573366227596,-0.9267946176367126
1399.585,26.98695162,27.903692489583307,28.512839560342762,26.816501503036942,-0.9167408695833075
1400.067,27.08614537,28.018596338906175,28.586545760965517,26.931246743227845,-0.9324509689061742
1400.549,27.20615412,28.133239211326266,28.660313098966906,27.045802180813283,-0.9270850913262656
1401.031,27.31934522,28.24761503950083,28.734137596492495,27.160161008170288,-0.9282698195008301
1401.513,27.41113357,28.36171785228291,28.80801528286436,27.27431651546331,-0.9505842822829109
1401.995,27.50330155,28.475541773972683,28.881942194739874,27.388262090054564,-0.9722402239726833
1402.477,27.61657277,28.58908102355926,28.955914376269774,27.50199121590083,-0.9725082535592584
1402.959,27.73955788,28.702329913955285,29.02992787925545,27.615497472938024,-0.9627720339552859
1403.442,27.82636003,28.81551688194215,29.104132431973415,27.729009308524727,-0.9891568519421483
1403.924,27.95942696,28.928167733434666,29.178216829974588,27.84205045368014,-0.9687407734346678
1404.406,28.07629303,29.040511709117624,29.25233074417207,27.95485002674847,-0.964218679117625
1404.888,28.21498895,29.152543489983085,29.326470258549254,28.067401985391957,-0.9375545399830862
1405.37,28.33899372,29.26425784701268,29.400631465518437,28.17970038000568,-0.925264127012678
1405.852,28.46718828,29.375649640372636,29.474810466074295,28.291739353038242,-0.9084613603726375
1406.334,28.57520396,29.486713818604585,29.5490033699467,28.403513138303072,-0.9115098586045853
1406.816,28.68927895,29.59744541781234,29.62320629575318,28.515016060282566,-0.9081664678123431
1407.299,28.80273592,29.70806824021248,29.697569335598825,28.626473002544344,-0.9053323202124801
1407.781,28.91010073,29.8181194208597,29.771780698168413,28.737416939941728,-0.9080186908596986
1408.263,29.03019023,29.927823638292967,29.84599048537756,28.84807351329767,-0.8976334082929682
1408.745,29.15710966,30.03717627082395,29.920194852923625,28.958437402828068,-0.880066610823949
1409.227,29.25151438,30.146172780201624,29.994389966143174,29.068503375819954,-0.8946584002016245
1409.709,29.35618818,30.254808710779148,30.068572000160117,29.178266285892658,-0.8986205307791479
1410.191,29.47033806,30.363079688679864,30.1427371400335,29.28772107225445,-0.8927416286798646
1410.673,29.58320238,30.470981420959887,30.21688158090411,29.396862758952494,-0.887779040959888
1411.156,29.69422573,30.578732391386122,30.29115527587666,29.50591189551906,-0.8845066613861228
1411.638,29.82365798,30.685882285508438,30.365246882626707,29.61441211596273,-0.8622243055084375
1412.12,29.90083872,30.792650524063635,30.439306429926205,29.722584800637804,-0.8918118040636358
1412.602,30.00652607,30.899033129614853,30.513330154719263,29.830425305534757,-0.8925070596148537
1413.084,30.12140589,31.005026201460918,30.587314304755406,29.93792906767103,-0.8836203114609198
1413.566,30.22379621,31.110625914796543,30.66125513873209,30.045091604318706,-0.8868297047965434
1414.048,30.32287264,31.215828519873536,30.7351489264365,30.15190851222954,-0.8929558798735364
1414.53,30.4219964,31.32063034116123,30.808991948886497,30.258375466857125,-0.8986339411612292
1415.012,30.48396754,31.42502777650983,30.88278049847101,30.36448822157809,-0.9410602365098306
1415.495,30.59133458,31.529232615767114,30.956663783659533,30.47046163897246,-0.9378980357671125
1415.977,30.69317914,31.6328099051119,31.030332178712005,30.575852805594103,-0.9396307651118967
1416.459,30.80021755,31.735972427039933,31.10393504007557,30.680877483899188,-0.9357548770399333
1416.941,30.9128001,31.83871686471941,31.1774687070357,30.78553173128547,-0.9259167647194104
1417.423,31.0329809,31.941039970531854,31.25092953093909,30.889811679154672,-0.9080590705318556
1417.905,31.1665826,32.04293856524577,31.32431387532939,30.99371353212731,-0.876355965245768
1418.387,31.32518561,32.14440953719193,31.397618116082317,31.097233567257405,-0.8192239271919348
1418.869,31.47361101,32.245449841442216,31.47083864153956,31.2003681332473,-0.7718388314422171
1419.352,31.61884018,32.34626477368901,31.54412348804307,31.3033264077719,-0.7274245936890082
1419.834,31.74724823,32.446433961924626,31.617165606154938,31.405678546218425,-0.6991857319246257
1420.316,31.88646926,32.54616373410914,31.690113242722312,31.507634676611254,-0.6596944741091448
1420.798,31.99693003,32.6454513042548,31.762962837304205,31.609191426548733,-0.6485212742547972
1421.28,32.08671125,32.74429394905316,31.835710842584742,31.710345491362226,-0.6575826990531581
1421.762,32.18248854,32.84268900707398,31.90835372450283,31.811093633337073,-0.6602004670739774
1422.244,32.23415874,32.940633877967436,31.980887962380564,31.911432680935576,-0.7064751379674377
1422.726,32.34373626,33.03812602167133,32.05331004905097,32.011359528021785,-0.6943897616713315
1423.208,32.46013835,33.13516295762183,32.12561649098497,32.11087113308878,-0.6750246076218289
1423.69,32.53454811,33.23174226396906,32.19780380841733,32.209964518488384,-0.6971941539690576
1424.173,32.6346348,33.32806051468676,32.27001791752488,32.3088410441203,-0.6934257146867608
1424.655,32.72773691,33.42371656575008,32.34195633726364,32.40708842627644,-0.6959796557500795
1425.137,32.84091173,33.51890806155568,32.413765269920795,32.50490902558107,-0.6779963315556756
1425.619,32.93195215,33.61363280747004,32.48544129206144,32.60230011229529,-0.6816806574700394
1426.101,33.03797147,33.707888663719025,32.556980994633236,32.69925901672702,-0.6699171937190229
1426.583,33.11528137,33.80167354463165,32.62838098308683,32.795783128477986,-0.6863921746316493
1427.065,33.199502,33.8949854178903,32.69963787749701,32.89186989569534,-0.6954834178902942
1427.547,33.29474305,33.98782230378471,32.77074831268141,32.987516824325745,-0.6930792537847097
1428.03,33.39993689,34.080373395606195,32.84185600149133,33.08291853599603,-0.6804365056061954
1428.512,33.49286784,34.172253579116976,32.91266316105673,33.17767760782847,-0.6793857391169738
1428.994,33.60131807,34.26365314066813,32.98331384861613,33.27198969354984,-0.662335070668135
1429.476,33.71901701,34.35457030373666,33.05380475916809,33.365852523042875,-0.6355532937366561
1429.958,33.82580026,34.44500334076074,33.12413260303839,33.45926388032096,-0.6192030807607409
1430.44,33.92345413,34.534950572427604,33.19429410599448,33.552221602807435,-0.611496442427601
1430.922,34.03391521,34.624410366967595,33.264286009358656,33.644723580619335,-0.5904951569675916
1431.404,34.11691671,34.71338113945333,33.334105070120614,33.73676775585555,-0.5964644294533343
1431.886,34.22608212,34.80186135110552,33.40374806104895,33.828352121889985,-0.5757792311055212
1432.369,34.30075209,34.89003154414794,33.47335569780077,33.91966329237403,-0.5892794541479347
1432.851,34.3952347,34.97752517361148,33.54263654914371,34.01032125779919,-0.5822904736114793
1433.333,34.46783318,35.064523893068376,33.61173173815567,34.10051369099399,-0.5966907130683765
1433.815,34.54317845,35.15102634159611,33.6806381018526,34.19023878355892,-0.6078478915961085
1434.297,34.63649598,35.2370312010366,33.74935249357415,34.279494774905906,-0.6005352210366013
1434.779,34.74273499,35.3225371953386,33.81787178308964,34.36827995158185,-0.579802205338595
1435.261,34.83308182,35.40754308990533,33.88619285670346,34.45659264659623,-0.5744612699053349
1435.743,34.95347922,35.492047690949285,33.95431261735955,34.544431238754804,-0.5385684709492864
1436.226,35.06787871,35.5762236001087,34.0223686734025,34.631974907318906,-0.5083448901086953
1436.708,35.18546733,35.6597211469268,34.09007615046835,34.71885961844194,-0.47425381692679736
1437.19,35.30070388,35.74271405516165,34.15757311797232,34.80526562827634,-0.44201017516164853
1437.672,35.42079715,35.825201288010625,34.22485654647731,34.89119149234339,-0.40440413801062647
1438.154,35.50589685,35.907181846344685,34.29192342369387,34.97663580870714,-0.4012849963446854
1438.636,35.59571257,35.9886547681016,34.35877075457948,35.06159721734149,-0.3929421981015935
1439.118,35.66276795,36.06961912768379,34.42539556143628,35.14607439950172,-0.40685117768378376
1439.6,35.75792911,36.15007403536343,34.491794884008016,35.23006607710183,-0.39214492536343215
1440.083,35.8095922,36.23018396582639,34.55810282411068,35.31374375204587,-0.42059176582639424
1440.565,35.89125017,36.309616379803714,34.624041884577906,35.39675973228118,-0.41836620980371464
1441.047,35.95033844,36.38853688046375,34.689746679584246,35.479286609147906,-0.43819844046374357
1441.529,36.03923704,36.46694471580325,34.75521431962872,35.56132326116516,-0.42770767580324787
1442.011,36.09968458,36.54483916680776,34.82044193312315,35.642868604483695,-0.4451545868077602
1442.493,36.18478747,36.622219546894414,34.88542666648368,35.72392159229835,-0.4374320768944102
1442.975,36.26797155,36.69908520136168,34.95016568422122,35.80448121426578,-0.43111365136168445
1443.457,36.36331876,36.7754355068447,35.014656169030644,35.884546495928625,-0.4121167468447027
1443.939,36.42384751,36.8512698707778,35.07889532187967,35.9641164981451,-0.42742236077779694
1444.422,36.50920347,36.92674345470447,35.14301284507363,36.04335385369896,-0.41753998470446874
1444.904,36.57779617,37.00154320516154,35.20674047463855,36.12192958593048,-0.42374703516154
1445.386,36.67005478,37.07582541486622,35.270208479979985,36.200007425868904,-0.4057706348662222
1445.868,36.74197931,37.14958960925425,35.333414136061165,36.277586570118096,-0.40761029925425163
1446.35,36.83299851,37.22283534196414,35.396354736546456,36.35466624783364,-0.3898368319641392
1446.832,36.92037796,37.295562194336455,35.45902759388407,36.43124572018755,-0.37518423433645154
1447.314,37.00373786,37.367769774919815,35.52143003938775,36.507324279839196,-0.36403191491981346
1447.796,37.1165113,37.43945771898312,35.583559423317894,36.58290125041268,-0.32294641898312193
1448.279,37.17663966,37.51077279868795,35.64554115372603,36.658131220187734,-0.33413313868795314
1448.76,37.26256782,37.581273369340565,35.70698850270955,36.73254787054464,-0.3187055493405637
1449.243,37.34048177,37.651545426066015,35.768409867353554,36.80676946281025,-0.31106365606601827
1449.725,37.43629372,37.7211506135717,35.82942029852501,36.88033286842236,-0.28485689357169974
1450.207,37.50825701,37.790234724583726,35.89014470110468,36.95339174857271,-0.281977714583725
1450.689,37.59086205,37.85879754483542,35.950580540715066,37.025945602070806,-0.26793549483542023
1451.171,37.65786693,37.92683888353429,36.010725302463904,37.09799395519133,-0.26897195353429026
1451.653,37.72327893,37.99435857292199,36.07057649101696,37.16953636119766,-0.2710796429219897
1452.135,37.80602087,38.06135646784094,36.13013163067029,37.24057239987122,-0.25533559784093995
1452.617,37.85066271,38.12783244530617,36.18938826542119,37.311101677046565,-0.27716973530616684
1453.1,37.91782475,38.19392269532734,36.24846595924822,37.3812685709134,-0.27609794532733645
1453.582,38.01308777,38.25935347225714,36.30711766346979,37.450782191327946,-0.24626570225714062
1454.064,38.06613942,38.32426209152359,36.365463608732384,37.519788018866144,-0.25812267152359425
1454.546,38.14128684,38.38864851471334,36.42350141857054,37.58828575908939,-0.24736167471333914
1455.028,38.20236503,38.45251272353253,36.48122873656017,37.6562751413717,-0.25014769353252575
1455.51,38.28893851,38.515854719413745,36.53864322638428,37.72375591846904,-0.22691620941374424
1455.992,38.39613969,38.57867452312834,36.59574257189672,37.790727866094066,-0.18253483312834362
1456.474,38.48675686,38.64097217440407,36.65252447718544,37.85719078249609,-0.15421531440406966
1456.957,38.59467775,38.702875353940044,36.70910347419476,37.92328079202482,-0.10819760394004163
1457.439,38.71666196,38.764127810538234,36.76524302222536,37.988724071879155,-0.047465850538230825
1457.921,38.81247209,38.82485834409593,36.821058359701,38.05365784610242,-0.012386254095929417
1458.403,38.90729517,38.8850670664918,36.87654727229937,38.118081999046055,0.022228103508197705
1458.885,38.93350703,38.94475410673196,36.93170756623288,38.181996435580764,-0.011247076731962125
1459.367,39.0010316,39.00391961060031,36.98653706830588,38.24540108070939,-0.002888010600315738
1459.849,39.030598,39.06256374031455,37.04103362597061,38.308295879185145,-0.031965740314554125
1460.331,39.08088978,39.120686674186814,37.09519510738228,38.37068079513509,-0.03979689418681431
1460.813,39.1372492,39.17828860629037,37.14901940145337,38.43255581168897,-0.04103940629037339
1461.296,39.16750652,39.23548763052337,37.20261502855365,38.49404771411175,-0.06798111052336964
1461.778,39.22568755,39.292047122942606,37.255757987648025,38.55490189764466,-0.06635957294260209
1462.26,39.2709867,39.348086287629506,37.30855754697945,38.61524624165011,-0.07709958762950464
1462.742,39.32545057,39.40360537849552,37.36101167905324,38.67508080169677,-0.07815480849551903
1463.224,39.39141044,39.45860466362026,37.41311837738736,38.73440565057695,-0.0671942236202554
1463.706,39.46193525,39.51308442494786,37.464875656560494,38.79322087796645,-0.05114917494785942
1464.188,39.50583864,39.56704495798876,37.516281552259144,38.85152659008905,-0.06120631798876275
1464.67,39.57721788,39.6204865715258,37.567334121323434,38.909322909386375,-0.04326869152580315
1465.153,39.63607336,39.6735188472627,37.618136252353324,38.96672829775969,-0.03744548726270125
1465.635,39.72456269,39.7259225249125,37.668475680574275,39.02350520592536,-0.001359834912499025
1466.117,39.78039771,39.77780828690996,37.71845607617249,39.079773183033964,0.0025894230900433968
1466.599,39.85568522,39.82917649231215,37.76807558108784,39.13553241322352,0.02650872768784751
1467.081,39.88635079,39.880027512051356,37.8173323586293,39.19078309527096,0.0063232779486455115
1467.563,39.92796325,39.93036172866954,37.86622459351452,39.24552544229047,-0.0023984786695407934
1468.045,39.97911671,39.98017953605775,37.914750491909146,39.29975968143728,-0.0010628260577476567
1468.527,40.02201699,40.02948133919968,37.96290828146477,39.35348605361571,-0.007464349199679532
1469.01,40.09021489,40.078368234474596,38.010794970767236,39.406814698077824,0.011846655525403094
1469.492,40.13430586,40.12663821884089,38.05821053901251,39.45952506030078,0.007667641159109451
1469.974,40.17384726,40.174393478888916,38.1052528071325,39.51172835850788,-0.0005462188889140407
1470.456,40.20684115,40.221634461519805,38.15192008912645,39.56342488579867,-0.014793311519802899
1470.938,40.25340286,40.26836162351182,38.19821072065425,39.61461494763049,-0.014958763511820905
1471.42,40.31079903,40.314575431289946,38.24412305906826,39.66529886155372,-0.003776401289947273
1471.902,40.39505332,40.3602763607004,38.28965548344408,39.71547695695142,0.03477695929960589
1472.384,40.45882951,40.40546489678865,38.33480639461075,39.76514957478362,0.05336461321135033
1472.866,40.52916373,40.45014153358205,38.37957421517939,39.814317067335466,0.07902219641795227
1473.349,40.58354914,40.49439787176386,38.42404906993953,39.86308023355158,0.08915126823614372
1473.831,40.64557219,40.538051167523285,38.468045261629825,39.91123753041557,0.10752102247671758
1474.313,40.72885466,40.58119409893303,38.51165375840778,39.95889082516298,0.14766056106697079
1474.795,40.75788746,40.62382719387004,38.554873070327005,40.006040512969776,0.13406026612995703
1475.277,40.83123266,40.66595098816549,38.597701729352565,40.05268699914209,0.16528167183450648
1475.759,40.86914,40.707566025411,38.6401382893837,40.09883069888932,0.1615739745890039
1476.241,40.89117539,40.748672856769055,38.68218132627581,40.14447203710185,0.14250253323094597
1476.723,40.93393232,40.78927204078693,38.72382943786113,40.1896114481326,0.14466027921306335
1477.206,40.96933535,40.82944679513686,38.76516641572445,40.23434146441217,0.13988855486314122
1477.688,41.00214841,40.86903133850037,38.80601973177388,40.278477321912064,0.13311707149962615
1478.17,41.05616634,40.90810995388067,38.846474045318594,40.3221126109037,0.14805638611932892
1478.652,41.06791986,40.946683227593304,38.88652804233242,40.36524780150105,0.12123663240669913
1479.134,41.1117432,40.98475175246399,38.92618043085491,40.40788337224613,0.12699144753600677
1479.616,41.15622445,41.02231612766501,38.965429941006605,40.45001980991381,0.13390832233499594
1480.098,41.18930802,41.05937695855468,39.00427532500247,40.49165760932038,0.12993106144531907
1480.58,41.23155704,41.09593485652037,39.042715357164894,40.53279727313547,0.13562218347962585
1481.062,41.26688932,41.131990438825284,39.080748833935544,40.573439311698074,0.13489888117471338
1481.544,41.31121865,41.16754432845821,39.11837457388601,40.61358424283581,0.14367432154178772
1482.027,41.32869443,41.20266935727575,39.155668205257896,40.65331433384562,0.12602507272424646
1482.509,41.37501937,41.23722071512967,39.192474163992884,40.692465604098494,0.1377986548703234
1482.991,41.41103845,41.27127228351385,39.228868972205554,40.73112136471508,0.13976616648614737
1483.473,41.45824868,41.304824706897065,39.26485153712193,40.769282161757125,0.15342397310293165
1483.955,41.5112136,41.3378786347735,39.30042078813702,40.8069485479247,0.17333496522649483
1484.437,41.53168003,41.37043472153223,39.33557567682007,40.84412108239699,0.16124530846776963
1484.919,41.57844178,41.40249362633043,39.370315176918226,40.880800330675775,0.17594815366956595
1485.401,41.60923765,41.434056012969094,39.40463828435936,40.91698686443267,0.17518163703090295
1485.884,41.63802972,41.465186488200175,39.4386139265694,40.952754804954225,0.17284323179982408
1486.366,41.70679681,41.49575682126202,39.47210045631665,40.98795662940728,0.2110399887379799
1486.848,41.73713478,41.5258326556476,39.505167712367886,41.022667491121084,0.21130212435240026
1487.33,41.79420726,41.55541467256469,39.53781477942965,41.05688798499448,0.23879258743531295
1487.812,41.81507214,41.584503557290965,39.570040764388985,41.09061871138035,0.2305685827090329
1488.294,41.85608103,41.61309999906824,39.60184479631059,41.123860275951884,0.24298103093175882
1488.776,41.8825521,41.64120469099947,39.633226026432546,41.15661328957202,0.2413474090005252
1489.258,41.93783143,41.66881832994871,39.66418362816174,41.18887836816622,0.2690131000512963
1489.74,41.9801698,41.69594161644397,39.69471679706777,41.22065613259794,0.2842281835560314
1490.223,41.98222992,41.72263000259596,39.724886772969725,41.25201162231749,0.25959991740403865
1490.705,42.02218506,41.74877368629166,39.75456786701283,41.28281563240196,0.2734113737083348
1491.187,42.05940487,41.77442914164922,39.783822246336044,41.31313422066543,0.2849757283507799
1491.669,42.07151329,41.79959708294279,39.81264919512729,41.342968026548306,0.27191620705720965
1492.151,42.11233263,41.82427822766555,39.841048019693055,41.372317693851215,0.28805440233444557
1492.633,42.12618282,41.84847329644942,39.86901804844676,41.40118387062815,0.2777095235505769
1493.115,42.15806788,41.8721830129863,39.89655863189611,41.4295672090825,0.2858848670136993
1493.597,42.19624155,41.89540810395301,39.923669142629485,41.457468365465736,0.3008334460469939
1494.08,42.20850765,41.9181959773398,39.9504038795544,41.484944387107134,0.2903116726602022
1494.562,42.24383445,41.94045300712199,39.97665155554547,41.51188216686783,0.3033814428780133
1495.044,42.26261873,41.96222761008336,40.002467407777495,41.53833975801846,0.3003911199166396
1495.526,42.28551561,41.98352052414038,40.02785089705182,41.56431783205262,0.3019950858596161
1496.008,42.33816147,42.00433248985431,40.052801506168095,41.589817064046265,0.3338289801456895
1496.49,42.35503689,42.02466425037069,40.07731873990491,41.61483813257264,0.33037263962931007
1496.972,42.37582493,42.04451655136113,40.10140212499957,41.63938171961967,0.3313083786388731
1497.454,42.38321256,42.06389014096764,40.125051210126855,41.66344851050989,0.31932241903236047
1497.937,42.40060596,42.0828244759818,40.14831327625457,41.68708764271661,0.31778148401819806
1498.419,42.42062415,42.101241907589646,40.17109159192796,41.71020192459606,0.31938224241035584
1498.901,42.42964515,42.119182888108774,40.19343438428015,41.7328414869768,0.3104622618912245
1499.383,42.47038763,42.13664817505656,40.21534128955077,41.755007027776294,0.3337394549434407
1499.865,42.47932711,42.153638528176906,40.236811965796925,41.776699247883684,0.3256885818230941
1500.347,42.50129754,42.17015470939807,40.2578460928665,41.79791885109482,0.3311428306019337
1500.829,42.51059152,42.186197482792906,40.27844337237046,41.81866654404916,0.32439403720709237
1501.311,42.54803372,42.20176761454146,40.29860352765425,41.83894303616925,0.34626610545853964
1501.793,42.57769871,42.21686587289541,40.318326303768316,41.85874903960268,0.3608328371045886
1502.276,42.59099934,42.2315228857653,40.337651023103376,41.878124897993764,0.3594764542347022
1502.758,42.62280886,42.24567873522152,40.35649745414224,41.896991098720186,0.37713012477848196
1503.24,42.62116837,42.25936502975432,40.374905870711686,41.91538896450064,0.36180334024567884
1503.722,42.65244211,42.27258254559429,40.39287610441329,41.93331921785083,0.379859564405713
1504.204,42.6616865,42.28533206089819,40.41040800839231,41.950782583754204,0.3763544391018101
1504.686,42.70317617,42.297614355726054,40.42750145730266,41.967779789617126,0.4055618142739448
1505.168,42.72174609,42.3094302120202,40.44415634727122,41.984311565226164,0.4123158779798004
1505.65,42.72676204,42.32078041358635,40.46037259586092,42.000378642707595,0.40598162641364866
1506.133,42.76338535,42.331687847070306,40.47618241947053,42.01601364631631,0.4316975029296941
1506.615,42.79904833,42.34210813596355,40.49152031326697,42.03115257280562,0.4569401940364486
1507.097,42.77727387,42.352065134206065,40.50641944659337,42.045829012746005,0.42520873579393736
1507.579,42.81162662,42.36155963291072,40.52087982241615,42.060043707263674,0.4500669870892793
1508.061,42.79905222,42.37059242498821,40.53490146494073,42.073797399653124,0.4284597950117899
1508.543,42.80461909,42.37916430513968,40.54848441956962,42.08709083534884,0.42545478486032096
1509.025,42.8279741,42.38727606985099,40.56162875285936,42.099924761899125,0.440698030149008
1509.507,42.83010362,42.394928517389175,40.57433455247691,42.11229992894175,0.4351751026108275
1509.99,42.83196439,42.40213689689602,40.58662692248488,42.124241337003575,0.4298274931039856
1510.471,42.85722891,42.408858662909196,40.598431006646265,42.13567699337116,0.4483702470908071
1510.954,42.86317958,42.415150519522314,40.6098451189888,42.14670275493204,0.44802906047768687
1511.436,42.88221945,42.42097277118731,40.62079717274941,42.15724947664163,0.4612466788126923
1511.918,42.87435621,42.42633972540004,40.63131144665665,42.16734121923972,0.448016484599961
1512.4,42.89815233,42.43125219113847,40.64138815411549,42.176978744503145,0.4669001388615328
1512.882,42.90665378,42.43571097918483,40.651027529310625,42.18616281618164,0.47094280081516615
1513.364,42.91055066,42.43971690213586,40.66022982715605,42.194894199988504,0.47083375786414194
1513.846,42.91426807,42.44327077441483,40.66899532324369,42.20317366359309,0.4709972955851711
1514.328,42.94177452,42.44637341228465,40.67732431379095,42.21100197661497,0.4954011077153524
1514.811,42.95570969,42.4490306687603,40.68523303750896,42.21839474990601,0.5066790212396981
1515.293,42.96999017,42.451232362119434,40.69268908397257,42.22532214641841,0.5187578078805686
1515.775,42.96439318,42.45298528276471,40.69970963753008,42.23180071448839,0.5114078972352942
1516.257,42.9876071,42.45429025449029,40.70629507640444,42.23783123151809,0.5333168455097095
1516.739,42.99060873,42.45514810302204,40.71244579917031,42.24341447685717,0.535460626977958
1517.221,43.01311787,42.45555965604054,40.71816222469707,42.24855123180714,0.5575582139594601
1517.703,43.01533382,42.455525743205676,40.72344479209063,42.2532422796276,0.5598080767943259
1518.185,43.00554952,42.45504719618294,40.7282939606348,42.2574884055441,0.5505023238170637
1518.667,43.03026182,42.45412484867079,40.73271020973155,42.2612903967573,0.5761369713292126
1519.15,43.04855695,42.452756243952585,40.736701854904204,42.2646555502911,0.5958007060474131
1519.632,43.01745052,42.45094788843363,40.74025288797702,42.26757072431856,0.5665026315663653
1520.114,43.02074454,42.44869824776321,40.74337256104977,42.27004413886162,0.5720462922367915
1520.596,43.02453768,42.44600816408281,40.746061433426775,42.27207658915154,0.5785295159171895
1521.078,43.01778246,42.44287848172747,40.748320084220644,42.273668872465535,0.5749039782725305
1521.56,42.99491702,42.439310047262,40.75014911228786,42.274821788145196,0.5556069727380049
1522.042,42.99930286,42.43530370951893,40.75154913616389,42.275536137616996,0.5639991504810737
1522.524,42.98043851,42.430860319637546,40.752520793997164,42.27581272441382,0.5495781903624533
1523.007,42.96102226,42.42597015464318,40.75306542787348,42.275651567824696,0.5350521053568187
1523.489,42.95434788,42.420654321025026,40.75318146094543,42.27505414438116,0.5336935589749743
1523.971,42.97138914,42.41490400472299,40.75287116089346,42.27402138342242,0.5564851352770077
1524.453,42.93754823,42.40872006652796,40.752135243684435,42.27255409715858,0.5288281634720349
1524.935,42.94933847,42.40210336975401,40.75097444455745,42.270653100036725,0.5472351002459916
1525.417,42.92859166,42.395054780285676,40.74938951795343,42.26831920877134,0.5335368797143261
1525.899,42.93437708,42.38757516662655,40.747381237444145,42.26555324237604,0.5468019133734501
1526.381,42.93668304,42.379665399948976,40.74495039566014,42.262356022196855,0.5570176400510221
1526.864,42.93283358,42.371308607593974,40.742091448144436,42.258720398843224,0.5615249724060263
1527.346,42.89966754,42.36254027144049,40.73881706517507,42.254662254203076,0.5371272685595159
1527.828,42.90609245,42.35334441414392,40.73512261422853,42.250175335883974,0.5527480358560837
1528.31,42.89990548,42.34372191808177,40.73100896347684,42.24526047492483,0.5561835619182318
1528.792,42.91663603,42.33367366856854,40.72647699978068,42.23991850488266,0.5829623614314627
1529.274,42.89217084,42.32320055391301,40.72152762861316,42.234150261873985,0.5689702860869872
1529.756,42.89966803,42.31230346547673,40.71616177398299,42.227956584617125,0.5873645645232699
1530.238,42.92630088,42.30098329773378,40.71038037835693,42.22133831447584,0.62531758226622
1530.72,42.90471314,42.289240948331496,40.70418440258146,42.21429629550444,0.615472191668502
1531.203,42.90445704,42.277051645112095,40.6975606837409,42.206815448089486,0.6274053948879015
1531.685,42.8870263,42.26446676712939,40.690537648354876,42.1989275998722,0.6225595328706106
1532.167,42.89080961,42.25146242198164,40.68310302697013,42.19061855336985,0.6393471880183554
1532.649,42.86669734,42.23803952064835,40.67525785319317,42.18188916387884,0.6286578193516519
1533.131,42.86495614,42.22419897760376,40.66700317860848,42.17274028962926,0.640757162396234
1533.613,42.83518716,42.20994171088482,40.65834007269621,42.163172791837326,0.6252454491151767
1534.095,42.80073773,42.19526864215972,40.64926962274914,42.153187534758665,0.6054690878402837
1534.577,42.80678281,42.18018069679779,40.63979293378901,42.14278538574294,0.6266021132022104
1535.06,42.78141088,42.16464621268644,40.62989020648243,42.13194433910545,0.6167646673135607
1535.542,42.78743363,42.14873044941468,40.61960358812786,42.12071016052914,0.638703180585324
1536.024,42.79015655,42.13240261048278,40.608914153773014,42.10906171301539,0.6577539395172209
1536.506,42.77403252,42.115663636792185,40.5978230785419,42.09699987686591,0.6583688832078138
1536.988,42.79580469,42.09851447331062,40.58633155485935,42.084525535766694,0.6972902166893746
1537.47,42.81580127,42.08095606914784,40.574440792363475,42.07163957684926,0.7348452008521633
1537.952,42.82411481,42.062989377632846,40.56215201781745,42.058342890753,0.7611254323671517
1538.434,42.8168056,42.044615356391965,40.54946647502088,42.04463637168891,0.772190243608037
1538.917,42.81374535,42.02579558221691,40.536357875366534,42.0304912078673,0.7879497677830898
1539.398,42.80011098,42.00664917719871,40.52291014451939,42.0159974297463,0.7934618028012892
1539.881,42.77230269,41.98701789336196,40.50901274900774,42.001035414772815,0.7852847966380381
1540.363,42.7247895,41.96702338218461,40.49475209766666,41.985697737825845,0.7577661178153932
1540.845,42.65902949,41.94662639870847,40.4801011522407,41.96995475673114,0.7124030912915345
1541.327,42.6032932,41.925827928045436,40.465061256883715,41.95380738852835,0.6774652719545671
1541.809,42.5205531,41.904628960177675,40.44963377214748,41.9372565543021,0.6159241398223259
1542.291,42.48836279,41.88303049004285,40.433820074888175,41.920303179253644,0.6053322999571478
1542.773,42.44985033,41.861033517620704,40.41762155817216,41.90294819277341,0.5888168123792923
1543.255,42.41322142,41.83863904802022,40.40103963118142,41.88519252851481,0.5745823719797798
1543.738,42.38721063,41.8158003959825,40.38404012820479,41.866999042779916,0.5714102340174989
1544.22,42.33977513,41.79261314888996,40.36669488419477,41.84844401495144,0.5471619811100368
1544.702,42.34664962,41.76903145373009,40.34897055623313,41.82949113860031,0.5776181662699074
1545.184,42.30693382,41.74505633702922,40.33086861703849,41.81014136519505,0.5618774829707789
1545.666,42.29273062,41.72068883089166,40.312390554963066,41.79039565084883,0.57204178910834
1546.148,42.28429558,41.69592997309205,40.29353787389461,41.770254956398695,0.5883656069079493
1546.63,42.28716057,41.67078080716805,40.274312093157796,41.749720247485335,0.6163797628319472
1547.112,42.25809101,41.64524238251414,40.25471474741532,41.72879249463403,0.6128486274858602
1547.594,42.24789959,41.61931575447612,40.23474738656818,41.70747267333625,0.6285838355238837
1548.077,42.23017065,41.59294698986901,40.214369003267436,41.685716314900354,0.6372236601309851
1548.559,42.22220317,41.56624634551138,40.19366556287794,41.6636144951495,0.6559568244886194
1549.041,42.19363965,41.53916070270421,40.172596850837635,41.64112356611399,0.654478947295793
1549.523,42.17630274,41.511691141570644,40.151164477025304,41.618244523994335,0.664611598429353
1550.005,42.14387716,41.483838748668305,40.12937006605213,41.594978370377966,0.6600384113316977
1550.487,42.12556352,41.45560461708803,40.10721525715924,41.57132611232599,0.6699589029119721
1550.969,42.11049162,41.42698984655326,40.08470170411441,41.54728876246017,0.6835017734467357
1551.451,42.09913236,41.39799554351993,40.06183107510858,41.52286733905128,0.7011368164800658
1551.934,42.07498948,41.368561489429865,40.03855649762744,41.49801100708027,0.7064279905701341
1552.416,42.08850646,41.33881068659258,40.01497604640692,41.47282372294022,0.7496957734074172
1552.898,42.06071647,41.30868371437532,39.99104361285785,41.44725545700909,0.7520327556246826
1553.38,42.06429179,41.278181707191436,39.966760921847154,41.421307251060874,0.7861100828085625
1553.862,42.06004564,41.24730580669636,39.94212971213964,41.39498015296981,0.8127398333036382
1554.344,42.04982426,41.216057161890774,39.917151736291586,41.36827521680263,0.8337670981092273
1554.826,42.03501701,41.18443692922512,39.8918287605439,41.34119350291157,0.8505800807748756
1555.308,42.03280854,41.152446272704,39.86616256471493,41.3137360780282,0.8803622672960003
1555.791,42.02779059,41.12001884423185,39.84010063070842,41.28584588380207,0.9077717457681516
1556.273,42.03877424,41.087290100351915,39.813752685223605,41.257639489227785,0.9514841396480875
1556.755,42.01581996,41.05419447348133,39.78706694328713,41.22906062533796,0.9616254865186704
1557.237,41.95706962,41.020733158914865,39.76004523797286,41.20011038534424,0.9363364610851335
1557.719,41.86873263,40.98690736003221,39.73268941538902,41.170789869315264,0.8818252699677842
1558.201,41.77034179,40.95271828840577,39.705001334568536,41.141100184274045,0.8176235015942339
1558.683,41.62590414,40.91816716390836,39.676982867358824,41.11104244429586,0.7077369760916454
1559.165,41.50898523,40.88325521482163,39.6486358983112,41.080617770606544,0.6257300151783696
1559.647,41.3995117,40.847983677944704,39.61996232456982,41.049827291681595,0.5515280220552938
1560.13,41.35167417,40.812279506164934,39.59090355718884,41.01860712782753,0.5393946638350684
1560.612,41.29634283,40.77629179918381,39.561581847659895,40.987087700343885,0.520051030816191
1561.094,41.26371667,40.739948269637225,39.53193930333757,40.95520589994123,0.5237684003627763
1561.576,41.25269401,40.70325018950715,39.50197787064549,40.92296288510898,0.5494438204928471
1562.058,41.24789463,40.6661988398422,39.4716995080395,40.890359822088556,0.581695790157795
1562.54,41.2268972,40.628795510868116,39.44110618589434,40.857397884975285,0.5981016891318873
1563.022,41.21682802,40.59104150209852,39.41019988639027,40.82407825582063,0.6257865179014814
1563.504,41.2071074,40.55293812244648,39.378982603399024,40.7904021247349,0.6541692775535211
1563.987,41.19630088,40.51440655470035,39.34739061540466,40.756299716852276,0.6818943252996519
1564.469,41.16569928,40.47560768021822,39.31555675850461,40.72191345160466,0.6900915997817805
1564.951,41.12411203,40.436463421888405,39.28341797295758,40.687174306671444,0.6876486081115942
1565.433,41.10239499,40.3969751273573,39.250976298278985,40.652083505450356,0.7054198626426995
1565.915,41.05313186,40.35714415422947,39.21823378510113,40.616642279917144,0.695987705770527
1566.397,41.05280604,40.31697187018015,39.185192495057265,40.580851870730385,0.735834169819853
1566.879,41.02343647,40.276459653067256,39.15185450066549,40.544713527336725,0.7469768169327438
1567.361,40.97087658,40.23560889104432,39.118221885212364,40.508228508076115,0.7352676889556804
1567.844,40.91482759,40.19433518109363,39.084226055899904,40.4713213104446,0.7204924089063738
1568.325,40.88510524,40.152897337033316,39.050081177409105,40.43422352041524,0.7322079029666853
1568.808,40.7967092,40.110952185062615,39.01550542140058,40.39662792168057,0.685757014937387
1569.29,40.74056046,40.06876064563523,38.980714774318805,40.35876825666289,0.6717998143647677
1569.772,40.6615871,40.02623766343484,38.94564008447844,40.32056834730162,0.6353494365651571
1570.254,40.63034584,39.98338469077297,38.91028349733534,40.282029507543925,0.6469611492270246
1570.736,40.55266558,39.94020319104445,38.87464716829042,40.243153060974684,0.6124623889555494
1571.218,40.51901635,39.896694638839804,38.83873326257096,40.20394034092361,0.6223217111601969
1571.7,40.48631441,39.85286052005731,38.802543955111645,40.16439269057232,0.633453889942686
1572.182,40.45815539,39.808702332015464,38.76608143043545,40.12451146306151,0.6494530579845375
1572.665,40.45733178,39.76412896560638,38.72927139165322,40.0842142468376,0.6932028143936151
1573.147,40.44066497,39.71932651277128,38.6922684684475,40.04366927984648,0.7213384572287183
1573.629,40.40247559,39.67420455546207,38.65499894252856,40.00279485882744,0.7282710345379328
1574.111,40.40762132,39.6287646378196,38.61746503559509,39.961592377852654,0.7788566821803968
1574.593,40.33471341,39.583008315963056,38.579668978334766,39.92006324149068,0.751705094036943
1575.075,40.28359796,39.53693715810025,38.54161301030348,39.87820886491346,0.7466608018997505
1575.557,40.21579192,39.49055274463854,38.50329937980477,39.836030674003894,0.7252391753614589
1576.039,40.12702583,39.44385666829489,38.464730343768935,39.793530105462956,0.6831691617051092
1576.521,40.04055396,39.39685053420566,38.42590816763189,39.75070860691698,0.6437034257943353
1577.004,39.97109471,39.34943747752556,38.38675380161765,39.707477801866055,0.6216572324744405
1577.486,39.89391529,39.30181545874771,38.347431661645025,39.664018172206696,0.5920998312522912
1577.968,39.82415795,39.25388827666484,38.307863232459,39.62024202512737,0.5702696733351615
1578.45,39.75415294,39.205657587208236,38.26805081232008,39.57615085304839,0.5484953527917611
1578.932,39.72687057,39.1571250592719,38.22799670738585,39.53174615984933,0.5697455107281044
1579.414,39.67370664,39.108292374819584,38.18770323158911,39.48702946097501,0.565414265180415
1579.896,39.644376,39.059161228991385,38.14717270651548,39.44200228354171,0.5852147710086157
1580.378,39.60978757,39.00973333020986,38.1064074612809,39.396666166442586,0.6000542397901398
1580.861,39.56908976,38.959906935197274,38.0653245351506,39.350927645934775,0.6091828248027227
1581.343,39.50728752,38.90989010274845,38.02409639163105,39.30497768095619,0.5973974172515497
1581.825,39.49009489,38.85958172700203,37.98264056413941,39.25872346798439,0.6305131629979712
1582.307,39.44259358,38.80898357058654,37.940959410700685,39.212166594095564,0.6336100094134594
1582.789,39.38602472,38.75809740993359,37.89905529625582,39.16530865866627,0.6279273100664113
1583.271,39.36038998,38.70692503538002,37.85693059253861,39.11815127347683,0.6534649446199836
1583.753,39.30186922,38.655468251268935,37.814587677952225,39.07069606281439,0.646400968731065
1584.235,39.25586417,38.603728876050134,37.77202893744606,39.022944663575444,0.6521352939498684
1584.718,39.19818722,38.55160052622244,37.72916780323731,38.9747987399768,0.6465866937775644
1585.2,39.12728535,38.49930090433655,37.68618415596699,38.92645931933046,0.6279844456634507
1585.682,39.11113973,38.44672423620037,37.642991880659395,38.877828700959995,0.6644154937996305
1586.164,39.04215703,38.393872397707135,37.59959338722467,38.82890857324121,0.6482846322928637
1586.646,38.99996024,38.34074727934562,37.5559910915005,38.77970063766413,0.6592129606543793
1587.128,38.94370495,38.28735078629501,37.512187415128054,38.7302066089319,0.6563541637049894
1587.61,38.89117061,38.23368483851854,37.46818478542822,38.68042821505953,0.6574857714814613
1588.092,38.83371371,38.17975137085642,37.42398563527739,38.630367197471315,0.6539623391435754
1588.574,38.76964897,38.125552333117454,37.379592402983576,38.58002531109813,0.6440966368825443
1589.057,38.71898975,38.0709764244884,37.334914834920475,38.52929901278988,0.6480133255115987
1589.539,38.64728441,38.01625161562522,37.290140384409426,38.47840013465906,0.6310327943747751
1590.021,38.61878125,37.961267180976954,37.24517920312335,38.427225738273584,0.6575140690230441
1590.503,38.56342273,37.90602513115138,37.20003374986504,38.37577763357362,0.6573975988486183
1590.985,38.53410675,37.850527492165384,37.154706488247605,38.324057644479076,0.6835792578346158
1591.467,38.44673124,37.79477630552914,37.109199886570266,38.27206760898164,0.651954934470858
1591.949,38.40961489,37.73877362832937,37.06351641769425,38.21980937923607,0.6708412616706312
1592.431,38.35024691,37.6825215333104,37.017658558918185,38.16728482165004,0.667725376689603
1592.914,38.26800616,37.62590463459105,36.971533117437666,38.11438602263716,0.6421015254089468
1593.396,38.20436456,37.5691594786306,36.925333578974495,38.061333923316674,0.6352050813693992
1593.878,38.16229145,37.51217122224098,36.87896711306004,38.00802118576041,0.6501202277590181
1594.36,38.09921501,37.454942001617965,36.83243621350883,37.9544497342995,0.6442730083820365
1594.842,38.04794444,37.39747396900108,36.785743377951306,37.900621507953204,0.6504704709989255
1595.324,37.96347155,37.3397692927463,36.73889110771,37.84653846051281,0.6237022572537043
1595.806,37.90237662,37.28183015739648,36.69188190767498,37.79220256062383,0.6205464626035209
1596.288,37.84910512,37.223658763751054,36.64471828618008,37.737615791867405,0.6254463562489434
1596.771,37.77806614,37.16513592655005,36.597304433710086,37.682666128648606,0.6129302134499497
1597.252,37.70962565,37.10662808645484,36.549937828618994,37.62769765723267,0.6029975635451592
1597.735,37.66966196,37.04765094799084,36.50222709471717,37.57225529384759,0.6220110120091604
1598.217,37.60583529,36.98857239571325,36.454470638378794,37.51668468534975,0.6172628942867533
1598.699,37.55516733,36.92927284003365,36.40657235480123,37.46087335696472,0.6258944899663561
1599.181,37.4836752,36.86975458067748,36.358534770381596,37.40482338355173,0.6139206193225206
1599.663,37.44366142,36.810019934060726,36.310360414093104,37.34853685543708,0.6336414859392718
1600.145,37.38083247,36.75007123334414,36.262051817361396,37.292015878484335,0.6307612366558644
1600.627,37.3330189,36.6899108284855,36.213611513940975,37.23526257416297,0.6431080715144972
1601.109,37.2806016,36.62954108629007,36.1650420397918,37.17827907961533,0.651060513709929
1601.592,37.20889156,36.56883849920123,36.11624477381608,37.12094861605566,0.6400530607987704
1602.074,37.15762044,36.50805682849955,36.06742431948247,37.063510749158425,0.6495636115004544
1602.556,37.08342165,36.447073027465514,36.018482319575185,37.00584920269497,0.6363486225344843
1603.038,37.01173258,36.385889530789306,35.96942131764716,36.94796617717059,0.6258430492106939
1603.52,36.96703018,36.32450879022753,35.920243858840905,36.8898638890741,0.6425213897724689
1604.002,36.88373307,36.26293327464031,35.87095248976571,36.83154457093471,0.6207997953596873
1604.484,36.84535192,36.20116547002597,35.82154975837517,36.77301047137709,0.6441864499740291
1604.966,36.75413074,36.13920787955316,35.772038213844446,36.71426385517445,0.6149228604468391
1605.448,36.70813263,36.077063023590995,35.72242040644811,36.655307003299875,0.6310696064090067
1605.931,36.65761512,36.014603934992515,35.672595624721886,36.59601924989898,0.643011185007488
1606.413,36.5893129,35.95209180281052,35.62277273898357,36.53664841045273,0.6372210971894816
1606.895,36.51124822,35.88940007506448,35.572851251874994,36.47707428078723,0.6218481449355195
1607.377,36.45053035,35.826531341209744,35.52283371684882,36.41729920718246,0.6239990087902569
1607.859,36.39202171,35.76348820801357,35.47272268784704,36.357325552344804,0.628533501986432
1608.341,36.32387506,35.70027329956958,35.42252071918,36.2971556954461,0.623601760430418
1608.823,36.23746568,35.6368892573096,35.37223036540496,36.23679203216051,0.600576422690402
1609.305,36.17242177,35.57333874001277,35.32185418120513,36.17623697469948,0.5990830299872272
1609.788,36.116592,35.509492068030596,35.27128994879988,36.1153667321646,0.607099931969401
1610.27,36.03127067,35.44561631498245,35.22074960288373,36.05443580487708,0.5856543550175459
1610.752,35.97678302,35.38158217300786,35.17013109543954,35.99332082470841,0.5952008469921424
1611.234,35.93301917,35.31739237034446,35.119436980446835,35.932024270354255,0.6156267996555442
1611.716,35.88814474,35.2530496525791,35.068669811408505,35.870548637186204,0.6350950874209005
1612.198,35.85117392,35.18855678264019,35.01783214123105,35.80889643727269,0.6626171373598098
1612.68,35.78887051,35.123916540785835,34.96692652210497,35.74707019939728,0.6649539692141673
1613.162,35.75874749,35.05913172458954,34.91595550538522,35.68507246907382,0.6996157654104564
1613.645,35.71438424,34.99407030108682,34.86481569852583,35.622776658269956,0.7203139389131792
1614.127,35.66798994,34.929004512822964,34.81372141429644,35.56044330414369,0.7389854271770346
1614.609,35.6403274,34.86380265256854,34.76256938562072,35.49794620001635,0.7765247474314592
1615.091,35.55572931,34.79846758698712,34.71136215931985,35.435287958464215,0.7572617230128742
1615.573,35.48371804,34.73300219993822,34.66010228078592,35.37247120883375,0.7507158400617797
1616.055,35.37016603,34.66740939244341,34.60879229386406,35.30949859724104,0.7027566375565897
1616.537,35.26835939,34.60169208264916,34.55743474073459,35.246372786568884,0.666667307350842
1617.019,35.13510356,34.53585320578664,34.50603216179572,35.18309645646108,0.5992503542133605
1617.501,35.04289185,34.46989571412796,34.45458709554638,35.11967230331373,0.5729961358720388
1617.984,34.94754177,34.40368537759665,34.40299522331097,35.05597100487545,0.5438563924033488
1618.466,34.88533134,34.33749935046792,34.351472714761606,34.99225906924084,0.547831989532078
1618.948,34.83171868,34.27120367336197,34.29991532708637,34.92840750585423,0.5605150066380347
1619.43,34.78922263,34.20480136624133,34.24832559001611,34.864419078010556,0.5844212637586708
1619.912,34.74827099,34.13829546583767,34.19670603080052,34.80029656566967,0.6099755241623299
1620.394,34.70177866,34.07168902558684,34.14505917409282,34.73604276542965,0.6300896344131601
1620.876,34.66046585,34.00498511555993,34.093387541834545,34.67166049049716,0.6554807344400686
1621.358,34.62954858,33.93818682239109,34.04169365314087,34.60715257065471,0.6913617576089095
1621.841,34.57095767,33.87115838142904,33.989872715723294,34.54238763793165,0.6997992885709579
1622.323,34.49730796,33.804180468094245,33.938141826495176,34.477636737894684,0.6931274919057557
1622.805,34.40124505,33.73711753663988,33.88639622527866,34.41276878736457,0.6641275133601212
1623.287,34.31632702,33.66997273918593,33.83463841873403,34.34778668206846,0.646354280814073
1623.769,34.24768648,33.60274924399642,33.78287091012564,34.28269333409671,0.6449372360035781
1624.251,34.15747587,33.53545023538401,33.73109619920886,34.217491671850254,0.6220256346159871
1624.733,34.07440614,33.468078913610874,33.67931678211751,34.1521846399848,0.6063272263891264
1625.215,33.97649553,33.4006384947854,33.62753515125192,34.08677519935161,0.5758570352146037
1625.698,33.90917855,33.33299209000724,33.57564636697728,34.02113031512543,0.576186459992762
1626.179,33.82012471,33.26556330899502,33.5239751984596,33.955661015784266,0.5545614010049817
1626.662,33.75871385,33.197794685480076,33.47209443522226,33.8898258754823,0.5609191645199232
1627.144,33.70583849,33.13011023969622,33.42032881326097,33.82403654552448,0.5757282503037757
1627.626,33.61658802,33.06237301805301,33.368573384743286,33.75815985799377,0.5542150019469929
1628.108,33.54373434,32.99458632937597,33.31683061732187,33.69219886950618,0.5491480106240303
1628.59,33.45416514,32.92675349750125,33.26510297414005,33.62615665235928,0.5274116424987483
1629.072,33.39428958,32.858877861139916,33.21339291372267,33.56003629444456,0.5354117188600824
1629.554,33.3347919,32.79096277373795,33.16170288986706,33.493840899155735,0.5438291262620467
1630.036,33.28971723,32.723011603332225,33.110035351534734,33.42757358529367,0.5667056266677761
1630.519,33.23998173,32.65488665538839,33.05828562800812,33.361099790887884,0.5850950746116084
1631.001,33.20513779,32.586873423446924,33.0066704470355,33.29469792452202,0.6182643665530776
1631.483,33.1341592,32.51883430574263,32.955085073419646,33.228233593998375,0.6153248942573697
1631.965,33.11412814,32.450772727177494,32.90353193568998,33.16170997874801,0.6633554128225043
1632.447,33.09761542,32.382692126459446,32.85201345700342,33.09513027307534,0.7149232935405507
1632.929,33.05738941,32.31459595593207,32.800532055037955,33.028497686039714,0.7427934540679288
1633.411,33.01781204,32.246487681400936,32.74909014188725,32.96181544133349,0.7713243585990668
1633.893,32.96573679,32.1783707819546,32.697690123955184,32.89508677715557,0.787366008045403
1634.375,32.90835672,32.110248749781896,32.646334401851206,32.82831494608139,0.7981079702181049
1634.858,32.79562407,32.04198375533729,32.594918970205775,32.761364562176475,0.7536403146627109
1635.34,32.68631381,31.973861993326118,32.543659122189965,32.694516139315105,0.7124518166738838
1635.822,32.53853542,31.905745659199617,32.492450740958745,32.62763439903276,0.6327897608003852
1636.304,32.40589655,31.83763829565661,32.44129620289139,32.56072265005881,0.568258254343391
1636.786,32.27194278,31.769543457515454,32.39019787805471,32.49378421478802,0.5023993224845498
1637.268,32.13263608,31.70146471150477,32.339158130101296,32.42682242912643,0.4311713684952281
1637.75,32.05457564,31.63340563604953,32.28817931616763,32.359840642332955,0.421170003950472
1638.232,31.96117543,31.565369821053338,32.23726378677303,32.292842216856755,0.39580560894666306
1638.715,31.94785762,31.497219800688086,32.18630845784133,32.22569148833207,0.4506378193119147
1639.197,31.87452599,31.429241388102064,32.135526665541065,32.15866990780507,0.44528460189793506
1639.679,31.80643927,31.361297079834785,32.08481517345507,32.09164186046604,0.44514219016521395
1640.161,31.77656942,31.29339050945448,32.03417630461563,32.02461075984295,0.4831789105455222
1640.643,31.73546365,31.22552532084961,31.98361237493819,31.957580031778484,0.5099383291503905
1641.125,31.68106479,31.157705167984577,31.933125693123266,31.89055311424309,0.5233596220154233
1641.607,31.65027352,31.089933714650098,31.882718560558228,31.8235334571428,0.5603398053499014
1642.089,31.59901162,31.02221463420985,31.832393271220052,31.756524522123627,0.5767969857901498
1642.572,31.5619614,30.954411290451752,31.782047965842125,31.689390806306598,0.6075501095482494
1643.054,31.52268666,30.886808140688395,31.73189339639709,31.62241378665224,0.635878519311607
1643.536,31.48897344,30.819268446431394,31.68182751138425,31.555457949697676,0.6697049935686046
1644.018,31.42941647,30.751795916728753,31.631852574158156,31.48852680202743,0.6776205532712467
1644.5,31.37540983,30.68439426886661,31.581970840183043,31.421623860922452,0.6910155611333906
1644.982,31.3377558,30.61706722808944,31.532184556938496,31.354752654139137,0.7206885719105607
1645.464,31.25806166,30.54981852731548,31.48249596382544,31.287916719683665,0.7082431326845189
1645.946,31.16978647,30.482651906848325,31.432907292072827,31.221119605582363,0.6871345631516732
1646.428,31.07524579,30.415571114083953,31.38342076464483,31.154364869647825,0.6596746759160474
1646.911,30.94388198,30.34844101302664,31.333936253529302,31.087517729500405,0.59544096697336
1647.393,30.80583278,30.281543342305252,31.28466087349927,31.020858567754274,0.5242894376947476
1647.875,30.72236348,30.214742788856874,31.235494260727037,30.954252521375743,0.5076206911431242
1648.357,30.63793963,30.14804312544425,31.186438604181486,30.88770318491655,0.48989650455575173
1648.839,30.57921551,30.081448130393692,31.137496084110097,30.821214161481215,0.4977673796063087
1649.321,30.53606051,30.014961587276684,31.088668871949466,30.754789062468117,0.5210989227233149
1649.803,30.50668638,29.948587284587298,31.03995913023611,30.688431507305943,0.5580990954127039
1650.285,30.47522798,29.882329015416236,30.99136901251791,30.622145123186357,0.5928989645837639
1650.768,30.44785401,29.816053487642815,30.942800234585686,30.555796256657807,0.6318005223571852
1651.25,30.39359056,29.75003894196053,30.89445604838255,30.489663292432503,0.6435516180394707
1651.732,30.33509078,29.684151841217965,30.8462378964105,30.4236124322425,0.650938938782037
1652.214,30.21886462,29.618395993552017,30.798147895369205,30.357647331587202,0.6004686264479844
1652.696,30.08898325,29.552775210002622,30.75018815253497,30.291771652329363,0.5362080399973763
1653.178,29.92763021,29.487293304162534,30.702360765675834,30.225989062402707,0.44033690583746576
1653.66,29.75117593,29.421954091823373,30.65466782296691,30.160303235516263,0.3292218381766254
1654.142,29.60789548,29.35676139061738,30.607111402906156,30.094717850853893,0.25113408938262083
1654.625,29.50537389,29.29158423589559,30.559595342488418,30.029100850335578,0.21378965410440998
1655.106,29.42004466,29.22683079916525,30.512416395835864,29.963863150483892,0.19321386083474934
1655.589,29.3799667,29.161966421854284,30.465184277064807,29.89846593804108,0.2180002781457162
1656.071,29.32338964,29.09739830522991,30.418194838526713,29.83331945575734,0.22599133477008948
1656.553,29.29890493,29.03299581065648,30.371352171269503,29.768291890648104,0.2659091193435188
1657.035,29.26834926,28.968762759088982,30.324658293975574,29.703386948232833,0.299586500911019
1657.517,29.24825349,28.904702970715736,30.27811521507823,29.638608337295352,0.34355051928426406
1657.999,29.20560707,28.840820264571594,30.231724932682294,29.573959769552946,0.36478680542840536
1658.481,29.14702526,28.777118458148795,30.18548943448538,29.509444959321595,0.3699068018512044
1658.963,29.12069543,28.713601367003655,30.13941069769977,29.44506762317768,0.40709406299634665
1659.446,29.08886237,28.65014161592022,30.093395585603265,29.380698358958163,0.4387207540797817
1659.928,29.04364063,28.587005795276145,30.04763659634392,29.31660743256281,0.4566348347238538
1660.41,28.98425339,28.524066128884602,30.002040240473168,29.25266514783039,0.4601872611153972
1660.892,28.90652665,28.461326420560173,29.956608452470196,29.18887522692508,0.44520022943982696
1661.374,28.83907471,28.39879047017023,29.911343155947243,29.1252413925254,0.4402842398297686
1661.856,28.74389949,28.336462073224002,29.866246263575036,29.06176736746517,0.40743741677599843
1662.338,28.647391,28.274345020458846,29.821319677009004,28.998456874370337,0.37304597954115337
1662.82,28.55042058,28.212443097423822,29.77656528681602,28.935313635293305,0.33797748257617855
1663.302,28.50147977,28.150760084060764,29.731984972401772,28.872341371343385,0.35071968593923586
1663.785,28.40984301,28.08917247731849,29.687488660872177,28.809413701075893,0.32067053268151113
1664.267,28.33583927,28.027939072312453,29.643262462032606,28.74679491908597,0.30790019768754817
1664.749,28.26969455,27.96693588672713,29.599215913322677,28.684358273860518,0.30275866327287204
1665.231,28.2418599,27.906166673820017,29.555350848766448,28.622107478976034,0.3356932261799841
1665.713,28.20471407,27.845635179109102,29.51166909087329,28.560046245172455,0.35907889089089906
1666.195,28.1542759,27.78534513993956,29.46817245056896,28.498178279965654,0.36893076006043657
1666.677,28.13157946,27.725300285049155,29.424862727127618,28.436507287257133,0.4062791749508463
1667.159,28.09853172,27.665504334130684,29.381741708104222,28.375036966941053,0.4330273858693161
1667.642,28.03111293,27.60583772866047,29.338722300988987,28.313644121724327,0.42527520133952734
1668.124,27.98492409,27.546551242002472,29.295984406928106,28.252586663355036,0.4383728479975275
1668.606,27.89516242,27.487524767374744,29.253440512592185,28.191740956687504,0.40763765262525453
1669.088,27.81001078,27.428761983862977,29.21109235797266,28.131110681592002,0.38124879613702234
1669.57,27.70941286,27.37026655929649,29.168941671013794,28.070699511926847,0.33914630070351137
1670.052,27.61157641,27.312042149801233,29.126990167549316,28.010511115130537,0.2995342601987687
1670.534,27.52858013,27.254092399351887,29.085239551239354,27.950549151811355,0.27448773064811505
1671.016,27.44617492,27.196420939322614,29.043691513508335,27.89081727533526,0.24975398067738652
1671.499,27.39012993,27.13891261812386,29.002262171489512,27.831195936767642,0.2512173118761396
1671.981,27.33777951,27.081809176491692,28.961124744891936,27.771935659275712,0.25597033350830856
1672.463,27.26857575,27.024994846725857,28.920194900538057,27.71291638863521,0.24358090327414317
1672.945,27.23646227,26.96847320525548,28.879474280273683,27.654141745059192,0.2679890647445191
1673.427,27.16044458,26.912247813647756,28.838964513407365,27.595615339425795,0.24819676635224397
1673.909,27.11714161,26.856322218153817,28.798667216652063,27.537340772854865,0.26081939184618363
1674.391,27.05411661,26.80069994925397,28.758583994067656,27.479321636282904,0.25341666074603
1674.873,27.00563053,26.74538452120288,28.718716437004044,27.421561510036263,0.2602460087971217
1675.355,26.90118071,26.690379431573906,28.67906612404474,27.364063963403137,0.21080127842609286
1675.838,26.86587181,26.635575022056358,28.639553041385483,27.306714095951854,0.23029678794364372
1676.32,26.79837374,26.58120169483886,28.60034235983288,27.249752933296982,0.21717204516113853
1676.802,26.74482512,26.527149101251418,28.5613535841671,27.19306499491085,0.217676018748584
1677.284,26.69836106,26.473420667550574,28.522588241330922,27.136653801597635,0.22494039244942599
1677.766,26.67151129,26.420019801034996,28.48404784522984,27.080522860965125,0.25149148896500506
1678.248,26.60630525,26.36694988959069,28.445733896679833,27.024675666990017,0.23935536040930927
1678.73,26.57388364,26.314214301237428,28.40764788335595,26.969115699582996,0.2596693387625706
1679.212,26.5732623,26.26181638367539,28.369791279741595,26.913846424153007,0.31144591632460816
1679.695,26.51473325,26.209651818687437,28.332087726388643,26.85875754302419,0.30508143131256205
1680.177,26.48747081,26.157939920013234,28.29469479611229,26.804080608527258,0.32953088998676705
1680.659,26.45853886,26.106575615585143,28.257535622310627,26.74970467793675,0.3519632444148577
1681.141,26.41032847,26.055562167264643,28.220611626178638,26.6956331542547,0.3547663027353565
1681.623,26.38730991,26.00490281434106,28.183924215476075,26.641869423796333,0.3824070956589374
1682.105,26.35530871,25.954600773084707,28.14747478448087,26.588416855752726,0.4007079369152926
1682.587,26.27453702,25.90465923630169,28.111264713943154,26.535278801753734,0.3698777836983105
1683.069,26.16678919,25.85508137289035,28.075295371040234,26.48245859543104,0.31170781710964945
1683.552,26.08202604,25.805768613269212,28.039494238956728,26.429850968942066,0.2762574267307869
1684.033,25.97220967,25.7570292195878,28.00408426871664,26.377784967731518,0.2151804504122019
1684.516,25.85220387,25.708460977712203,27.968772320563318,26.32583089656903,0.14374289228779702
1684.998,25.75906974,25.66036978665353,27.933779798822123,26.274315732114705,0.09869995334647186
1685.48,25.71099988,25.612657745727816,27.899034638154504,26.223134804953826,0.0983421342721833
1685.962,25.64155261,25.565327871120427,27.8645381233612,26.17229133153619,0.07622473887957426
1686.444,25.58924534,25.51838315205786,27.830291525373127,26.121788507269258,0.07086218794214005
1686.926,25.53168253,25.471826550381458,27.796296101211844,26.071629506086893,0.05985597961854339
1687.408,25.50719696,25.42566100012349,27.762553093950533,26.021817480019166,0.0815359598765113
1687.89,25.46454711,25.379889407086427,27.729063732675947,25.972355558763873,0.08465770291357444
1688.373,25.42225475,25.33442092441036,27.695760546968472,25.9231453332753,0.08783382558964092
1688.855,25.3710794,25.289446680373455,27.66278264128306,25.87439366166498,0.08163271962654406
1689.337,25.33386931,25.244874943238468,27.63006198700272,25.82600135202469,0.08899436676153272
1689.819,25.30273523,25.200708501677614,27.59759975687158,25.7779714404153,0.1020267283223859
1690.301,25.25876979,25.156950114074395,27.565397109467074,25.73030693844449,0.10181967592560426
1690.783,25.22340432,25.11360250812195,27.533455189165956,25.683010832848364,0.10980181187805016
1691.265,25.19256347,25.07066838042542,27.501775126111223,25.636086085075284,0.12189508957457917
1691.747,25.17682934,25.028150396107723,27.47035803617957,25.589535630871524,0.14867894389227843
1692.229,25.13864524,24.986051188419317,27.43920502094962,25.543362379869773,0.15259405158068162
1692.712,25.14062325,24.944287329632942,27.408253361369496,25.49747460569862,0.1963359203670585
1693.194,25.09990891,24.90303432774084,27.37763229639188,25.45206518093721,0.19687458225915933
1693.676,25.07133246,24.86220781237893,27.347278526937785,25.407041533354725,0.20912464762107064
1694.158,25.04175808,24.821810285417786,27.31719309706026,25.36240646400488,0.21994779458221458
1694.64,25.00424207,24.78184421496599,27.287377036366262,25.318162745807662,0.22239785503401066
1695.122,24.96758299,24.742312035005437,27.257831359989023,25.27431312315389,0.2252709549945635
1695.604,24.92501727,24.703216145031593,27.22855706856127,25.23086031151309,0.2218011249684082
1696.086,24.85586518,24.66455890969823,27.199555148189337,25.1878069970447,0.1913062703017694
1696.569,24.79868093,24.626263831638102,27.17076725237432,25.14506776819155,0.17241709836189756
1697.051,24.72975011,24.588491780458398,27.142313544271854,25.102822229883497,0.14125832954160344
1697.533,24.65865613,24.551165270001132,27.114135080075314,25.060984072881833,0.10749085999886887
1698.015,24.59331445,24.514286522026488,27.086232787508592,25.019555862221623,0.0790279279735131
1698.497,24.51628186,24.47785772175215,27.058607579649525,24.978540131735347,0.03842413824784785
1698.979,24.45555498,24.44188101752916,27.03126035490819,24.937939383685972,0.01367396247083974
1699.461,24.39358051,24.406358520523195,27.004191997005968,24.89775608840404,-0.012778010523195604
1699.943,24.32266503,24.37129230440128,26.977403374955085,24.8579926839286,-0.04862727440128012
1700.426,24.30463774,24.336613082214715,26.950840639379784,24.818570395723217,-0.03197534221471443
1700.908,24.24426047,24.302466454396253,26.924614621876295,24.77965483954201,-0.058205984396252575
1701.39,24.22065876,24.26878210445178,26.898670860509945,24.74116629582978,-0.048123344451781236
1701.872,24.17557095,24.235561952957784,26.873010165237282,24.703107069887466,-0.05999100295778348
1702.354,24.15444708,24.20280788151343,26.84763333121493,24.665479432995166,-0.0483608015134287
1702.836,24.13148496,24.170521732462852,26.82254113878357,24.62828562208024,-0.03903677246285042
1703.318,24.10958248,24.13870530862402,26.797734353452746,24.591527839390302,-0.029122828624018382
1703.8,24.08717456,24.1073603730236,26.773213725886226,24.55520825217104,-0.020185813023598342
1704.282,24.06077702,24.076488648638463,26.748979991888085,24.519328992349166,-0.015711628638463537
1704.765,24.01946578,24.046029248976748,26.724984491110405,24.48381909714706,-0.026563468976746663
1705.247,23.98558263,24.01610994484257,26.701327291056728,24.448827669352625,-0.030527314842569098
1705.729,23.94640962,23.986668781347447,26.677959104116418,24.41428275389048,-0.04025916134744634
1706.211,23.88861127,23.957707318729014,26.654880606499734,24.38018633826891,-0.06909604872901554
1706.693,23.86874799,23.929227075980677,26.632092459498665,24.34654037317026,-0.06047908598067764
1707.175,23.84640059,23.90122953063312,26.609595309477385,24.31334677216606,-0.05482894063312216
1707.657,23.80653764,23.873716118542845,26.587389787863376,24.28060741143799,-0.06717847854284642
1708.139,23.76403015,23.84668823368746,26.5654765111392,24.248324129504343,-0.08265808368745908
1708.622,23.74779367,23.820092670666035,26.543811529992947,24.21643317633979,-0.07229900066603534
1709.104,23.72443601,23.794040867889354,26.522485142061754,24.18506837098416,-0.06960485788935244
1709.586,23.69286586,23.76847852365299,26.501452759898427,24.154164934889252,-0.07561266365298991
1710.068,23.69111304,23.7434068624272,26.480714940107685,24.123724553224125,-0.05229382242719893
1710.55,23.68259589,23.718827065887393,26.46027222431924,24.093748872216675,-0.036231175887390776
1711.032,23.67724072,23.6947402727528,26.440125139183884,24.064239498916447,-0.01749955275279902
1711.514,23.66791675,23.671147578632546,26.420274196370293,24.03519800096397,-0.003230828632545979
1711.996,23.66565773,23.648050035879205,26.40071989256259,24.006625906366363,0.017607694120794548
1712.479,23.63842415,23.62540227904907,26.381423065978744,23.978466892529962,0.013021870950929326
1712.96,23.62485671,23.60334439677418,26.362503113768234,23.950895839796853,0.021512313225819923
1713.443,23.61572399,23.581693879806807,26.343803150408185,23.923684878743614,0.0340301101931928
1713.925,23.61056238,23.56058763220626,26.32544068941352,23.897005864590096,0.04997474779374045
1714.407,23.59311811,23.539981145971183,26.307377126897897,23.870803294640957,0.05313696402881618
1714.889,23.57555446,23.519875211169246,26.289612869593874,23.845078454673484,0.055679248830752925
1715.371,23.55537149,23.50027057379775,26.272148309251648,23.819832589445355,0.05510091620224955
1715.853,23.51611592,23.481167935698178,26.254983822642266,23.795066902523853,0.034947984301823
1716.335,23.45212706,23.46256795447823,26.238119771561337,23.77078255612179,-0.01044089447823282
1716.817,23.40903948,23.44447124344199,26.221556502833636,23.746980670940594,-0.03543176344198784
1717.3,23.3701018,23.42684239590383,26.205260922638004,23.723614451076724,-0.05674059590382896
1717.782,23.28776719,23.409754934540825,26.189300824928917,23.700781690050214,-0.1219877445408244
1718.264,23.24322097,23.393172317817843,26.173642460888423,23.678434503838176,-0.14995134781784358
1718.746,23.23776419,23.377094981187565,26.158286117485762,23.656573845580965,-0.13933079118756453
1719.228,23.20273471,23.361523315566018,26.143232066752255,23.63520062622896,-0.15878860556601637
1719.71,23.18281173,23.346457667309473,26.12848056579002,23.61431571442846,-0.16364593730947163
1720.192,23.17545852,23.331898338199256,26.114031856781274,23.59391993641486,-0.15643981819925656
1720.674,23.16051589,23.317845585434366,26.099886166998346,23.57401407591312,-0.1573296954343668
1721.156,23.17259697,23.304299621632026,26.086043708814508,23.55459887404563,-0.13170265163202544
1721.639,23.14955453,23.291234090028098,26.072476905985987,23.53563627938479,-0.14167956002809845
1722.121,23.10769464,23.278703215856513,26.059242118660432,23.517205468750976,-0.17100857585651497
1722.603,23.10508157,23.266679501248454,26.046311111108878,23.4992672849185,-0.16159793124845478
1723.085,23.10136788,23.255162980563362,26.033684036198053,23.481822297735995,-0.15379510056336088
1723.567,23.08517526,23.24415364369895,26.021361031959422,23.46487103409933,-0.15897838369895112
1724.049,23.0835325,23.23365143613866,26.00934222160392,23.448413977903815,-0.15011893613866079
1724.531,23.04413202,23.22365625900678,25.99762771353747,23.432451570004126,-0.17952423900678127
1725.013,23.02846428,23.214167969131385,25.986217601377092,23.41698420818143,-0.18570368913138324
1725.496,23.03625085,23.205168271670583,25.97508923977367,23.401981700149214,-0.1689174216705851
1725.978,23.00490478,23.19669420046131,25.964288773085336,23.387506480153917,-0.19178942046130842
1726.46,23.00651557,23.18872632134272,25.953792894679296,23.37352724143504,-0.18221075134271913
1726.942,23.00009635,23.181264314650033,25.943601639161223,23.360044209212457,-0.18116796465003304
1727.424,22.99125575,23.174307816852153,25.93371502643869,23.347057565581167,-0.18305206685215225
1727.906,22.97861289,23.16785642066039,25.924133061741216,23.3345674495233,-0.1892435306603879
1728.388,22.9701911,23.16190967514482,25.91485573564113,23.322573956927794,-0.19171857514481871
1728.87,22.9752339,23.15646708585795,25.905883024074996,23.311077140617584,-0.1812331858579519
1729.353,22.98517919,23.15151839125215,25.897197221252803,23.300054704824976,-0.16633920125214985
1729.835,22.98286683,23.147083500684694,25.88883423985653,23.289552257805795,-0.16421667068469503
1730.317,22.99073549,23.143151021906288,25.880775713057808,23.279546387324174,-0.1524155319062892
1730.799,22.97376038,23.139720287694864,25.87302155844756,23.270036974269395,-0.16595990769486235
1731.281,22.98724105,23.13679058803996,25.865571679098146,23.261023856711667,-0.14954953803995963
1731.763,22.95811178,23.134361170310196,25.858425963588537,23.25250682997354,-0.17624939031019693
1732.245,22.9725897,23.13243123942776,25.851584286030466,23.24448564670874,-0.15984153942775947
1732.727,22.95899916,23.130999958050097,25.845046506094974,23.236960016988288,-0.17200079805009594
1733.209,22.93305269,23.1300664467584,25.838812469039766,23.229929608393842,-0.19701375675839827
1733.692,22.92475192,23.12962939412608,25.83287001731038,23.22338100096943,-0.20487747412608215
1734.174,22.89578211,23.129689645208224,25.827243573515293,23.217340893248476,-0.23390753520822472
1734.656,22.90584724,23.13024477552457,25.821920321750454,23.211794754507267,-0.2243975355245702
1735.138,22.90722068,23.13129373928886,25.816900049875986,23.20674208336021,-0.22407305928886245
1735.62,22.89419591,23.132835449684016,25.812182531484666,23.202182336506855,-0.23863953968401574
1736.102,22.87929329,23.134868779091203,25.807767525932963,23.198114928867938,-0.2555754890912034
1736.584,22.89395273,23.137392559325193,25.803654778372753,23.19453923372848,-0.2434398293251938
1737.066,22.89508842,23.140405581876173,25.799844019783663,23.191454582887694,-0.24531716187617292
1737.549,22.883757,23.14391436805795,25.79632800023186,23.18885539360484,-0.26015736805794987
1738.031,22.90742598,23.147903098057075,25.793120981010247,23.18675167653216,-0.2404771180570755
1738.513,22.92116603,23.152377202612218,25.790215058336962,23.18513675015767,-0.23121117261221968
1738.995,22.91486193,23.157335314376745,25.78760990680906,23.184009781888463,-0.24247338437674415
1739.477,22.9240402,23.162776026981927,25.785305187022235,23.183369898497574,-0.23873582698192664
1739.959,22.92114426,23.168697895315255,25.78330054560691,23.1832161863143,-0.24755363531525632
1740.441,22.93006585,23.17509943580455,25.78159561526472,23.18354769142079,-0.2450335858045527
1740.923,22.91056558,23.18197912670785,25.78019001480589,23.18436341985534,-0.27141354670785134
1741.406,22.9151624,23.189351164716946,25.77908136366061,23.185665534208354,-0.2741887647169463
1741.887,22.93197508,23.197166683717334,25.778275209548923,23.18744337190527,-0.26519160371733363
1742.37,22.91963374,23.20548903861073,25.77776442466743,23.18971060152704,-0.28585529861073056
1742.852,22.93392921,23.214266337650304,25.77755267245297,23.192453484559852,-0.2803371276503057
1743.334,22.93139244,23.22351361279487,25.777638136196607,23.195675025493436,-0.2921211727948716
1743.816,22.94638716,23.233229119601198,25.778020352146157,23.199373994639824,-0.2868419596011975
1744.298,22.93946611,23.243411077636768,25.778698842935157,23.203549123863585,-0.3039449676367667
1744.78,22.95125515,23.254057670811612,25.779673117624817,23.208199106833955,-0.3028025208116105
1745.262,22.95122663,23.265167047714968,25.780942671746576,23.213322599282538,-0.31394041771496717
1745.744,22.98301007,23.276737321956478,25.782506987345144,23.21891821926656,-0.2937272519564793
1746.227,22.97410028,23.2887920052173,25.784369694401647,23.22499762147665,-0.31469172521730115
1746.709,22.99951561,23.301279222900018,25.78652253409009,23.23153417336815,-0.3017636129000181
1747.191,23.00696797,23.314221468191544,25.78896849973703,23.238538480501777,-0.30725349819154246
1747.673,23.01343368,23.327616718216927,25.791707019855203,23.246009012906026,-0.31418303821692817
1748.155,23.03893478,23.341462916895424,25.794737509694798,23.253944204334502,-0.3025281368954218
1748.637,23.01833609,23.355757975307643,25.79805937128991,23.26234245256138,-0.33742188530764494
1749.119,23.02484615,23.37049977206656,25.80167199350563,23.271202119681977,-0.3456536220665605
1749.601,23.03612857,23.385686153692365,25.805574752085576,23.280521532418216,-0.34955758369236634
1750.083,23.03404555,23.401314934991195,25.809767009700195,23.290298982428997,-0.36726938499119655
1750.566,23.05284021,23.417417693552704,25.81425771269561,23.30055443154872,-0.36457748355270425
1751.048,23.06242267,23.433925499896187,25.819027601538153,23.311243633522185,-0.3715028298961869
1751.53,23.0923965,23.450868959127163,25.824084998060297,23.32238553674859,-0.35847245912716375
1752.012,23.11114611,23.46824576298874,25.829429213105207,23.33397829576157,-0.35709965298874025
1752.494,23.13076605,23.48605357345509,25.835059544691845,23.346020031653257,-0.3552875234550932
1752.976,23.13494451,23.504290023129872,25.840975278066317,23.35850883241163,-0.36934551312987196
1753.458,23.15341307,23.52295271564749,25.847175685753836,23.37144275326189,-0.3695396456474924
1753.94,23.16586613,23.54203922607729,25.853660027611188,23.38481981701207,-0.376173096077288
1754.423,23.18902129,23.56158801039153,25.860441885221753,23.398667140008257,-0.37256672039153216
1754.905,23.2116651,23.581515636085644,25.867492409702024,23.412925338901843,-0.369850536085643
1755.387,23.23811084,23.601859632357687,25.874824570817438,23.427620553797883,-0.3637487923576863
1755.869,23.26152792,23.622617464053764,25.882437578260173,23.44275068130389,-0.36108954405376537
1756.351,23.29748366,23.64378656951399,25.890330629324136,23.458313587395434,-0.34630290951398734
1756.833,23.31180869,23.665364360990896,25.898502908960452,23.47430710778365,-0.3535556709908967
1757.315,23.32146552,23.687348225069872,25.90695358983359,23.490729048286124,-0.36588270506987186
1757.797,23.37782239,23.709735523091375,25.915681832377874,23.507577185200976,-0.33191313309137627
1758.28,23.38212977,23.732571284464544,25.924705754370393,23.5248855389859,-0.35044151446454563
1758.762,23.37363661,23.755758258621672,25.93398712431349,23.54258015385645,-0.3821216486216734
1759.244,23.41029944,23.779340597871123,25.943543462593045,23.560694115881187,-0.36904115787112346
1759.726,23.4264809,23.80331556678172,25.95337388127335,23.579225087023225,-0.3768346667817184
1760.208,23.45894026,23.827680406813688,25.963477480478836,23.598170701641347,-0.36874014681368905
1760.69,23.48602491,23.852432336749924,25.973853348453527,23.617528566880917,-0.3664074267499231
1761.172,23.50847933,23.877568553128192,25.98450056162099,23.637296263067434,-0.36908922312819215
1761.654,23.51914473,23.903086230674287,25.995418184644855,23.65747134410208,-0.3839415006742861
1762.136,23.55284212,23.928982522736003,26.00660527048958,23.67805133785969,-0.37614040273600224
1762.619,23.56123,23.955309456610653,26.018084905704193,23.699077695120152,-0.3940794566106547
1763.101,23.5825015,23.98195512496007,26.029808583628046,23.72046082285657,-0.39945362496007064
1763.583,23.61895539,24.008970737898245,26.041798811638902,23.742241289481264,-0.3900153478982453
1764.065,23.63196655,24.036353367575,26.05405459649947,23.764416522733306,-0.4043868175749985
1764.547,23.65986989,24.064100066942576,26.066574933584995,23.786983926345357,-0.40423017694257624
1765.029,23.69849639,24.092207870192574,26.07935880694683,23.80994088045263,-0.3937114801925752
1765.511,23.70508908,24.120673793192964,26.092405189376585,23.83328474200334,-0.4155847131929633
1765.993,23.73280987,24.149494833925313,26.105713042470676,23.85701284517044,-0.41668496392531296
1766.476,23.76815699,24.17872886200764,26.119309736614845,23.8811729165463,-0.41057187200764034
1766.958,23.80594525,24.208251783813694,26.13313790835355,23.905662199580096,-0.4023065338136931
1767.44,23.82324314,24.23812070799502,26.147224366791917,23.930527588544155,-0.4148775679950205
1767.922,23.84658267,24.268332565321487,26.161568029376994,23.955766330608185,-0.42174989532148643
1768.404,23.89004073,24.298884270859453,26.176167802690024,23.981375652243084,-0.4088435408594542
1768.886,23.89988722,24.32977272440676,26.19102258251353,24.007352759638596,-0.42988550440675866
1769.368,23.95797517,24.360994810926893,26.20613125389881,24.03369483912152,-0.40301964092689246
1769.85,24.00126855,24.392547400982735,26.221492691233962,24.060399057574667,-0.3912788509827365
1770.333,24.00681988,24.424493830246647,26.237138411342105,24.08751908269644,-0.4176739502466482
1770.814,24.05107189,24.45663150454462,26.252969308400566,24.114882484218562,-0.40555961454462164
1771.297,24.10491871,24.48922450220925,26.269115871877528,24.142713919468836,-0.38430579220925054
1771.779,24.14876877,24.52206819526907,26.28547741965958,24.17083871282482,-0.3732994252690709
1772.261,24.18162162,24.555226537135336,26.302085945335616,24.19931119650313,-0.37360491713533506
1772.743,24.20845886,24.58869632099175,26.31894026074279,24.228128429499655,-0.3802374609917507
1773.225,24.23735567,24.62247432862742,26.336039167542065,24.25728745430505,-0.38511865862741956
1773.707,24.29417714,24.656557330860828,26.353381457289338,24.28678529732418,-0.3623801908608293
1774.189,24.29854467,24.6909420879623,26.370965911506957,24.316618969295085,-0.3923974179623002
1774.671,24.36095885,24.725625350074722,26.388791301755653,24.346785465707715,-0.3646665000747227
1775.154,24.36520508,24.760676731790895,26.406894117443066,24.37734537828612,-0.3954716517908956
1775.636,24.41006826,24.795947818293836,26.425198148355395,24.408169125934325,-0.385879558293837
1776.118,24.42706145,24.831507596843537,26.443739368315452,24.439316590844623,-0.4044461468435365
1776.6,24.46022995,24.867352781227567,26.462516509743512,24.470784711660027,-0.40712283122756787
1777.082,24.51050684,24.903480077182827,26.481528295463185,24.502570413859015,-0.39297323718282584
1777.564,24.53056996,24.93988618280488,26.500773438775564,24.534670610169616,-0.409316222804879
1778.046,24.55578676,24.976567788954625,26.520250643533544,24.567082200982124,-0.4207810289546252
1778.528,24.58356014,25.0135215796631,26.539958604216636,24.599802074760895,-0.4299614396630993
1779.01,24.63724306,25.050744232533656,26.559896006006028,24.632827108454716,-0.4135011725336568
1779.493,24.65946134,25.088310469172118,26.58010359823966,24.666223622957684,-0.4288491291721179
1779.975,24.70464345,25.126061395976617,26.600496370083196,24.699850180118453,-0.42141794597661786
1780.457,24.74476894,25.1640711762406,26.62111458074842,24.733772456474853,-0.4193022362406005
1780.939,24.79051447,25.20233646582084,26.64195687896217,24.76798728696983,-0.4118219958208371
1781.421,24.84542032,25.240853916121264,26.663021904533593,24.802491497062327,-0.39543359612126494
1781.903,24.86568931,25.279620174479735,26.684308288431104,24.837281903128293,-0.4139308644797346
1782.385,24.90252584,25.318631884552143,26.70581465285975,24.872355312860346,-0.4161060445521443
1782.867,24.95005708,25.35788568669358,26.72753961133894,24.90770852566519,-0.407828606693581
1783.35,24.98727544,25.39746039887417,26.749527516733984,24.94341253911106,-0.4101849588741686
1783.832,25.02358665,25.437188779712873,26.771685915763292,24.97931628894218,-0.41360212971287424
1784.314,25.06799701,25.477149150661617,26.794058695130282,25.015490187603568,-0.4091521406616181
1784.796,25.08693413,25.517338142622485,26.81664443437719,25.05193100528103,-0.4304040126224855
1785.278,25.15231877,25.557752385058915,26.839441704753536,25.08863550583265,-0.4054336150589144
1785.76,25.1823682,25.598388506359093,26.862449069295675,25.1256004471739,-0.41602030635909415
1786.242,25.23285398,25.639243134195475,26.885665082906478,25.1628225816599,-0.40638915419547317
1786.724,25.26603629,25.680312895881407,26.909088292435293,25.200298656465712,-0.41427660588140824
1787.207,25.30970492,25.721680282823005,26.93276647230725,25.238103943566816,-0.4119753628230036
1787.689,25.3502032,25.76317062331204,26.956600104663355,25.27607863163027,-0.4129674233120397
1788.171,25.38249262,25.80486597395852,26.980636522896674,25.31429746744241,-0.4223733539585197
1788.653,25.4176406,25.846762964141586,27.004874242432084,25.352757181202048,-0.42912236414158755
1789.135,25.46992496,25.888858224614715,27.029311771045123,25.39145449979126,-0.41893326461471503
1789.617,25.50064799,25.93114838784193,27.053947608943545,25.430386147139757,-0.4305003978419286
1790.099,25.55027193,25.97363008833066,27.07878024884925,25.469548844586804,-0.4233581583306574
1790.581,25.60086942,26.01629996296091,27.103808176080257,25.508939311239907,-0.4154305429609124
1791.063,25.63951222,26.05915465131063,27.12902986863302,25.548554264330633,-0.4196424313106313
1791.546,25.69520672,26.10228026888095,27.154496722022138,25.58847329485267,-0.40707354888094827
1792.028,25.74560065,26.145494881824987,27.180101744375037,25.62852781546588,-0.3998942318249874
1792.51,25.81491633,26.188884239665548,27.205895919726835,25.66879695965313,-0.3739679096655486
1792.992,25.86368738,26.23244499596472,27.231877697601092,25.709277440641937,-0.36875761596472145
1793.474,25.91712939,26.276173808556454,27.25804552061496,25.749965971519373,-0.3590444185564543
1793.956,25.96763644,26.32006733985021,27.28439782456288,25.790859265569576,-0.3524308998502086
1794.438,25.99962238,26.364122257130454,27.310933038500384,25.83195403660814,-0.3644998771304522
1794.92,26.04604568,26.408335232852814,27.337649584828178,25.873246999313256,-0.3622895528528147
1795.403,26.08034158,26.452795152677687,27.364601866562786,25.9148211443015,-0.3724535726776885
1795.885,26.13348276,26.497314595498818,27.39167668663938,25.95650103361211,-0.3638318354988179
1796.367,26.17285538,26.541982141196733,27.418928063903486,25.998369260257594,-0.36912676119673193
1796.849,26.21591695,26.586794485808056,27.446354394968303,26.040422545617027,-0.3708775358080558
1797.331,26.24596817,26.631748331963696,27.473954070215786,26.08265761353882,-0.38578016196369447
1797.813,26.27049589,26.67684038916155,27.501725473881827,26.125071190651735,-0.4063444991615519
1798.295,26.33420105,26.722067374035532,27.529666984141553,26.167660006672214,-0.38786632403553156
1798.777,26.38038537,26.767426010620902,27.557776973195075,26.210420794708785,-0.3870406406209028
1799.26,26.42833644,26.813007533216904,27.586112645282707,26.253439530019076,-0.3846710932169053
1799.741,26.46156208,26.858525173635858,27.61449584712291,26.296445238023434,-0.3969630936358577
1800.224,26.5280364,26.904354195752163,27.643160963888825,26.339792290616554,-0.3763177957521613
1800.706,26.57112982,26.95020707936821,27.67192880781274,26.38320870247008,-0.37907725936820924
1801.188,26.60777389,26.99617534819334,27.70085690146884,26.42678080642795,-0.38840145819333927
1801.67,26.66061739,27.042255776037663,27.72994358300153,26.470505362148153,-0.38163838603766465
1802.152,26.7388954,27.088445145859527,27.759187185183897,26.514379134710367,-0.3495497458595267
1802.634,26.76985897,27.13474024999912,27.78858603550436,26.558398894890857,-0.3648812799991177
1803.116,26.82801244,27.18113789040853,27.818138456253735,26.6025614194345,-0.3531254504085304
1803.598,26.86154054,27.227634878877396,27.847842764612153,26.646863491322723,-0.36609433887739584
1804.081,26.89900019,27.27432480132795,27.87775936650873,26.69139423540458,-0.3753246113279509
1804.563,26.96344683,27.32101115140702,27.90776268796246,26.735966050074893,-0.3575643214070219
1805.045,26.97960103,27.367787339602636,27.937912815247905,26.780667794453716,-0.38818630960263434
1805.527,27.0234638,27.414650219259222,27.968208045966293,26.825496279090626,-0.39118641925922404
1806.009,27.08489212,27.461596654630476,27.99864667304565,26.870448322056987,-0.37670453463047693
1806.491,27.12117588,27.508623521081926,28.029226984828504,26.915520749191653,-0.387447641081927
1806.973,27.17066407,27.555727705289513,28.059947265159835,26.960710394343003,-0.38506363528951226
1807.455,27.2184231,27.602906105434553,28.090805793474978,27.006014099607444,-0.3844830054345536
1807.938,27.26470845,27.650253731254097,28.121865290690113,27.051523049869548,-0.38554528125409604
1808.42,27.31026522,27.697571442775615,28.15299541393598,27.097045656140075,-0.38730622277561366
1808.902,27.3484655,27.744954129351346,28.184258594294697,27.142672894138578,-0.3964886293513459
1809.384,27.40612537,27.792398737080244,28.21565309443621,27.188401641280212,-0.38627336708024274
1809.866,27.45993055,27.839902224483318,28.24717717306215,27.234228784363783,-0.37997167448331837
1810.348,27.51223639,27.88746156267553,28.278829084994356,27.28015121978752,-0.3752251726755276
1810.83,27.5660804,27.93507373553385,28.310607081263285,27.32616585376127,-0.36899333553385105
1811.312,27.61992214,27.982735739861823,28.34250940919674,27.372269602514923,-0.3628135998618234
1811.794,27.67486624,28.030444585549827,28.3745343125084,27.41845939250288,-0.3555783455498265
1812.277,27.71376625,28.07829641128396,28.40674684811409,27.464828246334655,-0.36453016128396243
1812.759,27.74801592,28.126090104278344,28.439011864471702,27.51118110270906,-0.3780741842783435
1813.241,27.81163506,28.173921742271318,28.471394162882806,27.557610836720247,-0.3622866822713178
1813.723,27.8564131,28.221788389062528,28.503891973485622,27.604114417716364,-0.36537528906252703
1814.205,27.89595197,28.26968712228687,28.536503523248477,27.650688826238124,-0.3737351522868728
1814.687,27.93449189,28.31761503355327,28.569227036058695,27.697331054201324,-0.38312314355327004
1815.169,27.97813991,28.36556922857959,28.60206073281156,27.74403810507567,-0.38742931857959206
1815.651,28.04559906,28.413546827324264,28.635002831499172,27.790806994059817,-0.3679477673242637
1816.134,28.06860701,28.461644564679784,28.668120222688646,27.83773196040416,-0.39303755467978263
1816.616,28.13624364,28.5096604220764,28.701273983683794,27.884615731889134,-0.3734167820764007
1817.098,28.17596749,28.55769112390291,28.734530780345036,27.93155245304682,-0.381723633902908
1817.58,28.23045995,28.605733848355754,28.76788881993707,27.97853918769708,-0.3752738983557542
1818.062,28.25732223,28.65378578847735,28.801346307266822,28.0255730122107,-0.3964635584773504
1818.544,28.32500357,28.70184415226691,28.834901444772427,28.072651015663027,-0.37684058226691164
1819.026,28.36344929,28.749906162787408,28.868552432612205,28.119770299983863,-0.38645687278740937
1819.508,28.42159932,28.79796905827007,28.902297468753822,28.166927980104298,-0.37636973827007125
1819.99,28.4619814,28.846030092214644,28.936134749063225,28.214121184099433,-0.38404869221464466
1820.473,28.53790093,28.89418622898667,28.970132949606764,28.26144506428917,-0.35628529898666983
1820.955,28.56946527,28.942235343938115,29.004149479886365,28.30870081244909,-0.372770073938117
1821.437,28.60676031,28.990274444834668,29.038252826454144,28.355983543091575,-0.38351413483466956
1821.919,28.6658654,29.038300847224672,29.072441177655456,28.403290438258097,-0.3724354472246709
1822.401,28.70165929,29.08631188237978,29.106712720178667,28.45061869379782,-0.3846525923797799
1822.883,28.7693007,29.13430489737646,29.141065639144262,28.497965519490336,-0.36500419737646084
1823.365,28.81697507,29.182277255174156,29.175498118193556,28.545328139164692,-0.3653021851741549
1823.847,28.8761403,29.2302263346905,29.210008339577502,28.5927037908152,-0.35408603469049993
1824.33,28.91313844,29.27824892788731,29.244666317391736,28.640188046576366,-0.3651104878873106
1824.812,28.96240815,29.326143590033215,29.279326716927578,28.68758154621769,-0.36373544003321356
1825.294,29.02231025,29.374007201785165,29.31405939431561,28.73497987229382,-0.3516969517851649
1825.776,29.07828554,29.421837206618644,29.348862527129786,28.782380320583552,-0.34355166661864445
1826.258,29.15509778,29.469631064298166,29.383734291996873,28.829780201561626,-0.31453328429816807
1826.74,29.17160475,29.5173862509348,29.418672864684822,28.877176840494865,-0.3457815009347982
1827.222,29.23239786,29.565100259040626,29.4536764201912,28.92456757753572,-0.3327023990406275
1827.704,29.27054868,29.612770597580493,29.488743132831374,28.971949767812447,-0.3422219175804919
1828.187,29.32422036,29.66049354772893,29.523944118570984,29.019419048193043,-0.3362731877289278
1828.668,29.35289244,29.707970384376225,29.5590587238925,29.066678003984613,-0.3550779443762231
1829.151,29.43588814,29.75559347715675,29.594377129885792,29.11411703444409,-0.3197053371567513
1829.633,29.48643718,29.803064444352014,29.629678317625242,29.161438849404174,-0.3166272643520145
1830.115,29.53638448,29.850479530234892,29.665033523133143,29.208739115506997,-0.3140950502348936
1830.597,29.58681318,29.897836343453843,29.700440918480112,29.25601527949122,-0.31102316345384295
1831.079,29.63257488,29.945132509396085,29.735898675669937,29.303264803618145,-0.31255762939608545
1831.561,29.67948225,29.99236567021802,29.7714049667273,29.35048516573817,-0.3128834202180215
1832.043,29.72412792,30.039533484872972,29.806957963784896,29.397673859354125,-0.31540556487297167
1832.525,29.77814101,30.08663362913694,29.842555839170952,29.444828393682407,-0.3084926191369419
1833.008,29.79036657,30.13376129425709,29.878270752810568,29.4920440088998,-0.3433947242570916
1833.49,29.83963707,30.180719040165382,29.913952986683306,29.53912273178943,-0.34108197016538355
1833.972,29.89823865,30.227602239463216,29.949674614123385,29.58615991283311,-0.32936358946321675
1834.454,29.92721861,30.27440863545725,29.98543380911202,29.63315312468548,-0.3471900254572482
1834.936,29.97640435,30.321135988367818,30.02122874626053,29.680099955977187,-0.3447316383678185
1835.418,30.02640797,30.367782075340095,30.05705760089661,29.726998011359182,-0.34137410534009405
1835.9,30.08189028,30.414344690453415,30.092918549150873,29.77384491154485,-0.3324544104534155
1836.382,30.11840378,30.460821644727872,30.128809768042885,29.820638293349294,-0.34241786472787084
1836.865,30.18956211,30.50730691631966,30.164803986007854,29.867472715835913,-0.3177448063196593
1837.347,30.23355405,30.55360586083611,30.200750334572156,29.914151912760392,-0.32005181083611234
1837.829,30.26084869,30.599812674837352,30.236721487252186,29.960770593929492,-0.3389639848373527
1838.311,30.32636217,30.645925237168097,30.272715625484967,30.007326460942217,-0.31956306716809735
1838.793,30.38369633,30.691941443616457,30.308730932025142,30.05381723165892,-0.3082451136164579
1839.275,30.42545105,30.737859206908485,30.344765591030367,30.100240640225955,-0.3124081569084858
1839.757,30.47542607,30.783676456700586,30.380817788146242,30.146594437098035,-0.30825038670058547
1840.239,30.51030093,30.829391139569882,30.416885710591206,30.19287638905823,-0.31909020956988243
1840.721,30.55167077,30.87500121900312,30.452967547241222,30.2390842792358,-0.32333044900311947
1841.204,30.6014336,30.920598968667985,30.489136383738938,30.28531153510103,-0.31916536866798495
1841.686,30.62938433,30.9659935718247,30.525240641965162,30.3313645515508,-0.3366092418247
1842.168,30.68845039,31.011277559218925,30.561353388069186,30.377336949347495,-0.3228271692189253
1842.65,30.73629682,31.0564489618604,30.59747281840414,30.423226577173054,-0.320152141860401
1843.132,30.78067441,31.10150582758428,30.633597131401324,30.46903130011193,-0.32083141758428013
1843.614,30.85268002,31.146446221029567,30.66972452765379,30.514748999655932,-0.2937662010295661
1844.096,30.89011335,31.19126822361512,30.705853209999507,30.56037757370699,-0.3011548736151184
1844.578,30.91564896,31.23596993351459,30.741981383604525,30.605914936578177,-0.32032097351459043
1845.061,30.98721732,31.280641825983157,30.778182202354355,30.651453202929524,-0.2934245059831575
1845.543,31.02284095,31.325097052627306,30.814303973355667,30.69680175210752,-0.3022561026273074
1846.025,31.08959853,31.369426377534978,30.850419862204742,30.742052927282817,-0.27982784753497825
1846.507,31.13435894,31.413627965649766,30.88652808421169,30.787204708416645,-0.27926902564976785
1846.989,31.17152915,31.457699998520987,30.922626857427115,30.83225509185703,-0.2861708485209853
1847.471,31.22511197,31.501640674268806,30.958714402723512,30.877202090327952,-0.2765287042688058
1847.953,31.24288714,31.54544820754908,30.994788943876983,30.92204373291745,-0.3025610675490782
1848.435,31.31972025,31.589120829516055,31.03084870764842,30.9667780650636,-0.26940057951605567
1848.917,31.34877346,31.632656787783958,31.066891923864393,31.01140314853867,-0.28388332778395764
1849.4,31.38907984,31.676144237754507,31.102991545695797,31.05600929706218,-0.28706439775450576
1849.882,31.4164288,31.719401384628036,31.138996325459814,31.100409897193646,-0.3029725846280371
1850.364,31.48341805,31.76251670548627,31.174979262700223,31.144695527892637,-0.2790986554862691
1850.846,31.49870676,31.8054885134085,31.210938600318986,31.18886431611282,-0.30678175340849734
1851.328,31.55646749,31.848315137723255,31.246872584685143,31.232914405039374,-0.2918476477232552
1851.81,31.5897223,31.890994923962737,31.282779465714544,31.276843954063683,-0.30127262396273835
1852.292,31.63149299,31.933526233815805,31.318657496948738,31.320651138756602,-0.3020332438158029
1852.774,31.6686612,31.975907445080225,31.354504935634093,31.36433415084016,-0.3072462450802256
1853.257,31.71441095,32.01822440589532,31.390394313189283,31.407981433301522,-0.30381345589531605
1853.739,31.7548292,32.060300297884176,31.426175281249854,31.45141047293091,-0.30547109788417615
1854.221,31.80983218,32.10222131758632,31.461920447927174,31.494710008086948,-0.29238913758631924
1854.703,31.85975185,32.143985906767824,31.497628086078954,31.537878294819976,-0.28423405676782565
1855.185,31.89551942,32.18559252304848,31.53329647265833,31.580913605169798,-0.2900731030484778
1855.667,31.94852364,32.2270396398479,31.56892388879093,31.623814227129216,-0.278515999847901
1856.149,32.00389081,32.2683257463309,31.604508619852066,31.66657846460661,-0.2644349363309004
1856.631,32.01190846,32.309449347351766,31.64004895554312,31.709204637387046,-0.2975408873517651
1857.114,32.09452977,32.35049377037416,31.675616780355426,31.75177908084691,-0.25596400037415634
1857.595,32.11651685,32.39120313053177,31.710989621709484,31.794036147140247,-0.2746862805317747
1858.078,32.13966772,32.4319145147901,31.74645993889335,31.836325609049766,-0.2922467947901026
1858.56,32.19602883,32.47237310358919,31.781805571344698,31.87838273527767,-0.27634427358918856
1859.042,32.24584785,32.51266194161001,31.817098320990716,31.920293629139934,-0.2668140916100157
1859.524,32.26087146,32.55277962666194,31.852336505092108,31.962056704835305,-0.2919081666619405
1860.006,32.32810712,32.592724771832195,31.887518445763913,32.00367039213613,-0.26461765183219654
1860.488,32.35440292,32.63249600542414,31.922642470049166,32.045133136340475,-0.278093085424139
1860.97,32.39556413,32.67209197089504,31.95770690999322,32.086443398223885,-0.27652784089504223
1861.452,32.45103075,32.71151132679335,31.992710102716995,32.12759965399002,-0.26048057679334846
1861.935,32.48955771,32.75083397455297,32.02772281417684,32.16868529630326,-0.2612762645529685
1862.417,32.52588145,32.78989577376183,32.06259840883948,32.20952870262137,-0.26401432376182754
1862.899,32.56624452,32.82877702627736,32.09740779541569,32.250213620442764,-0.2625325062773598
1863.381,32.60641028,32.86747645040268,32.132149332067925,32.29073858720238,-0.2610661704026782
1863.863,32.64030072,32.905992779208816,32.16682138239665,32.331102155502585,-0.265692059208817
1864.345,32.6830715,32.944324760469044,32.2014223155119,32.371302893058925,-0.2612532604690472
1864.827,32.6910139,32.98247115659215,32.23595050610419,32.41133938264447,-0.29145725659214605
1865.309,32.76629834,33.02043074455547,32.270404334515476,32.45121022203419,-0.25413240455547026
1865.792,32.80271477,33.058280483819736,32.304853430060746,32.49099622239141,-0.2555657138197347
1866.274,32.84558467,33.095862450547976,32.33915353546149,32.53053126362222,-0.2502777805479752
1866.756,32.88704905,33.1332540243519,32.373374450998575,32.56989653462016,-0.24620497435189748
1867.238,32.95477402,33.17045403983559,32.40751458033161,32.60909069262341,-0.21568001983558815
1867.72,32.99137489,33.207461345831106,32.44157233311996,32.648112409581486,-0.2160864558311033
1868.202,33.03865726,33.24427480532936,32.475546125091185,32.68696037209509,-0.2056175453293605
1868.684,33.10120352,33.28089329541106,32.509434378109404,32.72563328135594,-0.17968977541106312
1869.166,33.13527321,33.31731570717669,32.543235520242945,32.764129853085294,-0.1820424971766883
1869.648,33.1785839,33.35354094567689,32.576947985831694,32.80244881747274,-0.17495704567689074
1870.131,33.2281076,33.38964246779531,32.61063987633939,32.84066786116488,-0.1615348677953108
1870.613,33.22999225,33.425469715736064,32.64417012523707,32.87862748405946,-0.19547746573606162
1871.095,33.27798927,33.461096586390326,32.67760703570673,32.91640577383618,-0.18310731639032696
1871.577,33.32413004,33.49652203993434,32.71094906785516,32.95400151796117,-0.17239199993434084
1872.059,33.33544317,33.531745050141865,32.744194688392334,32.99141351805346,-0.196301880141867
1872.541,33.38736538,33.566764604313455,32.7773423706965,33.02864058982096,-0.17939922431345678
1873.023,33.41072317,33.60157970320496,32.810390594878754,33.06568156299545,-0.19085653320496476
1873.505,33.41891991,33.6361893609567,32.843337847847465,33.10253528126793,-0.21726945095669947
1873.988,33.45210422,33.67066376581293,32.87625065849363,33.139276474729726,-0.2185595458129299
1874.47,33.50056029,33.70485920566456,32.908991239995245,33.175751875408736,-0.20429891566455893
1874.952,33.52713453,33.738846324441134,32.94162634933993,33.21203663305862,-0.2117117944411362
1875.434,33.55927693,33.77262418913431,32.9741545012746,33.24812964657803,-0.2133472591343093
1875.916,33.60006227,33.806191879763034,33.00657421765892,33.28402982849467,-0.20612960976303185
1876.398,33.62317497,33.839548489302274,33.03888402752716,33.31973610489866,-0.2163735193022731
1876.88,33.67619937,33.87269312361146,33.07108246714967,33.35524741537531,-0.19649375361146326
1877.362,33.70972241,33.90562490136325,33.10316808009378,33.390562712938184,-0.195902491363249
1877.844,33.75638891,33.938342953971926,33.13513941728459,33.42568096396165,-0.1819540439719276
1878.327,33.78834706,33.97091363646716,33.167061006278296,33.46067339003719,-0.1825665764671598
1878.809,33.80812906,34.003201235836876,33.198799229929826,33.49539408615548,-0.1950721758368772
1879.291,33.85218501,34.035272578333796,33.23041887239659,33.52991471229699,-0.18308756833379647
1879.773,33.88028481,34.06712684565274,33.26191851464736,33.56423428762917,-0.18684203565273805
1880.255,33.90520567,34.09876323187455,33.29329674530534,33.59835184434093,-0.19355756187454887
1880.737,33.95623307,34.13018094339496,33.32455216070592,33.6322664275744,-0.1739478733949582
1881.219,33.98816958,34.161379198854256,33.3556833649545,33.665977095357015,-0.17320961885425845
1881.701,34.01048557,34.19235722906645,33.386688969983396,33.69948291853263,-0.1818716590664522
1882.184,34.05234748,34.223177858022396,33.417631526199415,33.73285185344279,-0.1708303780223943
1882.666,34.06181011,34.25371271774465,33.448381532466605,33.76594482116646,-0.19190260774464463
1883.148,34.11331145,34.28402511549353,33.47900182001608,33.798830231196874,-0.17071366549352973
1883.63,34.13494456,34.314114330100814,33.50949103266754,33.83150720498754,-0.17916977010081325
1884.112,34.17156643,34.343979652222096,33.5398478223468,33.86397487646677,-0.17241322222209732
1884.594,34.21095352,34.37362038426712,33.570070849140315,33.89623239196959,-0.1626668642671234
1885.076,34.22593193,34.403035840330496,33.600158781349045,33.92827891016899,-0.17710391033049433
1885.558,34.25863326,34.432225346123076,33.63011029554211,33.96011360200819,-0.17359208612307242
1886.041,34.29651701,34.46124809187499,33.659985786846406,33.991801034939826,-0.16473108187499008
1886.522,34.32359273,34.48992386740748,33.689598817816524,34.023144251319415,-0.16633113740747518
1887.005,34.34438476,34.51849049909721,33.7191943487699,34.054403106758166,-0.1741057390972145
1887.487,34.37954902,34.54676921605768,33.74858682863337,34.08538199869857,-0.16722019605768423
1887.969,34.41643498,34.57481878187864,33.777836396540934,34.11614509907972,-0.15838380187864232
1888.451,34.45280336,34.60263859055742,33.80694177978677,34.14669165106128,-0.14983523055742154
1888.933,34.47224273,34.63022804723229,33.83590171429523,34.17702090959824,-0.15798531723229559
1889.415,34.49540994,34.657586568115725,33.86471494467047,34.20713214137297,-0.16217662811572353
1889.897,34.5325045,34.68471358042808,33.893380224245874,34.237024624728605,-0.15220908042807935
1890.379,34.54690718,34.711608522331694,33.92189631513304,34.26669764960186,-0.1647013423316963
1890.862,34.59194366,34.738325916697,33.950320681007426,34.29621139366009,-0.14638225669700233
1891.344,34.63907123,34.76475459141783,33.97853440034261,34.325442958530274,-0.12568336141782765
1891.826,34.65245508,34.790949574125875,34.006595267970546,34.35445300223299,-0.13849449412587234
1892.308,34.67177822,34.816910346119975,34.03450208161286,34.38324086043722,-0.14513212611997517
1892.79,34.70116325,34.84263639931589,34.06225364800668,34.41180588007367,-0.1414731493158925
1893.272,34.74667236,34.86812723618264,34.08984878295048,34.440147419269145,-0.12145487618263928
1893.754,34.75043876,34.893382369678854,34.117286311349545,34.46826484728116,-0.1429436096788521
1894.236,34.7855267,34.91840132318994,34.14456506726113,34.496157544432876,-0.1328746231899416
1894.719,34.80784899,34.94323479972938,34.17173999002111,34.523882068548666,-0.1353858097293852
1895.201,34.82062578,34.96777951243972,34.19869740458824,34.551323019523785,-0.14715373243971896
1895.683,34.86673073,34.99208667634227,34.22549260184167,34.578537445147674,-0.12535594634226754
1896.165,34.87672623,35.01615585592755,34.25212445290574,34.605524769382235,-0.13942962592754782
1896.647,34.89893659,35.039986625803536,34.278591838274394,34.63228442693322,-0.1410500358035378
1897.129,34.92603988,35.06357857063503,34.30489364785346,34.65881586318714,-0.13753869063503288
1897.611,34.94963329,35.08693128508352,34.331028781001834,34.685118534147946,-0.13729799508352158
1898.093,34.99249215,35.11004437374756,34.3569961465728,34.711191906374324,-0.11755222374756613
1898.575,34.96781047,35.1329174511035,34.38279466295445,34.73703545691746,-0.16510698110349864
1899.058,35.01851424,35.1555968470988,34.408476252097906,34.762701572930034,-0.13708260709879738
1899.54,35.05021019,35.17798828462429,34.43393350776904,34.78808347349127,-0.1277780946242899
1900.022,35.06959113,35.200138612222986,34.459218724848284,34.813234044848436,-0.13054748222298684
1900.504,35.08557645,35.2220474833193,34.48433086027882,34.83815280542648,-0.1364710333193031
1900.986,35.11778728,35.24371456092601,34.50926888073397,34.86283928383584,-0.1259272809260068
1901.468,35.14040291,35.26513951758782,34.53403176265472,34.887293018812365,-0.12473660758782046
1901.95,35.1599391,35.28632203532557,34.5586184922867,34.91151355915733,-0.12638293532556588
1902.432,35.18556012,35.30726180558053,34.583028065716704,34.93550046367813,-0.12170168558053263
1902.915,35.21459529,35.328001215571234,34.607309575700015,34.9593023372691,-0.11340592557123585
1903.397,35.2421674,35.34845409744977,34.631361491866585,34.98282019937151,-0.10628669744976804
1903.879,35.25446036,35.36866336157262,34.65523329748528,35.006103160676176,-0.1142030015726192
1904.361,35.27650454,35.388628736537335,34.67892402838309,35.029150819448425,-0.11212419653733718
1904.843,35.30494616,35.408349960091776,34.70243273040303,35.05196278366828,-0.10340380009177608
1905.325,35.3295531,35.42782677908189,34.72575845943773,35.07453867097369,-0.09827367908189188
1905.807,35.33739935,35.447058949399306,34.748900281461886,35.09687810860356,-0.1096595993993077
1906.289,35.36947608,35.46604623593028,34.771857272565114,35.11898073334215,-0.09657015593028007
1906.771,35.36542351,35.48478841250445,34.79462851898361,35.14084619146285,-0.11936490250445075
1907.254,35.38382622,35.50332338188759,34.81725977850242,35.162518762807466,-0.11949716188758686
1907.736,35.40617514,35.52157418593834,34.839656444990226,35.183908370397134,-0.11539904593833938
1908.218,35.42494181,35.53957925427478,34.8618646848704,35.20505980590981,-0.11463744427477707
1908.7,35.43736862,35.55733839601895,34.88388362529486,35.22597275304786,-0.11996977601894798
1909.182,35.45830041,35.57485142898926,34.90571240371369,35.2466469047312,-0.1165510189892629
1909.664,35.47708539,35.592118179652395,34.9273501679037,35.26708196304435,-0.11503278965239616
1910.146,35.50076221,35.60913848307614,34.948796075996704,35.28727763918387,-0.10837627307613928
1910.628,35.51151732,35.625912182882516,34.97004929650728,35.307233653406605,-0.11439486288251288
1911.111,35.51910588,35.6424731628806,34.991152498992236,35.32699039011904,-0.12336728288060073
1911.593,35.54898606,35.658752707943826,35.012017487559824,35.34646577866677,-0.10976664794382884
1912.075,35.54280081,35.67478523085832,35.032687355004114,35.365700719399875,-0.1319844208583163
1912.557,35.58723141,35.69057060902306,35.05316131165819,35.38469496832297,-0.10333919902306121
1913.039,35.59459304,35.706108728165255,35.07343857836822,35.40344829024767,-0.11151568816525526
1913.521,35.60255476,35.72139948229658,35.09351838651817,35.42196045874345,-0.11884472229658627
1914.003,35.62102679,35.736442773670255,35.11339997805351,35.4402312560891,-0.1154159836702533
1914.485,35.63971712,35.75123851273833,35.13308260550475,35.45826047322422,-0.11152139273833228
1914.968,35.64998849,35.76581654343452,35.15260574492558,35.476084561632454,-0.11582805343451952
1915.449,35.68801802,35.78008701650953,35.17184803133904,35.49359337364179,-0.09206899650953204
1915.932,35.68781985,35.79416853996315,35.19096876621039,35.51093232881864,-0.10634868996315561
1916.414,35.71846051,35.807972822627804,35.20984785562511,35.52799280313519,-0.08951231262780368
1916.896,35.74197936,35.8215292266868,35.22852440173762,35.54481077986793,-0.07954986668679709
1917.378,35.76253988,35.834837710939375,35.2469977210733,35.5613861009566,-0.0722978309393767
1917.86,35.75438499,35.84789824210086,35.265267140891645,35.577718616678695,-0.09351325210086259
1918.342,35.76581923,35.860710794764564,35.283331999205544,35.59380818560531,-0.09489156476456628
1918.824,35.78885495,35.8732753513641,35.30119164479997,35.609654674557504,-0.08442040136409901
1919.306,35.79296508,35.88559190213609,35.31884543724992,35.62525795856315,-0.09262682213608997
1919.789,35.82429281,35.89768522575404,35.33632872960682,35.64064953494707,-0.07339241575403577
1920.271,35.83098934,35.90950525209518,35.35356850743378,35.655765561608234,-0.0785159120951775
1920.753,35.83894452,35.92107728980996,35.37060057450512,35.67063805702341,-0.08213276980995943
1921.235,35.84263889,35.93240136000258,35.38742433374928,35.6852669286433,-0.08976247000257587
1921.717,35.86301898,35.94347749140243,35.404039198967276,35.699652091917265,-0.08045851140243343
1922.199,35.88526056,35.954305720330424,35.42044459484766,35.713793470253314,-0.0690451603304254
1922.681,35.88710091,35.964886090665246,35.43663995698089,35.72769099497861,-0.07778518066524498
1923.163,35.88136195,35.97521865381073,35.45262473187317,35.74134460530036,-0.09385670381072941
1923.646,35.88821191,35.98532413402704,35.468430882524956,35.75478181546741,-0.09711222402703612
1924.128,35.89494842,35.995160753155375,35.483992426505836,35.76794693964023,-0.10021233315537614
1924.61,35.9096156,36.00474976429594,35.49934178731975,35.78086801385927,-0.09513416429593491
1925.092,35.91958913,36.01409124864966,35.514478455285946,35.79354500848794,-0.09450211864966462
1925.574,35.94322229,36.02318529478605,35.52940193170039,35.80597790158202,-0.07996300478605178
1926.056,35.93510741,36.03203199861325,35.54411172884649,35.818166678853906,-0.09692458861324837
1926.538,35.94087047,36.04063146334893,35.558607370005056,35.8301113336372,-0.09976099334893007
1927.02,35.95495147,36.048983799491566,35.572888389463984,35.84181186685154,-0.09403232949156859
1927.502,35.96777191,36.057089124792284,35.58695433252704,35.85326828696839,-0.08931721479228116
1927.985,35.99008,36.06496361149683,35.60083326650559,35.86450361833494,-0.07488361149682987
1928.467,35.95930803,36.07257478544492,35.614467288317485,35.87547136136206,-0.11326675544491849
1928.949,36.01017379,36.07993934534264,35.62788493495976,35.88619506175217,-0.0697655553426344
1929.431,36.00252058,36.087057437694725,35.64108579590242,35.89667475786512,-0.0845368576947223
1929.913,36.00508446,36.09392921612543,35.65406947166845,35.90691049544818,-0.08884475612543241
1930.395,36.03380231,36.10055484135314,35.66683557383967,35.91690232760452,-0.06675253135313852
1930.877,36.04101293,36.10693448116575,35.67938372506186,35.92665031476232,-0.06592155116575071
1931.359,36.04841148,36.11306831039674,35.69171355904959,35.93615452464449,-0.06465683039674275
1931.842,36.05740487,36.11896847188446,35.703849619931695,35.94543399163826,-0.06156360188445831
1932.324,36.043776,36.124610723506166,35.71574131014847,35.954450373822574,-0.08083472350616461
1932.806,36.07191128,36.13000773149881,35.72741365004695,35.96322322556529,-0.05809645149880538
1933.288,36.07340785,36.13515969866035,35.73886631767635,35.971752643489395,-0.061751848660350106
1933.77,36.06587319,36.14006683472118,35.75009900217039,35.9800387313685,-0.07419364472118417
1934.252,36.06845918,36.14472935632245,35.7611114037487,35.98808160009909,-0.0762701763224527
1934.734,36.06755312,36.14914748699553,35.77190323371792,35.99588136767395,-0.08159436699553169
1935.216,36.07124418,36.15332145714179,35.78247421447214,36.00343815915559,-0.08207727714179214
1935.698,36.09910101,36.15725150401277,35.792824079492874,36.01075210665048,-0.0581504940127715
1936.181,36.09850861,36.16094526662581,35.802973356535176,36.017837767720785,-0.06243665662580611
1936.663,36.12081289,36.1643877012331,35.8128797748501,36.02466594853355,-0.04357481123309981
1937.145,36.10903235,36.1675869657718,35.8225643439197,36.03125172401576,-0.0585546157717971
1937.627,36.10635834,36.17054332471985,35.832026841587094,36.03759525421477,-0.06418498471985146
1938.109,36.12698846,36.1732570493135,35.841267056774655,36.043696706099716,-0.046268589313498865
1938.591,36.12910945,36.17572841753012,35.85028478948085,36.04955625353841,-0.046618967530115185
1939.073,36.13686135,36.17795771407193,35.85907985077649,36.05517407727485,-0.04109636407193307
1939.555,36.13192903,36.17994523034969,35.86765206280043,36.06055036490717,-0.04801620034968579
1940.038,36.14607755,36.18169463613483,35.8760183488038,36.06569571354552,-0.0356170861348275
1940.52,36.15033427,36.18319899282653,35.88414390978271,36.070589018995726,-0.03286472282653108
1941.002,36.15007278,36.18446248423648,35.89204615397607,36.075241392486234,-0.03438970423647447
1941.484,36.16631271,36.18548542847121,35.89972494776512,36.07965304883461,-0.019172718471210715
1941.966,36.17420615,36.18626815027181,35.907180168570086,36.08382420960919,-0.012062000271804152
1942.448,36.16596571,36.1868109810004,35.914411704842834,36.087755103109856,-0.020845271000396792
1942.93,36.15252744,36.187114258627076,35.921419456059034,36.09144596434916,-0.034586818627076354
1943.412,36.16931888,36.18717832771707,35.928203332709614,36.09489703503399,-0.01785944771707193
1943.895,36.15295313,36.18700292874294,35.93477663324482,36.09811497764234,-0.03404979874294156
1944.376,36.15187859,36.18659025145135,35.941099159300734,36.10108080493212,-0.03471166145134674
1944.859,36.15467883,36.18593722930849,35.947223432393116,36.103819443162806,-0.03125839930849139
1945.341,36.14864966,36.18504754849132,35.95311067065105,36.106313406902814,-0.036397888491322306
1945.823,36.12670795,36.18392048126693,35.95877375163831,36.10856888900211,-0.05721253126693426
1946.305,36.14798221,36.18255641154192,35.96421265175555,36.11058617098566,-0.03457420154191482
1946.787,36.13476242,36.18095572974058,35.96942735834563,36.112365540956375,-0.046193309740580446
1947.269,36.14671131,36.17911883279533,35.97441786968102,36.11390729358002,-0.032407522795331545
1947.751,36.15342147,36.177046124137625,35.97918419495096,36.11521173007085,-0.023624654137627488
1948.233,36.14299062,36.17473801368912,35.98372635424782,36.11627915817749,-0.03174739368912327
1948.716,36.13707971,36.17218939774663,35.98805310414941,36.117111369862435,-0.03510968774662615
1949.198,36.15060877,36.16941125320062,35.992146570447005,36.11770524045277,-0.0188024832006235
1949.68,36.13617735,36.16639897638536,35.99601599644588,36.11806306566196,-0.0302216263853623
1950.162,36.13921754,36.163153003116264,35.99966144572862,36.11818517925669,-0.02393546311626693
1950.644,36.11643977,36.15967377566055,36.00308299270587,36.118071921473785,-0.043234005660551134
1951.126,36.11970743,36.15596174273044,36.00628072259997,36.11772363900834,-0.036254312730441995
1951.608,36.12117766,36.152017359476915,36.00925473142781,36.11714068500247,-0.030839699476914006
1952.09,36.12071719,36.14784108748375,36.01200512598351,36.11632341903444,-0.027123897483747328
1952.573,36.11994663,36.14342400993809,36.01453703410992,36.11526978324158,-0.023477379938086074
1953.055,36.11551558,36.13878489227595,36.01684010024239,36.11398451357522,-0.02326931227594997
1953.537,36.1076911,36.13391531017137,36.018919937264876,36.11246604998719,-0.026224210171371
1954.019,36.12155483,36.12881575089911,36.0207766949174,36.110714777711955,-0.007260920899106793
1954.501,36.11394429,36.123486708141556,36.02241053362224,36.10873108837105,-0.009542418141556652
1954.983,36.11615261,36.117928681984665,36.023821624463494,36.10651537996449,-0.0017760719846648954
1955.465,36.08775225,36.11214217891405,36.02501014916618,36.104068056862424,-0.024389928914047232
1955.947,36.08924916,36.10612771181158,36.025976300074824,36.10138952979705,-0.016878551811579712
1956.429,36.1049441,36.09988579995221,36.02672028013164,36.098480215855126,0.005058300047785735
1956.912,36.08456474,36.09340331267601,36.0272431553185,36.0953337854521,-0.00883857267601229
1957.394,36.10212352,36.086707625559576,36.02754298498918,36.091963697809234,0.015415894440423017
1957.876,36.07926963,36.07978609096426,36.02762131649216,36.08836411351675,-0.0005164609642633877
1958.358,36.06481871,36.07263925372326,36.02747839495358,36.08453547502248,-0.007820543723262574
1958.84,36.07316334,36.065267665050754,36.02711447598074,36.080478231095654,0.007895674949246256
1959.322,36.06467422,36.057671882540106,36.026529825637155,36.076192836820844,0.0070023374598946475
1959.804,36.07822902,36.04985247016253,36.02572472041753,36.071679753592846,0.02837654983747484
1960.286,36.06723648,36.041809998266,36.02469944722199,36.06693944911154,0.025426481734001527
1960.769,36.05361743,36.03352766549866,36.02345149170068,36.06196185691953,0.0200897645013427
1961.251,36.03942054,36.0250403513482,36.021986329546294,36.05676806929796,0.01438018865179913
1961.733,36.05170025,36.016331728204364,36.02030192295581,36.051348502322874,0.03536852179563965
1962.215,36.02880016,36.007402391928096,36.018398600206524,36.04570364888277,0.021397768071906853
1962.697,36.02509112,35.998252944754604,36.01627669984582,36.039834008150144,0.02683817524539478
1963.179,36.02016621,35.988883995293705,36.013936570662786,36.033740085578444,0.03128221470629455
1963.661,36.01309074,35.97929615852985,36.01137857165919,36.02742239289876,0.03379458147015413
1964.143,35.99027687,35.96949005582281,36.00860307202032,36.0208814481171,0.020786814177192525
1964.625,35.97319685,35.95946631490858,36.00561045108502,36.01411777551192,0.013730535091418972
1965.108,35.97645039,35.949204098409176,36.002394214890714,36.00711718152372,0.027246291590820704
1965.59,35.97826573,35.93874654157999,35.998968081442115,35.99990919187093,0.03951918842000879
1966.072,35.92631667,35.928073269366095,35.99532602619095,35.99248008597572,-0.0017565993660966228
1966.554,35.94876319,35.91718493503144,35.991468468804435,35.98483041319854,0.03157825496855793
1967.036,35.92661888,35.906082198222286,35.9873958389476,35.97696072916333,0.020536681777713284
1967.518,35.91508627,35.89476572496882,35.98310857625089,35.96887159575614,0.020320545031182746
1968.0,35.88931958,35.883236187686855,35.978607130277254,35.960563581124454,0.0060833923131440315
1968.482,35.87701005,35.87149426518006,35.973891960488785,35.95203725967647,0.005515784819941416
1968.965,35.86160211,35.85951562301222,35.96895308991973,35.9432748449835,0.0020864869877783576
1969.447,35.87228941,35.84735055497437,35.96381144937749,35.93431320828632,0.024938855025631312
1969.929,35.8575596,35.83497517792502,35.95845752348632,35.92513502679521,0.0225844220749849
1970.411,35.83790915,35.82239019625394,35.952891810983104,35.91574089997159,0.015518953746060049
1970.893,35.81902529,35.809596320750295,35.94711482033069,35.906131433537226,0.009428969249704267
1971.375,35.80975755,35.79659426860512,35.94112706968186,35.896307239474815,0.01316328139488121
1971.857,35.82435457,35.783384763414126,35.93492908684317,35.886268936028564,0.04096980658587057
1972.339,35.79611907,35.769968535180475,35.92852140923806,35.876017147705134,0.02615053481952856
1972.822,35.77681656,35.75631784485286,35.92189063899234,35.86553057357785,0.02049871514714141
1973.303,35.7666026,35.74251886165211,35.915079167283636,35.854875645771315,0.02408373834789046
1973.786,35.73942296,35.72845758444244,35.90803091748274,35.84396440290475,0.01096537555756072
1974.268,35.73942233,35.71422147041467,35.900789596287055,35.83286460850247,0.025200859585325475
1974.75,35.73932827,35.69978238116137,35.893341411604425,35.821554547099566,0.03954588883863153
1975.232,35.70001184,35.685141085205586,35.88568695778446,35.81003488081632,0.014870754794415575
1975.714,35.71806999,35.67029835749901,35.877826838524875,35.798306278045416,0.04777163250098937
1976.196,35.68998033,35.65525497942506,35.86976166683152,35.78636941345396,0.03472535057493786
1976.678,35.6957759,35.64001173880191,35.861492064977796,35.77422496798554,0.055764161198091244
1977.16,35.65627808,35.62456942988595,35.853018664464045,35.761873628862354,0.031708650114048
1977.643,35.65595828,35.60889619850628,35.84432389408474,35.74928982274152,0.0470620814937206
1978.125,35.63462512,35.59305775271638,35.83544440799326,35.73652635748394,0.041567367283619205
1978.607,35.63158504,35.577022661757596,35.82636307406631,35.72355809940469,0.05456237824240162
1979.089,35.61463264,35.56079174568353,35.81708056031438,35.710385760877124,0.05384089431647254
1979.571,35.60082017,35.54436583100178,35.807597543764885,35.69701006056552,0.05645433899822194
1980.053,35.57719566,35.52774575067679,35.79791471041891,35.68343172342758,0.04944990932320792
1980.535,35.56497574,35.51093234413294,35.78803275520786,35.66965148071731,0.05404339586706186
1981.017,35.5631616,35.493926457257466,35.77795238194933,35.655670069987636,0.06923514274253506
1981.5,35.51332931,35.47669306431012,35.76765277447336,35.64145860437837,0.036636245689884106
1981.982,35.52322248,35.45930438540993,35.75717730397226,35.62707668200148,0.06391809459007192
1982.464,35.49446873,35.44172580444796,35.74650558127418,35.612495843662174,0.052742925552038855
1982.946,35.47302816,35.423958193204875,35.73563834531386,35.59771685215092,0.04906996679512332
1983.428,35.442157,35.40600242993806,35.724576343687175,35.582740476571495,0.036154570061938784
1983.91,35.45136013,35.38785939938399,35.71332033260518,35.56756749234401,0.06350073061600625
1984.392,35.41330169,35.3695299927608,35.70187107684765,35.55219868120774,0.04377169723919394
1984.874,35.41233381,35.35101510777039,35.690229349716176,35.53663483122411,0.06131870222961311
1985.356,35.38874651,35.33231564860067,35.678395932987144,35.520876736779705,0.056430861399327625
1985.839,35.36329982,35.313393159042036,35.66634647226344,35.504891903585985,0.0499066609579657
1986.321,35.35302498,35.294326911847385,35.65413166176521,35.48874732987623,0.05869806815261569
1986.803,35.31542318,35.2750788438955,35.64172755905267,35.47241093453845,0.0403443361045035
1987.285,35.32035986,35.2556498853505,35.62913497933963,35.45588353730124,0.06470997464950301
1987.767,35.29253131,35.236040972871,35.61635474607354,35.43916596423242,0.05649033712899865
1988.249,35.27336667,35.21625304961151,35.60338769088618,35.422259047741676,0.05711362038849188
1988.731,35.24428822,35.1962870652234,35.59023465354417,35.40516362658324,0.04800115477659972
1989.213,35.22837481,35.176143975855915,35.57689648189913,35.387880545858486,0.05223083414408336
1989.696,35.21630348,35.15578240564623,35.563345786002785,35.37037421884329,0.06052107435377252
1990.178,35.19463716,35.135287638344074,35.549639541770055,35.35271799479774,0.059349521655924775
1990.66,35.15799421,35.11461867553366,35.53575075661174,35.33487668639646,0.04337553446633535
1991.142,35.12292762,35.093776499373654,35.521680310229996,35.316851164166316,0.029151120626345062
1991.624,35.12148675,35.07276209852176,35.50742909015747,35.29864230499281,0.04872465147824556
1992.106,35.10084076,35.051576468134456,35.49299799170555,35.280250992122085,0.0492642918655406
1992.588,35.08587397,35.030220609866234,35.478387917912094,35.261678115162624,0.05565336013376765
1993.07,35.05312025,35.008695531868725,35.463599779489044,35.242924570087204,0.04442471813127469
1993.552,35.05063178,34.98700224878953,35.44863449476969,35.223991259234275,0.06362953121047354
1994.035,35.02361785,34.96509625502938,35.43346139321031,35.204839254221305,0.05852159497062104
1994.517,34.98043377,34.94306928805612,35.418144238427516,35.185548776080424,0.037364481943875205
1994.999,34.96579492,34.920877201056335,35.402652739503964,35.1660812793042,0.04491771894366536
1995.481,34.94049375,34.89852103465778,35.386987844739984,35.146437691720365,0.04197271534221869
1995.963,34.90558578,34.87600183597417,35.37115050978892,35.126618947527994,0.029583944025830533
1996.445,34.89893813,34.853320658602335,35.35514169760246,35.10662598729822,0.04561747139766226
1996.927,34.88798468,34.83047856261888,35.338962378375925,35.08645975797461,0.057506117381123545
1997.409,34.86656557,34.80747661457658,35.32261352949308,35.066121212873284,0.05908895542341952
1997.892,34.83944484,34.784267671897375,35.30606169250315,35.0455685825659,0.05517716810262385
1998.374,34.8124764,34.760948919230785,35.28937639835006,35.02488793885044,0.05152748076921654
1998.856,34.78503836,34.73747355524102,35.27252455134686,35.00403787956471,0.04756480475898428
1999.338,34.757623,34.71384267235719,35.25550715708901,34.9830193835265,0.04378032764281414
1999.82,34.73157759,34.690057369461805,35.23832522808071,34.961833435924014,0.04152022053819593
2000.302,34.72914727,34.666118751885065,35.2209797836781,34.94048102831471,0.06302851811493326
2000.784,34.67835888,34.642027931398715,35.203471850032244,34.91896315862395,0.03633094860128239
2001.266,34.66527663,34.61778602620974,35.18580246003186,34.89728083114327,0.04749060379025849
2001.749,34.63346489,34.59334340032438,35.167935495917376,34.875389564146346,0.040121489675620126
2002.23,34.6245947,34.56885346668601,35.149983475865334,34.85342685179745,0.05574123331399505
2002.713,34.5914616,34.54411370742735,35.131798166403755,34.831211078214416,0.047347892572652484
2003.195,34.56412649,34.5192784711048,35.11349308744994,34.80888075808209,0.04484801889520185
2003.677,34.54994133,34.494297839780394,35.095031817845516,34.78639109918877,0.05564349021960879
2004.159,34.52291004,34.46917297012677,35.07641542970147,34.76374314398566,0.053737069873228904
2004.641,34.49973739,34.44390502519475,35.05764500145851,34.74093794127029,0.05583236480524789
2005.123,34.47987813,34.41849517440348,35.038721617827576,34.71797654618263,0.06138295559652107
2005.605,34.44680853,34.3929445935301,35.01964636973057,34.69486002020067,0.05386393646989518
2006.087,34.42912701,34.36725446469894,35.00042035424059,34.6715894311357,0.06187254530106401
2006.57,34.39233108,34.34137224729833,34.98100432120937,34.64811709820926,0.050958832701667234
2007.052,34.36567529,34.31540631092831,34.96147977940931,34.62454129768408,0.05026897907168859
2007.534,34.35166199,34.289304413439076,34.94180780006207,34.600814677717885,0.062357576560920336
2008.016,34.32313273,34.26306776223841,34.921989504256146,34.57693833141369,0.06006496776159054
2008.498,34.2930936,34.23669757101957,34.90202601892925,34.552913358178465,0.056396028980429946
2008.98,34.25569415,34.210195059747434,34.88191847680729,34.52874086371655,0.04549909025256227
2009.462,34.23395233,34.18356145464412,34.861668016343096,34.504421960021986,0.05039087535588038
2009.944,34.2017196,34.156797988174084,34.841275781655064,34.47995776537084,0.04492161182591303
2010.427,34.1995432,34.12984997347214,34.82070017779426,34.455298200544995,0.06969322652786047
2010.909,34.16245834,34.10283024358214,34.80002756121671,34.43054650832135,0.05962809641786038
2011.391,34.13678153,34.07568438961682,34.779216638560015,34.405652919943265,0.06109714038318259
2011.873,34.11661538,34.04841366886211,34.758268575997505,34.38061857874192,0.06820171113788831
2012.355,34.07916659,34.0210193447631,34.73718454505775,34.35544463428513,0.058147245236902734
2012.837,34.06582548,33.99350268690565,34.71596572256196,34.330132242367156,0.07232279309435086
2013.319,34.041321,33.96586497099769,34.69461329056131,34.30468256499791,0.07545602900231074
2013.801,34.00465368,33.93810747884934,34.6731284362738,34.27909677039145,0.06654620115065768
2014.283,33.99701354,33.910231498352964,34.65151235202134,34.25337603295426,0.08678204164703374
2014.766,33.9563765,33.88218012541357,34.62972098440607,34.227467755009066,0.07419637458642825
2015.248,33.94158776,33.854070817033104,34.6078457712583,34.2014804060231,0.08751694296689294
2015.73,33.88166476,33.82584692297976,34.58584293760977,34.175361676936795,0.05581783702024268
2016.212,33.88987231,33.79750975527295,34.56371369557273,34.14911276681153,0.09236255472705324
2016.694,33.85747152,33.76906063190412,34.541459262044924,34.12273488083452,0.08841088809587916
2017.176,33.80593425,33.74050087681261,34.519080858645395,34.09622923030436,0.06543337318738907
2017.658,33.80192359,33.71183181986114,34.49657971165024,34.069597032615356,0.09009177013886216
2018.14,33.76006666,33.68305479681037,34.473957051928224,34.04283951124186,0.07701186318963238
2018.623,33.72530539,33.654111114811116,34.45116680619079,34.01590199659565,0.07119427518888699
2019.105,33.68204784,33.62512197329309,34.42830458599477,33.98889726890809,0.05692586670691213
2019.587,33.64721291,33.59602891089623,34.40532457517311,33.96177092685333,0.05118399910377036
2020.069,33.62653331,33.56683328671858,34.38222802232676,33.934524218067736,0.05970002328142243
2020.551,33.61536338,33.53753646561909,34.359016180324716,33.90715839617978,0.07782691438090694
2021.033,33.58194642,33.5081398181886,34.335690306238945,33.87967472079053,0.07380660181139831
2021.515,33.55563397,33.4786447207191,34.312251661278886,33.85207445745402,0.07698924928089923
2021.997,33.51118832,33.44905255517331,34.28870151072599,33.824358877656536,0.06213576482669225
2022.479,33.49988204,33.41936470915271,34.26504112386799,33.79652925879565,0.08051733084729307
2022.962,33.47349041,33.38952069016512,34.24122234754775,33.76852879611095,0.08396971983487589
2023.444,33.42653429,33.35964547713535,34.21734508955454,33.740474724937336,0.0668888128646472
2023.926,33.42275419,33.32967878286013,34.19336142916075,33.71231048483305,0.09307540713987095
2024.408,33.38146094,33.29962201717652,34.16927265102836,33.68403737662929,0.08183892282347927
2024.89,33.34944925,33.26947659539085,34.14508004349568,33.65565670695366,0.0799726546091506
2025.372,33.32345942,33.23924393824274,34.12078489851095,33.627169788205165,0.08421548175726201
2025.854,33.28691965,33.20892547186803,34.09638851156599,33.59857793852873,0.07799417813197351
2026.336,33.24455421,33.17852262776105,34.0718921816296,33.56988248178902,0.06603158223894923
2026.819,33.20639797,33.1479735090023,34.047246082539914,33.541024895815056,0.05842446099769916
2027.301,33.18900548,33.11740605757274,34.02255357652232,33.512126011254516,0.07159942242726203
2027.783,33.14898017,33.08675855766444,33.99776504733488,33.483127528058326,0.06222161233556278
2028.265,33.11767528,33.056032461823634,33.97288180719433,33.45403079270593,0.06164281817636663
2028.747,33.10105008,33.02522922775453,33.947905171460604,33.424837157255226,0.07582085224547086
2029.229,33.06134938,32.9943503182768,33.922836458569634,33.395547979312205,0.06699906172320169
2029.711,33.02423199,32.96339720128221,33.89767698996636,33.36616462199984,0.06083478871778425
2030.193,32.98319861,32.932371349690506,33.87242809003749,33.3366884539264,0.05082726030949658
2030.676,32.96795989,32.90120965153894,33.84703842898448,33.30705941148263,0.06675023846106143
2031.157,32.92456468,32.87010735926375,33.821667308056,33.27746318716071,0.054457320736254644
2031.64,32.90470868,32.83880731779671,33.79610507729976,33.24765504721797,0.06590136220329157
2032.122,32.88107783,32.80750521896035,33.77051157931605,33.21782125110348,0.07357261103965129
2032.604,32.82620595,32.77613782705307,33.74483531649225,33.18790157128783,0.05006812294693219
2033.086,32.81676322,32.7447066441984,33.71907762945764,33.15789740859469,0.07205657580159652
2033.568,32.79400385,32.71321317721531,33.69323986131155,33.12781016909001,0.0807906727846941
2034.05,32.76444623,32.6816589375672,33.667323357555595,33.09764126404468,0.0827872924327977
2034.532,32.74003943,32.650045441310354,33.641329466026235,33.0673921098959,0.08999398868964903
2035.014,32.70992439,32.6183742090412,33.615259536826926,33.03706412820798,0.09155018095879797
2035.497,32.67263317,32.58658088390111,33.58906060362568,33.006595584460236,0.08605228609889082
2035.979,32.64396425,32.55479864743523,33.56284250739729,32.9761140765743,0.08916560256477624
2036.461,32.61899058,32.522963266635216,33.53655243955115,32.945558039187304,0.09602731336478598
2036.943,32.57812399,32.49107627972371,33.510191758585776,32.91492891397465,0.08704771027629477
2037.425,32.54893314,32.45913922918736,33.48376182492796,32.88422814753114,0.0897939108126451
2037.907,32.50019919,32.42715366171891,33.45726400086464,32.85345719132668,0.07304552828108513
2038.389,32.47685269,32.39512112815853,33.43069965047541,32.82261750166196,0.08173156184147246
2038.871,32.43292957,32.36304318343418,33.40407013956443,32.7917105396225,0.06988638656581969
2039.354,32.40157713,32.33085469926821,33.377321389930785,32.7606734447902,0.07072243073179152
2039.836,32.37579598,32.298690526937825,33.35056553386195,32.72963620822003,0.07710545306217398
2040.318,32.35713412,32.266485635399334,33.32374862719824,32.698536113839424,0.09064848460066344
2040.8,32.29527151,32.23424159532581,33.296872041966765,32.66737464141166,0.061029914674186614
2041.282,32.25846746,32.20195998116661,33.26993715157987,32.63615327524471,0.0565074788333888
2041.764,32.23143537,32.16964237108238,33.242945330767185,32.60487350414108,0.06179299891761758
2042.246,32.18792012,32.13729034687911,33.215897955508005,32.57353682134612,0.0506297731208889
2042.728,32.16809411,32.10490549394158,33.18879640296316,32.5421447244962,0.06318861605841875
2043.21,32.12890923,32.0724894011655,33.161642051407604,32.510698715565454,0.0564198288344997
2043.693,32.11538193,32.03997631636303,33.13437978416016,32.47913489797529,0.07540561363696696
2044.175,32.07122295,32.00750246775955,33.107123871143536,32.44758548386782,0.06372048224044846
2044.657,32.03656538,31.97500216970151,33.07981930281285,32.41598669223316,0.06156321029848755
2045.139,32.0097006,31.942477024440798,33.05246746122263,32.38434004185844,0.06722357555920411
2045.621,31.991675,31.90992863738841,33.0250697292026,32.35264705559072,0.08174636261158952
2046.103,31.95065224,31.87735861704141,32.99762749028996,32.32090926027898,0.07329362295859099
2046.585,31.93366579,31.844768574909054,32.970142128661806,32.28912818671516,0.08889721509094528
2047.067,31.88334229,31.812160125437863,32.94261502906758,32.25730536957414,0.07118216456213844
2047.55,31.83076945,31.779467182387314,32.91499034189191,32.22537620077437,0.05130226761268375
2048.032,31.8195296,31.746826743160796,32.88738384316226,32.19347443712441,0.07270285683920363
2048.514,31.7782669,31.714172760166704,32.85973976635046,32.16153555982066,0.06409413983329415
2048.996,31.75805044,31.68150685883994,32.83205949782143,32.12956111846235,0.07654358116006321
2049.478,31.70322422,31.64883066716505,32.80434442417551,32.09755266621956,0.05439355283494862
2049.96,31.68131103,31.6161458155959,32.776595932181024,32.06551175976819,0.06516521440410017
2050.442,31.65233085,31.583453936974728,32.7488154087071,32.03343995922405,0.06887691302527088
2050.924,31.61669585,31.550756666450205,32.7210042406568,32.001338828076136,0.06593918354979422
2051.406,31.58629526,31.518055641394554,32.69316381489987,31.96920993311913,0.06823961860544614
2051.889,31.54807902,31.485284651421445,32.66523767215321,31.936988106444623,0.06279436857855458
2052.371,31.52131993,31.452581038620714,32.637342837619414,31.90480834768919,0.06873889137928657
2052.853,31.50630548,31.41987859931745,32.60942290799607,31.87260554792575,0.08642688068255211
2053.335,31.45111259,31.38717897893639,32.58147926935081,31.8403812864836,0.06393361106361084
2053.817,31.44524475,31.354483824698413,32.553513307384065,31.808137145646292,0.09076092530158775
2054.299,31.40567291,31.321794785532646,32.525526407362435,31.775874710578734,0.0838781244673541
2054.781,31.35445386,31.289113511987523,32.49751995405238,31.7435955692535,0.06534034801247657
2055.263,31.32027562,31.256441656141117,32.469495331653874,31.711301312376342,0.06383396385888318
2055.746,31.30215822,31.223713123202764,32.44139573005015,31.678926491773773,0.07844509679723544
2056.228,31.27769191,31.191065092776466,32.41333888895861,31.646606763381804,0.08662681722353582
2056.71,31.25231516,31.158431447988065,32.38526803018417,31.6142767105139,0.0938837120119338
2057.192,31.19086987,31.125813846122398,32.357184534997565,31.581937934050337,0.06505602387760234
2057.674,31.19489061,31.093213945532423,32.3290897837729,31.54959203721839,0.10167666446757906
2058.156,31.14420158,31.060633405544895,32.30098515592177,31.51724062551301,0.083568174455106
2058.638,31.12464384,31.028073886364467,32.27287202982779,31.484885306615844,0.09656995363553378
2059.12,31.08618929,30.995537048977603,32.24475178278114,31.45252769031422,0.0906522410223971
2059.603,31.06013892,30.96295712820642,32.21656743321513,31.42010225541852,0.09718179179358089
2060.084,31.02622016,30.93053806685547,32.18849542913104,31.387812014679188,0.09568209314453213
2060.567,30.99109387,30.89801193508915,32.160303700928026,31.355390062265784,0.09308193491084893
2061.049,30.94556492,30.865582509543163,32.13216871687496,31.32303940374651,0.07998241045683585
2061.531,30.93273004,30.833184082474038,32.10403348247854,31.29069452879326,0.09954595752596163
2062.013,30.89262786,30.800818317492155,32.07589936709754,31.2583570580724,0.09180954250784623
2062.495,30.87933503,30.768486878293455,32.04776773854272,31.226028613762427,0.11084815170654494
2062.977,30.83741078,30.736191428556786,32.019639963012295,31.193710819465583,0.1012193514432127
2063.459,30.81302989,30.70393363184082,31.991517405027647,31.161405300119117,0.10909625815918034
2063.941,30.75844171,30.671715151479944,31.963401427369433,31.129113681905523,0.08672655852005562
2064.424,30.72694761,30.639470935930337,31.93523508478349,31.09677064659165,0.08747667406966286
2064.906,30.69903152,30.607336167058875,31.90713636954401,31.06451175100791,0.09169535294112308
2065.388,30.65279568,30.575245705598178,31.879048314702906,31.032271645048837,0.07754997440182265
2065.87,30.63479945,30.54320121293092,31.85097227543545,31.00005195896703,0.09159823706907844
2066.352,30.5824004,30.51120434968503,31.8229096048579,30.967854323799692,0.07119605031497045
2066.834,30.55487473,30.479256775625778,31.794861653964396,30.935680371274437,0.07561795437422347
2067.316,30.5017804,30.447360149546885,31.76682977156385,30.90353173371399,0.05442025045311638
2067.798,30.48643492,30.415516129161155,31.738815304217365,30.871410043940376,0.07091879083884578
2068.281,30.4430747,30.38366047468927,31.71076153422516,30.839250382807734,0.05941422531073215
2068.763,30.4367457,30.351926751684854,31.68278597046232,30.807187552969992,0.0848189483151458
2069.245,30.38726936,30.32025060335281,31.654831850100425,30.775156574799126,0.06701875664719026
2069.727,30.36577431,30.28863368197257,31.626900510079416,30.743159082139673,0.07714062802742916
2070.209,30.34250152,30.25707763818608,31.59899328477988,30.711196708844437,0.08542388181392013
2070.691,30.28482594,30.22558412088483,31.57111150596152,30.679271088673964,0.059241819115172234
2071.173,30.25669329,30.194154777096312,31.54325650270158,30.647383855195795,0.06253851290368928
2071.655,30.22324377,30.16279125186966,31.515429601333484,30.615536641682354,0.06045251813034014
2072.137,30.20560693,30.131495188161285,31.487632125385968,30.583731081008928,0.07411174183871339
2072.62,30.14986796,30.100203513460826,31.459807821073575,30.551902954840127,0.049664446539175344
2073.102,30.12246304,30.069047441175847,31.432073222919374,30.520185691251193,0.053415598824152255
2073.584,30.09773853,30.03796374895722,31.40437200605901,30.488514979092713,0.05977478104277978
2074.066,30.05103128,30.006954070226872,31.376705482188207,30.456892448611004,0.044077209773128345
2074.548,30.03835456,29.976020035732482,31.349074959895418,30.425319729133,0.0623345242675164
2075.03,29.99559302,29.945163273429735,31.321481744601574,30.393798448959444,0.05042974657026633
2075.512,29.9746564,29.91438540836444,31.293927138500866,30.362330235258394,0.060270991635562154
2075.994,29.93885143,29.883688062553787,31.26641244050097,30.33091671395722,0.05516336744621242
2076.477,29.91227508,29.853009424342773,31.238881990941152,30.299494512861838,0.05926565565722797
2076.959,29.87256847,29.822478145823904,31.211451081931003,30.26819537053336,0.0500903241760966
2077.441,29.8481523,29.792032236590117,31.184063960105505,30.23695579322211,0.05612006340988174
2077.923,29.82041276,29.761673305343844,31.156721910629543,30.20577740080267,0.05873945465615549
2078.405,29.78349514,29.73140295716024,31.12942621508781,30.17466181136217,0.052092182839761136
2078.887,29.76445986,29.701222793366515,31.102178151426635,30.143610641089712,0.06323706663348361
2079.369,29.73487439,29.671134411420535,31.074978993896167,30.112625504164427,0.06373997857946634
2079.851,29.72984302,29.641139404789737,31.047830012992787,30.081708012643812,0.08870361521026382
2080.333,29.66480916,29.611239362829274,31.020732475401747,30.050859776351132,0.053569797170727185
2080.816,29.6389962,29.58137413914934,30.993631589993154,30.020018624065564,0.05762206085066168
2081.298,29.59824562,29.551668982766405,30.966640836819472,29.98931387021046,0.04657663723359562
2081.78,29.57490617,29.52206353649048,30.939705306176897,29.958683189836794,0.0528426335095169
2082.262,29.5365711,29.492559371995984,30.91282624892934,29.928128182690443,0.04401172800401554
2082.744,29.52125776,29.463158056232714,30.886004911846477,29.897650445713055,0.05809970376728657
2083.226,29.47512718,29.43386115130261,30.85924253754778,29.867251572926953,0.0412660286973896
2083.708,29.43778339,29.404670214336747,30.83254036444716,29.836933155319485,0.033113175663253
2084.19,29.42762333,29.37558679737184,30.8058996266975,29.806696780726995,0.05203653262815777
2084.673,29.40115681,29.346552448911915,30.779266478897355,29.77648156418002,0.054604361088085085
2085.155,29.34891313,29.317688938140197,30.75275243081324,29.7464142043627,0.03122419185980263
2085.637,29.32701521,29.288937574858654,30.726303496952067,29.716433634266718,0.03807763514134521
2086.119,29.28905328,29.260299889478695,30.699920893865446,29.686541427948907,0.028753390521305988
2086.601,29.24759112,29.231777406698615,30.67360583357127,29.65673915572943,0.015813713301383814
2087.083,29.22070109,29.20337164537965,30.64735952349989,29.62702838407352,0.0173294446203478
2087.565,29.19347827,29.175084118422095,30.6211831664409,29.597410675473114,0.018394151577904694
2088.047,29.19104307,29.146916332641386,30.595077960489682,29.56788758832846,0.04412673735861361
2088.53,29.1388903,29.11881172786177,30.568991164935994,29.538399726195518,0.020078572138228168
2089.011,29.11839627,29.09094598070479,30.54308577050568,29.509131490834196,0.027450289295209984
2089.494,29.07400742,29.063088851314017,30.51714753469152,29.479841037038778,0.010918568685983843
2089.976,29.05715653,29.035415234696757,30.491338977082854,29.450712144467616,0.021741295303243646
2090.458,29.01387178,29.007868800778095,30.46560749123863,29.421685602988706,0.00600297922190407
2090.94,28.99868052,28.98045101725013,30.439954245979347,29.392762943936916,0.018229502749871784
2091.422,28.98865822,28.953163344854023,30.414380405067426,29.363945693718527,0.03549487514597871
2091.904,28.9332476,28.926007237256577,30.38888712715609,29.33523537369086,0.0072403627434241
2092.386,28.90285528,28.898984140927556,30.363475565739087,29.30663350004234,0.0038711390724444072
2092.868,28.88827186,28.87209549501651,30.33814686910039,29.278141583671733,0.016176364983490288
2093.351,28.85869297,28.84528736980919,30.31284989350689,29.2497023663654,0.013405600190811384
2093.833,28.84375236,28.81867219863222,30.287690528017077,29.22143511140444,0.025080161367778686
2094.315,28.80411702,28.792195753106633,30.262617442744133,29.19328231656994,0.011921266893367033
2094.797,28.78608728,28.76585944186133,30.23763176462509,29.165245470385273,0.020227838138669796
2095.279,28.75826692,28.739664665594084,30.212734615140512,29.137326055481125,0.01860225440591634
2095.761,28.72720115,28.713612816950494,30.18792711026596,29.10952554847491,0.013588333049504797
2096.243,28.69317948,28.687705280402895,30.16321036042409,29.081845419850204,0.005474199597106377
2096.725,28.65280736,28.661943432129842,30.13858547043674,29.05428713383622,-0.009136072129841466
2097.208,28.63842672,28.636275650982306,30.11400274074546,29.02679535840843,0.002151069017692464
2097.69,28.63808232,28.610809583341336,30.08956505855535,28.99948538500873,0.02727273665866292
2098.172,28.58225736,28.58549328434154,30.065222518858906,28.972301611166852,-0.003235924341538521
2098.654,28.56705399,28.56032809577055,30.04097620359177,28.945245474876295,0.006725894229450802
2099.136,28.54183305,28.535315350525416,30.016827188854908,28.918318407274572,0.00651769947458547
2099.618,28.51304239,28.51045637249441,29.992776544868505,28.891521832523154,0.0025860175055889556
2100.1,28.48458665,28.48575247643982,29.96882533592681,28.86485716768793,-0.0011658264398199947
2100.582,28.45499367,28.461204967880928,29.944974620352813,28.838325822619627,-0.006211297880927447
2101.064,28.44015737,28.43681514297763,29.921225450453377,28.81192919983463,0.0033422270223724126
2101.547,28.40832638,28.41253418306875,29.897529920551055,28.785614354476635,-0.004207803068752014
2102.029,28.40296237,28.388463909724447,29.873987190716488,28.759491640591104,0.014498460275554237
2102.511,28.35457155,28.36455515382305,29.850549129076565,28.733507814196724,-0.009983603823052078
2102.993,28.34418032,28.34080917291418,29.827216763419717,28.707664247267974,0.0033711470858186487
2103.475,28.30837142,28.31722721461493,29.80399111529923,28.68196230385237,-0.008855794614930801
2103.957,28.30013379,28.293810516497064,29.780873199990392,28.656403339952575,0.006323273502935933
2104.439,28.27574506,28.270560305975163,29.757864026448217,28.630988703409567,0.005184754024835314
2104.921,28.24798536,28.24747780019541,29.734964597265282,28.6057197337855,0.0005075598045927165
2105.404,28.2346078,28.22451684376218,29.712128744995134,28.58054579569767,0.01009095623781775
2105.886,28.2148048,28.20177371143617,29.689452019480367,28.555572453990138,0.013031088563828064
2106.368,28.19191455,28.179201875027296,29.66688800954567,28.530748749771178,0.012712674972704008
2106.85,28.13693272,28.15680250948799,29.644437691906575,28.506075988310087,-0.019869789487987788
2107.332,28.12882907,28.134576778957157,29.622102036711023,28.481555466019422,-0.005747708957159148
2107.814,28.1279175,28.112525836653745,29.59988200749933,28.457188470341123,0.015391663346253637
2108.296,28.10041797,28.09065082477088,29.577778561164653,28.43297627963246,0.009767145229119478
2108.778,28.05646357,28.068952874371327,29.555792647913712,28.408920163053484,-0.012489304371328558
2109.26,28.04014428,28.047433105283268,29.533925211227967,28.385021380454024,-0.007288825283268352
2109.743,28.01312255,28.026048538278605,29.512132192220623,28.361232094449427,-0.012925988278606582
2110.225,27.98175125,28.004888821225965,29.490504762652908,28.337652054430883,-0.02313757122596627
2110.707,27.9643733,27.98391057877819,29.468998601267685,28.314233073509627,-0.019537278778191336
2111.189,27.95747607,27.96311488478142,29.447614624249535,28.290976373162046,-0.005638814781420365
2111.671,27.93890423,27.942502801341817,29.426353740868684,28.267883165000605,-0.003598571341818513
2112.153,27.91252658,27.922075378727403,29.405216853444507,28.244954650665434,-0.00954879872740122
2112.635,27.87428577,27.901833655271144,29.38420485730909,28.222192021716033,-0.027547885271143713
2113.117,27.87070409,27.881778657274975,29.363318640771414,28.199596459524173,-0.011074567274974356
2113.6,27.85277335,27.86187037638824,29.342516147735346,28.177122781138195,-0.009097026388239726
2114.082,27.83205176,27.842192252232696,29.321884392549233,28.15486520794144,-0.010140492232697085
2114.564,27.81851417,27.82270386135252,29.301381041186588,28.13277818580352,-0.004189691352518565
2115.046,27.79278897,27.803406180960806,29.28100695349711,28.110862854264507,-0.010617210960806034
2115.528,27.78237356,27.784300175775837,29.26076298213327,28.08912034215128,-0.0019266157758366376
2116.01,27.7439392,27.765386797931615,29.240649972516685,28.067551767474917,-0.021447597931615547
2116.492,27.74253247,27.74666698688986,29.220668762804877,28.046158237328978,-0.004134516889859441
2116.974,27.72980373,27.728141669352997,29.200820183858248,28.024940847788567,0.0016620606470034716
2117.457,27.70197616,27.709773934071794,29.18106429575228,28.00385721699025,-0.007797774071793384
2117.938,27.67533911,27.691678157294533,29.16152420502262,27.983038819134247,-0.01633904729453306
2118.421,27.64848541,27.673704744750403,29.142038227118856,27.96231359360335,-0.025219334750403277
2118.903,27.64203041,27.655966821934875,29.12272861550501,27.94181187877421,-0.013936411934874826
2119.385,27.63376107,27.638427833565416,29.103555680018125,27.921491618328545,-0.004666763565417398
2119.867,27.61778041,27.621088628005324,29.08452020705186,27.9013538401404,-0.0033082180053227717
2120.349,27.58885361,27.603950040285024,29.06562297548323,27.881399560385105,-0.015096430285023388
2120.831,27.5726715,27.58701289202537,29.046864756642993,27.861629783446404,-0.014341392025372102
2121.313,27.55454948,27.570277991362225,29.028246314286257,27.842045501824163,-0.015728511362226527
2121.795,27.53541319,27.553746132872515,29.00976840456342,27.822647696043354,-0.01833294287251519
2122.278,27.50455365,27.537384434317556,28.991393880570296,27.803397674555544,-0.03283078431755726
2122.76,27.49833923,27.521261414557067,28.973199569421432,27.784376105542222,-0.022922184557067737
2123.242,27.49401279,27.505343740176365,28.9551480149587,27.76554388314722,-0.011330950176365207
2123.724,27.47532465,27.48963215077538,28.937239942615754,27.746901939081358,-0.014307500775377235
2124.206,27.45502846,27.474127372045704,28.91947607008249,27.72845119264147,-0.019098912045702576
2124.688,27.42860976,27.458830115705254,28.90185710727836,27.710192550626203,-0.03022035570525361
2125.17,27.41794815,27.443741079434158,28.884383756326354,27.692126907252792,-0.02579292943415723
2125.652,27.41702234,27.428860946812062,28.867056711527013,27.674255144075087,-0.011838606812062835
2126.135,27.37407783,27.414160168719096,28.84984116934168,27.656541658636566,-0.04008233871909539
2126.617,27.38792289,27.399700274257857,28.832809095404826,27.639060656156307,-0.011777384257857904
2127.099,27.34971689,27.38545125029355,28.815925364719206,27.621776103487665,-0.03573436029354937
2127.581,27.3408735,27.37141372337847,28.79919064002942,27.604688830709023,-0.030540223378469733
2128.063,27.34015167,27.357588305673936,28.782605576134593,27.58779965484403,-0.01743663567393483
2128.545,27.31593478,27.343975594896982,28.7661708198651,27.571109379787135,-0.028040814896982624
2129.027,27.30016762,27.330576174268266,28.74988701005958,27.554618796230585,-0.030408554268266386
2129.509,27.28514865,27.31739061246174,28.733754777542305,27.53832868159233,-0.032241962461739604
2129.991,27.27381895,27.30441946355603,28.717774745101064,27.522239799945975,-0.030600513556031217
2130.474,27.2602594,27.291637025657675,28.701914850187066,27.50632015205709,-0.03137762565767588
2130.956,27.23944145,27.279096753756257,28.686241372933882,27.490636396232105,-0.03965530375625548
2131.438,27.2302947,27.266772469997647,28.670721916919245,27.475156086355106,-0.03647776999764574
2131.92,27.21444922,27.254664669592145,28.655357072554793,27.459879932415625,-0.04021544959214651
2132.402,27.21793565,27.242773832934727,28.640147422111017,27.444808630726865,-0.02483818293472595
2132.884,27.2126499,27.231100425565923,28.625093539697556,27.42994286386332,-0.018450525565924636
2133.366,27.19225709,27.21964489813439,28.610195991243877,27.415283300600237,-0.027387808134392344
2133.848,27.15767098,27.2084076863611,28.595455334480565,27.400830595854224,-0.05073670636109995
2134.331,27.16596343,27.197366578757578,28.58084202732321,27.386556052390322,-0.031403148757576105
2134.813,27.13519459,27.18656770064695,28.56641712256568,27.3725194061464,-0.05137311064694927
2135.295,27.15262536,27.17598835625316,28.55215073441084,27.358691500704353,-0.023362996253162294
2135.777,27.12800992,27.165628921230446,28.538043387595657,27.345072934953738,-0.03761900123044626
2136.259,27.10336326,27.155489756151155,28.5240955985699,27.331664293651187,-0.05212649615115694
2136.741,27.08580808,27.145571206480284,28.510307875479835,27.31846614736995,-0.05976312648028426
2137.223,27.08382734,27.135873602551154,28.49668071815222,27.30547905245101,-0.052046262551154854
2137.705,27.08002811,27.12639725954322,28.48321461807874,27.292703550955913,-0.0463691495432208
2138.188,27.07043936,27.11712350718068,28.46988262383149,27.280114326374274,-0.04668414718067737
2138.67,27.05532927,27.10809103138259,28.45674041594475,27.267764022240076,-0.05276176138258748
2139.152,27.02883508,27.099280671465912,28.443760690586586,27.255626852607314,-0.07044559146591212
2139.634,27.03394963,27.09069268177338,28.430943905744005,27.24370330194718,-0.056743051773381126
2140.116,27.01230506,27.08232730140745,28.418290510997277,27.231993840237973,-0.07002224140745028
2140.598,27.00228039,27.07418475421848,28.405800947507203,27.220498922927245,-0.07190436421847934
2141.08,26.98840037,27.066265248794164,28.393475648002298,27.20921899089535,-0.0778648787941627
2141.562,26.98415754,27.05856897845098,28.381315036766615,27.198154470420718,-0.07441143845097997
2142.044,26.97528967,27.05109612122729,28.369319529628,27.187305773146825,-0.07580645122729024
2142.527,26.96747479,27.04383203238667,28.357465162713943,27.176651461997288,-0.07635724238667052
2143.009,26.97858821,27.036806938679327,28.34580142199266,27.166236037128854,-0.05821872867932498
2143.491,26.9725035,27.03000570075285,28.33430398280406,27.1560375830214,-0.057502200752850285
2143.973,26.9528509,27.023428435466688,28.32297322702386,27.14605645244856,-0.07057753546668621
2144.455,26.95257127,27.017075244393567,28.311809528018895,27.13629298340763,-0.06450397439356692
2144.937,26.94363887,27.010946213822823,28.30081325063778,27.12674749909603,-0.06730734382282222
2145.419,26.94439285,27.005041414765582,28.289984751202084,27.117420307889674,-0.060648564765582336
2145.901,26.93714635,26.999360902961758,28.279324377497886,27.108311703322883,-0.06221455296175904
2146.384,26.92425011,26.99389363221259,28.26881087667186,27.099403748322857,-0.06964352221259063
2146.865,26.92122513,26.988672887770836,28.25850935570304,27.0907513539285,-0.06744775777083589
2147.348,26.92224924,26.983655263878706,28.24833447007315,27.082282816335137,-0.06140602387870686
2147.83,26.90157923,26.978872618855902,28.23835025801121,27.074051652087757,-0.07729338885590309
2148.312,26.9076411,26.974314311020354,28.228535782936518,27.06604031938021,-0.06667321102035473
2148.794,26.89686855,26.969980304693863,28.218891341250675,27.05824902233772,-0.073111754693862
2149.276,26.88872073,26.96587054902331,28.209417220772323,27.050677950149744,-0.07714981902331175
2149.758,26.8799738,26.961984978001365,28.200113700732288,27.04332727706362,-0.08201117800136615
2150.24,26.87771549,26.958323510488547,28.19098105176868,27.03619716237902,-0.08060802048854754
2150.722,26.87589651,26.954886050237445,28.182019535922798,27.029287750444887,-0.07898954023744409
2151.205,26.88410271,26.951666051426308,28.1732113481796,27.022585523572243,-0.06756334142630749
2151.687,26.87268523,26.948676720764336,28.164593206617145,27.016118348879353,-0.07599149076433775
2152.169,26.85520315,26.945911017929358,28.156146933160013,27.009872220460448,-0.09070786792935692
2152.651,26.8526282,26.94336878648386,28.147872755410013,27.003847222829393,-0.0907405864838573
2153.133,26.83933769,26.941049855027394,28.139770892357063,26.99804342555726,-0.10171216502739355
2153.615,26.84844821,26.93895403723043,28.131841554377473,26.992460883278977,-0.09050582723043021
2154.097,26.8297955,26.937081131870062,28.124084943232575,26.987099635701647,-0.10728563187006301
2154.579,26.82933394,26.935430922867177,28.116501252067863,26.981959707614415,-0.10609698286717517
2155.062,26.8359737,26.93400044828607,28.109075470816375,26.977031134408772,-0.09802674828607039
2155.544,26.82601176,26.93279538530344,28.101838524262654,26.972334319221098,-0.10678362530343932
2156.026,26.8428085,26.93181228114527,28.09477502576543,26.96785880845153,-0.0890037811452693
2156.508,26.82777366,26.931050860682145,28.087885133987918,26.96360456731964,-0.10327720068214674
2156.99,26.82464654,26.930510834139135,28.08116899897906,26.959571546201943,-0.10586429413913478
2157.472,26.82803705,26.93019189714255,28.074626762175143,26.955759680651575,-0.10215484714255041
2157.954,26.82112369,26.930093730768306,28.068258556401734,26.952168891420055,-0.10897004076830541
2158.436,26.80328607,26.93021600159208,28.06206450587609,26.948799084480324,-0.12692993159208044
2158.918,26.80789598,26.93055836174074,28.056044726209986,26.945650151051527,-0.12266238174073862
2159.401,26.80020007,26.93112184324818,28.050187378358213,26.94271612193176,-0.13092177324818266
2159.883,26.81346226,26.93190373558155,28.044516814921202,26.940009007848218,-0.11844147558154816
2160.365,26.81768662,26.932904586640337,28.03902081775754,26.937522352350676,-0.11521796664033701
2160.847,26.79545862,26.934123991272862,28.03369946807537,26.935255987893445,-0.13866537127286094
2161.329,26.81295568,26.935561530159294,28.028552838497525,26.933209732325487,-0.12260585015929237
2161.811,26.79727263,26.937216769872247,28.02358099306677,26.931383388924754,-0.13994413987224874
2162.293,26.81183012,26.939089262938854,28.018783987251417,26.929776746434264,-0.1272591429388541
2162.775,26.81510136,26.941178547904208,28.014161867951515,26.928389579099846,-0.1260771879042082
2163.258,26.80074369,26.94348915732529,28.009705628816675,26.92721945133275,-0.14274546732528748
2163.74,26.80806897,26.946011033378,28.00543375200872,26.926270953297564,-0.13794206337799864
2164.222,26.83599007,26.948748232671402,28.00133685110832,26.92554116599875,-0.11275816267140115
2164.704,26.80923293,26.951700238457686,27.997414938793383,26.925029806070768,-0.14246730845768596
2165.186,26.82735049,26.954866520345956,27.9936680192099,26.92473657586229,-0.12751603034595504
2165.668,26.82813557,26.958246534374087,27.99009608798051,26.924661163483133,-0.13011096437408654
2166.15,26.81482464,26.961839723081983,27.986699132213406,26.924803242852743,-0.14701508308198186
2166.632,26.81265637,26.96564551558622,27.983477130511623,26.925162473749943,-0.152989145586222
2167.115,26.81736082,26.96967188334696,27.98042391305306,26.92573992205045,-0.15231106334696065
2167.597,26.81037567,26.97390155548554,27.977552084107117,26.92653282766581,-0.1635258854855408
2168.079,26.81270126,26.97834203771473,27.974855093997647,26.92754177901588,-0.16564077771472796
2168.561,26.80252279,26.982992706202445,27.97233288739052,26.928766379817358,-0.18046991620244413
2169.043,26.82718703,26.98785292408582,27.969985400498945,26.930206219918116,-0.16066589408582033
2169.525,26.80923508,26.99292204155339,27.967812561095162,26.93186087535602,-0.18368696155338782
2170.007,26.81946605,26.998199395928644,27.965814288522566,26.933729908418965,-0.1787333459286451
2170.489,26.83509661,27.003684311754693,27.96399049370813,26.935812867706417,-0.16858770175469218
2170.971,26.83525168,27.00937610088008,27.962341079175324,26.93810928819232,-0.17412442088008007
2171.454,26.83063639,27.015286512803932,27.960863059680477,26.940624118575435,-0.18465012280393367
2171.936,26.8455131,27.021390359246027,27.95956244093741,26.943346452531408,-0.17587725924602537
2172.418,26.84378529,27.027698937723812,27.95843585949661,26.946280770441298,-0.1839136477238128
2172.9,26.86895531,27.034211510164113,27.957483184386597,26.949426553405633,-0.16525620016411224
2173.382,26.87069282,27.040927326246038,27.95670427630258,26.952783269234533,-0.17023450624603953
2173.864,26.85085332,27.047845623493483,27.95609898762161,26.95635037251866,-0.1969923034934844
2174.346,26.87971079,27.054965627368944,27.955667162418283,26.96012730470148,-0.17525483736894287
2174.828,26.88175123,27.0622865513681,27.9554086364806,26.964113494152894,-0.1805353213681009
2175.311,26.87781462,27.069823408410965,27.955323239990435,26.96831727577956,-0.19200878841096625
2175.792,26.87927231,27.077527954462276,27.95541078421989,26.97271129342313,-0.19825564446227517
2176.275,26.86544225,27.085463436478545,27.955671807683927,26.977331475671217,-0.22002118647854374
2176.757,26.88691648,27.09358034916855,27.956105029335497,26.982149147543936,-0.20666386916855117
2177.239,26.9048819,27.101894071581302,27.956710605045444,26.987173023760633,-0.1970121715813029
2177.721,26.90991561,27.11040374743392,27.957488321222172,26.992402455838143,-0.20048813743392202
2178.203,26.93792098,27.119108509167855,27.958437956110053,26.997836782769372,-0.18118752916785397
2178.685,26.92858706,27.12800747805109,27.95955927980836,27.00347533110661,-0.199420418051087
2179.167,26.94295056,27.137099764281512,27.960852054290626,27.00931741504581,-0.19414920428151206
2179.649,26.95440369,27.14638446709094,27.96231603342445,27.015362336512286,-0.19198077709094008
2180.132,26.95270945,27.155880533463048,27.963954532483456,27.021622555540812,-0.20317108346304735
2180.614,26.97662304,27.165547718220992,27.965760504046795,27.028071426282214,-0.18892467822099235
2181.096,26.9850781,27.175404550564412,27.967736892862437,27.034720966037966,-0.1903264505644131
2181.578,27.00441875,27.18545008689682,27.969883420562276,27.041570428502713,-0.18103133689682238
2182.06,27.02214952,27.19568337318884,27.972199800776565,27.04861905554452,-0.17353385318883952
2182.542,26.9980283,27.206103445086665,27.974685739155795,27.05586607729645,-0.20807514508666358
2183.024,27.01488247,27.216709328021803,27.977340933393037,27.06331071224965,-0.20182685802180345
2183.506,27.02382407,27.227500037321185,27.98016507324661,27.070952167347198,-0.20367596732118542
2183.989,27.04497692,27.23849753747264,27.983164224686753,27.078806101585133,-0.1935206174726396
2184.471,27.0474333,27.24965528387678,27.986325642253064,27.086839176206038,-0.20222198387677892
2184.953,27.03129282,27.26099484099649,27.989655026633237,27.095066621737143,-0.22970202099648773
2185.435,27.05537396,27.272515184835967,27.99315203606416,27.10348759986366,-0.21714122483596654
2185.917,27.06821698,27.284215281855946,27.99681632096671,27.112101261206334,-0.21599830185594726
2186.399,27.07802289,27.296094089087518,28.000647523970557,27.12090674542076,-0.21807119908751815
2186.881,27.08930148,27.30815055424677,28.004645279939318,27.12990318129767,-0.21884907424676925
2187.363,27.09936553,27.320383615849718,28.00880921599608,27.13908968686392,-0.2210180858497175
2187.845,27.10657423,27.33279220332789,28.013138951549195,27.148465369484324,-0.2262179733278913
2188.328,27.11528393,27.3454015236065,28.01764359602023,27.15804936327585,-0.23011759360650075
2188.81,27.11961809,27.358158273898706,28.02230410000215,27.16780106772255,-0.23854018389870646
2189.292,27.1063693,27.371087282731274,28.02712921483578,27.177739206448877,-0.26471798273127334
2189.774,27.15317553,27.384187444344953,28.03211852932033,27.1878628451849,-0.23101191434495405
2190.256,27.16542302,27.397457644480887,28.037271624674695,27.19817103951975,-0.23203462448088885
2190.738,27.15804651,27.410896760498893,28.042588074565487,27.20866283500798,-0.252850250498895
2191.22,27.19371649,27.424503661495947,28.04806744513519,27.21933726727672,-0.23078717149594752
2191.702,27.20520155,27.438277208425074,28.053709295030718,27.230193362133168,-0.23307565842507216
2192.185,27.19858207,27.452245344632328,28.059525384792906,27.241253220670803,-0.2536632746323271
2192.667,27.20624443,27.46634907406183,28.065491174180373,27.252470051138754,-0.26010464406182976
2193.149,27.22348059,27.480615982192468,28.071618073182194,27.263865561692793,-0.25713539219246684
2193.631,27.23127157,27.49504489858114,28.077905610740174,27.275438739930816,-0.2637733285811379
2194.113,27.24934919,27.509634645240162,28.084353308448403,27.287188564178795,-0.26028545524016167
2194.595,27.27016013,27.52438403675782,28.090960680583812,27.299114003601986,-0.2542239067578187
2195.077,27.28351452,27.539291880419288,28.097727234137096,27.31121401831668,-0.25577736041928745
2195.559,27.2955288,27.554356976327504,28.104652468843796,27.323487559502514,-0.2588281763275049
2196.042,27.30724816,27.569609858023036,28.111750737149045,27.335959569655145,-0.2623616980230352
2196.524,27.32467096,27.584986150571048,28.11899213106003,27.34857733663183,-0.260315190571049
2197.006,27.33806996,27.600516051254235,28.12639066102698,27.36136542888908,-0.2624460912542368
2197.488,27.34777147,27.616198332646118,28.133945798068474,27.374322762974373,-0.26842686264611615
2197.97,27.37492691,27.632031760745523,28.141657006108616,27.38744824706685,-0.2571048507455238
2198.452,27.38096333,27.648015095098234,28.149523742010253,27.400740781092377,-0.26705176509823403
2198.934,27.38716303,27.66414708891894,28.157545455608243,27.414199256838657,-0.2769840589189414
2199.416,27.41750723,27.68042648921301,28.165721589743164,27.427822558070922,-0.2629192592130103
2199.898,27.42973615,27.69685203689835,28.174051580295313,27.441609560647812,-0.267115886898349
2200.381,27.43842568,27.71345699513695,28.18255261531635,27.455588241859424,-0.2750313151369497
2200.863,27.45890646,27.730171333242406,28.19118891488919,27.469699577383356,-0.271264873242405
2201.345,27.45723161,27.7470280035328,28.199977335882288,27.483971193164404,-0.28979639353280007
2201.827,27.49902226,27.76402572378362,28.20891728666645,27.49840193458484,-0.2650034637836214
2202.309,27.50214903,27.781163206292224,28.218008168826607,27.51299063970445,-0.2790141762922218
2202.791,27.51852097,27.798439157999617,28.227249377197637,27.527736139378188,-0.2799181879996162
2203.273,27.53158851,27.815852280612088,28.236640299900433,27.542637257373798,-0.28426377061208896
2203.755,27.56542902,27.833401270722415,28.24618031837816,27.557692810489744,-0.2679722507224156
2204.238,27.56400917,27.851121646756265,28.25588906193016,27.572933320665058,-0.28711247675626694
2204.719,27.60176972,27.868901614968532,28.265705135262806,27.588262455138317,-0.2671318949685322
2205.202,27.61954818,27.88688771204978,28.275709528780972,27.60380648438123,-0.2673395320497818
2205.684,27.63004233,27.904967309640806,28.285839915906685,27.619468119895284,-0.274924979640808
2206.166,27.63828661,27.92317618247442,28.296116205791634,27.635278171588645,-0.2848895724744196
2206.648,27.66654541,27.941512998995474,28.306537740578598,27.651235416914428,-0.274967588995473
2207.13,27.67786818,27.95997642338093,28.317103855994922,27.667338627185284,-0.28210824338092877
2207.612,27.6970782,27.9785651156598,28.327813881391272,27.68358656769215,-0.28148691565980144
2208.094,27.72061155,27.997277731832792,28.338667139780334,27.699977997822998,-0.2766661818327911
2208.576,27.73780677,28.0161129239917,28.349662947875977,27.71651167118133,-0.2783061539917
2209.059,27.7479279,28.0351087941758,28.360823870309726,27.733221076132967,-0.28718089417580117
2209.541,27.78071801,28.054185326820246,28.37210299510663,27.750035762805233,-0.27346731682024483
2210.023,27.78181752,28.073380366638045,28.38352258089105,27.76698891736962,-0.291562846638044
2210.505,27.80095758,28.092692551265536,28.395081919565214,27.78407927146747,-0.29173497126553727
2210.987,27.83949708,28.11212051502226,28.40678029693202,27.801305551548573,-0.2726234350222576
2211.469,27.84595934,28.131662889028465,28.41861699273576,27.818666478989744,-0.2857035490284652
2211.951,27.88011186,28.15131830132192,28.430591280703027,27.8361607702128,-0.27120644132191885
2212.433,27.88981518,28.171085376974656,28.44270242858382,27.853787136802783,-0.2812701969746563
2212.916,27.89553029,28.191004091232056,28.454975248449077,27.87158126123173,-0.29547380123205613
2213.398,27.90209179,28.21099058204399,28.467358175797244,27.88946816184048,-0.3088987920439905
2213.88,27.92213596,28.231084591923796,28.47987572930327,27.907483242021996,-0.30894863192379773
2214.362,27.94724473,28.251284735232655,28.49252715321563,27.925625195182153,-0.30404000523265395
2214.844,27.97271239,28.271589623942482,28.505311686015776,27.94389271047794,-0.29887723394248056
2215.326,27.98915022,28.291997867750133,28.51822856046087,27.96228447293422,-0.3028476477501343
2215.808,28.01792333,28.312508074190625,28.531277003626553,27.980799163560466,-0.29458474419062597
2216.29,28.02456089,28.33311884875017,28.544456236950094,27.999435459467126,-0.3085579587501712
2216.772,28.06894324,28.353828794978558,28.557765476273666,28.018192033981755,-0.2848855549785583
2217.255,28.07694353,28.3746797848081,28.571231946270334,28.037106840322107,-0.2977362548081004
2217.737,28.10141861,28.395584076325243,28.58479908856126,28.056100220106742,-0.2941654663252429
2218.219,28.12146876,28.41658333674891,28.598493849577853,28.075209874163246,-0.2951145767489116
2218.701,28.14034701,28.437676162993736,28.612315423208326,28.094434461835878,-0.2973291529937363
2219.183,28.1515964,28.458861150592213,28.626262997965828,28.11377263926212,-0.30726475059221414
2219.665,28.16161269,28.480136893803664,28.64033575703308,28.133223059486955,-0.31852420380366553
2220.147,28.19850573,28.501501985722932,28.65453287830725,28.152784372576516,-0.3029962557229311
2220.629,28.20758062,28.52295501838813,28.668853534445006,28.172455225731497,-0.31537439838812986
2221.112,28.21088612,28.54453935975286,28.68332698535011,28.19227541026379,-0.3336532397528593
2221.594,28.23748201,28.566164221469318,28.697892460406297,28.212161494472547,-0.3286822114693173
2222.076,28.25267425,28.587872791848973,28.71257895555291,28.23215304145874,-0.3351985418489747
2222.558,28.29199296,28.609663659768856,28.72738562292888,28.252248688082318,-0.3176706997688541
2223.04,28.30436417,28.63153541357977,28.742311609661154,28.272447068898728,-0.32717124357976957
2223.522,28.32941272,28.653486641210417,28.75735605791101,28.292746816269776,-0.32407392121041667
2224.004,28.33949099,28.675515930270745,28.77251810492041,28.313146560473893,-0.33602494027074314
2224.486,28.40455646,28.697621868154854,28.787796883058817,28.33364492981607,-0.29306540815485604
2224.969,28.40476483,28.71984913840384,28.80322357877743,28.354283380379876,-0.31508430840383994
2225.451,28.43385526,28.742104287455845,28.81873343466179,28.37497507504754,-0.3082490274558438
2225.933,28.45526716,28.764431844305157,28.834357388182834,28.395761266159322,-0.3091646843051592
2226.415,28.47524568,28.786830396496487,28.850094552680424,28.41664057521119,-0.3115847164964869
2226.897,28.49782441,28.809298531862375,28.86594403685812,28.43761162226733,-0.3114741218623749
2227.379,28.52375174,28.8318348386216,28.881904944830968,28.45867302606671,-0.3080830986215979
2227.861,28.55888355,28.854437905477052,28.897976376173272,28.47982340412935,-0.29555435547705144
2228.343,28.582844,28.877106321712812,28.914157425966966,28.501061372861727,-0.29426232171281086
2228.825,28.59310221,28.899838677290436,28.930447184849633,28.522385547661788,-0.3067364672904347
2229.308,28.60869622,28.92268091926126,28.946878870301916,28.543839047235235,-0.3139846992612618
2229.79,28.61974163,28.945537051939983,28.963383522520655,28.565331648510092,-0.3257954219399828
2230.272,28.65905617,28.96845289594393,28.97999412764317,28.58690629415753,-0.3093967259439303
2230.754,28.66726177,28.99142704489559,28.99670975900762,28.608561596577797,-0.32416527489559144
2231.236,28.72975544,29.01445809356554,29.013529485751928,28.630296167678377,-0.2847026535655388
2231.718,28.73002059,29.03754463796433,29.030452372863007,28.6521086189755,-0.30752404796433197
2232.2,28.75920274,29.060685275433343,29.04747748122626,28.67399756169458,-0.3014825354333439
2232.682,28.76510118,29.083878604735126,29.06460386767498,28.695961606870135,-0.3187774247351278
2233.165,28.8011899,29.107171503846153,29.081866428752285,28.718045162597345,-0.3059816038461527
2233.646,28.80357469,29.130417741528365,29.099156682200572,28.740109448370205,-0.326843051528364
2234.129,28.81491834,29.153809233383768,29.116617456240192,28.76233655818398,-0.33889089338376976
2234.611,28.85876016,29.177199445452267,29.134139645278605,28.784587266020594,-0.31843928545226774
2235.093,28.86465555,29.200635364696822,29.151758335532435,28.80690612919594,-0.3359798146968238
2235.575,28.9176958,29.224115600260458,29.169472560563843,28.829291759661956,-0.306419800260457
2236.057,28.92282543,29.247638763316704,29.187281350234116,28.851742769860888,-0.3248133333167047
2236.539,28.94717933,29.271203467153065,29.205183730754023,28.87425777281939,-0.32402413715306366
2237.021,28.96784618,29.29480832725418,29.223178724734826,28.896835382242422,-0.32696214725418216
2237.503,28.96479555,29.318451961383914,29.241265351239097,28.919474212606303,-0.3536564113839127
2237.986,29.00874844,29.34218215834574,29.25948043156332,28.942220033159657,-0.3334337183457379
2238.468,29.03806293,29.365899276639947,29.277747551350544,28.964977272212927,-0.3278363466399483
2238.95,29.0478899,29.38965103388839,29.296103338007768,28.987791578315015,-0.34176113388839013
2239.432,29.0642385,29.41343605778185,29.314546796907543,29.010661569945142,-0.3491975577818529
2239.914,29.09887472,29.43725297868865,29.333076930130158,29.033585866807865,-0.3383782586886497
2240.396,29.1108456,29.461100429731594,29.351692736515396,29.056563089921667,-0.3502548297315933
2240.878,29.13444136,29.484977046864746,29.370393211714042,29.079591861706845,-0.35053568686474534
2241.36,29.17097143,29.50888146894833,29.389177348239905,29.10267080607232,-0.3379100389483298
2241.843,29.18942961,29.53286201348001,29.408083363446377,29.12584658114293,-0.3434324034800085
2242.325,29.19872306,29.55681802469428,29.427031956195357,29.149021845747956,-0.35809496469428126
2242.807,29.19982315,29.580797772818666,29.446061167398028,29.17224316160832,-0.3809746228186661
2243.289,29.25336196,29.604799909083525,29.46516997753401,29.195509159446402,-0.3514379490835253
2243.771,29.25363713,29.62882308799039,29.484357364206524,29.21881847189686,-0.37518595799038934
2244.253,29.28771253,29.652865967382397,29.50362230219484,29.242169733589012,-0.36515343738239636
2244.735,29.31103853,29.676927208513796,29.522963763506713,29.265561581228322,-0.3658886785137945
2245.217,29.33566356,29.701005476118663,29.54238071743086,29.288992653677145,-0.3653419161186626
2245.699,29.35282468,29.725099438478818,29.561872130589695,29.312461592034698,-0.37227475847881664
2246.182,29.37653855,29.749257798785482,29.581477633542004,29.336015843216575,-0.3727192487854829
2246.664,29.39158615,29.77337919571101,29.601115003730115,29.359556517561405,-0.38179304571101014
2247.146,29.41879962,29.797512311453254,29.62082371538721,29.38313099251924,-0.37871269145325215
2247.628,29.45200715,29.821655829154498,29.640602724993144,29.40673791892529,-0.36964867915449773
2248.11,29.47521237,29.84580843583156,29.660450986625982,29.430375950239526,-0.3705960658315597
2248.592,29.49620579,29.86996882243846,29.68036745201488,29.454043742621597,-0.37376303243845754
2249.074,29.51206237,29.894135683928532,29.700351070593253,29.47773995500521,-0.38207331392853305
2249.556,29.53594946,29.918307719315532,29.720400789552063,29.5014632491716,-0.3823582593155308
2250.039,29.55848734,29.94253379236111,29.740557352650555,29.525261587529346,-0.3840464523611118
2250.521,29.57838644,29.96671229314611,29.760736236894385,29.549035091626553,-0.38832585314611023
2251.003,29.60491115,29.9908920871615,29.780978047969246,29.57283167790323,-0.38598093716150217
2251.485,29.61844961,30.01507189026613,29.801281724624722,29.596650020255826,-0.3966222802661328
2251.967,29.64024111,30.03925042267248,29.821646203634884,29.62048879578343,-0.3990093126724794
2252.449,29.68061938,30.063426409002794,29.84207041985146,29.644346684856583,-0.3828070290027945
2252.931,29.69229984,30.087598578344327,29.862553306257595,29.668222371184893,-0.3952987383443265
2253.413,29.7223496,30.11176566430412,29.883093794021498,29.69211454188423,-0.38941606430411824
2253.896,29.73142338,30.13597652361168,29.903733602973276,29.716071502712428,-0.4045531436116825
2254.378,29.75901567,30.160129644898266,29.924386193908013,29.739992744874083,-0.4011139748982657
2254.86,29.78750208,30.184273908680247,29.945093167120895,29.763926551149602,-0.3967718286802473
2255.342,29.81060761,30.208408067181463,29.965853447052968,29.78787162293981,-0.39780045718146084
2255.824,29.81870371,30.232530877405367,29.9866659565987,29.811826665374117,-0.4138271674053655
2256.306,29.8504089,30.256641101185203,30.007529617159744,29.835790387372747,-0.4062322011852011
2256.788,29.8843702,30.280737505232494,30.02844334869857,29.85976150170778,-0.39636730523249497
2257.27,29.91668185,30.304818861185055,30.049406069792578,29.883738725063612,-0.38813701118505506
2257.752,29.9107565,30.328883945654393,30.070416697687598,29.90772077809662,-0.41812744565439175
2258.235,29.95113196,30.352981412523963,30.091517883928276,29.931756150976977,-0.40184945252396176
2258.717,29.9643248,30.377010263926092,30.11262116586835,29.955744044932445,-0.41268546392609196
2259.199,30.00043814,30.401019201480132,30.133769096641316,29.97973295232516,-0.40058106148013195
2259.681,30.0129015,30.4250070221591,30.15496058870328,30.003721610287712,-0.41210552215909857
2260.163,30.03270468,30.44897252813405,30.176194553448145,30.027708760210754,-0.4162678481340514
2260.645,30.08214194,30.472914526816666,30.19746990126152,30.05169314779757,-0.3907725868166665
2261.127,30.07728954,30.49683183090087,30.218785541574476,30.075673523118088,-0.41954229090087125
2261.609,30.09166959,30.520723258403887,30.240140382917534,30.099648640662075,-0.42905366840388837
2262.092,30.1300112,30.544637114921457,30.26157775554392,30.123666979202184,-0.4146259149214586
2262.573,30.14920507,30.56842378259278,30.282963298635764,30.14757814279216,-0.4192187125927802
2263.056,30.16388434,30.592279902548924,30.30447375767061,30.171579741522706,-0.42839556254892486
2263.538,30.2031184,30.616056047173906,30.325974543427627,30.195521440648182,-0.412937647173905
2264.02,30.22145603,30.639800484145955,30.347509058968587,30.219451720017087,-0.4183444541459558
2264.502,30.2270266,30.663512064252686,30.369076208549085,30.243369361720326,-0.4364854642526872
2264.984,30.24066794,30.68718964387105,30.390674895900627,30.26727315261873,-0.44652170387104917
2265.466,30.27477566,30.71083208500266,30.412304024284456,30.29116188439012,-0.4360564250026613
2265.948,30.31373659,30.734438255307687,30.43396249654521,30.31503435357529,-0.4207016653076856
2266.43,30.32083904,30.7580070281389,30.45564921516445,30.33888936162351,-0.43716798813889923
2266.913,30.34822185,30.78158605971531,30.477408159290448,30.362775147735245,-0.4333642097153074
2267.395,30.34976481,30.8050765972082,30.49914812979259,30.386591615312305,-0.4553117872081991
2267.877,30.38577756,30.828526389470056,30.520913050177402,30.410387053542447,-0.4427488294700552
2268.359,30.42507093,30.85193433295748,30.542701822009963,30.43416028395748,-0.4268634029574798
2268.841,30.43388826,30.875299329977146,30.56451334676032,30.457910133213108,-0.4414110699771463
2269.323,30.46022294,30.898620288715083,30.58634652585666,30.48163543312971,-0.43839734871508185
2269.805,30.48422569,30.92189612326565,30.608200260738716,30.505335020732673,-0.4376704332656516
2270.287,30.50745084,30.94512575365937,30.630073452911102,30.529007738291323,-0.43767491365936806
2270.77,30.51776977,30.96835615216955,30.65201044047458,30.552701458815967,-0.4505863821695506
2271.252,30.54881426,30.99149005681353,30.67391928693651,30.576316922556984,-0.4426757968135284
2271.734,30.56412464,31.01457455108374,30.695844293846548,30.59990207254652,-0.4504499110837408
2272.216,30.59738924,31.037608579035936,30.717784363501398,30.62345577242106,-0.4402193390359379
2272.698,30.61076195,31.060591090792535,30.739738398528505,30.646976891247046,-0.44982914079253433
2273.18,30.65948835,31.083521042566964,30.76170530193893,30.670464303556244,-0.4240326925669642
2273.662,30.67260066,31.10639739668705,30.78368397718014,30.693916889379956,-0.4337967366870501
2274.144,30.68118115,31.12921912161789,30.80567332818905,30.717333534282396,-0.4480379716178895
2274.626,30.70157365,31.151985191984256,30.827672259444494,30.74071312939409,-0.4504115419842556
2275.109,30.73116132,31.174741643906756,30.84972534262194,30.76410295724961,-0.44358032390675817
2275.591,30.74626055,31.197393233033345,30.871740164435653,30.787405066025613,-0.45113268303334664
2276.073,30.76986336,31.219986126558076,30.89376128144301,30.810666829857855,-0.4501227665580778
2276.555,30.773381,31.24251932396719,30.915787600818465,30.833887162468308,-0.46913832396719
2277.037,30.79927134,31.264991831008672,30.937818030541123,30.857064983299612,-0.4657204910086712
2277.519,30.8216136,31.28740265971097,30.959851479447035,30.880199217543723,-0.4657890597109713
2278.001,30.84125135,31.30975082840097,30.98188685728126,30.9032887961702,-0.4684994784009682
2278.483,30.87155719,31.332035361721385,31.003923074749878,30.92633265595369,-0.46047817172138394
2278.966,30.87681949,31.354301322260397,31.0260047603369,30.94937740193828,-0.4774818322603984
2279.448,30.89806929,31.37645554709013,31.048039389396067,30.972326557397544,-0.4783862570901327
2279.93,30.94301662,31.398543246563065,31.070071594241703,30.99522683727111,-0.45552662656306353
2280.412,30.95987627,31.420563470762474,31.09210028994548,31.018077201829147,-0.46068720076247516
2280.894,30.96540936,31.44251527616658,31.114124392799102,31.04087661727493,-0.4771059161665825
2281.376,31.02214693,31.4643977256627,31.13614282036572,31.063624055768866,-0.442250795662698
2281.858,31.02977328,31.4862098885608,31.158154491531285,31.086318495451394,-0.45643660856080004
2282.34,31.05503621,31.507950840606796,31.18015832655584,31.108958920465653,-0.45291463060679504
2282.823,31.07501551,31.529664544449176,31.20219886972593,31.131591120761556,-0.4546490344491758
2283.305,31.06876156,31.55126017535595,31.22418377715293,31.154120375707652,-0.48249861535595073
2283.787,31.10487874,31.572781859515587,31.246157615744394,31.176592602583046,-0.4679031195155865
2284.269,31.09498521,31.594228698551227,31.26811931176983,31.199006809767035,-0.499243488551226
2284.751,31.12414645,31.615599800579766,31.290067793127285,31.2213620117452,-0.49145335057976425
2285.233,31.14157958,31.636894280221597,31.312001989393675,31.243657229128246,-0.4953147002215985
2285.715,31.15845427,31.658111258610504,31.333920831875524,31.265891488670558,-0.49965698861050356
2286.197,31.17958069,31.679249863402532,31.355823253658926,31.288063823287654,-0.4996691734025305
2286.679,31.18501295,31.700309228784732,31.377708189659703,31.310173272073932,-0.5152962787847315
2287.162,31.1947774,31.721331937077913,31.399619922603513,31.33226455107438,-0.5265545370779137
2287.644,31.22678634,31.742230083535112,31.4214666575686,31.354245234880704,-0.515443743535112
2288.126,31.24394454,31.76304643066007,31.443292720780825,31.37616018542678,-0.5191018906600675
2288.608,31.25460554,31.78378013885444,31.465097054977885,31.398008466696005,-0.5291745988544392
2289.09,31.27917434,31.804430375087087,31.486878604975693,31.41978914892863,-0.5252560350870858
2289.572,31.28519022,31.824996312900034,31.508636317717958,31.44150130863546,-0.539806092900033
2290.054,31.3084568,31.845477132414032,31.53036914232509,31.46314402861193,-0.5370203324140341
2290.536,31.3114718,31.865872020333548,31.552076030143187,31.484716397950436,-0.5544002203335481
2291.019,31.31954936,31.88622221232147,31.573800885074643,31.506262045480014,-0.5666728523214708
2291.5,31.34482773,31.90640078115299,31.59540781221826,31.527646472644598,-0.5615730511529904
2291.983,31.35592828,31.926574736266865,31.617075450394893,31.549046618113465,-0.5706464562668643
2292.465,31.38232174,31.946617710974593,31.63866808719438,31.570328447897495,-0.5642959709745945
2292.947,31.40089343,31.96657078490268,31.660229576876077,31.591535465567397,-0.5656773549026788
2293.429,31.39845292,31.98643318435527,31.68175888516532,31.61266679825745,-0.5879802643552701
2293.911,31.42740382,32.006204142244414,31.703254980351726,31.633721579476223,-0.5788003222444154
2294.393,31.45494547,32.02588289809183,31.724716833336682,31.654698949115883,-0.5709374280918311
2294.875,31.44143851,32.04546869803067,31.74614341768101,31.675598053460547,-0.6040301880306664
2295.357,31.46268702,32.064960794806474,31.76753370965226,31.696418045194847,-0.6022737748064735
2295.84,31.491603,32.08439859318711,31.78893094956345,31.717201028844748,-0.592795593187109
2296.322,31.48218523,32.1037008701044,31.810245516071276,31.73786011057819,-0.6215156401043984
2296.804,31.50766353,32.12290724027431,31.831520733616145,31.758437574520443,-0.61524371027431
2297.286,31.52047186,32.142016982910654,31.852755589768424,31.778932599043543,-0.6215451229106534
2297.768,31.51651216,32.16102938384024,31.873949075039278,31.79934436895426,-0.6445172238402357
2298.25,31.5641043,32.179943735501986,31.89510018292685,31.819672075499525,-0.6158394355019858
2298.732,31.57315822,32.19875933694581,31.91620790996262,31.83991491637174,-0.6256011169458127
2299.214,31.58295824,32.217475493831024,31.937271255757008,31.860072095713463,-0.6345172538310244
2299.697,31.60270698,32.236130036321235,31.958332780925467,31.880184374227532,-0.6334230563212344
2300.179,31.59469305,32.25464503763498,31.97930427837301,31.90016768696573,-0.6599519876349795
2300.661,31.63719685,32.27305854961161,32.00022841028826,31.92006298773976,-0.6358616996116133
2301.143,31.64510082,32.291369904339916,32.02110418905956,31.939869506546124,-0.6462690843399166
2301.625,31.65230818,32.30957844050601,32.04193063038092,31.959586479849534,-0.6572702605060101
2302.107,31.66650819,32.3276835033895,32.0627067532966,31.979213150585153,-0.6611753133895029
2302.589,31.68961688,32.345684444860375,32.08343158024575,31.998748768160944,-0.6560675648603755
2303.071,31.69954354,32.36358062337471,32.104104137106575,32.01819258845919,-0.6640370833747085
2303.553,31.71060145,32.38137140397073,32.124723453240506,32.037543873838025,-0.6707699539707335
2304.036,31.72391206,32.39909273797945,32.14533117071791,32.05684175007549,-0.6751806779794514
2304.518,31.71552741,32.41667062225594,32.16584099217168,32.07600558284704,-0.7011432122559427
2305.0,31.72962888,32.43414124190615,32.186294680331926,32.095074705153074,-0.7045123619061471
2305.482,31.72490618,32.45150398826333,32.206691278937086,32.11404840527496,-0.7265978082633318
2305.964,31.74662399,32.46875825921835,32.22702983542614,32.13292597797146,-0.7221342692183477
2306.446,31.74807651,32.48590345921362,32.247309400981464,32.15170672447823,-0.7378269492136162
2306.928,31.75716331,32.502938999237514,32.267529030571254,32.170389952506746,-0.7457756892375151
2307.41,31.76966239,32.51986429681806,32.28768778299202,32.188974976243024,-0.7502019068180559
2307.893,31.74458026,32.53671354523686,32.307826350898495,32.207499366076775,-0.7921332852368579
2308.375,31.75640274,32.55341640495939,32.32786040974432,32.22588574243312,-0.797013664959394
2308.857,31.77764834,32.57000731283521,32.34783078927622,32.24417189450964,-0.7923589728352098
2309.339,31.79849058,32.586485712499076,32.36773656403126,32.26235716238538,-0.787995132499077
2309.821,31.80222566,32.602851054091374,32.38757681258307,32.28044089260294,-0.800625394091373
2310.303,31.81619258,32.619102794250864,32.40735061758316,32.298422438165694,-0.8029102142508648
2310.785,31.83943141,32.63524039610717,32.427057065801456,32.316301158534415,-0.795808986107172
2311.267,31.85648405,32.65126332927281,32.44669524816686,32.3340764196236,-0.7947792792728094
2311.75,31.8849194,32.66720395334407,32.46630478688857,32.35178414735479,-0.7822845533440699
2312.232,31.89323552,32.6829957432621,32.48580358086261,32.36935039554626,-0.7897602232620962
2312.714,31.92106983,32.69867131109094,32.50523140527087,32.386811319616235,-0.7776014810909402
2313.196,31.93566407,32.71423015230678,32.524587368087616,32.40416631126677,-0.7785660823067815
2313.678,31.93843407,32.72967176882734,32.54387058164506,32.421414768632104,-0.791237698827338
2314.16,31.98232819,32.744995669002634,32.563080162672605,32.438556096273395,-0.7626674790026335
2314.642,31.95917723,32.76020136760624,32.58221523233553,32.45558970517348,-0.801024137606241
2315.124,32.00072255,32.77528838582602,32.601274916273425,32.47251501273121,-0.7745658358260243
2315.606,31.99377803,32.790256251254895,32.620258344638906,32.489331442756,-0.796478221254894
2316.089,32.00693473,32.80513517870895,32.63920379607476,32.50607297308914,-0.798200448708954
2316.571,32.00930059,32.81986309730864,32.658031959314684,32.522669716267664,-0.8105625073086387
2317.053,32.01637509,32.83447048329724,32.676781283124114,32.53915589059318,-0.8180953932972415
2317.535,32.02321308,32.84895688980494,32.69545091609426,32.555530945467424,-0.8257438098049406
2318.017,32.02304874,32.86332187631834,32.71404001151681,32.57179433667066,-0.8402731363183378
2318.499,32.02372517,32.87756500867017,32.73254772742082,32.587945526354126,-0.8538398386701687
2318.981,32.02938592,32.8916858590292,32.75097322660923,32.603983983033444,-0.8622999390291994
2319.463,32.02375474,32.90568400588964,32.76931567669477,32.61990918158049,-0.8819292658896387
2319.946,32.04737067,32.9195876921603,32.78761204323315,32.63575328836857,-0.8722170221602994
2320.427,32.04147618,32.93331053465711,32.80574812427473,32.651417735504,-0.8918343546571137
2320.91,32.07553051,32.946966248952364,32.8238739196199,32.66703228116111,-0.8714357389523641
2321.392,32.06777263,32.96046923455772,32.84187576692807,32.682499083047325,-0.8926966045577203
2321.874,32.06000087,32.9738475028462,32.85979047492718,32.69785009522276,-0.9138466328461945
2322.356,32.07727585,32.98710067005465,32.87761724084673,32.71308483054719,-0.9098248200546522
2322.838,32.09881299,33.0002283586696,32.89535526697241,32.7282028081803,-0.9014153686696034
2323.32,32.08742888,33.013230197416554,32.913003760680226,32.743203553573046,-0.9258013174165569
2323.802,32.12204187,33.026105821248265,32.93056193447029,32.758086598458675,-0.9040639512482684
2324.284,32.13710621,33.03885487133364,32.94802900600028,32.77285148084372,-0.9017486613336416
2324.767,32.15115091,33.051503049843916,32.9654401501904,32.78752800782291,-0.9003521398439176
2325.249,32.1926139,33.06399763634289,32.9827224979481,32.802054956782314,-0.8713837363428922
2325.731,32.21357436,33.076364609084216,32.999911426110174,32.8164623938951,-0.8627902490842132
2326.213,32.23156095,33.08860363399839,33.01700617330512,32.83074988218068,-0.8570426839983867
2326.695,32.25833148,33.10071438317419,33.034005983482515,32.84491699088473,-0.8423829031741903
2327.177,32.2782697,33.11269653484652,33.05091010594474,32.85896329546899,-0.8344268348465178
2327.659,32.28787062,33.124549773384615,33.06771779537844,32.87288837760157,-0.8366791533846154
2328.141,32.34780629,33.13627378928013,33.084428311885844,32.88669182514679,-0.7884674992801308
2328.624,32.33949701,33.14789219924419,33.10107528472872,32.9004014896777,-0.8083951892441874
2329.106,32.35264447,33.15935659611142,33.117589052113196,32.91396020193822,-0.806712126111421
2329.588,32.37613892,33.17069087782752,33.13400345818414,32.927396079469126,-0.7945519578275153
2330.07,32.39140783,33.18189475926605,33.15031778502404,32.940708734829656,-0.7904869292660521
2330.552,32.41577758,33.19296796136245,33.16653132028277,32.95389778672329,-0.7771903813624519
2331.034,32.40952704,33.20391021110182,33.18264335720711,32.96696285998719,-0.7943831711018206
2331.516,32.41613865,33.21472124150674,33.19865319466984,32.979903585581354,-0.7985825915067366
2331.998,32.42819883,33.225400791624836,33.21456013719869,32.9927196005778,-0.797201961624836
2332.48,32.45125926,33.23594860651663,33.230363495004966,33.00541054814967,-0.7846893465166289
2332.963,32.46066902,33.24638590948347,33.24609504587707,33.018002016511296,-0.7857168894834743
2333.445,32.44607679,33.25666923851435,33.261688969313084,33.03044152182969,-0.810592448514349
2333.927,32.4512205,33.266820102967316,33.27717727165314,33.04275492504262,-0.8155996029673176
2334.409,32.45598953,33.27683827184203,33.29255928613424,33.054941893629184,-0.8208487418420347
2334.891,32.43009869,33.2867235200888,33.30783435181531,33.06700210111367,-0.8566248300887978
2335.373,32.43953201,33.29647562859585,33.323001813604,33.07893522705429,-0.8569436185958494
2335.855,32.44530768,33.30609438417695,33.33806102228299,33.09074095703163,-0.8607867041769524
2336.337,32.44508677,33.315579579558836,33.35301133453627,33.10241898263717,-0.8704928095588329
2336.82,32.43294856,33.32495027550211,33.3678827886725,33.113992830887206,-0.8920017155021114
2337.302,32.43216551,33.33416747413607,33.38261317264918,33.125414280016436,-0.9020019641360761
2337.784,32.41878254,33.34325052571547,33.397232764624874,33.13670713490188,-0.9244679857154665
2338.266,32.43497531,33.35219924650494,33.4117409451562,33.14787111107493,-0.9172239365049393
2338.748,32.41792963,33.36101345861925,33.426137100827084,33.158905930019785,-0.943083828619244
2339.23,32.39762005,33.369692990010364,33.44042062427319,33.169811319161276,-0.9720729400103636
2339.712,32.43125109,33.37823767445499,33.45459091420553,33.18058701185337,-0.946986584454983
2340.194,32.39760266,33.3866473515419,33.46864737543456,33.19123274736697,-0.9890446915419062
2340.677,32.41017282,33.39493889309842,33.482618224952134,33.2017699517884,-0.9847660730984202
2341.159,32.42219897,33.40307781654274,33.49644502852621,33.21215474344617,-0.980878846542744
2341.641,32.47531051,33.41108128585084,33.51015625346465,33.22240883062336,-0.9357707758508411
2342.123,32.47105257,33.4189491637454,33.52375132921748,33.2325319761519,-0.9478965937454049
2342.605,32.49711556,33.42668131869789,33.53722969144744,33.24252394872088,-0.9295657586978905
2343.087,32.51759022,33.434277624916135,33.55059078205171,33.25238452286452,-0.9166874049161322
2343.569,32.53432799,33.441737962331615,33.563834049183185,33.26211347894991,-0.9074099723316138
2344.051,32.55418267,33.44906221658689,33.57695894727178,33.27171060316513,-0.8948795465868855
2344.533,32.54506663,33.4562502790229,33.58996493704494,33.28117568750694,-0.9111836490229024
2345.016,32.58011782,33.463316535143534,33.602878096600946,33.29052775490952,-0.8831987151435357
2345.498,32.54179567,33.47023162762681,33.61564442777932,33.29972788370022,-0.9284359576268102
2345.98,32.57640944,33.47701023619478,33.6282902697408,33.30879538294919,-0.9006007961947802
2346.462,32.59145282,33.483652274868355,33.6408151086179,33.3177300677785,-0.8921994548683543
2346.944,32.57015484,33.490157663304174,33.65321843693981,33.32653175905808,-0.9200028233041735
2347.426,32.58936988,33.49652632678199,33.665499753651154,33.33520028339347,-0.9071564467819897
2347.908,32.59459877,33.502758196192325,33.67765856413048,33.343735473113625,-0.9081594261923271
2348.39,32.62966615,33.50885320802383,33.68969438020847,33.35213716625875,-0.879187058023831
2348.873,32.62848372,33.51482352318615,33.70163130590021,33.36042222114153,-0.8863398031861536
2349.354,32.63115287,33.52063243282132,33.71339510885004,33.36853944346734,-0.8894795628213217
2349.837,32.65992437,33.52632819695514,33.72508314694332,33.376556190829945,-0.8664038269551426
2350.319,32.65775294,33.53187497049928,33.73662197381355,33.38442211354242,-0.8741220304992794
2350.801,32.65027279,33.53728465237752,33.74803546189092,33.392153814849856,-0.8870118623775198
2351.283,32.6500819,33.542557212418366,33.759323162095036,33.39975116681479,-0.8924753124183624
2351.765,32.67357113,33.547692625961794,33.770484631915494,33.40721404712531,-0.8741214959617949
2352.247,32.6569253,33.5526908738469,33.78151943542737,33.41454233908304,-0.8957655738469015
2352.729,32.68316373,33.55755194239969,33.79242714330647,33.421735931590895,-0.874388212399694
2353.211,32.68332965,33.562275823420784,33.803207332844046,33.42879471914082,-0.8789461734207862
2353.694,32.69391904,33.566871887521145,33.81388155480316,33.43573282640387,-0.8729528475211481
2354.176,32.72302364,33.57132110610303,33.82440519937124,33.442521429633665,-0.8482974661030269
2354.658,32.73575722,33.57563314530309,33.834800096479455,33.449174944615805,-0.8398759253030832
2355.14,32.73135465,33.57980801870964,33.845065850036775,33.45569328808845,-0.8484533687096416
2355.622,32.74741829,33.583845745324645,33.855202070636935,33.462076382318195,-0.836427455324646
2356.104,32.75008572,33.58774634955183,33.865208375571264,33.46832415508773,-0.8376606295518272
2356.586,32.7610097,33.591509861184406,33.87508438884119,33.47443653968398,-0.8305001611844034
2357.068,32.75951148,33.595136315393056,33.88482974117045,33.48041347488595,-0.8356248353930553
2357.551,32.72925825,33.59863284981288,33.8944638803107,33.48626688320913,-0.869374599812879
2358.033,32.72262926,33.6019850320152,33.90394655694129,33.49197247658366,-0.8793557720152023
2358.515,32.73749403,33.60520029456282,33.913297504535436,33.49754246964547,-0.8677062645628197
2358.997,32.71964546,33.60827869402774,33.922516380834935,33.50297682303276,-0.8886332340277363
2359.479,32.76717984,33.61122029229969,33.931602850359596,33.5082755028158,-0.8440404522996943
2359.961,32.77135189,33.61402515657426,33.94055658441757,33.51343848048484,-0.8426732665742591
2360.443,32.76488449,33.61669335934103,33.94937726111493,33.518465732938246,-0.8518088693410277
2360.925,32.80883805,33.619224978371726,33.958064565365305,33.52335724247061,-0.8103869283717273
2361.407,32.81696763,33.621620096708405,33.96661818889899,33.52811299676092,-0.8046524667084043
2361.89,32.83188663,33.62388334702755,33.975055158927674,33.532742432780005,-0.7919967170275513
2362.372,32.81648827,33.62600545140703,33.98334024464485,33.53722637943549,-0.8095171814070312
2362.854,32.78367184,33.627991335934006,33.991490765232236,33.54157456608668,-0.844319495934009
2363.336,32.79219226,33.6298411046255,33.99950643978541,33.545787001842584,-0.8376488446254982
2363.818,32.75880327,33.631554866710324,34.0073869942572,33.549863701137575,-0.872751596710323
2364.3,32.72608054,33.633132736617505,34.01513216146478,33.55380468371949,-0.9070521966175065
2364.782,32.72830375,33.634574833964514,34.02274168109639,33.55760997463813,-0.9062710839645121
2365.264,32.70726531,33.63588128354582,34.03021529971785,33.56127960423338,-0.9286159735458241
2365.747,32.73874076,33.63705450386284,34.03756785205522,33.564820799126956,-0.8983137438628432
2366.229,32.76491448,33.638089772213156,34.0447686526886,33.56821893694747,-0.8731752922131548
2366.711,32.77348848,33.63898979842361,34.051832832857826,33.571481536190184,-0.8655013184236111
2367.193,32.79709236,33.63975472789165,34.05876016671061,33.57460864825034,-0.8426623678916485
2367.675,32.85181244,33.64038471113404,34.065550435299286,33.57760032975529,-0.7885722711340364
2368.157,32.88722201,33.64087990377547,34.072203426585084,33.58045664255307,-0.7536578937754683
2368.639,32.91383717,33.641240466537006,34.07871893544231,33.58317765370079,-0.7274032965370054
2369.121,32.93966194,33.64146656522471,34.08509676366207,33.58576343545326,-0.7018046252247103
2369.604,32.95150641,33.64155842171006,34.09134952247642,33.58821900911216,-0.6900520117100584
2370.086,32.95597704,33.64151583188643,34.09745113586722,33.59053428943473,-0.6855387918864295
2370.568,32.95673261,33.64133930618427,34.103414515165355,33.592714588385725,-0.6846066961842681
2371.05,32.92933661,33.64102903064644,34.10923948987366,33.594759998907165,-0.7116924206464432
2371.532,32.9307055,33.640585196343885,34.114925896425234,33.59667061908173,-0.7098796963438829
2372.014,32.93055761,33.640007999364535,34.12047357818516,33.598446552121466,-0.7094503893645339
2372.496,32.92879505,33.63929764080172,34.125882385451746,33.60008790635658,-0.710502590801724
2372.978,32.91991992,33.63845432674316,34.13115217545774,33.60159479522402,-0.71853440674316
2373.46,32.93165754,33.63747826825954,34.13628281237081,33.60296733725634,-0.705820728259539
2373.943,32.91776859,33.63636724381008,34.14128437793319,33.6042080857604,-0.7185986538100764
2374.425,32.94062518,33.63512607530034,34.1461360395631,33.60531203197918,-0.6945008953003438
2374.907,32.9624909,33.63375282583663,34.15084818198353,33.606282017704544,-0.6712619258366317
2375.389,32.97298901,33.63224772631914,34.155420697116604,33.60711818174979,-0.6592587163191439
2375.871,32.96418328,33.63061101257476,34.15985348381787,33.60782066796791,-0.6664277325747605
2376.353,32.98723114,33.62884292534579,34.16414644787485,33.60838962524039,-0.6416117853457948
2376.835,33.00298239,33.62694371027882,34.168299502005475,33.608825207466225,-0.6239613202788235
2377.317,33.00981571,33.624913617913286,34.172312565855975,33.60912757355076,-0.6150979079132881
2377.799,33.03058867,33.62275290367051,34.17618556599864,33.60929688739465,-0.5921642336705091
2378.281,33.03557578,33.62046182784226,34.17991843592907,33.60933331788286,-0.5848860478422608
2378.764,33.07524422,33.618035497352274,34.1835184239919,33.60923670129669,-0.5427912773522721
2379.246,33.07140588,33.615484229588915,34.186970570653315,33.60900761683974,-0.544078349588915
2379.728,33.10129881,33.612803410801384,34.19028242900999,33.60864618586385,-0.5115046008013806
2380.21,33.08443534,33.609993320661204,34.19345396023188,33.608152597091234,-0.5255579806612047
2380.692,33.11698083,33.607054243654126,34.19648513239396,33.607527044173395,-0.49007341365412316
2381.174,33.11664508,33.60398646906895,34.19937592047156,33.606769725680124,-0.48734138906895197
2381.656,33.13398024,33.60079029098622,34.20212630633539,33.60588084508872,-0.4668100509862185
2382.138,33.15707813,33.5974660082669,34.20473627874608,33.6048606107728,-0.44038787826689685
2382.621,33.1686459,33.594006629906104,34.20721081094278,33.60370671107767,-0.4253607299061031
2383.103,33.18880232,33.5904267893783,34.20953965895034,33.60242414257207,-0.401624469378298
2383.585,33.19295864,33.586719770021176,34.211728101095616,33.601010875200295,-0.39376113002117563
2384.067,33.2119116,33.58288588971419,34.21377615365389,33.599467136822724,-0.3709742897141908
2384.549,33.20904838,33.57892547106072,34.215683839758995,33.59779316014172,-0.3698770910607223
2385.031,33.2531424,33.574838841376355,34.21745118939593,33.59598918269056,-0.32169644137635345
2385.513,33.23511328,33.570626332677776,34.21907823939331,33.59405544682271,-0.33551305267777565
2385.995,33.23352027,33.56628828167117,34.22056503341541,33.59199219970079,-0.3327680116711704
2386.478,33.251844,33.561815639975315,34.22191427000155,33.58979501032998,-0.3099716399753163
2386.96,33.25935665,33.5572272745,34.22312041966745,33.587473234000406,-0.2978706244999998
2387.442,33.28847379,33.55251440559011,34.22418648542084,33.58502271719869,-0.2640406155901118
2387.924,33.27455829,33.547677388604754,34.225112538196896,33.5824437262253,-0.27311909860475225
2388.406,33.27423455,33.54271658353493,34.22589865572202,33.579736532135556,-0.26848203353493005
2388.888,33.26782207,33.53763235499185,34.226544922503805,33.576901410728446,-0.26981028499184845
2389.37,33.26630453,33.53242507219546,34.22705142982092,33.57393864253603,-0.2661205421954591
2389.852,33.26233231,33.52709510896251,34.22741827571262,33.57084851281219,-0.264762798962515
2390.334,33.26004197,33.52164284369513,34.22764556496791,33.56763131152198,-0.2616008736951301
2390.817,33.26485445,33.51605696820453,34.22773344649176,33.56428026403909,-0.2512025182045292
2391.299,33.25577993,33.51036100062209,34.227681674851766,33.56080954621347,-0.2545810706220877
2391.781,33.25284454,33.50454389442262,34.227490701593936,33.55721265550887,-0.2516993544226196
2392.263,33.24020713,33.49860604624015,34.227160658405495,33.553489900634574,-0.25839891624014655
2392.745,33.2571595,33.49254785723454,34.22669168366453,33.54964159495603,-0.235388357234541
2393.227,33.23086676,33.48636973307937,34.226083922427236,33.5456680564837,-0.2555029730793734
2393.709,33.24439175,33.48007208395007,34.22533752641488,33.54156960786222,-0.23568033395007149
2394.191,33.26360029,33.47365532451157,34.224452654000544,33.537346576359106,-0.21005503451156926
2394.674,33.23620271,33.46710619179418,34.22342720375106,33.5329901456697,-0.2309034817941793
2395.156,33.24667654,33.46045222870474,34.22226559377624,33.52851869191142,-0.21377568870473596
2395.638,33.2304546,33.45368042700925,34.22096602266768,33.52392366541344,-0.22322582700925153
2396.12,33.24296342,33.44679121921785,34.21952867527946,33.5192054118335,-0.20382779921784788
2396.602,33.21927346,33.43978504226871,34.21795374304609,33.514364281396546,-0.22051158226871337
2397.084,33.22365981,33.43266233751552,34.21624142396723,33.509400628883434,-0.20900252751551562
2397.566,33.20022825,33.425423550714946,34.214391922592284,33.504314813619736,-0.22519530071494387
2398.048,33.2140269,33.418069132013926,34.212405450004525,33.499107199464376,-0.20404223201392568
2398.531,33.21062998,33.410583919440874,34.21027767677085,33.49376697272022,-0.19995393944087425
2399.012,33.1988411,33.40301522137366,34.20802246809624,33.48832805251273,-0.20417412137365432
2399.495,33.19869129,33.39530056098414,34.20562130087875,33.48274558717599,-0.1966092709841405
2399.977,33.20421487,33.38748796792545,34.203088902345456,33.47705425712993,-0.18327309792545066
2400.459,33.18976592,33.3795620600914,34.20042068596207,33.471243015894245,-0.18979614009140278
2400.941,33.17288802,33.37152331370982,34.19761690167991,33.46531225429724,-0.19863529370982036
2401.423,33.17620475,33.36337220930817,34.194677805865226,33.459262367620134,-0.1871674593081707
2401.905,33.17280842,33.355109231700084,34.191603661280915,33.45309375558546,-0.18230081170008106
2402.387,33.16326876,33.34673486997215,34.188394737068066,33.44680682234525,-0.18346610997215151
2402.869,33.16063287,33.33824961747027,34.18505130872718,33.44040197646924,-0.17761674747026746
2403.352,33.12466405,33.329636024090505,34.18156630373153,33.43386597724426,-0.20497197409050472
2403.834,33.13317417,33.320930259582404,34.17795444141039,33.42722630694542,-0.18775608958240753
2404.316,33.12835804,33.312115110812485,34.17420894004457,33.42046997698756,-0.18375707081248294
2404.798,33.1282927,33.3031910880362,34.170330100391624,33.41359741350151,-0.17489838803619762
2405.28,33.1163261,33.29415870569937,34.16631822947029,33.40660904697605,-0.17783260569936488
2405.762,33.1004132,33.28501848242434,34.16217364053996,33.39950531224581,-0.18460528242434293
2406.244,33.0986918,33.27577094099549,34.15789665307985,33.39228664847883,-0.17707914099549527
2406.726,33.09129624,33.266416608345146,34.15348759276793,33.384953499164546,-0.17512036834514788
2407.208,33.07944284,33.25695601553907,34.14894679145958,33.37750631210117,-0.17751317553906887
2407.691,33.06258746,33.247369741102275,34.1442647574408,33.36992973537699,-0.18478228110227235
2408.173,33.05848247,33.237698019978865,34.13946122276263,33.362255599153016,-0.17921554997886346
2408.655,33.03850918,33.22792165768331,34.13452698023387,33.35446879526354,-0.18941247768331237
2409.137,33.05504469,33.21804120167701,34.129462386212985,33.34656978862612,-0.16299651167700802
2409.619,33.04197942,33.208057203481005,34.124267803124866,33.33855904840416,-0.16607778348100766
2410.101,33.03627203,33.19797021866064,34.1189435994377,33.33043704799416,-0.1616981886606439
2410.583,33.01642817,33.18778080681039,34.11349014963977,33.32220426501266,-0.17135263681038992
2411.065,33.01034813,33.17748953153849,34.10790783421592,33.31386118128335,-0.167141401538494
2411.548,33.02006544,33.167075294199634,34.10218505821956,33.305390631877465,-0.14700985419963075
2412.03,33.01205871,33.15658179051152,34.09634591153666,33.29682818258439,-0.14452308051151874
2412.512,33.00452747,33.145988139350735,34.0903790772541,33.288156904155514,-0.1414606693507352
2412.994,32.99488209,33.13529492023187,34.08428495961391,33.27937729511946,-0.1404128302318739
2413.476,32.98704407,33.12450271660392,34.07806396873268,33.27048985814538,-0.1374586466039176
2413.958,32.9810271,33.11361211583447,34.07171652057647,33.2614951000294,-0.13258501583447213
2414.44,32.97204673,33.102623709192976,34.06524303693534,33.2523935316809,-0.1305769791929734
2414.922,32.94250579,33.091538091834444,34.058643945397684,33.243185668108744,-0.1490323018344455
2415.405,32.93679623,33.08033256312733,34.05190559874988,33.23385259591158,-0.14353633312732939
2415.887,32.93160642,33.06905412669881,34.04505633892083,33.2244334854261,-0.1374477066988078
2416.369,32.91303329,33.057680289426116,34.0380827894184,33.214909650298324,-0.14464699942611503
2416.851,32.90855164,33.04621166184562,34.03098540077406,33.20528162180299,-0.13766002184561899
2417.333,32.88292962,33.034648858294254,34.02376462918521,33.1955499352434,-0.15171923829425538
2417.815,32.87754765,33.022992496891916,34.016420936488075,33.185715129937165,-0.1454448468919196
2418.297,32.8801069,33.01124319952391,34.00895479013015,33.175777749201394,-0.13113629952390937
2418.779,32.83848894,32.99940159182316,34.00136666314249,33.16573834033815,-0.1609126518231605
2419.261,32.82678717,32.98746830315218,33.99365703411188,33.15559745461936,-0.16068113315217403
2419.744,32.83743535,32.97541892562577,33.98581001553786,33.14533429418864,-0.13798357562576768
2420.226,32.82669544,32.96330399101917,33.977858590716664,33.134991916742806,-0.13660855101916525
2420.708,32.8233843,32.95109928705813,33.969787133695924,33.12454974109908,-0.1277149870581269
2421.19,32.80168061,32.93880545784822,33.96159614501166,33.1140083342663,-0.1371248478482201
2421.672,32.78577534,32.92642315113225,33.953286130612,33.10336826714691,-0.1406478111322471
2422.154,32.76534869,32.913953018271194,33.94485760182778,33.092630114521505,-0.1486043282711904
2422.636,32.74009313,32.90139571422502,33.93631107534289,33.08179445503276,-0.16130258422501953
2423.118,32.74630236,32.88875189753328,33.92764707316448,33.07086187116966,-0.14244953753328105
2423.601,32.74046832,32.875995731417404,33.91884778365403,33.059809967936346,-0.13552741141740654
2424.083,32.71380259,32.86318070323596,33.90995017628248,33.04868510006494,-0.1493781132359615
2424.565,32.72875661,32.85028116070073,33.900936691996854,33.03746507943835,-0.12152455070073387
2425.047,32.71046725,32.83729777647946,33.891807873804396,33.02615050377599,-0.12683052647945914
2425.529,32.70535322,32.8242312267197,33.88256426988271,33.014741974561694,-0.11887800671969728
2426.011,32.68285486,32.811082191028355,33.87320643354839,33.00324009702673,-0.1282273310283557
2426.493,32.67190245,32.7978513524509,33.86373492322573,32.991645480132746,-0.12594890245090085
2426.975,32.64319439,32.78453939745055,33.85415030241488,32.97995873655469,-0.14134500745055334
2427.458,32.64115908,32.771119147740116,33.84443290447504,32.96815595175689,-0.12996006774011448
2427.939,32.65032478,32.75767490099497,33.83464400851692,32.95631133850838,-0.10735012099497254
2428.422,32.63072267,32.74409555326743,33.824702790142226,32.944327022347025,-0.11337288326743078
2428.904,32.60710201,32.73046590302195,33.814671233498046,32.93227778711891,-0.12336389302195272
2429.386,32.59177392,32.716758620650296,33.80452946010661,32.92013954498127,-0.12498470065029466
2429.868,32.59126288,32.70297441267757,33.79427806325604,32.90791293052641,-0.1117115326775675
2430.35,32.55827695,32.68911398889439,33.78391764108251,32.89559858193517,-0.13083703889439136
2430.832,32.5460894,32.67517806233419,33.77344879653683,32.88319714095832,-0.12908866233419047
2431.314,32.53429409,32.6611673492503,33.76287213735081,32.87070925289784,-0.1268732592502957
2431.796,32.53381116,32.647082569093136,33.75218827600354,32.858135566588054,-0.11327140909313727
2432.279,32.51859588,32.632894995046094,33.741375332505086,32.845450383184705,-0.11429911504609436
2432.761,32.50622895,32.61866410186078,33.73047870390051,32.83270688630689,-0.11243515186077957
2433.243,32.4936988,32.6043613204174,33.719476740018976,32.81987956005688,-0.11066252041739943
2433.725,32.46725418,32.589987382726136,33.70837007199618,32.80696906721315,-0.1227332027261383
2434.207,32.46711559,32.57554302387569,33.697159335542935,32.793976073989455,-0.10842743387568987
2434.689,32.44743448,32.56102898200884,33.68584517091039,32.78090125001454,-0.11359450200884424
2435.171,32.45508044,32.546445998298125,33.6744282228547,32.767745268312275,-0.0913655582981221
2435.653,32.41937958,32.53179481692059,33.6629091406018,32.75450880528109,-0.11241523692059019
2436.135,32.40781829,32.51707618503311,33.65128857781181,32.741192540673474,-0.10925789503311023
2436.618,32.40054719,32.50226010897073,33.63954276997083,32.72776928455603,-0.10171291897073331
2437.1,32.38251112,32.48740869329049,33.62772101753572,32.71429530735845,-0.10489757329049354
2437.582,32.36073503,32.47249208776628,33.61579977317878,32.70074358919141,-0.11175705776627609
2438.064,32.38089587,32.45751105122437,33.603779707946714,32.68711482302045,-0.07661518122436917
2438.546,32.33632265,32.44246634534197,33.59166149714005,32.673409705059065,-0.1061436953419701
2439.028,32.31265533,32.42735873462064,33.57944582027634,32.659628934747076,-0.11470340462064144
2439.51,32.31387633,32.412188986359574,33.567133361053465,32.64577321472855,-0.09831265635957465
2439.992,32.28778904,32.39695787062877,33.55472480731267,32.63184325082956,-0.10916883062876792
2440.475,32.29104283,32.38163437225094,33.54219481049482,32.617810623187836,-0.0905915422509409
2440.957,32.27278006,32.366282719438935,33.52959595186913,32.60373415127953,-0.09350265943893277
2441.439,32.23771869,32.350872027335356,33.51690308819377,32.58958557332274,-0.11315333733535482
2441.921,32.23774574,32.33540307682409,33.50411692351864,32.575365607651456,-0.09765733682409206
2442.403,32.20401031,32.3198766514212,33.491238165849694,32.56107497566737,-0.11586634142119578
2442.885,32.21527238,32.30429353724652,33.47826752711083,32.546714401816196,-0.08902115724652049
2443.367,32.17853964,32.288654522995095,33.46520572310601,32.53228461356414,-0.11011488299509864
2443.849,32.18473503,32.27296039990808,33.45205347348076,32.517786341373686,-0.08822536990808061
2444.332,32.1537082,32.25717923272697,33.438783935951335,32.50319002879943,-0.10347103272697211
2444.814,32.15361844,32.241377165525236,33.4254527853181,32.488556853718286,-0.08775872552523367
2445.296,32.1475995,32.225522379854986,33.41203337218664,32.473857405358494,-0.07792287985498803
2445.778,32.11280105,32.20961567685276,33.398526431191215,32.459092425929995,-0.09681462685276188
2446.26,32.11937615,32.19365786005288,33.38493270061409,32.44426266051578,-0.07428171005287965
2446.742,32.09234038,32.17764973535683,33.37125292234653,32.42936885704665,-0.08530935535682715
2447.224,32.07337198,32.161592111002676,33.35748784184929,32.4144117662755,-0.08822013100267867
2447.706,32.06466201,32.145485797534036,33.343638208113376,32.399392141751655,-0.08082378753403674
2448.188,32.05585278,32.12933160776898,33.32970477362038,32.384310739794785,-0.07347882776898018
2448.671,32.04322041,32.11309669586102,33.31565912867157,32.36913684075839,-0.0698762858610138
2449.153,32.04261057,32.096849105806186,33.30156019394784,32.35393403962419,-0.054238535806184984
2449.635,32.0140155,32.08055609294156,33.28737973804364,32.33867174796275,-0.06654059294156411
2450.117,32.00750784,32.064218478869726,33.27311852701152,32.323350732915394,-0.05671063886972405
2450.599,31.98016878,32.04783708730774,33.258777330194704,32.307971764259875,-0.06766830730774132
2451.081,31.98117276,32.03141274405414,33.24435692018679,32.29253561438303,-0.05023998405413721
2451.563,31.96243249,32.01494627695616,33.229858072791274,32.27704305825293,-0.05251378695615827
2452.045,31.92739927,31.99843851587631,33.2152815669809,32.26149487339095,-0.07103924587631028
2452.528,31.93063436,31.981855918763316,33.2005977042808,32.24585941193216,-0.051221558763316466
2453.01,31.90687679,31.965267985851973,33.18586807398539,32.23020220088734,-0.05839119585197494
2453.492,31.89433751,31.948641262037114,33.17106314243989,32.214491710342614,-0.05430375203711435
2453.974,31.88564997,31.931976584908327,33.15618370089216,32.198728727753064,-0.04632661490832746
2454.456,31.86292829,31.91527479390011,33.141230543554464,32.182914042983526,-0.052346503900110974
2454.938,31.85172081,31.898536730257106,33.126204467562324,32.16704844827909,-0.04681592025710657
2455.42,31.81396206,31.881763236998864,33.111106272933114,32.15113273823545,-0.0678011769988629
2455.902,31.80807625,31.864955158884683,33.095936762524474,32.135167709768886,-0.056878908884684165
2456.385,31.79836001,31.84807836636695,33.080665050958295,32.119120889078275,-0.04971835636694877
2456.867,31.78317206,31.8312035922446,33.06535518495012,32.10305952548136,-0.04803153224460033
2457.349,31.75992442,31.81429677938921,33.04997643004688,32.0869512495007,-0.054372359389208924
2457.831,31.76841681,31.797358779163133,33.03452960005623,32.07079686703513,-0.02894196916313163
2458.313,31.74117986,31.780390444487708,33.019015511417194,32.05459718615056,-0.039210584487708644
2458.795,31.70463282,31.763392629806233,33.00343498315799,32.038353017048436,-0.058759809806232965
2459.277,31.69473644,31.746366191047017,32.98778883685394,32.022065172034125,-0.051629751047016725
2459.759,31.70817065,31.729311985585646,32.97207789658525,32.0057344654848,-0.02114133558564646
2460.241,31.67643331,31.7122308722076,32.95630298889455,31.989361713817416,-0.03579756220759833
2460.724,31.65633597,31.695088192555446,32.94043201867187,31.972913639272875,-0.03875222255544486
2461.206,31.6322473,31.677955793792428,32.92453153700109,31.95645917163992,-0.045708493792428584
2461.688,31.63624468,31.660799073338573,32.908569583618885,31.939965121759677,-0.024554393338572567
2462.17,31.61729465,31.643618895239435,32.89254699449772,31.923432313884547,-0.026324245239432997
2462.652,31.59417927,31.626416124757974,32.87646460785962,31.906861574141374,-0.03223685475797211
2463.134,31.58432093,31.60919162833553,32.860323264133285,31.89025373049806,-0.024870698335529795
2463.616,31.57191655,31.591946273552573,32.84412380591135,31.873609612729325,-0.02002972355257171
2464.098,31.54581265,31.574680929088778,32.82786707790736,31.856930052382737,-0.028868279088779758
2464.581,31.515323,31.55736058552734,32.81152002413813,31.840181170646062,-0.042037585527342713
2465.062,31.50798674,31.54009375109421,32.795185201753895,31.823467938801734,-0.03210701109421166
2465.545,31.48927433,31.522737708801458,32.7787276234106,31.806652208449414,-0.03346337880145711
2466.027,31.46758385,31.505401079660572,32.76225019344879,31.789839161782467,-0.03781722966057188
2466.509,31.44936938,31.48804882113449,32.74571974935415,31.772994857392447,-0.038679441134490844
2466.991,31.43656007,31.470681807653648,32.729137147664204,31.75612013673242,-0.03412173765364912
2467.473,31.41110991,31.4533009144632,32.712503246735096,31.73921584278122,-0.04219100446319857
2467.955,31.38654729,31.43590701758145,32.695818906697944,31.72228282000708,-0.04935972758145013
2468.438,31.38501896,31.418464869677834,32.67905022080821,31.705286697333534,-0.033445909677833896
2468.919,31.36874416,31.401083720431018,32.66230235843879,31.6883339730906,-0.032339560431019265
2469.402,31.33966341,31.383619908575795,32.645436911818635,31.67128451934917,-0.04395649857579542
2469.884,31.36215324,31.366182752323134,32.62855935407025,31.654245002788755,-0.004029512323132423
2470.366,31.31636745,31.348736984419105,32.61163568477629,31.63718100256817,-0.03236953441910373
2470.848,31.30254988,31.331283484634877,32.5946667738073,31.62009337131888,-0.028733604634876286
2471.33,31.29461809,31.313823133216996,32.577653492503586,31.60298296290079,-0.019205043216995676
2471.812,31.26760978,31.29635681084378,32.56059671363156,31.585850632363773,-0.028747030843778276
2472.294,31.28510287,31.27888539858201,32.543497311340005,31.568697235909497,0.006217471417990339
2472.776,31.25456158,31.261409777842626,32.52635616111614,31.551523630852415,-0.006848197842625581
2473.259,31.23495764,31.243894564114044,32.50913845051814,31.534294986030744,-0.008936924114042455
2473.741,31.21604338,31.226413167654275,32.49191635396652,31.517083502499062,-0.010369787654276763
2474.223,31.20495299,31.208930210404915,32.47465514536227,31.4998543903801,-0.003977220404916437
2474.705,31.18796159,31.191446574711943,32.457355705110324,31.482608511049285,-0.0034849847119424737
2475.187,31.18799243,31.17396314304312,32.44001891473475,31.46534672679752,0.014029286956880327
2475.669,31.18093292,31.15648079794287,32.422645656834504,31.448069900790856,0.024452122057130765
2476.151,31.14401277,31.139000421986992,32.405236815039714,31.430778897030216,0.005012348013007539
2476.633,31.10877891,31.121522897737158,32.387793273967574,31.413474580310577,-0.01274398773715646
2477.115,31.11070794,31.10404910769514,32.370315919178424,31.396157816180217,0.006658832304861306
2477.598,31.08159575,31.086543696569517,32.35276927513339,31.378793508538404,-0.004947946569515693
2478.08,31.06616335,31.069080034304644,32.3352268875937,31.36145442771144,-0.0029166843046439794
2478.562,31.03981604,31.051622754763514,32.31765335008015,31.344105502026178,-0.01180671476351236
2479.044,31.03628127,31.03417273974694,32.30004955148706,31.326747599631563,0.002108530253060792
2479.526,31.01694429,31.0167308707645,32.28241638143183,31.3093815892219,0.00021341923550011188
2480.008,31.02996564,30.99929802898753,32.26475473021085,31.292008339994556,0.03066761101247195
2480.49,30.97301417,30.981875095202163,32.24706548875548,31.274628721607378,-0.008860925202164083
2480.972,30.97804845,30.964462949762385,32.22934954858816,31.257243604136306,0.013585500237613957
2481.455,30.954049,30.94702638470651,32.211570966968274,31.239817775513487,0.00702261529349002
2481.937,30.95231462,30.92963848199943,32.19380425532774,31.2224242646684,0.02267613800056978
2482.419,30.94551619,30.912264007454098,32.17601352450205,31.205027868852238,0.03325218254590112
2482.901,30.93894707,30.894903839218824,32.1581996679388,31.18762945938209,0.044043230781177556
2483.383,30.90592642,30.877558854771202,32.14036357945665,31.170229907776328,0.02836756522879824
2483.865,30.87327639,30.86022993087014,32.12250615320147,31.152830085710676,0.013046459129860466
2484.347,30.86848243,30.842917943507256,32.10462828360252,31.135430864974115,0.02556448649274401
2484.829,30.86749991,30.825623767858833,32.08673086532845,31.118033117424584,0.04187614214116664
2485.312,30.85586316,30.808312457002387,32.06877760419985,31.100601627940186,0.04755070299761144
2485.794,30.80556554,30.791056568293623,32.050843737406716,31.083209449971488,0.014508971706376883
2486.276,30.79825955,30.773821113257785,32.0328930088001,31.065821362539232,0.024438436742215686
2486.758,30.79668967,30.75660696332006,32.01492631356845,31.04843823732953,0.040082706679939406
2487.24,30.79135942,30.739414988846015,31.99694454692057,31.03106094587261,0.05194443115398428
2487.722,30.75672521,30.72224605909219,31.97894860404213,31.013690359497662,0.03447915090780995
2488.204,30.74489921,30.705101042157118,31.960939380051876,30.996327349286926,0.03979816784288204
2488.686,30.73007575,30.68798080493152,31.942917769958004,30.97897278603009,0.04209494506848088
2489.168,30.70023251,30.670886213049055,31.924884668614713,30.961627540178092,0.02934629695094415
2489.651,30.70446054,30.653782748033233,31.906803525225964,30.944256528138805,0.05067779196676625
2490.133,30.66771202,30.636742096146783,31.888750105913008,30.92693255070742,0.03096992385321684
2490.615,30.64275831,30.619729680250515,31.87068788040846,30.90962050134198,0.023028629749486385
2491.097,30.62059486,30.602746360448965,31.85261774251475,30.89232124867433,0.017848499551035957
2491.579,30.60971256,30.585792995340242,31.83454058566302,30.875035660765107,0.02391956465975653
2492.061,30.60449629,30.568870441966055,31.816457302869964,30.857764605056765,0.03562584803394486
2492.543,30.58198106,30.551979555761235,31.79836878669433,30.84050894832629,0.03000150423876491
2493.025,30.58152895,30.53512119050386,31.780275929194083,30.82326955663827,0.0464077594961374
2493.508,30.55230789,30.518261326923042,31.76214207470918,30.806011582871186,0.0340465630769593
2493.99,30.5544432,30.50147062990054,31.744043204131156,30.78880735460543,0.05297257009946321
2494.472,30.50177179,30.48471500647274,31.725942666812497,30.771621986615806,0.017056783527259256
2494.954,30.48643978,30.4679953032823,31.707841352375752,30.754456341638907,0.018444476717700553
2495.436,30.47476316,30.451312365062538,31.689740149727513,30.737311281460155,0.023450794937460273
2495.918,30.47365227,30.43466703458689,31.671639947015812,30.72018766686562,0.038985235413107944
2496.4,30.45634317,30.41806015261848,31.653541631587412,30.703086357594056,0.03828301738152007
2496.882,30.44993936,30.40149255785917,31.635446089945155,30.686008212288392,0.04844680214082686
2497.365,30.43117826,30.384930839828094,31.617316677097882,30.668918732012195,0.04624742017190542
2497.846,30.4263632,30.368478574165835,31.599266869555702,30.65192484237687,0.057884625834166314
2498.329,30.38164555,30.351999778209656,31.5811474511301,30.63488607948474,0.029645771790342224
2498.811,30.39213745,30.335597765593818,31.56307186530463,30.61790920890425,0.05653968440618229
2499.293,30.37533464,30.319239202719203,31.545003473462767,30.60095977913559,0.05609543728079558
2499.775,30.3682891,30.302924914850564,31.526943156151198,30.584038641223202,0.0653641851494342
2500.257,30.3632172,30.286655724836166,31.508891792776353,30.567146644774276,0.07656147516383527
2500.739,30.3345083,30.270432453057047,31.490850261562795,30.55028463790988,0.0640758469429521
2501.221,30.32010918,30.25425591737607,31.47281943951124,30.533453467215505,0.06585326262392854
2501.703,30.28505157,30.238126933087447,31.454800202356726,30.516653977692,0.04692463691255355
2502.186,30.26823698,30.222013001419803,31.436756079624175,30.499852260864937,0.04622397858019767
2502.668,30.25325605,30.205981658130487,31.418762662765552,30.483118732197926,0.04727439186951443
2503.15,30.23365145,30.19000029786797,31.40078345180642,30.466419411442562,0.043651152132028415
2503.632,30.24280015,30.17406972513844,31.382819317000784,30.449755136762732,0.06873042486155967
2504.114,30.20144236,30.158190741625763,31.364871127129568,30.433126744489947,0.04325161837423863
2504.596,30.18084899,30.142364146141094,31.346939749459583,30.416535069073902,0.038484843858906714
2505.078,30.18277413,30.12659073457222,31.329026049702453,30.3999809430326,0.05618339542778017
2505.56,30.1628641,30.110871299833338,31.311130891973566,30.383465196902762,0.05199280016666208
2506.042,30.15764801,30.095206631814484,31.293255138751437,30.366988659189907,0.06244137818551465
2506.525,30.14087713,30.07956519156824,31.27536262791802,30.35051809787858,0.06131193843176064
2507.007,30.12351159,30.06401253200648,31.257528309111752,30.334122539768227,0.059499057993519955
2507.489,30.10206831,30.048516991803726,31.239715973796063,30.317768664610007,0.053551318196273456
2507.971,30.0679013,30.033079348244783,31.221926477491795,30.30145729228208,0.03482195175521596
2508.453,30.06543794,30.017700375339555,31.204160673880367,30.285189240382067,0.04773756466044432
2508.935,30.05810788,30.00238084377317,31.186419414763645,30.268965324177408,0.055727036226830506
2509.417,30.03749094,29.987121520856274,31.168703550023896,30.252786356555173,0.05036941914372761
2509.899,30.01651724,29.971923170475364,31.151013927584085,30.236653147972458,0.04459406952463496
2510.382,30.01394801,29.9567552139695,31.133314777849936,30.220533180596757,0.05719279603049898
2510.864,29.98757654,29.941681216807122,31.1156802345686,30.20449401061309,0.0458953231928767
2511.346,29.96435124,29.926670464359677,31.098074466946986,30.188503017623916,0.037680775640321684
2511.828,29.95898004,29.911723706315385,31.080498314669843,30.172561001861904,0.047256333684615015
2512.31,29.93567821,29.8968416886917,31.062952615265047,30.15666876088032,0.03883652130829773
2512.792,29.92185526,29.88202515378665,31.045438204064666,30.140827089503418,0.03983010621335126
2513.274,29.90510794,29.86727484012987,31.027955914165744,30.125036779776597,0.03783309987013084
2513.756,29.90305855,29.852591482434356,31.010506576391844,30.109298620916853,0.050467067565644896
2514.239,29.87606482,29.837945559444208,30.993054923081246,30.09358091288147,0.03811926055579207
2514.721,29.85195655,29.82339844499073,30.97567404539564,30.07794952411086,0.028558105009270918
2515.203,29.84363476,29.80892046874874,30.958328599984508,30.06237263800776,0.0347142912512588
2515.685,29.84291701,29.7945123496731,30.94101940818674,30.046851031973556,0.04840466032690216
2516.167,29.8154981,29.780174802661545,30.923747288875692,30.031385480333636,0.035323297338454296
2516.649,29.80900331,29.765908538507002,30.90651305842137,30.015976754288157,0.04309477149299923
2517.131,29.77827699,29.751714263850445,30.889317530652566,30.000625621862863,0.02656272614955313
2517.613,29.79155782,29.73759268113366,30.872161516819467,29.98533284786007,0.053965138866342244
2518.095,29.77996559,29.723544488552495,30.855045825555994,29.9700991938094,0.056421101447504896
2518.578,29.76874964,29.709541465572833,30.83793588174929,29.9548939998238,0.05920817442716597
2519.06,29.73721779,29.695642286478847,30.82090333870446,29.93978098350921,0.0415755035211518
2519.542,29.69427943,29.68181856758306,30.80391352971995,29.92472935316789,0.012460862416940444
2520.024,29.71448628,29.668070989623512,30.78696725258797,29.909739856744512,0.04641529037648695
2520.506,29.68170178,29.654400228860883,30.770065302299646,29.8948132386676,0.02730155113911792
2520.988,29.67419979,29.64080695703317,30.753208471008527,29.879950239801563,0.033392832966828934
2521.47,29.64762523,29.6272918413104,30.736397547994482,29.865151597398263,0.02033338868960044
2521.952,29.6599943,29.613855544249454,30.719633319627253,29.85041804504916,0.04613875575054749
2522.435,29.64585934,29.600471095573297,30.702881937171423,29.83571995058115,0.04538824442670375
2522.917,29.6298531,29.587194571751446,30.686213546318402,29.821118903048024,0.042658528248551875
2523.399,29.61267441,29.57399882747845,30.669594193012905,29.806585125396968,0.03867558252154879
2523.881,29.60951899,29.56088450640451,30.653024651620665,29.792119336092178,0.048634483595492384
2524.363,29.58848376,29.547852247345617,30.636505693419345,29.77772224969937,0.04063151265438236
2524.845,29.57048675,29.5349026842404,30.620038086563394,29.76339457683879,0.03558406575960049
2525.327,29.56938821,29.522036446106952,30.6036225960492,29.749137024138303,0.047351763893047405
2525.809,29.54875009,29.509254157000164,30.587259983680443,29.734950294186692,0.03949593299983434
2526.292,29.54444145,29.496530180484697,30.57091722826411,29.720805875650367,0.047911269515303445
2526.773,29.51294189,29.483943897015447,30.554696424422787,29.70679209241105,0.028997992984553633
2527.256,29.51528391,29.4713912495462,30.538463433913616,29.6927930978301,0.04389266045379969
2527.738,29.51843836,29.458951076217392,30.522320003838395,29.67889675574697,0.05948728378260881
2528.22,29.49328601,29.44659789750313,30.506233213375676,29.665074688559613,0.046688112496870104
2528.702,29.4625882,29.43433230678796,30.490203804446633,29.65132757364385,0.028255893212037364
2529.184,29.47654975,29.42215489220278,30.474232515541818,29.637656084015116,0.0543948577972202
2529.666,29.45669363,29.41006623658476,30.45832008168799,29.624060888283477,0.04662739341523903
2530.148,29.43809543,29.39806691743756,30.442467234414963,29.61054265060887,0.04002851256244
2530.63,29.43425736,29.386157506891966,30.426674701722984,29.59710203065662,0.04809985310803455
2531.113,29.3996799,29.37431414549329,30.41091063404684,29.58371204265775,0.025365754506708527
2531.595,29.40630772,29.362586436308757,30.395241029115315,29.57042878336102,0.043721283691244395
2532.077,29.39894385,29.350950320639246,30.37963390274652,29.557225094708592,0.04799352936075252
2532.559,29.3738887,29.3394063487256,30.364089968490287,29.54410161793732,0.03448235127439858
2533.041,29.36763001,29.327955065244172,30.34860993620564,29.53105898957075,0.03967494475582711
2533.523,29.34852489,29.316597009269667,30.333194512029234,29.518097841375983,0.0319278807303327
2534.005,29.34320484,29.305332714238375,30.31784439834393,29.505218800321014,0.037872125761623465
2534.487,29.32982257,29.294162707911862,30.30256029374761,29.492422488532455,0.03565986208813854
2534.969,29.32402344,29.283087512341062,30.287342893022334,29.479709523253636,0.040935927658939164
2535.452,29.3033619,29.272084963467822,30.27216152608977,29.46705440324134,0.031276936532176336
2535.934,29.29696606,29.26120113190096,30.25707974399532,29.45451013904542,0.035764928099037974
2536.416,29.26034268,29.250413643666164,30.242066728328947,29.442051044616374,0.009929036333836905
2536.898,29.25915032,29.23972299760826,30.227123158295193,29.429677717238427,0.0194273223917385
2537.38,29.25644682,29.22912968668786,30.212249709130976,29.41739074910673,0.027317133312141806
2537.862,29.25868736,29.218634197947882,30.19744705207577,29.405190727286794,0.04005316205211784
2538.344,29.24701583,29.208237012480723,30.182715854342298,29.39307823367509,0.03877881751927603
2538.826,29.21551036,29.197938605395635,30.168056779087173,29.381053844959194,0.017571754604364997
2539.309,29.21669755,29.18771838919417,30.153440299472937,29.369093462262427,0.02897916080582874
2539.791,29.22205538,29.17761914745397,30.138927595310804,29.357247178105595,0.044436232546029686
2540.273,29.19980572,29.16762007414815,30.124488979817038,29.34549069842291,0.03218564585185035
2540.755,29.19370921,29.157721620124637,30.110125099627094,29.33382457866762,0.03598758987536499
2541.237,29.16830865,29.14792423009236,30.09583659717745,29.322249368891924,0.020384419907639284
2541.719,29.1692609,29.138228342591496,30.08162411067754,29.310765613709478,0.031032557408504857
2542.201,29.14360459,29.128634389964308,30.067488274082248,29.299373852258643,0.01497020003569105
2542.683,29.14249196,29.11914279832621,30.053429717064308,29.288074618165556,0.023349161673792196
2543.166,29.12094654,29.109734615805284,30.039420140898407,29.276845287269186,0.01121192419471484
2543.648,29.13767919,29.100449213965188,30.025518178348715,29.26573288122585,0.03722997603481204
2544.13,29.12232807,29.0912674146573,30.011695359705875,29.254714571052986,0.031060655342699306
2544.612,29.09249212,29.08218961879835,29.99795229723535,29.243790867958662,0.010302501201650216
2545.094,29.10303331,29.073216220941653,29.984289598786635,29.2329622774617,0.02981708905834779
2545.576,29.06373791,29.06434760925104,29.970707867767278,29.22222929935739,-0.0006096992510400412
2546.058,29.07683999,29.055584165475775,29.957207703117056,29.211592427683886,0.02125582452422492
2546.54,29.06909675,29.04692626492557,29.943789699282476,29.2010521506886,0.022170485074429536
2547.022,29.04477481,29.038374276446337,29.930454446191323,29.190608950795486,0.006400533553662768
2547.505,29.04313195,29.029911150888008,29.91717512265532,29.180241942310218,0.013220799111991255
2547.987,29.04341109,29.021572288704945,29.904007297336662,29.169994524291752,0.02183880129505411
2548.469,29.04715469,29.01334040683057,29.89092396637383,29.15984559634065,0.03381428316943058
2548.951,29.04420206,29.005215848009417,29.87792570136185,29.149795617253215,0.03898621199058283
2549.433,29.01255875,28.997198948408503,29.86501306925403,29.13984503984392,0.015359801591497302
2549.915,28.99311414,28.989290037596234,29.852186632338015,29.12999431091507,0.003824102403765295
2550.397,29.00929285,28.981489438521805,29.839446948212235,29.120243871226965,0.027803411478195983
2550.879,28.98895649,28.97379746749512,29.826794569762427,29.110594155468416,0.01515902250487855
2551.362,28.98353373,28.966198815184644,29.814204069361697,29.1010258873726,0.01733491481535765
2551.844,28.97124281,28.958725249479553,29.80172812591349,29.09157911028124,0.012517560520446835
2552.326,28.97821277,28.9513612213314,29.78934111940516,29.082234325327963,0.02685154866859918
2552.808,28.98606403,28.944107020289348,29.777043583633073,29.072991942618476,0.04195700971065364
2553.29,28.95091325,28.936962929171145,29.76483604756786,29.063852366047314,0.013950320828854501
2553.772,28.93453296,28.929929224046365,29.752719035332277,29.05481599327091,0.004603735953633503
2554.254,28.92697065,28.923006174220294,29.740693066179837,29.045883215681865,0.003964475779707044
2554.736,28.9159377,28.916194042218255,29.728758654473275,29.037054418383242,-0.00025634221825399095
2555.219,28.92224056,28.909479297105488,29.716891836537496,29.028311988409694,0.01276126289451085
2555.7,28.92941888,28.902903547797873,29.70516653626884,29.019710273472135,0.026515332202126984
2556.183,28.91155734,28.896412353069756,29.693485746915115,29.0111781087303,0.015144986930245352
2556.665,28.89519838,28.890046613899617,29.68192280470173,29.002769176127643,0.005151766100382815
2557.147,28.90054949,28.883793003440168,29.6704539186677,28.994466054854694,0.01675648655983153
2557.629,28.88452214,28.877651743226256,29.6590795733866,28.98626909175532,0.0068703967737455685
2558.111,28.89324298,28.871623047919467,29.64780024839887,28.978178627219073,0.021619932080533033
2558.593,28.89339246,28.86570712529667,29.63661641819241,28.97019499515959,0.027685334703331677
2559.075,28.86508473,28.85990417623997,29.625528552183646,28.962318522993655,0.005180553760030904
2559.557,28.87609701,28.85421439472641,29.614537114698717,28.95454953162082,0.021882615273590034
2560.04,28.86025524,28.848626516426606,29.603620063184998,28.946872553072804,0.01162872357339495
2560.522,28.85751464,28.84316385999736,29.59282305769504,28.939319684411934,0.014350780002640562
2561.004,28.84291793,28.837814911875643,29.582123843907667,28.931875220560617,0.0051030181243554296
2561.486,28.83561869,28.832579838317592,29.571522865594495,28.92453945614169,0.00303885168240825
2561.968,28.82836842,28.827458798633728,29.56102056134692,28.917312679166564,0.0009096213662722619
2562.45,28.83000159,28.822451945182664,29.550617364558736,28.910195171017698,0.007549644817334666
2562.932,28.83284395,28.81755942336533,29.540313703409428,28.90318720643226,0.015284526634669504
2563.414,28.80877566,28.812781371619675,29.530110000847298,28.896289053485717,-0.004005711619676333
2563.896,28.80351976,28.808117921416194,29.52000667457327,28.88950097357646,-0.004598161416193847
2564.379,28.8077879,28.80355987940681,29.50998348992491,28.882809482011503,0.004228020593192383
2564.861,28.79398903,28.799126237191455,29.50008235862896,28.87624253525192,-0.005137207191456383
2565.343,28.80869248,28.79480754930949,29.490282825907208,28.86978640600766,0.01388493069051222
2565.825,28.80120908,28.790603919312602,29.48058528830107,28.863441328809714,0.010605160687397586
2566.307,28.78128108,28.78651544377082,29.470990137026487,28.857207531442203,-0.005234363770821204
2566.789,28.77075638,28.78254221227144,29.461497757959183,28.85108523493022,-0.011785832271439034
2567.271,28.79360256,28.77868430741869,29.452108531620254,28.845074653528297,0.014918252581310298
2567.753,28.7679649,28.774941804833567,29.44282283316176,28.83917599470897,-0.006976904833567943
2568.236,28.75185236,28.771307368268516,29.433622091228603,28.8333775705795,-0.019455008268515428
2568.718,28.75784888,28.767796108907504,29.424544769128296,28.827703585383915,-0.009947228907503103
2569.2,28.75436141,28.7644004368957,29.415572068751974,28.822142104776482,-0.010039026895697134
2569.682,28.74178942,28.76112039992077,29.406704343627883,28.816693308988757,-0.019330979920770375
2570.164,28.74291956,28.75795603869695,29.397941941848227,28.811357371423433,-0.015036478696949018
2570.646,28.7454518,28.75490738696869,29.389285206056613,28.806134458646707,-0.009455586968687868
2571.128,28.73813698,28.75197447151494,29.38073447343575,28.801024730381183,-0.013837491514941291
2571.61,28.73762684,28.749157312153987,29.372290075695357,28.79602833949934,-0.011530472153985727
2572.093,28.72592007,28.746450437551324,29.363935151948965,28.79113541956736,-0.020530367551323536
2572.575,28.72180169,28.743865062214415,29.35570461943199,28.786366370511676,-0.02206337221441501
2573.057,28.71651175,28.7413954607096,29.34758138461899,28.781711076566754,-0.02488371070960227
2573.539,28.69931378,28.739041625058718,29.339565757201605,28.77716966313639,-0.03972784505871729
2574.021,28.70577344,28.73680354035608,29.331658041342468,28.772742248750305,-0.031030100356080226
2574.503,28.70123038,28.734681184776964,29.323858535664794,28.768428945060908,-0.03345080477696527
2574.985,28.7098092,28.73267452958649,29.31616753324235,28.76422985684102,-0.0228653295864909
2575.467,28.69665267,28.730783539149204,29.308585321589558,28.760145081981797,-0.03413086914920527
2575.949,28.69108431,28.729008170939167,29.301112182652023,28.756174711491532,-0.03792386093916633
2576.432,28.68233715,28.727345052091493,29.29373322908178,28.752310948804844,-0.045007902091494856
2576.914,28.66694101,28.725801012848038,29.28647928679491,28.74856987030635,-0.05886000284803927
2577.396,28.66791268,28.724372426883036,29.279335230100212,28.74494342803859,-0.05645974688303568
2577.878,28.6444269,28.723059224207248,29.27230131856648,28.741431685462306,-0.07863232420724842
2578.36,28.66066363,28.72186132800018,29.265377806150067,28.738034699157563,-0.061197698000182044
2578.842,28.65903806,28.720778654623725,29.258564941187178,28.734752518825722,-0.06174059462372483
2579.324,28.6612226,28.719811113636208,29.251862966386135,28.731585187292357,-0.05858851363620943
2579.806,28.65514021,28.718958607807057,29.2452721188201,28.728532740510392,-0.06381839780705789
2580.289,28.66513693,28.7182196222891,29.23877930291169,28.725589232566605,-0.05308269228910234
2580.771,28.66056522,28.717597106103163,29.232411630193752,28.722766874151155,-0.05703188610316445
2581.253,28.6547926,28.717089292555226,29.2261557625016,28.72005946717736,-0.06229669255522552
2581.735,28.66539982,28.716696057403276,29.220011914288715,28.71746702013854,-0.0512962374032746
2582.217,28.64429724,28.71641726969831,29.213980294341106,28.71498953468083,-0.07212002969831133
2582.699,28.66460144,28.716252791802223,29.20806110577166,28.712627005609775,-0.051651351802224355
2583.181,28.64993432,28.71620247940635,29.20225454601486,28.710379420897855,-0.06626815940634856
2583.663,28.66640847,28.716266181550665,29.196560806821687,28.70824676169233,-0.049857711550664874
2584.146,28.64634661,28.716444227264287,29.190968613567644,28.706224935517664,-0.0700976172642882
2584.627,28.66459663,28.716734992480657,29.18551252868431,28.70432611031513,-0.052138362480658174
2585.11,28.67073969,28.717140723931823,29.18014735447485,28.70253445604772,-0.046401033931822155
2585.592,28.64972638,28.71765907727155,29.17490693692714,28.70086141223017,-0.06793269727154794
2586.074,28.64321838,28.71829059089693,29.16978021362082,28.69930309747792,-0.07507221089693061
2586.556,28.6475635,28.719035074356615,29.164767342103506,28.6978594521713,-0.07147157435661455
2587.038,28.63738824,28.71989233069634,29.15986847421169,28.696530409936766,-0.08250409069633946
2587.52,28.66326125,28.72086215648236,29.155083756068034,28.695315897659473,-0.05760090648236016
2588.002,28.6537671,28.72194434182511,29.150413328078706,28.694215835496134,-0.06817724182511142
2588.484,28.65572301,28.723138670403728,29.14585732493124,28.693230136888687,-0.0674156604037286
2588.967,28.64102651,28.724447745734135,29.141406780132073,28.69235701935122,-0.08342123573413573
2589.449,28.66191726,28.72586591770295,29.13708024588988,28.691599998152594,-0.06394865770295155
2589.931,28.66149318,28.727395545112056,29.132868506459516,28.690957040462436,-0.0659023651120556
2590.413,28.67153697,28.729036386155055,29.12877167362493,28.69042803299617,-0.05749941615505705
2590.895,28.66894247,28.73078819272336,29.12478985344431,28.69001285583045,-0.06184572272335842
2591.377,28.67056303,28.7326507104334,29.120923146249506,28.689711382419954,-0.062087680433400294
2591.859,28.66814513,28.734623678654472,29.117171646645744,28.689523479614824,-0.066478548654473
2592.341,28.67272912,28.73670683053696,29.11353544351155,28.689449007678515,-0.06397771053696033
2592.823,28.67962306,28.738899893041037,29.11001461999912,28.68948782030628,-0.059276833041035815
2593.306,28.67005158,28.741207478103778,29.10660230852704,28.689640197371915,-0.07115589810377898
2593.788,28.64822696,28.743619744675556,29.103312710568755,28.689905348248196,-0.0953927846755569
2594.27,28.66144588,28.746141065291635,29.100138707468062,28.690283305206275,-0.08469518529163622
2594.752,28.65022296,28.74877114243539,29.09708035946784,28.690773895849908,-0.09854818243539043
2595.234,28.67236821,28.751509672550714,29.09413772109004,28.691376941314825,-0.07914146255071586
2595.716,28.66094287,28.754356346073305,29.091310841137684,28.6920922562901,-0.09341347607330519
2596.198,28.64464452,28.757310847462673,29.088599762696933,28.692919649040416,-0.11266632746267291
2596.68,28.64995311,28.760372855234458,29.08600452313971,28.69385892142853,-0.1104197452344593
2597.163,28.66190179,28.763548728251504,29.083520130673264,28.6949121652681,-0.10164693825150195
2597.645,28.64887074,28.76682498204505,29.081156898627817,28.696074808058476,-0.11795424204505167
2598.127,28.64026854,28.770207741725045,29.078909583360826,28.697348697439754,-0.12993920172504403
2598.609,28.65101981,28.77369666235163,29.076778199405496,28.698733609889935,-0.12267685235162773
2599.091,28.66722262,28.77729139320924,29.074762755597284,28.70022931560562,-0.11006877320923891
2599.573,28.65388345,28.780991577841483,29.07286325507805,28.701835578527458,-0.12710812784148473
2600.055,28.65380558,28.784796854086316,29.071079695300448,28.703552156366317,-0.13099127408631617
2600.537,28.65768712,28.788706854111805,29.069412068032566,28.705378800629614,-0.13101973411180623
2601.02,28.66630604,28.792729641189553,29.06785726053477,28.70731938816126,-0.1264236011895541
2601.502,28.64758163,28.796848178091413,29.066421691307788,28.709365622126818,-0.14926654809141127
2601.984,28.67214559,28.801070300817084,29.06510199578038,28.71152113953133,-0.1289247108170848
2602.466,28.66648513,28.805395619207737,29.063898143023135,28.713785667330868,-0.13891048920773486
2602.948,28.67505206,28.809823737618707,29.06281009644955,28.716158926417712,-0.13477167761870845
2603.43,28.69164951,28.81435425495741,29.061837813822486,28.71864063164982,-0.12270474495741013
2603.912,28.68891393,28.81898676472176,29.06098124726065,28.72123049188037,-0.13007283472176212
2604.394,28.68137051,28.823720855038662,29.0602403432455,28.72392820998819,-0.14235034503866117
2604.876,28.69214515,28.828556108702962,29.05961504262832,28.72673348290805,-0.13641095870296027
2605.359,28.67755612,28.833502448293448,29.059104343094322,28.729652155496264,-0.15594632829344945
2605.841,28.67920623,28.83853896357671,29.058710288827267,28.732671826742163,-0.1593327335767114
2606.323,28.69357018,28.843675358091666,29.05843162664299,28.735798107582685,-0.15010517809166757
2606.805,28.68847405,28.84891119369141,29.058268274937188,28.739030671480013,-0.1604371436914107
2607.287,28.68999805,28.854246027097066,29.05822014651508,28.742369186111983,-0.16424797709706596
2607.769,28.69782394,28.859679409938842,29.058287148600062,28.745813313405424,-0.1618554699388426
2608.251,28.71900022,28.865210888797307,29.05846918284279,28.74936270956951,-0.1462106687973055
2608.733,28.71230278,28.87084000524503,29.058766145330377,28.75301702512988,-0.158537225245027
2609.216,28.71712707,28.876578276847567,29.059178900188773,28.756783811913795,-0.1594512068475673
2609.698,28.72166869,28.882401473513237,29.059705623072343,28.760647111092695,-0.16073278351323594
2610.18,28.72361876,28.888320901870923,29.060346928921547,28.76461424672328,-0.16470214187092225
2610.662,28.72026487,28.894336083872663,29.06110269165572,28.768684846932988,-0.17407121387266145
2611.144,28.73905401,28.90044653667496,29.061972779680936,28.772858534341502,-0.16139252667495896
2611.626,28.72469807,28.906651772681723,29.062957055900718,28.777134926096984,-0.1819537026817244
2612.108,28.72225867,28.912951299588247,29.064055377727264,28.78151363391272,-0.1906926295882485
2612.59,28.73263541,28.919344620424763,29.065267597092735,28.785994264104172,-0.18670921042476252
2613.073,28.73084045,28.925844787930956,29.066596429549296,28.79058602942239,-0.19500433793095695
2613.554,28.74855693,28.932410632948343,29.06803310883859,28.795259690111113,-0.18385370294834402
2614.037,28.74730754,28.939096244981236,29.069589417499444,28.800053701579753,-0.19178870498123501
2614.519,28.75777087,28.945859869923172,29.07125587193218,28.804938185430988,-0.18808899992317052
2615.001,28.7694479,28.952714734439798,29.073035401409683,28.809922542710172,-0.18326683443979874
2615.483,28.7736113,28.95966031449625,29.07492782522523,28.815006348131632,-0.18604901449625189
2615.965,28.77877088,28.966696081706225,29.076932957278714,28.82018917128065,-0.18792520170622495
2616.447,28.79045625,28.973821503377838,29.07905060608995,28.825470576653206,-0.18336525337783982
2616.929,28.78293394,28.981036042559285,29.081280574812407,28.830850123695964,-0.19810210255928595
2617.411,28.80777418,28.988339158084994,29.08362266124699,28.836327366846614,-0.18056497808499472
2617.894,28.80438106,28.995745730078397,29.08608186531904,28.84191352167515,-0.19136467007839641
2618.376,28.78640375,29.003224539095704,29.08864779075377,28.847585000854785,-0.2168207890957028
2618.858,28.81687664,29.010790274989365,29.09132519487281,28.85335280884925,-0.19391363498936443
2619.34,28.82195861,29.018442380195246,29.094113854199914,28.859216480459665,-0.19648377019524688
2619.822,28.81532851,29.026180293168863,29.097013539979578,28.86517554568436,-0.210851783168863
2620.304,28.84860805,29.034003448432454,29.100024018192286,28.871229529760864,-0.18539539843245478
2620.786,28.82303827,29.041911276622308,29.10314504957025,28.877377953208395,-0.21887300662230658
2621.268,28.84182214,29.049903204536452,29.106376389613242,28.883620331870425,-0.2080810645364508
2621.75,28.84572365,29.05797865518204,29.109717788604645,28.88995617695736,-0.21225500518204043
2622.233,28.84122812,29.066154059762116,29.113176265761453,28.8963984291874,-0.22492593976211595
2622.715,28.86676157,29.0743949802242,29.116737239712023,28.902919913776163,-0.20763341022419723
2623.197,28.8747351,29.082717668949154,29.120407491772045,28.909533370009108,-0.20798256894915568
2623.679,28.88228015,29.091121534252718,29.124186751514703,28.916238290989345,-0.20884138425271814
2624.161,28.9015885,29.09960598090012,29.12807474338096,28.923034165405113,-0.19801748090011984
2624.643,28.89394918,29.108170410154607,29.132071186697196,28.929920477574207,-0.2142212301546067
2625.125,28.87874856,29.116814219825677,29.136175795692836,28.936896707488128,-0.23806565982567918
2625.607,28.91172093,29.125536804318006,29.140388279518486,28.943962330857197,-0.21381587431800497
2626.09,28.91532405,29.13435589432714,29.144717416669906,28.951131754497958,-0.21903184432714085
2626.572,28.91441128,29.14323435856058,29.149144979635384,28.958374757712793,-0.22882307856058048
2627.054,28.91963843,29.152189759606557,29.153679513952994,28.9657055551577,-0.232551329606558
2627.536,28.94064074,29.16122147873122,29.1583207086322,28.973123605860327,-0.22058073873122197
2628.018,28.94521811,29.170328894040292,29.163068247697172,28.980628364793688,-0.22511078404029305
2628.5,28.95598685,29.1795113805281,29.167921810206195,28.98821928292205,-0.22352453052810262
2628.982,28.97031319,29.188768310126765,29.17288107027122,28.99589580724693,-0.21845512012676593
2629.464,28.96054632,29.19809905175549,29.17794569707772,29.003657380853312,-0.23755273175549263
2629.947,28.96785697,29.20752255720341,29.183126189279978,29.01151980852768,-0.2396655872034117
2630.429,28.98223366,29.21699916768046,29.188400754363368,29.01944996804447,-0.23476550768046067
2630.911,28.99236918,29.22654767803018,29.193779663666106,29.027463481880147,-0.23417849803017887
2631.393,28.98548518,29.23616744560735,29.199262566860728,29.03555977791126,-0.25068226560734885
2631.875,29.00463702,29.245857825000847,29.204849108796054,29.043738280331425,-0.24122080500084664
2632.357,29.00940804,29.25561816808287,29.21053892951815,29.051998409698257,-0.24621012808286835
2632.839,29.02666011,29.265447824058608,29.216331664291843,29.06033958298072,-0.23878771405860633
2633.321,29.01434723,29.27534613951561,29.222226943622285,29.068761213606514,-0.2609989095156102
2633.803,29.04200477,29.285312458473335,29.228224393276808,29.077262711509306,-0.24330768847333673
2634.286,29.05569933,29.295367008709675,29.234336393880408,29.085861367598813,-0.23966767870967587
2634.768,29.07050049,29.305467494362336,29.240537252631583,29.09452097872676,-0.23496700436233553
2635.25,29.08396088,29.315633999281793,29.246839129992726,29.10325866519732,-0.23167311928179402
2635.732,29.1065767,29.325865857705338,29.25324163299274,29.11207382343888,-0.21928915770533663
2636.214,29.09486454,29.336162401549753,29.259744364034955,29.120965846624845,-0.24129786154975363
2636.696,29.12399246,29.346522960460696,29.26634692092035,29.129934124721817,-0.2225305004606959
2637.178,29.10022352,29.356946861862205,29.27304889687082,29.13897804453772,-0.25672334186220525
2637.66,29.13989588,29.367433431006095,29.279849880552586,29.148096989769943,-0.22753755100609396
2638.143,29.12885007,29.378003939969183,29.28676387276718,29.15730949131016,-0.24915386996918443
2638.625,29.15295531,29.38861393840692,29.293761823041887,29.166576778695774,-0.2356586284069202
2639.107,29.16794067,29.399284566387365,29.300857519065026,29.175917223109405,-0.23134389638736508
2639.589,29.18040091,29.410015140962432,29.30805053151029,29.185330196283726,-0.22961423096243294
2640.071,29.17102144,29.420804977258147,29.315340426616313,29.194815067082832,-0.24978353725814628
2640.553,29.21212914,29.4316533885238,29.322726766211463,29.204371201550835,-0.21952424852380048
2641.035,29.20318258,29.44255968618107,29.33020910773865,29.213997962960477,-0.23937710618107033
2641.517,29.22015789,29.453523179872793,29.337787004280433,29.223694711861473,-0.23336528987279337
2642.0,29.22144802,29.464566098832446,29.345476022216918,29.233481139373332,-0.2431180788324454
2642.481,29.23001469,29.475618985331057,29.353227653088506,29.243295601014466,-0.24560429533105577
2642.964,29.2391052,29.48677305793812,29.361105898398954,29.25321906480826,-0.24766785793811863
2643.446,29.25480204,29.497958510506304,29.36906165347084,29.263189455581458,-0.24315647050630318
2643.928,29.27110702,29.509197680900236,29.37711066348101,29.27322659609814,-0.23809066090023734
2644.41,29.28207774,29.52048986911122,29.38525245587908,29.28332983158721,-0.23841212911122156
2644.892,29.27225597,29.531834373692444,29.393486553935308,29.29349850489524,-0.2595784036924442
2645.374,29.29826434,29.54323049180707,29.40181247676729,29.30373195653518,-0.24496615180706982
2645.856,29.28763593,29.55467751927656,29.410229739366734,29.314029524734938,-0.26704158927655897
2646.338,29.30309773,29.566174750628495,29.41873785262631,29.324390545485915,-0.2630770206284936
2646.821,29.29112101,29.57774548597416,29.427354256099918,29.3348360435505,-0.28662447597415763
2647.303,29.34712512,29.58934110422397,29.436042773010428,29.345322096854712,-0.24221598422396795
2647.785,29.33658077,29.60098480118262,29.444820647893724,29.355869596358268,-0.2644040311826181
2648.267,29.33830882,29.612675866678163,29.453687375511578,29.36647786958795,-0.2743670466781616
2648.749,29.34851007,29.624413589483318,29.462642446664375,29.377146242076773,-0.27590351948331815
2649.231,29.35563854,29.636197257362642,29.471685348219072,29.38787403741215,-0.2805587173626414
2649.713,29.3630578,29.648026157119556,29.480815563137288,29.398660577284286,-0.28496835711955626
2650.195,29.36997965,29.65989957464358,29.49003257050388,29.409505181534577,-0.2899199246435771
2650.677,29.39658976,29.67181679495688,29.499335845555205,29.42040716820352,-0.2752270349568775
2651.16,29.40437764,29.683801960468518,29.508744427747327,29.431388647903827,-0.27942432046851806
2651.642,29.41280216,29.69580472535136,29.518218824848866,29.442403462065887,-0.28300256535136015
2652.124,29.4299964,29.707849141863743,29.527777891425558,29.453473601017524,-0.2778527418637431
2652.606,29.45948993,29.719934492022702,29.53742108760105,29.464598376073468,-0.26044456202270183
2653.088,29.44649086,29.732060057209907,29.547147869795683,29.475777096987635,-0.2855691972099059
2653.57,29.47479291,29.744225118217447,29.556957690756043,29.487009072000717,-0.2694322082174452
2654.052,29.45807812,29.756428955293632,29.56684999958457,29.498293607888098,-0.2983508352936326
2654.534,29.46952268,29.768670848188414,29.57682424176935,29.509630010007044,-0.29914816818841317
2655.017,29.49138573,29.780975590085017,29.586900805691233,29.521041260720757,-0.28958986008501597
2655.499,29.50224841,29.79329150731267,29.597037403822124,29.532479409929493,-0.2910430973126701
2655.981,29.49199559,29.805643315573892,29.607254249211564,29.54396733195678,-0.31364772557389387
2656.463,29.500663,29.818030293076024,29.617550773184078,29.555504326958435,-0.31736729307602474
2656.945,29.52352747,29.830451717752936,29.62792640360114,29.567089693908553,-0.30692424775293503
2657.427,29.53892996,29.84290686730949,29.638380564891992,29.578722730646046,-0.30397690730949023
2657.909,29.56783474,29.855395019265522,29.64891267808435,29.590402733921483,-0.28756027926552363
2658.391,29.5656726,29.86791545099998,29.65952216083535,29.602128999443593,-0.30224285099998127
2658.874,29.58650785,29.880493513567245,29.67023067754908,29.61392529166059,-0.29398566356724487
2659.356,29.57747857,29.893076399870505,29.68099329652899,29.625742057183928,-0.3155978298705051
2659.838,29.62068626,29.905689396180566,29.691831516895935,29.637602964825323,-0.28500313618056694
2660.32,29.60926422,29.918331779748343,29.702744743131017,29.649507306587743,-0.30906755974834255
2660.802,29.6140706,29.931002827900745,29.713732376501888,29.661454373663254,-0.31693222790074316
2661.284,29.63441856,29.943701818083344,29.724793815094497,29.673443456478797,-0.3092832580833438
2661.766,29.64801058,29.95642802790281,29.73592845384513,29.685473844741715,-0.30841744790280856
2662.248,29.64827261,29.969180735169218,29.747135684572314,29.697544827485103,-0.3209081251692183
2662.73,29.68256192,29.9819592179382,29.758414896009217,29.709655693113177,-0.29939729793819936
2663.213,29.70834041,29.994789343449504,29.769789096509776,29.721830977213997,-0.2864489334495026
2663.695,29.69403163,30.00761726231388,29.78121056952354,29.73401955058049,-0.3135856323138775
2664.177,29.7025127,30.020468791242045,29.792702169967082,29.746245867240216,-0.3179560912420456
2664.659,29.72314274,30.03334320968831,29.80426327454983,29.75850921352972,-0.3102004696883114
2665.141,29.74002147,30.046239797559263,29.815893257058573,29.770808875380244,-0.3062183275592645
2665.623,29.74337651,30.059157835254535,29.82759148839038,29.783144138362164,-0.31578132525453384
2666.105,29.75752351,30.072096603707152,29.83935733658569,29.795514287728647,-0.31457309370715336
2666.587,29.75913811,30.085055384423796,29.85119016686137,29.80791860845984,-0.3259172744237979
2667.07,29.79006095,30.098060404550417,29.86311409724976,29.820382224103763,-0.30799945455041566
2667.552,29.78988459,30.111057094605545,29.875079111857215,29.83285280881267,-0.3211725046055456
2668.034,29.81159421,30.12407164379844,29.887109186250605,29.84535541713799,-0.31247743379844195
2668.516,29.8204613,30.13710333632852,29.89920367468081,29.857889333401168,-0.31664203632851695
2668.998,29.8358999,30.150151457166025,29.91136192874254,29.870453841866823,-0.31425155716602404
2669.48,29.81132124,30.16321529209085,29.92358329740833,29.883048226785224,-0.3518940520908487
2669.962,29.84750046,30.17629412773071,29.93586712706219,29.895671772434817,-0.32879366773071084
2670.444,29.86323263,30.18938725159958,29.948212761533814,29.908323763164375,-0.3261546215995814
2670.927,29.88148321,30.202521158079975,29.960645345444206,29.92102981823711,-0.3210379480799759
2671.408,29.87699584,30.215613518738,29.973086807681636,29.933710217862146,-0.3386176787380002
2671.891,29.89155119,30.228772498189763,29.985639946081697,29.94646969518007,-0.33722130818976126
2672.373,29.88832722,30.241915692173546,29.99822631026301,29.959228364925956,-0.35358847217354494
2672.855,29.92168439,30.255069625099562,30.010871159901736,29.972011902531147,-0.33338523509956275
2673.337,29.93236486,30.268233590588117,30.02357382421561,29.984819593641827,-0.3358687305881176
2673.819,29.9397153,30.281406883405747,30.036333630108626,29.997650724263842,-0.3416915834057477
2674.301,29.9553065,30.294588799501142,30.049149902205837,30.010504580803506,-0.33928229950114286
2674.783,29.95924395,30.307778636041203,30.062021962888117,30.023380450107595,-0.3485346860412015
2675.265,29.97385698,30.320975691446296,30.07494913232711,30.036277619503455,-0.3471187114462957
2675.748,29.98103219,30.334206665023764,30.08795771739466,30.049222198072407,-0.35317447502376353
2676.23,29.99345031,30.34741606995913,30.1009931669867,30.062159872252256,-0.3539657599591308
2676.712,29.99644259,30.360630595448086,30.114081671519315,30.075116710310855,-0.36418800544808505
2677.194,30.02092066,30.373849545278503,30.12722254267355,30.088092001894097,-0.3529288852785015
2677.676,30.02111017,30.387072224665573,30.140415090096973,30.101085037324932,-0.3659620546655731
2678.158,30.02913566,30.40029794028582,30.15365862143909,30.11409510764173,-0.37116228028581943
2678.64,30.04705651,30.41352600031063,30.16695244238668,30.127121504636875,-0.36646949031062803
2679.122,30.05780327,30.42675571443971,30.180295856699324,30.14016352089446,-0.3689524444397101
2679.604,30.08819512,30.439986393934063,30.19368816624509,30.15322044982844,-0.3517912739340616
2680.087,30.08508767,30.453244801582013,30.20715660551294,30.16631871853809,-0.3681571315820129
2680.569,30.10658277,30.46647535044284,30.22064470154404,30.179403383853614,-0.359892580442839
2681.051,30.09208507,30.479704806730016,30.234179585957758,30.19250084598052,-0.3876197367300165
2681.533,30.12414421,30.49293248827889,30.247760553409016,30.205610402026608,-0.36878827827888827
2682.015,30.12202433,30.506157714647685,30.261386896840026,30.218731350114975,-0.3841333846476864
2682.497,30.14713569,30.519379807148667,30.275057907516256,30.231862989419874,-0.3722441171486679
2682.979,30.17139021,30.532598088879432,30.288772875062218,30.245004620202977,-0.3612078788794335
2683.461,30.16710824,30.545811884753792,30.302531087497787,30.25815554384918,-0.3787036447537915
2683.944,30.19881183,30.559047919514068,30.31636050723791,30.271342373260456,-0.3602360895140677
2684.426,30.2022115,30.572250713041246,30.330203153284742,30.28450980712266,-0.3700392130412453
2684.908,30.21350499,30.58544700526791,30.344086897524807,30.297684443654607,-0.3719420152679085
2685.39,30.20440271,30.59863612867962,30.358011021917196,30.310865589088912,-0.3942334186796188
2685.872,30.23784711,30.611817417728265,30.371974806997155,30.324052550956395,-0.3739703077282641
2686.354,30.25161663,30.6249902088614,30.38597753191259,30.337244638120172,-0.37337357886140055
2686.836,30.25197259,30.638153840550903,30.400018474460165,30.350441160809687,-0.38618125055090147
2687.318,30.26030551,30.65130765332187,30.414096911121995,30.363641430654372,-0.3910021433218702
2687.801,30.27103574,30.664478246768525,30.428241439479574,30.376872156223104,-0.3934425067685261
2688.283,30.28234727,30.677610427856887,30.442392762762246,30.390077865247935,-0.39526315785688837
2688.765,30.30591907,30.690730822849478,30.456579400571478,30.40328526363079,-0.3848117528494761
2689.247,30.29324891,30.703838780768866,30.47080062449273,30.416493668935285,-0.41058987076886666
2689.729,30.31220815,30.716933652829667,30.485055704979356,30.4297024002893,-0.4047255028296668
2690.211,30.34323483,30.730014792465496,30.49934391138921,30.442910778417023,-0.3867799624654964
2690.693,30.34384662,30.74308155535573,30.513664512021172,30.456118125670734,-0.39923493535572874
2691.175,30.36630296,30.75613329945171,30.52801677415182,30.469323766062285,-0.38983033945171286
2691.657,30.37008866,30.769169385003103,30.542399964072153,30.48252702529446,-0.39908072500310254
2692.14,30.38578285,30.782216169214443,30.556843281283992,30.49575461347008,-0.39643331921444513
2692.622,30.410975,30.795218991961782,30.571286182247476,30.508951085985906,-0.3842439919617817
2693.104,30.41867882,30.808204249649144,30.58575780279791,30.522143163517317,-0.3895254296491437
2693.586,30.40456233,30.821171311979427,30.60025740564897,30.535330178840926,-0.41660898197942586
2694.068,30.44029714,30.834119551080196,30.614784252712425,30.54851146657627,-0.39382241108019755
2694.55,30.44707859,30.847048341527994,30.62933760513482,30.561686363215294,-0.3999697515279941
2695.032,30.44970027,30.859957060372768,30.64391672333419,30.574854207151898,-0.41025679037276674
2695.514,30.46738738,30.87284508716137,30.658520867036888,30.58801433871069,-0.40545770716136786
2695.997,30.46420689,30.885738475815888,30.67317966948008,30.601193376832267,-0.4215315858158881
2696.479,30.49303947,30.898583221113636,30.68783168885896,30.614336093070527,-0.40554375111363683
2696.961,30.51388452,30.91140542694536,30.70250650759773,30.627469128422316,-0.3975209069453598
2697.443,30.51668084,30.92420448308568,30.717203383022692,30.640591831224828,-0.4075236430856819
2697.925,30.52394874,30.936979781921657,30.73192157195252,30.65370355188735,-0.41303104192165563
2698.407,30.54386659,30.94973071847525,30.746660330734915,30.666803642918445,-0.4058641284752511
2698.889,30.53664088,30.962456690425416,30.7614189152835,30.679891458953215,-0.4258158104254157
2699.371,30.59883741,30.975157098129507,30.776196581114466,30.692966356780044,-0.3763196881295059
2699.854,30.57915671,30.987857612155064,30.791023299027316,30.706054779041782,-0.40870090215506494
2700.335,30.57689606,31.00047883575063,30.805806176922108,30.719074835889405,-0.4235827757506314
2700.818,30.60660525,31.013125134003175,30.820667401815466,30.73213416387111,-0.40651988400317407
2701.3,30.61719111,31.025717284046717,30.83551397390455,30.74515096799,-0.40852617404671676
2701.782,30.64276853,31.038280911339154,30.850375898635104,30.758151669754394,-0.39551238133915234
2702.264,30.65160264,31.050815432756533,30.86525242991033,30.771135639425946,-0.39921279275653276
2702.746,30.66161724,31.063320267998197,30.880142821493237,30.7841022495998,-0.40170302799819524
2703.228,30.66891286,31.07579483960636,30.89504632704323,30.797050875229576,-0.40688197960636074
2703.71,30.6735557,31.088238572985446,30.90996220015279,30.80998089365143,-0.4146828729854448
2704.192,30.69389431,31.10065089642113,30.92488969438402,30.822891684608425,-0.4067565864211282
2704.675,30.67396317,31.113056892826847,30.93985906655831,30.835809353918354,-0.439093722826847
2705.157,30.71651379,31.125404624745823,30.95480758401791,30.848679795833462,-0.4088908347458222
2705.639,30.7144472,31.13771924788849,30.969765481920813,30.861529162921872,-0.42327204788849215
2706.121,30.71762779,31.150000202257694,30.984732014073536,30.87435684479491,-0.43237241225769196
2706.603,30.73048414,31.16224693082908,30.99970643443485,30.887162233587258,-0.43176279082907953
2707.085,30.76169496,31.174458879568874,31.014687997152382,30.89994472397968,-0.41276391956887437
2707.567,30.80089563,31.186635497450983,31.029675956598794,30.91270371322104,-0.3857398674509831
2708.049,30.77430687,31.198776236474284,31.044669567408377,30.92543860115044,-0.424469366474284
2708.531,30.80367303,31.210880551679143,31.059668084513017,30.9381487902188,-0.407207521679144
2709.014,30.81841292,31.222972898358908,31.07470189287766,30.95085997601645,-0.40455997835890756
2709.496,30.84591191,31.235002664928995,31.0897079950571,30.963518930950887,-0.3890907549289935
2709.978,30.85133559,31.24699439010773,31.104716768933784,30.976151409041314,-0.3956588001077286
2710.46,30.86783111,31.258947541271592,31.11972747099402,30.988756823403758,-0.3911164312715911
2710.942,30.86723894,31.270861588919097,31.13473935820297,31.001334589870957,-0.4036226489190966
2711.424,30.87327897,31.282736006685983,31.149751688040404,31.013884127012194,-0.409457036685982
2711.906,30.88946644,31.294570271360378,31.164763718536985,31.026404856153473,-0.4051038313603783
2712.388,30.89885307,31.306363862897804,31.179774708309978,31.038896201397037,-0.4075107928978028
2712.871,30.91047812,31.31814060383759,31.194815053670133,31.051383411607077,-0.40766248383759063
2713.353,30.92147797,31.32985121465531,31.209821734373456,31.06381420863819,-0.40837324465530855
2713.835,30.93117439,31.341519610295112,31.224825152550213,31.076213909754035,-0.4103452202951132
2714.317,30.93622228,31.353145283532015,31.239824569524096,31.088581950359107,-0.41692300353201617
2714.799,30.96195633,31.364727730378945,31.254819247384255,31.10091776872837,-0.40277140037894554
2715.281,30.93960774,31.376266450100367,31.269808449020918,31.113220806025723,-0.4366587101003674
2715.763,30.97761065,31.38776094522541,31.28479143816091,31.12549050632149,-0.41015029522541013
2716.245,30.99231306,31.39921072156082,31.29976747940302,31.13772631661037,-0.4068976615608193
2716.728,30.99423365,31.410638901796297,31.314766884445017,31.149952964694187,-0.41640525179629506
2717.21,31.02285467,31.42199767583481,31.329726809130264,31.162119274582285,-0.39914300583480866
2717.692,31.02258701,31.43331026729524,31.344677583780577,31.17425005203918,-0.41072325729524195
2718.174,31.03622404,31.44457619522739,31.35961847683779,31.186344755933725,-0.40835215522739077
2718.656,31.05212568,31.455794982020237,31.374548757792,31.198402848143356,-0.4036693020202371
2719.138,31.0697833,31.466966153413715,31.389467697216364,31.21042379357024,-0.39718285341371384
2719.62,31.0833191,31.47808923851011,31.40437456680216,31.222407060157273,-0.39477013851010767
2720.102,31.08610219,31.489163769785286,31.41926863939358,31.234352118903498,-0.40306157978528745
2720.584,31.08628856,31.50018928309968,31.434149189022467,31.246258443879853,-0.4139007230996796
2721.067,31.11197477,31.5111880378143,31.449046318580447,31.2581500915496,-0.3992132678143001
2721.549,31.11541595,31.52211403230558,31.463897617491885,31.269977300499562,-0.40669808230558147
2722.031,31.0935694,31.53298963589345,31.47873322151145,31.281764215404515,-0.4394202358934507
2722.513,31.12120605,31.543814398089445,31.49355240977019,31.293510322778197,-0.4226083480894438
2722.995,31.14532552,31.55458787184159,31.50835446275937,31.305215112279694,-0.40926235184159054
2723.477,31.1432823,31.565309613544073,31.523138662364545,31.31687807672732,-0.4220273135440742
2723.959,31.16760018,31.575979183046755,31.53790429189991,31.328498712112612,-0.408379003046754
2724.441,31.1817246,31.586596143664586,31.55265063614217,31.340076517613742,-0.4048715436645871
2724.924,31.1783638,31.597181923594327,31.56740751266482,31.351634880678912,-0.4188181235943276
2725.406,31.19416673,31.607692258911193,31.5821131029624,31.363125445331022,-0.4135255289111939
2725.888,31.21394984,31.61814869528788,31.596797269938623,31.374571695870188,-0.404198855287877
2726.37,31.2152613,31.628550809996113,31.611459304562263,31.38597314435923,-0.4132895099961118
2726.852,31.23312157,31.638898183816288,31.62609849943331,31.39732930611202,-0.40577661381628616
2727.334,31.22973377,31.649190401045708,31.64071414881656,31.40863969970581,-0.4194566310457084
2727.816,31.25634363,31.65942704950649,31.65530554867482,31.41990384699327,-0.4030834195064905
2728.298,31.26796471,31.669607720553458,31.66987199670225,31.431121273114186,-0.40164301055345675
2728.781,31.26566604,31.67975295494083,31.684442932832628,31.442314631883022,-0.4140869149408317
2729.262,31.27401506,31.689799513533046,31.69892723689611,31.45341407892043,-0.41578445353304616
2729.745,31.29996626,31.699830544494276,31.713444661644928,31.46451145110671,-0.39986428449427436
2730.227,31.2878592,31.709783170485593,31.727904256792804,31.475537208821265,-0.4219239704855937
2730.709,31.29107189,31.719677828277156,31.742335414268407,31.48651391982571,-0.42860593827715476
2731.191,31.32507074,31.729514130579297,31.756737442848827,31.497441129225237,-0.4044433905792957
2731.673,31.31557714,31.73929169368411,31.77110965327193,31.508318385488778,-0.4237145536841105
2732.155,31.33613764,31.74901013747165,31.78545135826852,31.519145240459075,-0.4128724974716498
2732.637,31.31052255,31.758669085416216,31.799761872594576,31.5299212493626,-0.44814653541621396
2733.119,31.36309169,31.768268164592108,31.81404051306339,31.54064597081924,-0.4051764745921069
2733.602,31.37605496,31.777826732934642,31.828316120459167,31.551341055926642,-0.40177177293464084
2734.084,31.35397738,31.787304844113528,31.842528902387215,31.56196178330505,-0.4333274641135283
2734.566,31.37973007,31.796721988656593,31.856707772157794,31.572529918659818,-0.416991918656592
2735.048,31.39920855,31.806077808101897,31.870852055135668,31.583045034284567,-0.4068692581018958
2735.53,31.40836342,31.81537194761477,31.884961078901252,31.593506705911956,-0.4070085276147708
2736.012,31.42613731,31.824604055992594,31.899034173281887,31.60391451272197,-0.398466745992593
2736.494,31.43366292,31.83377378566962,31.913070670383018,31.61426803735047,-0.40011086566962106
2736.976,31.4260047,31.842880792721523,31.92706990461929,31.624566865897137,-0.41687609272152315
2737.458,31.4631918,31.851924736869904,31.941031212745237,31.634810587933544,-0.3887329368699035
2737.941,31.4568785,31.86092384718647,31.954982778631546,31.645019875886454,-0.40404534718647156
2738.423,31.46151033,31.869840526728275,31.968866172209392,31.655152051115763,-0.40833019672827575
2738.905,31.47564684,31.878693143768736,31.982709662928954,31.665227908630946,-0.4030463037687362
2739.387,31.47300001,31.887481372661362,31.996512597216025,31.675247051973827,-0.4144813626613626
2739.869,31.49624809,31.8962048914254,32.01027432398884,31.685209088195073,-0.3999568014253967
2740.351,31.49694759,31.904863381749024,32.02399419468792,31.695113627860962,-0.4079157917490228
2740.833,31.52476618,31.913456528992867,32.03767156330636,31.704960285060004,-0.38869034899286703
2741.315,31.52528295,31.921984022193058,32.05130578641905,31.71474867740944,-0.39670107219305706
2741.798,31.54942359,31.930463040331894,32.0649243731808,31.72449855104133,-0.3810394503318939
2742.28,31.55712182,31.938858169478216,32.078470292654714,31.73416915785608,-0.3817363494782171
2742.762,31.5587089,31.94718673315368,32.09197115081991,31.743780373140197,-0.38847783315367934
2743.244,31.57133364,31.95544843513303,32.10542631487975,31.753331828694677,-0.38411479513302993
2743.726,31.5801766,31.963642982880145,32.118835154766245,31.762823159879034,-0.3834663828801439
2744.208,31.5780247,31.971770087550397,32.13219704316878,31.77225400561685,-0.39374538755039623
2744.69,31.58280192,31.97982946399287,32.145511355562974,31.781624008400968,-0.3970275439928699
2745.172,31.59843109,31.987820830752163,32.15877747023896,31.790932814298657,-0.3893897407521649
2745.655,31.5923956,31.995760276819077,32.17202213893772,31.800199193921138,-0.40336467681907706
2746.137,31.61803387,32.00361465211177,32.18518990125263,31.8093844298012,-0.38558078211177005
2746.619,31.61791635,32.01140019499013,32.19830761662171,31.818507427783544,-0.39348384499012923
2747.101,31.64052428,32.019116638806395,32.21137467488185,31.82756784828836,-0.37859235880639375
2747.583,31.64384977,32.02676372061648,32.22439046882492,31.836565355333562,-0.38291395061648004
2748.065,31.64557734,32.034341181181155,32.23735439422521,31.84549961653864,-0.3887638411811558
2748.547,31.66416908,32.041848764966986,32.250265849866864,31.854370303128846,-0.377679684966985
2749.029,31.68016146,32.049286220147515,32.26312423757114,31.863177089939043,-0.36912476014751405
2749.511,31.68592618,32.056653298603834,32.275928962223375,31.87191965541721,-0.3707271186038348
2749.994,31.68396203,32.06396482022557,32.28870582824926,31.880615618524992,-0.3800027902255714
2750.476,31.6909892,32.07119026844676,32.30140133945003,31.889228656278718,-0.3802010684467625
2750.958,31.69821334,32.07834461735123,32.3140414196955,31.89777652911789,-0.38013127735122865
2751.44,31.68904071,32.08542763366393,32.326625486401284,31.906258929985015,-0.3963869236639326
2751.922,31.70492454,32.092439087819585,32.33915296017973,31.91467555545203,-0.3875145478195847
2752.404,31.71829666,32.09937875396268,32.35162326486623,31.923026105723096,-0.3810820939626822
2752.886,31.72509655,32.10624640994759,32.36403582754472,31.931310284637284,-0.38114985994758754
2753.368,31.71518321,32.113041837338216,32.37639007857358,31.939527799671183,-0.3978586273382163
2753.851,31.74651121,32.119778694055945,32.38871089908918,31.94769520202567,-0.373267484055944
2754.333,31.76006023,32.12642887283471,32.40094670721423,31.95577838649813,-0.3663686428347077
2754.815,31.73673784,32.13300618953884,32.4131225135074,31.963794050787108,-0.3962683495388397
2755.297,31.74482634,32.13951044057419,32.42523776168464,31.97174191694885,-0.39468410057419234
2755.779,31.75944302,32.14594142605365,32.437291898861915,31.979621710687567,-0.38649840605365426
2756.261,31.77090842,32.15229894979614,32.4492843755798,31.987433161357004,-0.3813905297961391
2756.743,31.77469276,32.15858281932566,32.461214645827816,31.995176001962143,-0.38389005932565823
2757.225,31.77584422,32.1647928458703,32.47308216706871,32.00284996916067,-0.3889486258703023
2757.708,31.76513181,32.17094149756988,32.48491082421296,32.01047050888633,-0.405809687569878
2758.189,31.77873846,32.176990633429774,32.496626809889854,32.01799024823901,-0.3982521734297748
2758.672,31.7992175,32.18299037995868,32.50832702089066,32.02547146836175,-0.3837728799586806
2759.154,31.80942303,32.18890306601063,32.51993805586965,32.03286723634861,-0.3794800360106301
2759.636,31.81623181,32.19474102038269,32.53148368100156,32.04019286854262,-0.3785092103826919
2760.118,31.83624985,32.20050407650562,32.54296337509338,32.04744812354748,-0.364254226505615
2760.6,31.82647325,32.20619207150343,32.55437662058932,32.05463276362606,-0.37971882150343106
2761.082,31.8266819,32.21180484619164,32.56572290359364,32.06174655470059,-0.38512294619163967
2761.564,31.82420827,32.21734224507513,32.57700171389304,32.0687892663531,-0.3931339750751306
2762.046,31.86206955,32.22280411634592,32.588212544978916,32.07576067182559,-0.3607345663459185
2762.529,31.85580192,32.22820140779506,32.59937793944273,32.0826747886086,-0.37239948779506094
2763.011,31.8660392,32.23351162570333,32.61045116387474,32.08950276700521,-0.3674724257033297
2763.493,31.86274983,32.23874588238737,32.62145491099219,32.09625878046366,-0.37599605238737155
2763.975,31.86371231,32.243904040772264,32.6323886893321,32.10294261687275,-0.380191730772264
2764.457,31.87953222,32.24898596745826,32.643252011244805,32.109554067780465,-0.3694537474582589
2764.939,31.90822812,32.25399153271788,32.654044392914784,32.11609292839331,-0.3457634127178828
2765.421,31.90199637,32.258920610493135,32.66476535438177,32.122558997575844,-0.35692424049313587
2765.903,31.89720375,32.263773078392546,32.67541441956122,32.12895207784977,-0.3665693283925471
2766.385,31.91687381,32.268548817688284,32.68599111626495,32.13527197539325,-0.35167500768828575
2766.868,31.91759458,32.273257382102415,32.696516692425504,32.141531383233605,-0.3556628021024153
2767.35,31.91022272,32.27787916287473,32.706947098742546,32.14770419566696,-0.36765644287473265
2767.832,31.93198216,32.28242388058993,32.717303742647545,32.15380326545694,-0.35044172058993084
2768.314,31.93669491,32.28689143115006,32.72758616774627,32.159828413404206,-0.3501965211500604
2768.796,31.94901854,32.291281714104336,32.73779392164006,32.16577946396,-0.3422631741043354
2769.278,31.94887978,32.29559463264559,32.7479265559451,32.17165624522463,-0.3467148526455901
2769.76,31.95321876,32.29983009360661,32.75798362631133,32.17745858894593,-0.3466113336066101
2770.242,31.96100159,32.30398800745641,32.7679646924413,32.18318633051752,-0.34298641745641234
2770.725,31.97340251,32.308076672852515,32.77788978736462,32.18885095932236,-0.33467416285251517
2771.207,31.97332032,32.31207907709496,32.78771738049994,32.194428861752094,-0.33875875709495773
2771.689,31.96663823,32.31600368725295,32.7974676721235,32.199931689754514,-0.34936545725295076
2772.171,31.96396314,32.319850428309145,32.807140238340665,32.20535929329526,-0.3558872883091446
2772.653,31.97437816,32.32361922886251,32.816734659400275,32.21071152597588,-0.3492410688625114
2773.135,31.99852972,32.327310021124156,32.82625051971216,32.215988245031475,-0.328780301124155
2773.617,31.97977928,32.330922740913046,32.83568740786445,32.22118931132854,-0.3511434609130468
2774.099,31.99496442,32.33445732765148,32.845044916640575,32.22631458936221,-0.3394929076514792
2774.582,31.98829516,32.33792081399242,32.854341808220504,32.23137434409196,-0.34962565399241896
2775.064,31.99496635,32.34129880490457,32.86353918669801,32.236347495679404,-0.34633245490456943
2775.546,32.01127581,32.344598502509186,32.872655988675646,32.24124447398111,-0.333322692509185
2776.028,32.01085416,32.347819860604154,32.88169182389379,32.2460651579886,-0.33696570060415354
2776.51,32.01033467,32.35096283656767,32.89064630637038,32.25080943030835,-0.3406281665676687
2776.992,32.03176023,32.35402739135327,32.89951905441666,32.255477177159,-0.32226716135326683
2777.474,32.02014303,32.3570134894849,32.9083096906528,32.26006828836817,-0.33687045948489924
2777.956,32.02993621,32.359921099051924,32.91701784202321,32.26458265736927,-0.32998488905192147
2778.438,32.0457718,32.362750191703924,32.925643139811584,32.269020181198215,-0.31697839170392683
2778.921,32.03677483,32.365506367523736,32.93420285505795,32.27338972728442,-0.32873153752373696
2779.403,32.04095508,32.3681781924965,32.942661183195455,32.277673106338256,-0.3272231124964975
2779.885,32.03077079,32.37077143677969,32.95103557705254,32.281879352721276,-0.3400006467796928
2780.367,32.04018578,32.37328608621878,32.95932568542581,32.28600837785239,-0.33310030621878184
2780.849,32.07578632,32.37572213019295,32.96753116152359,32.29006009673544,-0.2999358101929488
2781.331,32.06356738,32.37807956160933,32.97565166297936,32.29403442795523,-0.3145121816093308
2781.813,32.05273385,32.380358376897625,32.983686851865485,32.297931293673905,-0.32762452689762256
2782.295,32.06760355,32.3825585760041,32.99163639470641,32.301750619626716,-0.31495502600409964
2782.778,32.056524,32.38468448230411,32.99951618735109,32.3055000172904,-0.32816048230410644
2783.26,32.07554315,32.386727299850975,33.00729327616958,32.309163893966,-0.3111841498509733
2783.742,32.05689397,32.388691522122464,33.01498374469924,32.312750029352216,-0.33179755212246675
2784.224,32.07335991,32.3905771630804,33.02258727741088,32.3162583634436,-0.3172172530804005
2784.706,32.07824521,32.392384240173755,33.03010356329047,32.31968883978694,-0.3141390301737559
2785.188,32.08978428,32.394112774332385,33.03753229585128,32.32304140547693,-0.3043284943323812
2785.67,32.08674141,32.3957627899609,33.04487317314535,32.32631601115156,-0.30902137996089607
2786.152,32.09485498,32.3973343149322,33.05212589777514,32.329512610987614,-0.302479334932201
2786.635,32.0847793,32.39883039669339,33.05930494841478,32.33263755156196,-0.31405109669339026
2787.116,32.09045408,32.40024202169933,33.06636572227068,32.335671627516724,-0.30978794169932655
2787.599,32.11258203,32.40158096738458,33.07336665233663,32.33864003492372,-0.2889989373845836
2788.081,32.11129862,32.40283871510677,33.08026369818014,32.341524061608034,-0.29154009510676815
2788.563,32.10233804,32.40401816343528,33.08707117244769,32.344329906198304,-0.3016801234352826
2789.045,32.10779349,32.40511936092478,33.093788805281505,32.34705754401054,-0.29732587092478013
2789.527,32.08889193,32.40614235955236,33.10041633144793,32.3497069538653,-0.3172504295523595
2790.009,32.10780565,32.40708721471058,33.10695349034716,32.3522781180825,-0.29928156471057576
2790.491,32.09012053,32.40795398520082,33.11340002602266,32.35477102247614,-0.3178334552008195
2790.973,32.10487696,32.40874273322591,33.11975568717014,32.35718565634894,-0.30386577322590824
2791.456,32.09125571,32.40945491806525,33.1260331292288,32.35952677832624,-0.31819920806525204
2791.938,32.10990707,32.410087659821116,33.13220611626308,32.361784690582276,-0.3001805898211174
2792.42,32.12134546,32.410642586213356,33.1382875023714,32.36396432110675,-0.2892971262133557
2792.902,32.11309124,32.41111977298714,33.144277054955495,32.36606567310982,-0.29802853298713927
2793.384,32.11129911,32.41151929925342,33.15017454611174,32.36808875326258,-0.3002201892534231
2793.866,32.10429017,32.4118412474813,33.15597975263883,32.370033571691316,-0.30755107748129973
2794.348,32.10402912,32.41208570349073,33.161692456045316,32.37190014197177,-0.30805658349073184
2794.83,32.12916641,32.412252756444765,33.16731244255682,32.3736884811231,-0.2830863464447617
2795.312,32.11308984,32.412342498842186,33.172839503123235,32.375398609601945,-0.2992526588421853
2795.795,32.14409397,32.412354972304435,33.17828461019174,32.377033855811135,-0.2682610023044347
2796.277,32.12249006,32.412290224503245,33.183625016813096,32.378587475909,-0.28980016450324797
2796.759,32.1216969,32.41214846379414,33.18887189835121,32.38006296733599,-0.29045156379413584
2797.241,32.12090421,32.411929795947515,33.194025064727896,32.38146036424463,-0.2910255859475157
2797.723,32.13512822,32.411634330030424,33.19908433062089,32.38277970419413,-0.27650611003042513
2798.205,32.12096907,32.41126217839825,33.20404951546922,32.384021028143785,-0.2902931083982523
2798.687,32.13068804,32.41081345668683,33.20892044347876,32.385184380446674,-0.280125416686829
2799.169,32.14187886,32.41028828380414,33.21369694362727,32.386269808843004,-0.2684094238041439
2799.652,32.12920215,32.40968545473565,33.21838846472423,32.387279373906644,-0.28048330473565386
2800.134,32.14065323,32.409007591315934,33.22297541844304,32.38820894983643,-0.2683543613159358
2800.616,32.14687066,32.40825365326975,33.227467459593356,32.38906076546063,-0.26138299326975556
2801.098,32.14339719,32.40742377251758,33.231864436297194,32.38983488200849,-0.26402658251758027
2801.58,32.15879605,32.406518084210184,33.23616620147064,32.39053136406278,-0.24772203421018446
2802.062,32.1432152,32.405536726720094,33.24037261282758,32.39115027955278,-0.26232152672009335
2802.544,32.16483351,32.404479841632885,33.24448353288312,32.39169169974736,-0.2396463316328834
2803.026,32.12785586,32.40334757373846,33.248498828956954,32.39215569924794,-0.27549171373846093
2803.509,32.12837244,32.402137487727956,33.25242640539072,32.39254307783175,-0.27376504772795585
2803.991,32.12791848,32.400854745746514,33.256249875657545,32.3928523128355,-0.27293626574651597
2804.473,32.1475371,32.399497074789124,33.25997735251709,32.39308437105131,-0.25195997478912346
2804.955,32.13769891,32.39806463238106,33.26360872254468,32.393239340345154,-0.26036572238106004
2805.437,32.13108007,32.39655757920735,33.26714387713274,32.39331731187926,-0.2654775092073436
2805.919,32.13315649,32.39497607910348,33.270582712492754,32.39331838010429,-0.2618195891034816
2806.401,32.14633208,32.3933202990463,33.27392512965669,32.39324264275215,-0.24698821904630108
2806.883,32.14509508,32.39159040914476,33.277171034478464,32.393090200828155,-0.24649532914476424
2807.365,32.15891151,32.389786582630336,33.28032033763498,32.39286115860338,-0.23087507263033302
2807.848,32.13088877,32.38790502389001,33.28337918729625,32.39255491027921,-0.2570162538900149
2808.33,32.11717094,32.38595370381937,33.28633483761061,32.39217283493899,-0.2687827638193667
2808.812,32.14873667,32.383928985853856,33.2891936470857,32.391714491868036,-0.23519231585385825
2809.294,32.12822965,32.38183105562707,33.29195554570681,32.39117999832921,-0.2536014056270659
2809.776,32.13114783,32.37966010184747,33.294620468284215,32.39056947481162,-0.24851227184746705
2810.258,32.13381432,32.377416316288446,33.29718835445286,32.38988304502273,-0.24360199628844725
2810.74,32.1300117,32.37509989377853,33.29965914867186,32.389120835880064,-0.2450881937785354
2811.222,32.14108538,32.37271103219151,33.30203280022363,32.38828297750313,-0.23162565219151077
2811.705,32.13384452,32.3702447514698,33.30431388510872,32.38736762983322,-0.23640023146980127
2812.187,32.13896465,32.367711468245886,33.306492916700876,32.386378719867565,-0.22874681824588805
2812.669,32.13235634,32.3651063581693,33.308574682331724,32.38531457044738,-0.2327500181692983
2813.151,32.14101887,32.36242963119994,33.31055915057456,32.38417532442283,-0.22141076119993386
2813.633,32.13169459,32.359681500292155,33.31244629481862,32.38296112780383,-0.22798691029215234
2814.115,32.12887943,32.35686218138419,33.31423609326687,32.381672129751415,-0.22798275138418944
2814.597,32.11613021,32.35397189338798,33.31592852893351,32.38030848256911,-0.23784168338797684
2815.079,32.12736648,32.351010858178384,33.31752358964142,32.378870341694146,-0.22364437817838478
2815.562,32.12124007,32.34797293789384,33.319024274004576,32.377354650612034,-0.22673286789384406
2816.043,32.12112032,32.34487744836989,33.32042156149812,32.375771216230305,-0.2237571283698898
2816.526,32.10083863,32.34169887883149,33.321727074218174,32.37410703593983,-0.24086024883148838
2817.008,32.10769014,32.33845698777331,33.322932407372846,32.37237238400927,-0.23076684777331025
2817.49,32.12534678,32.33514550344119,33.32404037673272,32.37056406262362,-0.20979872344118888
2817.972,32.12329979,32.331764665268636,33.3250509989135,32.36868224584069,-0.2084648752686391
2818.454,32.09463932,32.32831471557638,33.32596429531432,32.366727110788545,-0.23367539557638395
2818.936,32.08744721,32.324795899561,33.32678029211338,32.36469883765638,-0.23734868956100286
2819.418,32.12172703,32.321208465284,33.32749902026306,32.36259760968499,-0.19948143528399953
2819.9,32.09518544,32.31755266366017,33.32812051548497,32.36042361315736,-0.22236722366017148
2820.383,32.09797419,32.313820951855,33.32864580502927,32.35817230113063,-0.21584676185499774
2820.865,32.1176128,32.31002903912551,33.32907275911139,32.35585318848225,-0.19241623912550665
2821.347,32.12041015,32.30616952934146,33.32940261610159,32.353461884692436,-0.18575937934146225
2821.829,32.11081554,32.302242684722735,33.329635430753925,32.35099858812307,-0.1914271447227378
2822.311,32.10305329,32.29824877028488,33.32977126256338,32.34846350012981,-0.19519548028488032
2822.793,32.0987617,32.29418805382748,33.32981017575955,32.34585682505214,-0.19542635382748585
2823.275,32.11182989,32.29006080592212,33.32975223929991,32.343178770203494,-0.17823091592211426
2823.757,32.09901208,32.28586729990057,33.329597526863196,32.34042954586118,-0.18685521990057197
2824.24,32.09974052,32.28159890633533,33.329345494784704,32.33760344064977,-0.18185838633533535
2824.722,32.10398909,32.27727357903485,33.328997269923846,32.334712373419805,-0.17328448903484883
2825.204,32.08349896,32.2728828306404,33.328552518564635,32.331750785667296,-0.1893838706403983
2825.686,32.08531079,32.26842694540878,33.328011333207606,32.32871889942916,-0.18311615540877568
2826.168,32.0681707,32.26390621029587,33.32737381103705,32.325616939654786,-0.19573551029586866
2826.65,32.06978598,32.25932091494429,33.32664005391288,32.32244513419574,-0.18953493494429097
2827.132,32.07617045,32.25467135167088,33.32581016836221,32.31920371379489,-0.17850090167087984
2827.614,32.04294692,32.24995781545399,33.32488426557076,32.315892912076094,-0.20701089545399043
2828.096,32.06673656,32.245180603920815,33.32386246137405,32.312512965533294,-0.1784440439208126
2828.579,32.05154581,32.240329908955474,33.32274245812912,32.3090568867657,-0.1887840989554732
2829.061,32.03815343,32.235426119664616,33.32152901885951,32.30553922928212,-0.1972726896646151
2829.543,32.03466214,32.23045956434073,33.320220053772445,32.30195315408024,-0.195797424340725
2830.025,32.04264605,32.2254305510833,33.318815697219605,32.2982989090318,-0.18278450108329736
2830.507,32.02860795,32.22033939057592,33.31731608815501,32.29457674482389,-0.1917314405759214
2830.989,32.01994092,32.21518639607298,33.31572137012489,32.290786914947844,-0.1952454760729765
2831.471,32.03106067,32.20997188338653,33.314031691257355,32.28692967568799,-0.17891121338652738
2831.953,32.01981579,32.20469617087281,33.31224720425181,32.28300528611031,-0.184880380872805
2832.436,32.01052107,32.19934844459275,33.31036406946405,32.27900565804388,-0.1888273745927478
2832.918,32.03568009,32.19395117230655,33.30839024664762,32.274947618151046,-0.1582710823065483
2833.4,32.02063307,32.188493671070596,33.30632210145999,32.270823222271254,-0.16786060107059342
2833.882,32.04351499,32.18297626928747,33.304159804785044,32.26663274048786,-0.13946127928747387
2834.364,32.01274609,32.1773992978357,33.30190353202181,32.262376445607956,-0.16465320783569837
2834.846,32.0219754,32.17176309005582,33.299553463072684,32.25805461315075,-0.14978769005581682
2835.328,32.01113802,32.166067981736376,33.29710978233123,32.25366752133542,-0.15492996173637863
2835.81,31.99425041,32.160314311099825,33.29457267867001,32.24921545106933,-0.16606390109982527
2836.292,32.01462346,32.15450241878837,33.291942345428005,32.244698685935916,-0.13987895878836554
2836.775,32.000711,32.1486204099762,33.289213233696316,32.240107940920026,-0.14790940997620083
2837.257,32.01155122,32.142692986846114,33.286396846732615,32.23546251471932,-0.13114176684611323
2837.739,31.98764842,32.136708379066775,33.283487837309025,32.23075326094375,-0.1490599590667756
2838.221,32.00292787,32.13066693682054,33.280486416510385,32.22598047376429,-0.12773906682053848
2838.703,31.97506757,32.12456901263701,33.277392799822266,32.22114444996641,-0.14950144263701048
2839.185,31.99455461,32.11841496137847,33.27420720711739,32.21624548893763,-0.12386035137846818
2839.667,31.98256554,32.112205140225065,33.27092986264154,32.211283892654784,-0.12963960022506527
2840.149,31.96833726,32.10593990865977,33.26756099499951,32.20625996567139,-0.13760264865977234
2840.632,31.96400904,32.09960645886828,33.26409356365795,32.20116339908119,-0.13559741886827936
2841.114,31.9541685,32.093231380991234,33.26054216420498,32.19601560688614,-0.13906288099123287
2841.596,31.9462221,32.08680198558041,33.25689995391519,32.19080641363275,-0.1405798855804079
2842.078,31.95720422,32.08031864118398,33.253167178692564,32.18553613405745,-0.12311442118397764
2842.56,31.96158368,32.0737817185769,33.24934408872628,32.18020508540834,-0.1121980385769028
2843.042,31.94933892,32.067191590745495,33.245430938475344,32.1748135874321,-0.11785267074549566
2843.524,31.95079461,32.06054863287191,33.24142798665291,32.16936196236054,-0.10975402287190761
2844.006,31.95530743,32.05385322231831,33.23733549621066,32.163850534897236,-0.0985457923183084
2844.489,31.94088886,32.0470916858169,33.23314496585842,32.15826801271862,-0.10620282581690077
2844.97,31.93287985,32.040306563425645,33.22888297236992,32.15264958388766,-0.10742671342564591
2845.453,31.92499799,32.03344181488219,33.22451434930951,32.146948858462586,-0.10844382488218685
2845.935,31.92235061,32.026540305034246,33.22006623491036,32.141201396453006,-0.10418969503424691
2846.417,31.92143162,32.019588262270545,33.215529960255225,32.135395792872224,-0.09815664227054555
2846.899,31.89711598,32.01258607670346,33.21090581339344,32.129532386972926,-0.11547009670345787
2847.381,31.9038987,32.005534140513205,33.206194086497106,32.123611520383186,-0.10163544051320628
2847.863,31.89603484,31.998432847931042,33.201395075843706,32.11763353709243,-0.10239800793104337
2848.345,31.89824737,31.991282595222863,33.19650908179867,32.11159878343705,-0.093035225222863
2848.827,31.881407,31.98408378067264,33.191536408797674,32.10550760808636,-0.10267678067264185
2849.31,31.89844653,31.97682171956032,33.186466779822325,32.09934755036476,-0.07837518956031886
2849.792,31.83904927,31.969526885499796,33.18132150019221,32.09314447166264,-0.13047761549979597
2850.274,31.86135894,31.962184697229787,33.17609047981607,32.08688603186526,-0.10082575722978859
2850.756,31.86529099,31.954795560941776,33.17077403923838,32.0805725888328,-0.08950457094177722
2851.238,31.86751199,31.947359884760672,33.16537250298271,32.07420450268537,-0.07984789476067178
2851.72,31.84479535,31.939878078727396,33.159886199532906,32.06778213578802,-0.09508272872739809
2852.202,31.82976029,31.9323505547815,33.154315461314084,32.06130585273596,-0.1025902647815009
2852.684,31.83426292,31.924777726743955,33.14866062467355,32.054776020339325,-0.09051480674395407
2853.167,31.82014741,31.91714415953645,33.14291003723487,32.04817929488185,-0.09699674953644788
2853.649,31.81894801,31.9094818803879,33.13708785568704,32.04154336383593,-0.09053387038790106
2854.131,31.81016718,31.90177555059438,33.13118260882436,32.03485499779126,-0.0916083705943791
2854.613,31.79375107,31.89402559132958,33.12519464849581,32.028114572270354,-0.10027452132958103
2855.095,31.81547408,31.88623242555979,33.1191243303741,32.02132246493414,-0.07075834555978844
2855.577,31.77490995,31.8783964780259,33.11297201393555,32.0144790555663,-0.10348652802589697
2856.059,31.79225099,31.87051817522535,33.106738062439646,32.0075847260576,-0.07826718522535003
2856.541,31.77425673,31.862597945393894,33.10042284290853,32.0006398603902,-0.08834121539389272
2857.023,31.76642326,31.854636218487222,33.09402672610629,31.993644844621564,-0.08821295848722244
2857.506,31.7657611,31.846616780472026,33.087536566065054,31.986585399690064,-0.08085568047202685
2857.988,31.76305937,31.838573272222654,33.08097961599661,31.97949114808894,-0.07551390222265297
2858.47,31.77064231,31.83048956780476,33.07434290398743,31.972347917667065,-0.059847257804761966
2858.952,31.7683069,31.82236610387237,33.067626815566456,31.965156102626963,-0.054059203872370176
2859.434,31.75924839,31.81420331870627,33.060831739898525,31.957916099165622,-0.05495492870626961
2859.916,31.73823916,31.8060016521954,33.05395806976261,31.95062830545814,-0.0677624921953992
2860.398,31.76099743,31.797761545817544,33.04700620152988,31.943293121641055,-0.0367641158175438
2860.88,31.73966356,31.78948344262043,33.039976535141875,31.935910949795726,-0.04981988262042947
2861.363,31.71614515,31.78115049607913,33.032854648978386,31.92846673343228,-0.06500534607912911
2861.845,31.73013926,31.77279765805128,33.02567044097414,31.92099170408794,-0.042658398051280244
2862.327,31.70499708,31.764408162504402,33.01840965669312,31.913470905308316,-0.05941108250440408
2862.809,31.6979972,31.755982458575822,33.01107271014153,31.905904746789318,-0.057985258575822485
2863.291,31.69627177,31.747520996875714,33.00366001878322,31.898293640087005,-0.05124922687571498
2863.773,31.67759774,31.739024229467454,32.99617200351686,31.89063799860015,-0.061426489467454104
2864.255,31.69012537,31.730492609847808,32.98860908865264,31.88293823755297,-0.04036723984780721
2864.737,31.67278269,31.7219265929269,32.980971701889125,31.875194773977768,-0.049143902926900296
2865.219,31.65716954,31.713326635008507,32.9732602742898,31.8674080266972,-0.056157095008504854
2865.702,31.65510004,31.70467524757838,32.96545901252607,31.85956212803856,-0.04957520757837841
2866.184,31.63199353,31.696008714012706,32.95760065844229,31.85168998927805,-0.06401518401270678
2866.666,31.63900775,31.687309617477027,32.94966957758466,31.843775834728078,-0.048301867477025695
2867.148,31.62576085,31.678578419650023,32.94166621424597,31.83582009019954,-0.052817569650024154
2867.63,31.60576921,31.66981558350252,32.93359101596462,31.827823183204636,-0.06404637350252074
2868.112,31.61401578,31.661021573276905,32.925444433500246,31.819785542938682,-0.047005793276905905
2868.594,31.58824515,31.652196854466496,32.9172269208094,31.81170760026201,-0.063951704466497
2869.076,31.59891174,31.64334189379469,32.90893893502087,31.803589787681524,-0.04443015379469273
2869.559,31.58613985,31.634438695510262,32.900563523707824,31.795415574889347,-0.04829884551026353
2870.041,31.5787764,31.625524595792434,32.892135831866284,31.78721924605768,-0.04674819579243561
2870.523,31.5795097,31.61658166253246,32.88363905807052,31.7789843554472,-0.03707196253246181
2871.005,31.58074385,31.60761036716744,32.8750736718964,31.770711341969573,-0.02686651716743782
2871.487,31.55848501,31.59861118225937,32.86644014596709,31.762400646089894,-0.04012617225937021
2871.969,31.54892514,31.589584581473936,32.857738955927786,31.754052709807944,-0.04065944147393452
2872.451,31.57271855,31.580531039559062,32.84897058042008,31.74566797663912,-0.00781248955906122
2872.933,31.52401749,31.571451032323466,32.84013550105641,31.737246891595433,-0.04743354232346775
2873.416,31.54772558,31.562326117824178,32.83121566647253,31.728772318529828,-0.01460053782417603
2873.897,31.53640235,31.553213530299267,32.82226717191013,31.7202974532986,-0.016811180299267647
2874.38,31.50206256,31.544037969582604,32.81321609334388,31.711752269483306,-0.04197540958260504
2874.862,31.52808141,31.534856829171353,32.80411893937452,31.70319018509054,-0.006775419171354713
2875.344,31.48774355,31.525651618634463,32.79495753429932,31.694593996595124,-0.0379080686344615
2875.826,31.50397356,31.51642281969084,32.78573237701593,31.685964157584607,-0.012449259690839654
2876.308,31.4840443,31.50717091496719,32.77644396920973,31.6773011230066,-0.023126614967189596
2876.79,31.48092369,31.49789638797573,32.767092815327274,31.66860534914897,-0.01697269797572787
2877.272,31.46017639,31.488599723092015,32.75767942254957,31.65987729361987,-0.028423333092014502
2877.754,31.44735225,31.47928140553251,32.74820430076512,31.651117415327583,-0.03192915553250941
2878.237,31.45041541,31.469922523143815,32.73864811433174,31.642307903090206,-0.01950711314381337
2878.719,31.4428891,31.46056231673576,32.7290509494961,31.633485697466902,-0.017673216735762054
2879.201,31.44515438,31.451181919134193,32.719393602371625,31.624633054365837,-0.006027539134191073
2879.683,31.42726002,31.44178181869532,32.70967659341174,31.615750437696178,-0.014521798695319887
2880.165,31.40739808,31.432362504503068,32.69990044564136,31.606838312565515,-0.024964424503068017
2880.647,31.41063773,31.42292446634626,32.690065684629516,31.597897145259296,-0.012286736346258209
2881.129,31.39191646,31.413468194695596,32.680172838461566,31.588927403219984,-0.02155173469559557
2881.611,31.40124145,31.40399418068067,32.67022243771165,31.57992955502641,-0.0027527306806689467
2882.094,31.38581186,31.39448320705602,32.66019419422514,31.570885316899265,-0.00867134705601913
2882.576,31.36797805,31.3849751499653,32.65013016921637,31.561832610703938,-0.01699709996529819
2883.058,31.38869506,31.375450828644098,32.64001019711972,31.552753211679068,0.013244231355901803
2883.54,31.36694666,31.365910736626752,32.629834818189664,31.543647592740847,0.0010359233732479822
2884.022,31.36319662,31.35635536798995,32.6196045750292,31.53451622783622,0.0068412520100515906
2884.504,31.34568242,31.346785217329465,32.60932001256148,31.5253595919217,-0.0011027973294659432
2884.986,31.32278496,31.33720077973641,32.598981678001465,31.516178160941713,-0.01441581973640993
2885.468,31.3196388,31.327602550773683,32.588590120827234,31.506972411807226,-0.007963750773683387
2885.95,31.32123003,31.317991026452233,32.57814589275166,31.497742822374043,0.0032390035477654067
2886.433,31.33028797,31.308346722771766,32.567627717254,31.48847065047586,0.021941247228234317
2886.915,31.30153146,31.298710072432446,32.557079704916035,31.4791947707101,0.0028213875675540123
2887.397,31.31423633,31.289061618249075,32.54648069109618,31.469896490662578,0.025174711750924672
2887.879,31.30624008,31.279401857786848,32.53583123616245,31.460576291752375,0.026838222213150686
2888.361,31.28750225,31.26973128893929,32.52513190257321,31.451234656233858,0.017770961060708856
2888.843,31.2765879,31.2600504099042,32.51438325484793,31.44187206717472,0.016537490095799967
2889.325,31.25945867,31.25035971915931,32.50358585953812,31.43248900843369,0.009098950840691344
2889.807,31.24547555,31.240659715438124,32.49274028519793,31.42308596463814,0.00481583456187451
2890.29,31.23738713,31.230930746114385,32.48182445329841,31.4136438523837,0.006456383885613093
2890.772,31.22101765,31.221213596810934,32.47088413743528,31.40420225638279,-0.0001959468109333784
2891.254,31.224626,31.211488633058984,32.459897361120284,31.39474213460832,0.013137366941016637
2891.736,31.22372422,31.201756354371568,32.44886470062799,31.38526397453922,0.021967865628433003
2892.218,31.21267521,31.192017260395147,32.437786734088135,31.375768264310395,0.020657949604853343
2892.7,31.2070362,31.182271850885083,32.42666404145585,31.366255492689838,0.02476434911491765
2893.182,31.16830932,31.172520625680868,32.415497204481895,31.356726149055678,-0.004211305680868804
2893.664,31.19016497,31.162764084681523,32.40428680668278,31.347180723373476,0.027400885318478174
2894.146,31.17303647,31.153002727820656,32.393033433310904,31.337619706173033,0.020033742179343506
2894.629,31.17039765,31.14321679017027,32.38171419247894,31.328023705705302,0.027180859829730508
2895.111,31.14947283,31.133447294004327,32.370376544403165,31.318432949401586,0.01602553599567358
2895.593,31.13328745,31.123674482774096,32.358997687853005,31.308828077344536,0.009612967225905322
2896.075,31.12205661,31.11389885630282,32.34757821472709,31.29920958209013,0.00815775369717997
2896.557,31.15064282,31.104120914323584,32.3361187185093,31.289577956642383,0.046521905676417674
2897.039,31.12945469,31.09434115645431,32.32461979423841,31.27993369442969,0.035113533545690245
2897.521,31.12481278,31.08456008217271,32.313082038477894,31.2702772892816,0.04025269782728813
2898.003,31.11987694,31.07477819079086,32.3015060492854,31.26060923540484,0.04509874920914214
2898.486,31.10768983,31.06497568640575,32.289868292824956,31.250909934763936,0.04271414359425307
2898.968,31.09891178,31.055193658865907,32.27821756055998,31.241220045841164,0.0437181211340949
2899.45,31.0921884,31.045412311951516,32.26653039894781,31.231519993864776,0.04677608804848532
2899.932,31.0741503,31.03563214405979,32.254807411720876,31.22181027431407,0.03851815594020991
2900.414,31.08361782,31.025853653295993,32.24304920395306,31.212091382926666,0.057764166704007636
2900.896,31.07703682,31.016077337447978,32.23125638202901,31.20236381567445,0.06095948255202188
2901.378,31.06851079,31.006303693960792,32.21942955361338,31.192628068739342,0.062207096039209375
2901.86,31.0540112,30.996533219911232,32.20756932762007,31.182884638489508,0.0574779800887697
2902.343,31.03830369,30.986746153050618,32.19565160622119,31.17311378483284,0.0515575369493817
2902.824,31.03071643,30.977003766437818,32.18375112461757,31.163376714303045,0.053712663562180296
2903.307,31.0255496,30.967225539495566,32.171769532478294,31.15359295149663,0.05832406050443595
2903.789,31.01802729,30.957472716912818,32.15978176564654,31.143823743240297,0.06055457308718104
2904.271,31.00351577,30.947725543760548,32.147763664742456,31.134049336483116,0.05579022623945207
2904.753,30.98432803,30.937984514368527,32.135715845529425,31.12427022819962,0.046343515631473764
2905.235,30.98348399,30.928250122519206,32.123638924803615,31.114486915379977,0.055233867480794174
2905.717,30.9633569,30.918522861422073,32.111533520362926,31.1046998950052,0.044834038577928226
2906.199,30.95589204,30.908803223687915,32.099400250975904,31.09490966402268,0.04708881631208328
2906.681,30.962689,30.89909170130322,32.08723973635074,31.085116719321444,0.06359729869678077
2907.164,30.93956003,30.889368664361,32.075027285337455,31.075301233835454,0.050191365638998064
2907.646,30.93727425,30.879674865392367,32.06281408966111,31.06550434895411,0.05759938460763436
2908.128,30.91618383,30.86999065474515,32.050575514489026,31.055706241453574,0.046193175254853
2908.61,30.92674408,30.860316521649622,32.03831218297771,31.045907407741534,0.06642755835037661
2909.092,30.91196086,30.85065295458317,32.02602471906745,31.036108344043065,0.0613079054168324
2909.574,30.90143502,30.8410004412442,32.01371374745085,31.026309546375938,0.060434578755799606
2910.056,30.93049333,30.831359468526784,32.001379893541795,31.01651151052552,0.09913386147321646
2910.538,30.90098277,30.82173052249449,31.989023783444086,31.00671473201983,0.07925224750550797
2911.021,30.89029165,30.81209415058897,31.976620341914053,30.996899386639026,0.07819749941103282
2911.503,30.88224828,30.802490740133962,31.964221557433717,30.987106613429027,0.07975753986603706
2911.985,30.88283864,30.792900810317658,31.951802400206507,30.977316583378407,0.08993782968234143
2912.467,30.86320691,30.783324843623017,31.93936349878434,30.967529790733945,0.0798820663769817
2912.949,30.85719592,30.773763321573885,31.926905482252632,30.95774672935943,0.08343259842611417
2913.431,30.85346727,30.764216724709307,31.9144289801989,30.947967892710285,0.08925054529069243
2913.913,30.85280947,30.75468553255774,31.901934622681527,30.9381937738085,0.09812393744226
2914.395,30.84180451,30.745170223611396,31.8894230401984,30.928424865217234,0.09663428638860339
2914.877,30.81434754,30.73567127530053,31.876894863655632,30.918661659015637,0.07867626469947098
2915.36,30.79993196,30.726169509369537,31.864324682995857,30.908884410788815,0.07376245063046127
2915.842,30.79155491,30.716704746655044,31.851765181377996,30.89913409792036,0.07485016334495498
2916.324,30.77152767,30.707257771221055,31.839190981866516,30.889390961538243,0.06426989877894584
2916.806,30.77822141,30.69782905599102,31.826602716687926,30.87965549153071,0.08039235400898193
2917.288,30.77160539,30.688419072698377,31.814001018320383,30.869928177175026,0.08318631730162451
2917.77,30.77158372,30.67902829186077,31.801386519462465,30.860209507112256,0.09255542813922801
2918.252,30.74387698,30.669657182754666,31.788759853001817,30.850499969321646,0.07421979724533401
2918.734,30.74095581,30.660306213389752,31.77612165198396,30.84080005109532,0.08064959661024673
2919.217,30.72628066,30.65095651462754,31.763446295737296,30.83109014651062,0.07532414537245913
2919.699,30.74809214,30.64164726778019,31.75078690457201,30.82141094889279,0.1064448722198108
2920.181,30.71626916,30.63235955780947,31.73811787993489,30.811742829343604,0.08390960219053056
2920.663,30.7095591,30.62309384740093,31.725439855190682,30.802086272150316,0.08646525259906923
2921.145,30.68952973,30.61385059784624,31.712753463705862,30.792441760785636,0.0756791321537591
2921.627,30.70164348,30.604630269018116,31.700059338817518,30.782809777882356,0.09701321098188487
2922.109,30.66981949,30.595433319344927,31.687358113802247,30.77319080520773,0.07438617065507103
2922.591,30.67175348,30.586260205785624,31.674650421844966,30.76358532363823,0.08549327421437525
2923.073,30.663635,30.57711138380447,31.661936896007884,30.753993813133853,0.08652361619552806
2923.556,30.64855658,30.567968403763903,31.649191776832073,30.744396898645437,0.08058817623609826
2924.038,30.65125435,30.5588695779752,31.636468472955976,30.734834797826128,0.092384772024797
2924.52,30.62478563,30.549796401873014,31.62374123465222,30.725288103188028,0.07498922812698794
2925.002,30.62854417,30.54074932468949,31.611010694181434,30.715757290769016,0.08779484531051196
2925.484,30.61070159,30.531728794037274,31.598277483526566,30.706242835563472,0.0789727959627271
2925.966,30.6015578,30.522735255884708,31.58554223436196,30.696745211496697,0.07882254411529033
2926.448,30.60231089,30.513769154530937,31.572805578022436,30.68726489139966,0.08854173546906097
2926.93,30.58961624,30.504830932581374,31.560068145472602,30.677802346983544,0.08478530741862755
2927.413,30.57230317,30.495902575393735,31.54730414105099,30.668338474127562,0.07640059460626603
2927.895,30.58685814,30.48702149329304,31.53456704899912,30.65891293091739,0.09983664670696157
2928.377,30.55294111,30.47816960891009,31.521831072407217,30.64950657252001,0.07477150108990926
2928.859,30.57433792,30.469347357826152,31.509096840450344,30.640119865911874,0.10499056217384961
2929.341,30.52756624,30.46055517380633,31.496364981779646,30.630753276823167,0.06701106619366826
2929.823,30.5459153,30.451793488775383,31.48363612449198,30.621407269712613,0.0941218112246176
2930.305,30.53084522,30.443062732793482,31.470910896099266,30.612082307742206,0.0877824872065176
2930.787,30.52475451,30.434363334032202,31.458189923498068,30.602778852752227,0.09039117596779889
2931.27,30.5077516,30.425677769479762,31.445447456517545,30.593478132191745,0.08207383052023687
2931.751,30.49805371,30.417060311271033,31.43276324999738,30.584238304315072,0.08099339872896749
2932.234,30.50212683,30.408439720080978,31.420032448567618,30.574982989626495,0.09368710991902418
2932.716,30.4894219,30.3998700623132,31.407334769394062,30.565770202544883,0.08955183768679831
2933.198,30.46729764,30.391333874324083,31.394644471494548,30.55658121188287,0.07596376567591889
2933.68,30.46952824,30.38283157244853,31.381962177435074,30.54741647102107,0.08669666755146821
2934.162,30.46835572,30.374363570966796,31.369288508954547,30.538276431843315,0.09399214903320541
2934.644,30.45012946,30.365930282080996,31.356624086934602,30.529161544711965,0.08419917791900389
2935.126,30.43507909,30.357532115891953,31.343969531369872,30.52007225844313,0.07754697410804567
2935.608,30.42890736,30.349169480376176,31.331325461337943,30.511009020281957,0.07973787962382417
2936.091,30.43606339,30.34082554368964,31.318666297466297,30.5019535552942,0.09523784631036136
2936.573,30.42941953,30.332535260649333,31.306045076873545,30.492943805024947,0.0968842693506673
2937.055,30.42984483,30.32428172006568,31.29343619452368,30.483961435843263,0.1055631099343195
2937.537,30.4180352,30.316065321183473,31.280840265526557,30.47500688846128,0.10196987881652575
2938.019,30.41694565,30.30788646100896,31.268257903926514,30.46608060189769,0.10905918899103995
2938.501,30.41409005,30.29974553428736,31.255689722672905,30.457183013453196,0.11434451571263793
2938.983,30.39773338,30.291642933480528,31.243136333590787,30.44831455868649,0.1060904465194703
2939.465,30.38793636,30.283579048744727,31.23059834735143,30.439475671389946,0.10435731125527425
2939.948,30.37963456,30.27553765990173,31.218050411311133,30.430648539347718,0.10409690009826988
2940.43,30.36169736,30.267552450770992,31.20554509312425,30.421870144760952,0.09414490922900853
2940.912,30.3740372,30.25960711491816,31.193057003837787,30.413122609069752,0.11443008508183894
2941.394,30.3502339,30.25170203305217,31.1805867492139,30.40440635875719,0.09853186694783034
2941.876,30.32380631,30.243837583467048,31.168134933715486,30.39572181842015,0.07996872653295028
2942.358,30.33001149,30.236014142020416,31.15570216047737,30.387069410745877,0.09399734797958459
2942.84,30.33107494,30.228232082112044,31.14328903127758,30.378449556488043,0.102842857887957
2943.322,30.32289333,30.220491774662932,31.130896146508654,30.369862674443418,0.10240155533706741
2943.804,30.31267933,30.212793588093955,31.118524105148946,30.361309181428425,0.09988574190604638
2944.287,30.29953264,30.205122049527958,31.1061479037836,30.352771851977703,0.09441059047204092
2944.769,30.28862376,30.197509289154294,31.093819386717456,30.344286450849406,0.09111447084570656
2945.251,30.28422393,30.18993974046104,31.081513502458698,30.335835677934448,0.09428418953896056
2945.733,30.28633822,30.182413761656083,31.069230844042124,30.327419941890785,0.1039244583439185
2946.215,30.26816658,30.17493170834412,31.05697200294678,30.3190396492802,0.09323487165588062
2946.697,30.24788435,30.16749393350654,31.044737569067937,30.310695204545173,0.0803904164934579
2947.179,30.24988032,30.160100787481404,31.032528130689165,30.302387009986525,0.0897795325185946
2947.661,30.24423908,30.152752617943488,31.02034427445446,30.294115465740468,0.0914864620565119
2948.144,30.23008922,30.145434666097113,31.00816138952473,30.28586392452618,0.08465455390288668
2948.626,30.22460345,30.138177576898862,30.996030506917343,30.2776669506381,0.08642587310113825
2949.108,30.20289181,30.130966491738324,30.98392695747663,30.269507815073702,0.07192531826167681
2949.59,30.1823842,30.123801747436158,30.971851321008323,30.2613869090823,0.058582452563843646
2950.072,30.19393075,30.116683678052897,30.95980417554091,30.253304621637145,0.07724707194710234
2950.554,30.18719082,30.109612614869924,30.947786097298305,30.245261339413382,0.0775782051300773
2951.036,30.16991502,30.1025888863708,30.935797660672833,30.237257446766282,0.06732613362920148
2951.518,30.17814588,30.095612818222683,30.923839438198094,30.229293325709463,0.08253306177731545
2952.0,30.17637523,30.08868473325804,30.911912000522193,30.22136935589333,0.08769049674195983
2952.483,30.15016192,30.081790728481543,30.899991268693785,30.213469601285997,0.06837119151845528
2952.965,30.13946004,30.074959668150694,30.8881271716963,30.205627148592296,0.0645003718493058
2953.447,30.12992081,30.06817754295963,30.87629556103101,30.197825972467438,0.06174326704037014
2953.929,30.14461166,30.061444664215394,30.864496999532818,30.19006644289061,0.08316699578460529
2954.411,30.12022033,30.054761340300885,30.852732048018222,30.182348927371677,0.06545898969911335
2954.893,30.12151745,30.048127876657684,30.84100126525904,30.174673790930488,0.07338957334231466
2955.375,30.12058402,30.041544575768885,30.829305207956367,30.167041396076193,0.07903944423111398
2955.857,30.10678189,30.03501173714211,30.81764443071454,30.159452102786663,0.07177015285789068
2956.34,30.09167043,30.02851626196214,30.80599540550273,30.15189065865248,0.06315416803786178
2956.822,30.09626527,30.022085340617785,30.794406919733206,30.14438872946687,0.07417992938221474
2957.304,30.09791324,30.015705762638913,30.782855366134143,30.13693096711768,0.08220747736108791
2957.786,30.10112865,30.00937781545961,30.77134129066095,30.129517721250277,0.09175083454038813
2958.268,30.06554016,30.00310178345671,30.759865237044206,30.12214933887842,0.062438376543290985
2958.75,30.07837126,29.996877947934014,30.748427746764367,30.11482616436464,0.08149331206598731
2959.232,30.0683684,29.990706587106697,30.73702935902664,30.107548539400696,0.07766181289330376
2959.714,30.05293292,29.984587976085976,30.725670610736078,30.10031680298846,0.06834494391402401
2960.197,30.06635524,29.978509857956954,30.714328596083778,30.09311643200264,0.08784538204304582
2960.678,30.04198728,29.97251008829842,30.70307416846643,30.08599233826148,0.06947719170157995
2961.161,30.05009975,29.966539039417203,30.691814267290162,30.078885609472398,0.08356071058279824
2961.643,30.02277373,29.960634228056705,30.680619486160147,30.07184086111823,0.06213950194329598
2962.125,30.02422471,29.95478349550999,30.66946699472069,30.0648436559821,0.06944121449000917
2962.607,30.02259603,29.948987097946297,30.658357315553157,30.057894316523562,0.07360893205370189
2963.089,30.02097191,29.943245288328992,30.64729096876739,30.050993162381594,0.07772662167100819
2963.571,30.0017717,29.93755831640177,30.636268471977885,30.04414051035651,0.06421338359822926
2964.053,30.00477647,29.93192642867536,30.625290340280014,30.037336674392343,0.07285004132463868
2964.535,29.99329356,29.92634986841399,30.614357086226267,30.030581965559016,0.06694369158601177
2965.018,29.97339815,29.92081747920762,30.603446678401173,30.023862832279377,0.0525806707923806
2965.5,30.01113504,29.915352406638807,30.5926048027484,30.01720740284615,0.09578263336119264
2965.982,29.98118573,29.909943372200996,30.581809327950936,30.010602016960306,0.07124235779900445
2966.464,29.97454978,29.904590606037704,30.57106075615111,30.00404697401704,0.069959173962296
2966.946,29.98913529,29.899294334982816,30.56035958683233,29.997542570452012,0.08984095501718414
2967.428,29.97801925,29.89405478254886,30.549706316796385,29.991089099724974,0.08396446745113906
2967.91,29.9720875,29.88887216891512,30.539101440140698,29.98468685230334,0.08321533108487955
2968.392,29.95069635,29.88374671091605,30.52854544823592,29.97833611564603,0.06694963908395124
2968.875,29.96230481,29.878668167104333,30.518017083400775,29.972024159880963,0.08363664289566586
2969.357,29.9442493,29.873657777118332,30.507560428036548,29.96577740334881,0.07059152288166715
2969.839,29.92498137,29.868705173516084,30.49715411595107,29.959583002322674,0.05627619648391757
2970.321,29.94136298,29.863810559635713,30.48679862738014,29.953441232063593,0.07755242036428811
2970.803,29.91956725,29.85897413541654,30.476494439722515,29.947352364746337,0.06059311458346173
2971.285,29.91580535,29.854196097388908,30.46624202751839,29.941316669444312,0.06160925261109185
2971.767,29.92503386,29.84947663866429,30.456041862427966,29.93533441211489,0.07555722133571052
2972.249,29.89424588,29.844815948925707,30.44589441321018,29.929405855584772,0.049429931074293165
2972.731,29.89087816,29.840214214418257,30.43580014570156,29.923531259535704,0.05066394558174281
2973.214,29.87022788,29.835662255064747,30.425738747710515,29.917698861549795,0.03456562493525439
2973.696,29.87853217,29.831179099206675,30.41575234206202,29.911933066127677,0.04735307079332429
2974.178,29.87813396,29.82675543695823,30.40582049883439,29.90622199173697,0.0513785230417696
2974.66,29.8450473,29.82239144071631,30.395943671960556,29.900565885333357,0.022655859283691626
2975.142,29.8649827,29.81808727939629,30.386122312347833,29.894964990658714,0.04689542060370755
2975.624,29.84358665,29.813843118424206,30.3763568678579,29.889419548228158,0.029743531575793014
2976.106,29.8419765,29.809659119728963,30.366647783286652,29.88392979531711,0.03231738027103859
2976.588,29.85523568,29.805535441734772,30.356995500344535,29.878495965948627,0.049700238265227625
2977.071,29.84486356,29.801463872443406,30.34738061071282,29.873107192409307,0.04339968755659385
2977.553,29.82849195,29.79746142300675,30.337843363829613,29.86778601633244,0.031030526993248486
2978.035,29.83658743,29.79351974874806,30.328364225891544,29.862521446691378,0.043067681251940826
2978.517,29.81756467,29.789638993995737,30.318943626065444,29.857313704370522,0.0279256760042621
2978.999,29.81411772,29.785819299539817,30.309581990335968,29.85216300694181,0.028298420460181717
2979.481,29.81799767,29.782060802625885,30.30027974148673,29.847069568653417,0.03593686737411517
2979.963,29.82318191,29.778363636949305,30.291037299081736,29.84203360041857,0.0448182730506943
2980.445,29.81637326,29.77472793264985,30.28185507944684,29.837055309804718,0.041645327350149586
2980.927,29.7979173,29.771153816306217,30.27273349565145,29.832134901022826,0.02676348369378445
2981.41,29.79236711,29.767634188014902,30.263654223432663,29.82726254761775,0.024732921985098244
2981.892,29.80743686,29.764183741451017,30.254655265322555,29.822458622770824,0.04325311854898217
2982.374,29.80742756,29.760795241401166,30.24571816337407,29.817713172545805,0.0466323185988351
2982.856,29.7636007,29.75746880014516,30.236843317444276,29.81302638761859,0.00613189985484297
2983.338,29.7680359,29.754204526379304,30.228031124044854,29.80839845525872,0.013831373620696752
2983.82,29.76095454,29.751002525212538,30.219281976324755,29.803829559320114,0.009952014787462105
2984.302,29.75330414,29.747862898163064,30.210596264053176,29.799319880231938,0.005441241836937394
2984.784,29.74944675,29.744785743155028,30.201974373602635,29.794869594989922,0.004661006844973059
2985.267,29.74598601,29.741764965283327,30.193399000402135,29.790469829813237,0.004221044716672395
2985.749,29.77048265,29.738813163825395,30.18490603342536,29.786138973585043,0.031669486174607187
2986.231,29.73663283,29.73592410676531,30.176478027617204,29.78186802184665,0.0007087232346911776
2986.713,29.73629043,29.733097877616064,30.168115355590686,29.77765713776916,0.0031925523839362313
2987.195,29.74783549,29.730334556284205,30.159818386480232,29.773506481049704,0.01750093371579453
2987.677,29.72253493,29.727634219067973,30.15158748592581,29.769416207904055,-0.005099289067974411
2988.159,29.75587017,29.724996938655956,30.14342301605738,29.765386471059436,0.03087323134404585
2988.641,29.76805733,29.722422784125797,30.13532533547933,29.761417419747797,0.045634545874204235
2989.124,29.74986211,29.719906677206797,30.12727820843246,29.75750115469167,0.029955432793201453
2989.605,29.75232196,29.71746411096148,30.11933175889268,29.753661953134053,0.03485784903852007
2990.088,29.75038577,29.715074831386158,30.111420253015567,29.749868027329825,0.03531093861384349
2990.57,29.74738906,29.71275393043213,30.103593386425732,29.746143267540333,0.03463512956787085
2991.052,29.74869126,29.710496446661548,30.095835049439867,29.74247988705748,0.038194813338453315
2991.534,29.75215348,29.708302427467686,30.08814557918713,29.738878014002402,0.04385105253231458
2992.016,29.73219347,29.706171916631444,30.08052530916803,29.735337772959397,0.026021553368554606
2992.498,29.74719121,29.70410495432229,30.07297456924041,29.731859284971023,0.04308625567771074
2992.98,29.73546027,29.70210157709918,30.065493685605666,29.728442667533457,0.033358692900819165
2993.462,29.73680626,29.700161817911933,30.058082980795128,29.72508803459201,0.036644442088068274
2993.945,29.70002126,29.6982818799345,30.05072761851258,29.721788730167297,0.0017393800655014502
2994.427,29.73196955,29.696469573366496,30.043458371437094,29.718558522987816,0.03549997663350268
2994.909,29.70670298,29.694720962088528,30.036260249268697,29.715390621005298,0.011982017911471132
2995.391,29.70075301,29.693036064624813,30.02913355971854,29.712285123914963,0.0077169453751864125
2995.873,29.69898498,29.691414895900913,30.02207860676256,29.709242127842742,0.007570084099086216
2996.355,29.70840317,29.689857467246544,30.01509569062895,29.70626172534233,0.018545702753456794
2996.837,29.70078096,29.68836378639865,30.00818510778593,29.70334400539253,0.012417173601349418
2997.319,29.69678553,29.68693385750475,30.00134715092966,29.700489053394847,0.00985167249524821
2997.802,29.69810156,29.685564913004825,29.994568149608885,29.697691223815067,0.012536646995176426
2998.284,29.68704451,29.684262618376863,29.98787645982817,29.69496218024097,0.0027818916231368007
2998.766,29.69475466,29.68302406662884,29.981258251952163,29.69229613949007,0.011730593371162001
2999.248,29.68582924,29.681849247581667,29.974713803463985,29.689693172627766,0.003979992418333467
2999.73,29.67221918,29.68073814748731,29.968243388017136,29.68715334713373,-0.008518967487312068
3000.212,29.67079917,29.679690749033686,29.96184727542475,29.684676726901003,-0.00889157903368698
3000.694,29.67675232,29.678707031349642,29.955525731648695,29.682263372235294,-0.0019547113496436452
3001.176,29.67624199,29.67778697001039,29.949279018789163,29.679913339854497,-0.0015449800103901623
3001.658,29.67613001,29.676930537043,29.943107395074378,29.677626682888672,-0.0008005270429976008
3002.141,29.6859462,29.67613612212911,29.936998545459765,29.675398904327942,0.009810077870891831
3002.623,29.67028754,29.675406979655794,29.930978016271993,29.673239274958664,-0.005119439655793201
3003.105,29.68292521,29.674741360322752,29.925033328088567,29.671143158953097,0.00818384967724839
3003.587,29.6617576,29.674139222018066,29.91916472354219,29.669110595085414,-0.01238162201806503
3004.069,29.67280364,29.673600519113247,29.913372441344883,29.66714161854481,-0.0007968791132455522
3004.551,29.64993587,29.673125202470317,29.907656716278858,29.665236260936794,-0.023189332470316515
3005.033,29.63911739,29.67271321944905,29.902017779187553,29.66339455028485,-0.033595829449051706
3005.515,29.64033488,29.672364513914534,29.896455856966963,29.66161651103215,-0.03202963391453295
3005.998,29.64029063,29.672078499618415,29.890959873984748,29.659898673527778,-0.031787869618415954
3006.48,29.65214901,29.67185629767132,29.885552807284604,29.65824816828591,-0.019707287671320017
3006.962,29.64356655,29.67169718377497,29.880223412815706,29.656661386338293,-0.02813063377497116
3007.444,29.64092272,29.671601087888334,29.874971901592442,29.655138337823132,-0.03067836788833489
3007.926,29.64690552,29.67156793651686,29.86979848064104,29.653679029311302,-0.024662416516857633
3008.408,29.6399163,29.67159765272127,29.864703352991988,29.65228346380969,-0.031681352721271594
3008.89,29.63815668,29.671690156126907,29.859686717672744,29.65095164076487,-0.03353347612690527
3009.372,29.59742245,29.671845362932995,29.85474876970061,29.649683556066716,-0.07442291293299519
3009.854,29.6387206,29.672063185922276,29.849889700075757,29.648479202052677,-0.033342585922277124
3010.337,29.64175917,29.672344181037406,29.845099861068917,29.647336267276902,-0.030585011037405962
3010.819,29.63070865,29.672687090551,29.840399269640226,29.646259469604974,-0.041978440551002194
3011.301,29.63466409,29.67309233399139,29.835778105757488,29.64524635831728,-0.03842824399139033
3011.783,29.63393271,29.673559810569266,29.831236544278852,29.644296911579627,-0.039627100569266105
3012.265,29.62891547,29.674089416130442,29.826774756013716,29.643411104029287,-0.045173946130443454
3012.747,29.62768438,29.674681043166743,29.822392907717088,29.642588906780738,-0.046996663166741115
3013.229,29.64571427,29.675334580827258,29.818091162083995,29.641830287431215,-0.029620310827258578
3013.711,29.61912699,29.676049914929678,29.813869677744194,29.64113521006696,-0.0569229249296761
3014.194,29.63375162,29.676828604064088,29.80972010152582,29.640502390929658,-0.04307698406408633
3014.676,29.63129031,29.677667302822677,29.805659766679312,29.639934407393632,-0.046376992822676044
3015.158,29.62493419,29.678567435344814,29.801680144873355,29.639429836998744,-0.05363324534481251
3015.64,29.62973311,29.67952887423458,29.79778137841924,29.63898862984466,-0.049795764234580986
3016.122,29.64910352,29.680551488825003,29.79396360553947,29.638610732553552,-0.03144796882500245
3016.604,29.6348579,29.681635145190892,29.79022696036373,29.638296088277805,-0.0467772451908921
3017.086,29.62655927,29.682779706161543,29.786571572924956,29.638044636707463,-0.05622043616154215
3017.568,29.59885201,29.683985031334085,29.78299756915568,29.637856314078284,-0.08513302133408374
3018.051,29.62227913,29.685253666443767,29.779497909844643,29.637730858806567,-0.06297453644376816
3018.532,29.62419446,29.68657739659213,29.77609419583326,29.637668783364198,-0.06238293659213312
3019.015,29.62539202,29.687967079492722,29.772758235728997,29.637669497245437,-0.06257505949272257
3019.497,29.63969355,29.689414117942928,29.769511113754543,29.637733114232397,-0.04972056794292712
3019.979,29.61226601,29.69092117024246,29.76634594370622,29.63785948964702,-0.07865516024246233
3020.461,29.62011655,29.692488076875257,29.76326282683974,29.638048539171553,-0.0723715268752585
3020.943,29.63886618,29.69411467519055,29.760261860290452,29.638300175095946,-0.05524849519055053
3021.425,29.61003037,29.695800799417572,29.757343137071125,29.63861430632754,-0.08577042941757185
3021.907,29.63173861,29.697546280680616,29.754506746070266,29.638990838401078,-0.06580767068061633
3022.389,29.63017981,29.699350947013894,29.751752772050356,29.63942967348896,-0.06917113701389255
3022.872,29.61840776,29.70121855114324,29.749075838974104,29.639931814493924,-0.0828107911432383
3023.354,29.61442694,29.703141181307444,29.746487108084967,29.640495077452073,-0.08871424130744288
3023.836,29.61864008,29.705122461880016,29.743981023840934,29.641120329645506,-0.08648238188001756
3024.318,29.62453425,29.707162208684096,29.7415576544797,29.641807459896793,-0.08262795868409611
3024.8,29.62101737,29.709260234531207,29.739217064107844,29.64255635372031,-0.08824286453120678
3025.282,29.63477221,29.711416349237638,29.73695931270039,29.643366893334044,-0.07664413923763647
3025.764,29.64084233,29.713630359640753,29.734784456100638,29.644238957671295,-0.07278802964075126
3026.246,29.62732346,29.71590206961554,29.732692546020115,29.645172422392434,-0.08857860961554209
3026.729,29.65036071,29.718236172110323,29.73067954846624,29.646169287270677,-0.06787546211032236
3027.211,29.63064627,29.720622799752785,29.728753842352237,29.647225293423016,-0.0899765297527857
3027.693,29.62722303,29.723066520558415,29.726911213181705,29.648342307144933,-0.09584349055841557
3028.175,29.64174125,29.725567126716186,29.72515169613448,29.64952019112271,-0.0838258767161868
3028.657,29.60927938,29.728124407538377,29.723475322261667,29.65075880483277,-0.11884502753837722
3029.139,29.64861411,29.7307381494781,29.721882118486832,29.65205800455491,-0.08212403947809932
3029.621,29.64319899,29.733408136146977,29.7203721076073,29.65341764338554,-0.09020914614697872
3030.103,29.61953098,29.73613414833323,29.718945308295925,29.654837571251505,-0.11660316833323137
3030.585,29.63334652,29.738915964019704,29.717601735102786,29.656317634923713,-0.1055694440197037
3031.068,29.62989718,29.74175930272889,29.71633887018015,29.657860935379723,-0.11186212272889051
3031.55,29.63584217,29.744652162832082,29.715161949099812,29.659460922363717,-0.10880999283208226
3032.032,29.61512678,29.747600143254274,29.714068273073007,29.661120566331906,-0.13247336325427383
3032.514,29.61237298,29.750603010935254,29.71305784017245,29.662839701567243,-0.13823003093525443
3032.996,29.63172068,29.75366053010226,29.71213064436027,29.664618159268816,-0.12193985010225816
3033.478,29.6277271,29.756772462288904,29.7112866754909,29.66645576756675,-0.1290453622889025
3033.96,29.62564198,29.759938566354542,29.710525919314367,29.668352351537358,-0.1342965863545409
3034.442,29.61228354,29.763158598503423,29.7098483574797,29.670307733218564,-0.15087505850342353
3034.925,29.62357415,29.76643915987112,29.709252820803584,29.672325970850032,-0.1428650098711195
3035.407,29.62284561,29.769766416871718,29.708741748684265,29.67439852302647,-0.14692080687171938
3035.889,29.60452009,29.773146854308358,29.70831379121718,29.67652932056156,-0.16862676430835677
3036.371,29.62613168,29.776580217955583,29.70796891367701,29.6787181734903,-0.1504485379555831
3036.853,29.62700077,29.780066251031474,29.707707077257446,29.68096488888859,-0.15306548103147577
3037.335,29.61958609,29.783604694217864,29.70752823907589,29.683269270889877,-0.16401860421786552
3037.817,29.62467861,29.78719528568052,29.707432352178245,29.685631120701522,-0.16251667568052142
3038.299,29.63822262,29.790837761089623,29.70741936554384,29.6880502366217,-0.1526151410896226
3038.781,29.65428023,29.794531853640137,29.707489224090715,29.690526414056286,-0.1402516236401361
3039.264,29.65923236,29.798285117883683,29.70764227138366,29.69306475974217,-0.13905275788368243
3039.746,29.63236322,29.80208174018767,29.707877810384783,29.695654552237137,-0.16971852018767208
3040.228,29.65405501,29.80592916400283,29.70819600486458,29.698300774836973,-0.15187415400282944
3040.71,29.68209988,29.80982711282605,29.708596783543335,29.701003211545206,-0.12772723282605014
3041.192,29.65820416,29.8137753077835,29.709080071108964,29.7037616435602,-0.15557114778350112
3041.674,29.69319991,29.81777346765179,29.70964578822334,29.706575849293152,-0.12457355765178946
3042.156,29.67332126,29.82182130887926,29.710293851528906,29.709445604386147,-0.14850004887926005
3042.638,29.66870453,29.825918545607482,29.711024173655428,29.712370681730274,-0.15721401560748305
3043.121,29.70044106,29.83007354291221,29.711838434237222,29.715357091516523,-0.12963248291221063
3043.603,29.67454676,29.83426880492366,29.712733166051166,29.71839223469836,-0.1597220449236616
3044.085,29.67971375,29.83851259062611,29.713709870359367,29.72148200199301,-0.15879884062610827
3044.567,29.68540808,29.842804605145684,29.714768443803973,29.724626155467732,-0.15739652514568547
3045.049,29.68908638,29.847144551410437,29.71590877905116,29.727824454532218,-0.15805817141043832
3045.531,29.69857054,29.85153213017244,29.717130764798988,29.731076655957853,-0.15296159017244193
3046.013,29.68220592,29.855967040029853,29.71843428578554,29.73438251389684,-0.17376112002985167
3046.495,29.71695069,29.860448977449135,29.719819222797188,29.737741779901597,-0.14349828744913395
3046.978,29.70411678,29.86498708070034,29.721288579063938,29.74116133774128,-0.16087030070034203
3047.459,29.70498842,29.869552710314714,29.722832848333713,29.74461952943675,-0.16456429031471487
3047.942,29.71939551,29.874183523452146,29.724464741378792,29.748144856498236,-0.15478801345214777
3048.424,29.72036464,29.87885058861222,29.72617423931988,29.751715327401243,-0.15848594861222054
3048.906,29.72045122,29.883563131821724,29.7279644979534,29.755337925279584,-0.1631119118217228
3049.388,29.72134292,29.88832083722426,29.729835374531962,29.75901238649671,-0.16697791722425848
3049.87,29.70617446,29.89312338698973,29.73178672241972,29.762738444955744,-0.18694892698972865
3050.352,29.73228118,29.897970461337092,29.733818391102258,29.766515832119996,-0.16568928133709093
3050.834,29.70096619,29.90286173855737,29.735930226196416,29.77034427703341,-0.20189554855737057
3051.316,29.74577337,29.907796895036597,29.73812206946058,29.774223506341293,-0.16202352503659867
3051.799,29.70643364,29.912785979600574,29.740398554738633,29.778161449605484,-0.2063523396005742
3052.281,29.72836983,29.917808005591326,29.742750089372016,29.7821415220696,-0.18943817559132725
3052.763,29.70803965,29.922872928115723,29.745181134047453,29.786171544096202,-0.21483327811572295
3053.245,29.72887605,29.92798041616761,29.74769151518649,29.790251232939998,-0.19910436616761018
3053.727,29.7514754,29.933130136951952,29.750281055405644,29.79438030356205,-0.1816547369519519
3054.209,29.75031019,29.938321755908124,29.752949573527697,29.798558468651176,-0.1880115659081234
3054.691,29.7417303,29.94355493673341,29.755696884593075,29.80278543864523,-0.20182463673340933
3055.173,29.74600288,29.948829341406448,29.758522799871454,29.807060921752775,-0.202826461406449
3055.656,29.75440479,29.95415570004328,29.761433233821474,29.811393644229657,-0.1997509100432815
3056.138,29.74042973,29.959511615348365,29.764415938377173,29.81576536849626,-0.21908188534836626
3056.62,29.75992575,29.96490772964739,29.767476658030336,29.820184716721236,-0.20498197964738907
3057.102,29.75215447,29.970343698276746,29.77061518907948,29.824651388408423,-0.2181892282767457
3057.584,29.78402384,29.975819174972457,29.773831324113033,29.82916508094138,-0.1917953349724577
3058.066,29.76254907,29.981333811893695,29.777124852022048,29.833725489605534,-0.21878474189369612
3058.548,29.79294235,29.986887259646686,29.780495558012912,29.838332307610244,-0.1939449096466852
3059.03,29.76922396,29.992479167308517,29.78394322362055,29.842985226111196,-0.22325520730851522
3059.512,29.78151289,29.998109182450932,29.78746762672137,29.847683934232577,-0.2165962924509337
3059.995,29.77945944,30.00378874901894,29.791076091699548,29.852438008851603,-0.2243293090189411
3060.477,29.77852357,30.009493993155267,29.794753446870427,29.857227448941124,-0.2309704231552665
3060.959,29.79325523,30.015236277952823,29.79850685086049,29.862061733400378,-0.22198104795282347
3061.441,29.8197223,30.02101524519834,29.80233606704022,29.86694054344877,-0.20129294519833962
3061.923,29.81010603,30.026830535292873,29.806240855190175,29.8718635583872,-0.21672450529287346
3062.405,29.81414939,30.032681787275983,29.810220971515125,29.876830455620762,-0.2185323972759825
3062.887,29.82491417,30.038568638849583,29.814276168658473,29.881840910681586,-0.21365446884958317
3063.369,29.81581056,30.044490726402074,29.81840619571672,29.88689459725183,-0.228680166402075
3063.852,29.8250266,30.05046007986226,29.822619598838543,29.892001805393903,-0.22543347986225726
3064.334,29.8431362,30.056451614609337,29.826898672817332,29.897141056726504,-0.21331541460933678
3064.816,29.83696318,30.062477286096332,29.831251802320885,29.902322549054634,-0.22551410609633038
3065.298,29.84020306,30.06853672569564,29.835678722399486,29.90754594888699,-0.22833366569564006
3065.78,29.8390799,30.07462956358652,29.8401791646317,29.912810920997686,-0.23554966358651797
3066.262,29.87172178,30.0807554287792,29.844752857139746,29.91811712844954,-0.20903364877919728
3066.744,29.85074913,30.086913949138975,29.849399524605303,29.923464232617373,-0.23616481913897402
3067.226,29.87371039,30.093104751410284,29.854118888285242,29.928851893211334,-0.21939436141028423
3067.708,29.88119153,30.099327461240826,29.858910666027647,29.934279768300314,-0.21813593124082686
3068.191,29.866129,30.10559471132801,29.86378473815726,29.93975889941333,-0.23946571132800898
3068.673,29.88662493,30.111880173199914,29.8687206327566,29.94526625289496,-0.2252552431999142
3069.155,29.89076999,30.11819641245037,29.87372807406208,29.950812784744237,-0.22742642245037104
3069.637,29.88155781,30.124543050578996,29.878806766442608,29.956398146696493,-0.24298524057899584
3070.119,29.90880768,30.130919708108923,29.883956410940513,29.962021988963386,-0.22211202810892416
3070.601,29.90225695,30.137326004611197,29.889176705288545,29.967683960256572,-0.23506905461119487
3071.083,29.899328,30.1437615587286,29.894467343926898,29.973383707811305,-0.2444335587285984
3071.565,29.93051376,30.150225988199658,29.89982801802038,29.979120877410104,-0.21971222819965774
3072.048,29.91079857,30.156732410025914,29.90526975411964,29.984907131432074,-0.2459338400259128
3072.53,29.90516927,30.16325349783919,29.91076970327359,29.99071815256249,-0.25808422783919127
3073.012,29.91832756,30.16980230823723,29.91633874123534,29.996565523860326,-0.2514747482372286
3073.494,29.93498851,30.176378455579904,29.921976546236813,30.00244888553158,-0.241389945579904
3073.976,29.92857346,30.182981553442705,29.92768279332301,30.008367876448528,-0.25440809344270576
3074.458,29.92901699,30.189611214640653,29.933457154370004,30.01432213417321,-0.2605942246406521
3074.94,29.92081095,30.196267051252153,29.93929929810321,30.02031129498144,-0.2754561012521535
3075.422,29.92371609,30.202948674642688,29.945208890115747,30.026334993886444,-0.2792325846426884
3075.905,29.92595235,30.2096696366,29.95119806221094,30.032405468126452,-0.28371728660000173
3076.386,29.94917817,30.21638772380187,29.95722906580132,30.038484539870943,-0.2672095538018695
3076.869,29.95827551,30.22315841220531,29.96335171011655,30.044622393078573,-0.2648829022053114
3077.351,29.97468279,30.229939332796835,29.969527825916092,30.05078063830588,-0.2552565427968361
3077.833,29.96703376,30.236744086320883,29.975769670901162,30.05697157782365,-0.2697103263208831
3078.315,29.97553401,30.243572280363388,29.982076892259077,30.063194839569128,-0.26803827036338745
3078.797,29.99425825,30.25042352196321,29.988449134177493,30.069450050384106,-0.2561652719632086
3079.279,29.99582324,30.25729741763575,29.994886037864035,30.075736836038892,-0.2614741776357512
3079.761,29.98915543,30.264193573396486,30.001387241565805,30.08205482125616,-0.27503814339648613
3080.243,30.01538684,30.271111594784227,30.007952380589256,30.088403629734756,-0.2557247547842252
3080.726,30.02168563,30.27806550621573,30.014594905645477,30.094796150527518,-0.25637987621572833
3081.208,30.02373497,30.285026116998186,30.021286940295703,30.101205534636502,-0.261291146998186
3081.69,30.04086999,30.292007406576914,30.02804179796467,30.107644606411213,-0.25113741657691335
3082.172,30.03438488,30.299008978816982,30.0348591023903,30.11411298569171,-0.2646240988169808
3082.654,30.0404393,30.306030437223374,30.04173847447072,30.120610291413442,-0.2655911372233746
3083.136,30.03442415,30.313071384964058,30.048679532284726,30.12713614163104,-0.2786472349640583
3083.618,30.02787594,30.32013142489304,30.055681891112386,30.13369015354191,-0.2922554848930403
3084.1,30.0499788,30.327210159573344,30.062745163455922,30.140271943510214,-0.2772313595733422
3084.583,30.04576399,30.33432193417597,30.06988380136111,30.14689486729797,-0.28855794417597025
3085.065,30.07241092,30.34143690172017,30.077067851577425,30.15353111489148,-0.2690259817201692
3085.547,30.07841307,30.348569369361986,30.084311635535002,30.160193984069977,-0.27015629936198593
3086.029,30.06421668,30.35571893872901,30.09161475482933,30.166883088099407,-0.2915022587290075
3086.511,30.0691106,30.36288521127204,30.098976808383846,30.17359803953086,-0.29377461127204185
3086.993,30.08833306,30.37006778828768,30.10639739247146,30.18033845022383,-0.281734728287681
3087.475,30.07257401,30.377266270940854,30.113876100736174,30.18710393137005,-0.304692260940854
3087.957,30.08427534,30.384480260287297,30.12141252421483,30.193894093516803,-0.30020492028729606
3088.439,30.08041823,30.39170935729602,30.129006251358987,30.20070854659049,-0.3112911272960197
3088.922,30.08431572,30.398968206526426,30.13667279955353,30.207561111947946,-0.31465248652642686
3089.404,30.10485623,30.406226350803806,30.14438000588096,30.21442302265487,-0.30137012080380643
3089.886,30.09945912,30.413498404524663,30.152143265064794,30.22130804976315,-0.31403928452466445
3090.368,30.1140802,30.42078396853353,30.159962155431092,30.228215800948348,-0.30670376853353076
3090.85,30.13282527,30.428082643699245,30.167836252831655,30.235145883381993,-0.29525737369924343
3091.332,30.14492072,30.435394030936767,30.175765130666523,30.242097903754697,-0.2904733109367683
3091.814,30.13591203,30.44271773122917,30.18374835990665,30.249071468299316,-0.3068057012291696
3092.296,30.15609322,30.450053345649263,30.191785509116546,30.25606618281422,-0.29396012564926366
3092.779,30.16081928,30.457415730082882,30.19989298532432,30.263096228904114,-0.29659645008288393
3093.261,30.18988713,30.464773999094355,30.208036780263395,30.270132100962,-0.274886869094356
3093.743,30.17989754,30.472142985381584,30.216233185744372,30.27718793718747,-0.29224544538158526
3094.225,30.16583043,30.47952229059357,30.224481760930868,30.28426334186998,-0.3136918605935719
3094.707,30.19113009,30.4869115165771,30.232782062695478,30.291357918979404,-0.29578142657709705
3095.189,30.21038205,30.494310265397758,30.241133645642897,30.298471272188582,-0.2839282153977578
3095.671,30.18212732,30.501718139361447,30.249536062133608,30.3056030048963,-0.31959081936144784
3096.153,30.19385778,30.509134741035176,30.257988862307204,30.31275272024987,-0.31527696103517755
3096.635,30.20733493,30.51655967326833,30.266491594106103,30.31992002116773,-0.3092247432683308
3097.118,30.22859372,30.524007968069053,30.275061597587204,30.327119433532616,-0.29541424806905425
3097.6,30.2319163,30.53144838642815,30.283662929021418,30.33432074795399,-0.29953208642814744
3098.082,30.22506829,30.538895944975728,30.292312822009333,30.34153845472194,-0.3138276549757286
3098.564,30.25621066,30.546350247899458,30.301010815938433,30.348772156064193,-0.29013958789945704
3099.046,30.24880748,30.553810899773058,30.309756448118556,30.356021454091664,-0.3050034197730582
3099.528,30.27670009,30.56127750557681,30.31854925380613,30.363285950820984,-0.2845774155768126
3100.01,30.2606676,30.568749670717818,30.32738876622833,30.370565248196307,-0.30808207071781624
3100.492,30.26424351,30.57622700105043,30.336274516607503,30.377858948111744,-0.3119834910504302
3100.975,30.26931097,30.58372463061621,30.345224611552226,30.38518182792661,-0.3144136606162107
3101.457,30.28592431,30.591211119459455,30.35420151709429,30.392503166328133,-0.3052868094594565
3101.939,30.27628159,30.598701593127124,30.363223241489013,30.39983771204411,-0.3224200031271245
3102.421,30.29767466,30.60619565946395,30.372289308180353,30.407185066987054,-0.3085209994639513
3102.903,30.29913793,30.61369292686161,30.38139923873041,30.414544833128584,-0.3145549968616095
3103.385,30.29340965,30.621193004278624,30.39055255284416,30.42191661252097,-0.3277833542786226
3103.867,30.3159196,30.628695501259667,30.399748768394403,30.42930000731879,-0.31277590125966626
3104.349,30.32791765,30.636200027955137,30.4089874014467,30.436694619800253,-0.3082823779551376
3104.832,30.32725851,30.643721769537116,30.41828726381844,30.444115427328498,-0.31646325953711596
3105.313,30.34917434,30.651213614235708,30.427589975434046,30.451515907673947,-0.30203927423570676
3105.796,30.35995171,30.65873747530404,30.436972407159363,30.45895720497077,-0.29878576530403933
3106.278,30.35552796,30.666246235737997,30.44637591904843,30.466392733753494,-0.3107182757379974
3106.76,30.37074154,30.67375508559665,30.455819401514457,30.473837493389045,-0.3030135455966487
3107.242,30.36247773,30.68126363906887,30.465302360304545,30.481291087344328,-0.31878590906887183
3107.724,30.38152933,30.68877151108247,30.474824299535552,30.488753119357916,-0.30724218108247214
3108.206,30.38652612,30.696278317322925,30.484384721719344,30.496223193460704,-0.3097521973229256
3108.688,30.38891821,30.70378367425171,30.493983127788532,30.503700913996646,-0.31486546425171014
3109.17,30.39235108,30.711287199124715,30.50361901712199,30.511185885643265,-0.3189361191247144
3109.653,30.40070303,30.71880407033025,30.513311993859222,30.518693263496484,-0.31810104033025155
3110.135,30.41480554,30.726302780348863,30.523021416926717,30.526191565829766,-0.3114972403488636
3110.617,30.39799092,30.733798514240124,30.532766811280997,30.533695934695082,-0.33580759424012285
3111.099,30.41932828,30.74129089262107,30.542547670340948,30.541205976309428,-0.3219626126210713
3111.581,30.42580152,30.748779536993357,30.552363486100866,30.548721297324768,-0.32297801699335693
3112.063,30.41622681,30.75626406976112,30.56221374915656,30.556241504848423,-0.3400372597611181
3112.545,30.4281379,30.763744114248333,30.57209794873131,30.56376620646278,-0.33560621424833315
3113.027,30.4347766,30.771219294716474,30.582015572701884,30.571295010245098,-0.3364426947164745
3113.51,30.45602537,30.778704728480932,30.591986785742222,30.578843155996957,-0.3226793584809329
3113.992,30.4376262,30.78616904549951,30.6019697835563,30.586378996907186,-0.34854284549950876
3114.474,30.45087845,30.793627376308663,30.611984660508043,30.593917766574414,-0.34274892630866205
3114.956,30.46052509,30.801079349094135,30.622030899347916,30.601459075253075,-0.3405542590941337
3115.438,30.4695518,30.80852459306477,30.632107981611192,30.60900253379015,-0.33897279306476946
3115.92,30.49583221,30.81596273846937,30.6422153876443,30.61654775364443,-0.3201305284693703
3116.402,30.47048951,30.823393416613154,30.652352596631204,30.624094346905522,-0.35290390661315385
3116.884,30.51195138,30.830816259874492,30.66251908661994,30.63164192631298,-0.31886487987449286
3117.366,30.51025518,30.838230901721236,30.672714334549006,30.639190105275095,-0.32797572172123424
3117.849,30.52020141,30.845652332869737,30.682959055801728,30.64675415840806,-0.325450922869738
3118.331,30.51223144,30.853049457822934,30.693210303061754,30.65430237871751,-0.340818017822933
3118.813,30.53065939,30.860437287712248,30.703488731593325,30.661850042209657,-0.32977789771224764
3119.295,30.53154375,30.867815460527698,30.71379381416051,30.669396765156247,-0.3362717105276971
3119.777,30.52849565,30.87518361542927,30.724125022551,30.67694216459083,-0.3466879654292683
3120.259,30.51694704,30.88254139276238,30.734481827602675,30.684485858326813,-0.36559435276237906
3120.741,30.52249861,30.889888434073715,30.744863699230415,30.692027464975723,-0.36738982407371523
3121.223,30.53852731,30.897224382126446,30.755270106452752,30.6995666039652,-0.3586970721264464
3121.706,30.54705475,30.904564064823642,30.765722181858017,30.707118527793835,-0.35750931482364123
3122.188,30.54396719,30.911876734734424,30.776176112014998,30.714651586014572,-0.36790954473442383
3122.67,30.53722171,30.919177246396714,30.78665297860492,30.72218103915076,-0.3819555363967133
3123.152,30.52788517,30.92646524759505,30.79715224732773,30.72970651007454,-0.39858007759504943
3123.634,30.54249772,30.933740387406182,30.807673383121298,30.737227622562543,-0.39124266740618197
3124.116,30.56844478,30.941002316213606,30.818215850188263,30.744744001313506,-0.37255753621360554
3124.598,30.58050386,30.948250685722414,30.82877911202312,30.75225527196534,-0.36774682572241346
3125.08,30.57445207,30.955485148973704,30.83936263143897,30.759761061112403,-0.3810330789737044
3125.562,30.58058833,30.9627053603589,30.84996587059458,30.76726099632235,-0.38211703035889855
3126.045,30.59580144,30.9699259096326,30.860610348802982,30.774770246540623,-0.3741244696326014
3126.527,30.59080322,30.97711655458328,30.871251449547792,30.782257346488898,-0.3863133345832779
3127.009,30.62920495,30.9842919183792,30.88191065173203,30.789737480446647,-0.35508696837920084
3127.491,30.6307588,30.991451660957484,30.8925874151657,30.797210280045213,-0.3606928609574851
3127.973,30.64434776,30.99859544367566,30.903281199139446,30.804675377972746,-0.35424768367566273
3128.455,30.65229755,31.005722929325305,30.913991462451662,30.81213240799047,-0.35342537932530504
3128.937,30.64307377,31.01283378214558,30.924717663435317,30.819581004948862,-0.36976001214557996
3129.419,30.64927169,31.01992766783661,30.93545925998526,30.8270208048039,-0.3706559778366092
3129.902,30.65449444,31.027018917072514,30.946238040933665,30.83446685112508,-0.37252447707251335
3130.384,30.66558037,31.034077834592733,30.957008829807215,30.841887949012452,-0.3684974645927319
3130.866,30.672402,31.04111879029924,30.967793384444867,30.84929916370873,-0.36871679029923854
3131.348,30.67017269,31.048141455870756,30.97859116125821,30.856700135752494,-0.37796876587075445
3131.83,30.70048019,31.05514550451201,30.98940161635578,30.86409050686635,-0.3546653145120082
3132.312,30.69624669,31.062130610966584,31.000224205570294,30.871469919972327,-0.36588392096658495
3132.794,30.69408199,31.06909645152938,31.011058384485477,30.878838019207343,-0.37501446152937845
3133.276,30.71048908,31.076042704059013,31.021903608463308,30.886194449938078,-0.3655536240590145
3133.759,30.72381535,31.08298339708181,31.032781865457142,30.89355408339768,-0.3591680470818126
3134.24,30.73674807,31.08987516434565,31.043625012107423,30.900870893593062,-0.3531270943456484
3134.723,30.7336956,31.09677499959074,31.05452267346152,30.908205375354964,-0.3630793995907382
3135.205,30.72972149,31.10363966666985,31.06540664564293,30.915511583368986,-0.37391817666985006
3135.687,30.76027026,31.110483158240907,31.076298936183143,30.92280436796099,-0.3502128982409083
3136.169,30.77281304,31.11730516180229,31.08719899968027,30.930083382191114,-0.34449212180228983
3136.651,30.78824856,31.124105366499485,31.09810629069956,30.93734828045193,-0.33585680649948557
3137.133,30.7841612,31.130883463136822,31.10902026380054,30.944598718482787,-0.3467222631368223
3137.615,30.80147406,31.137639144188466,31.119940373563693,30.951834353383735,-0.33616508418846536
3138.097,30.79311006,31.14437210380993,31.130866074617675,30.959054843629673,-0.3512620438099283
3138.58,30.7945278,31.151095934728733,31.141819504431453,30.966274780896455,-0.3565681347287324
3139.062,30.79661422,31.15778249202451,31.152754761050474,30.973463929644755,-0.36116827202451063
3139.544,30.81357683,31.164445419931578,31.16369397227235,30.980636916850155,-0.3508685899315793
3140.026,30.82072661,31.171084419443268,31.17463659318691,30.987793406626455,-0.3503578094432669
3140.508,30.81979288,31.17769919328837,31.185582079066293,30.99493306452999,-0.35790631328836753
3140.99,30.81112907,31.184289445941463,31.19652988539175,31.002055557573012,-0.37316037594146323
3141.472,30.81853104,31.1908548836333,31.207479467880425,31.009160554236704,-0.37232384363329984
3141.954,30.83844772,31.19739521436114,31.21843028251208,31.016247724484202,-0.35894749436113926
3142.437,30.84187264,31.2039236377577,31.22940450685502,31.02333138668107,-0.3620509977577022
3142.919,30.84096177,31.21041283207721,31.24035615463197,31.03038188129413,-0.3694510620772107
3143.401,30.86025675,31.21687605353076,31.25130740320733,31.037413567726116,-0.3566193035307599
3143.883,30.84584273,31.22331301728503,31.262257709878725,31.04442612199836,-0.3774702872850284
3144.365,30.88197715,31.229723440322516,31.27320653233961,31.05141922167725,-0.34774629032251525
3144.847,30.85965134,31.236107041451074,31.284153328705816,31.058392545886417,-0.376455701451075
3145.329,30.88955898,31.242463541313285,31.295097557542046,31.06534577531883,-0.3529045613132844
3145.811,30.90487896,31.248792662395743,31.306038677888182,31.072278592248917,-0.34391370239574215
3146.293,30.90302084,31.25509412903823,31.316976149285992,31.079190680544354,-0.35207328903823054
3146.776,30.89913599,31.261380653862364,31.327932110235366,31.086096000360385,-0.36224466386236287
3147.258,30.90815487,31.26762593331425,31.338860654130254,31.09296564479009,-0.35947106331424905
3147.74,30.92862574,31.27384274199618,31.349783929858418,31.099813621220886,-0.3452170019961791
3148.222,30.94011456,31.280030811753992,31.360701399232997,31.106639620013443,-0.33991625175399065
3148.704,30.94286473,31.286189876330607,31.37161252470022,31.1134433331794,-0.3433251463306064
3149.186,30.96008384,31.29231967137475,31.382516769365797,31.12022445439246,-0.3322358313747493
3149.668,30.95230949,31.298419934449235,31.39341359702078,31.126982678999592,-0.3461104444492342
3150.15,30.95439588,31.30449040503915,31.404302472167743,31.133717704031735,-0.3500945250391503
3150.633,30.96795879,31.31054332513433,31.415205424272475,31.1404431279016,-0.3425845351343284
3151.115,30.96915625,31.316553373795447,31.426076771616074,31.147130801978264,-0.34739712379544585
3151.597,30.99481175,31.322532859515274,31.436938563382554,31.153794377168758,-0.32772110951527367
3152.079,30.98231221,31.3284815295521,31.447790267181546,31.1604335573508,-0.34616931955210006
3152.561,30.99235449,31.33439913312602,31.458631351463676,31.167048048139144,-0.34204464312601957
3153.043,30.99551323,31.340285421426422,31.469461285546334,31.173637556895784,-0.3447721914264221
3153.525,31.00797375,31.346140147619437,31.480279539639188,31.18020179273989,-0.33816639761943534
3154.007,31.03109957,31.35196306685517,31.491085584869943,31.1867404665579,-0.32086349685517135
3154.49,31.0373631,31.357765917043828,31.50190127246031,31.19326677602862,-0.3204028170438278
3154.972,31.04200027,31.363524428545446,31.512681289084213,31.19975341105462,-0.32152415854544714
3155.454,31.04585393,31.369250410022488,31.523447514901843,31.206213626828617,-0.3233964800224882
3155.936,31.06440854,31.374943624636366,31.534199424969707,31.212647141407203,-0.31053508463636703
3156.418,31.07732402,31.38060383756745,31.544936495389408,31.219053674662508,-0.30327981756745004
3156.9,31.08849745,31.386230816021715,31.555658203332886,31.225432948291242,-0.29773336602171696
3157.382,31.09322911,31.391824329237288,31.566364027067497,31.23178468582396,-0.2985952192372885
3157.864,31.07223915,31.397384148490822,31.57705344598118,31.238108612634125,-0.32514499849082057
3158.346,31.10506141,31.402910047103923,31.587725940607456,31.244404455947034,-0.29784863710392173
3158.829,31.09676532,31.408413158479753,31.59840308007694,31.250684918276324,-0.31164783847975386
3159.311,31.07963156,31.413870472454683,31.60904013463821,31.25692372405858,-0.3342389124546834
3159.793,31.09365634,31.419293197629393,31.619658712565847,31.263133638665543,-0.3256368576293944
3160.275,31.08285497,31.424681115570344,31.630258299226796,31.26931439682058,-0.3418261455703444
3160.757,31.10508853,31.430034009918714,31.640838381257574,31.27546573514191,-0.32494547991871414
3161.239,31.09362751,31.435351666396308,31.65139844658877,31.281587392150666,-0.3417241563963067
3161.721,31.12102315,31.44063387281097,31.6619379844696,31.287679108279157,-0.319610722810971
3162.203,31.13040896,31.44588041906207,31.672456485492233,31.293740625878765,-0.31547145906207064
3162.686,31.11603724,31.451101870253225,31.682975196785872,31.299784169974004,-0.33506463025322475
3163.167,31.12008164,31.456265701160582,31.693428346192437,31.30577204453988,-0.3361840611605835
3163.65,31.13948403,31.461414649888688,31.70390235555921,31.3117537922518,-0.32193061988868976
3164.132,31.14594792,31.466516420602616,31.71433159441392,31.317691912897555,-0.3205685006026151
3164.614,31.14601303,31.47158151179425,31.72473726932385,31.32359857531854,-0.32556848179424946
3165.096,31.15513096,31.47660972602501,31.735118879449928,31.329473533546913,-0.3214787660250096
3165.578,31.16905203,31.48160086798317,31.745475925464714,31.335316543586966,-0.3125488379831687
3166.06,31.17008053,31.48655474448823,31.755807909575903,31.341127363422153,-0.3164742144882311
3166.542,31.18050046,31.49147116449562,31.766114335550064,31.346905753022178,-0.31097070449562025
3167.024,31.1936801,31.496349939101066,31.776394708736166,31.352651474349788,-0.30266983910106404
3167.507,31.20629582,31.501200885539,31.78666978165421,31.358376109318517,-0.2949050655389982
3167.989,31.2220935,31.506003732146603,31.79689651515407,31.364055719002227,-0.28391023214660294
3168.471,31.20249773,31.51076837914708,31.8070957206266,31.369701957848516,-0.30827064914707947
3168.953,31.23303987,31.515494646243603,31.817266909987257,31.375314595863493,-0.28245477624360404
3169.435,31.2136814,31.520182355300122,31.827409596850174,31.380893405079245,-0.3065009553001232
3169.917,31.24681795,31.52483133034523,31.83752329655122,31.38643815956007,-0.2780133803452287
3170.399,31.22865891,31.529441397575667,31.847607526170737,31.391948635408617,-0.30078248757566683
3170.881,31.24691778,31.534012385360043,31.85766180455639,31.397424610771807,-0.2870946053600427
3171.364,31.24334559,31.538553485274768,31.867706416746397,31.402877118514823,-0.29520789527476765
3171.846,31.24642963,31.543045726029092,31.877699291769737,31.408283362844756,-0.29661609602909067
3172.328,31.24822338,31.54749838516858,31.88766078194701,31.413654453009734,-0.29927500516858174
3172.81,31.26801813,31.551911299787747,31.897590413424563,31.41899017539668,-0.2838931697877456
3173.292,31.26741808,31.556284309169477,31.907487714228328,31.424290318465303,-0.28886622916947857
3173.774,31.27356617,31.560617254788035,31.917352214286026,31.429554672753703,-0.2870510847880361
3174.256,31.2973897,31.56490998031188,31.927183445449156,31.434783030883494,-0.26752028031188146
3174.738,31.28326698,31.569162331606563,31.93698094151501,31.439975187565103,-0.28589535160656254
3175.22,31.27255954,31.573374156737472,31.946744238248375,31.44513093960284,-0.30081461673747256
3175.703,31.28268141,31.577553917423735,31.956493020943427,31.450260668345265,-0.2948725074237366
3176.185,31.27872775,31.58168415838749,31.966186460940943,31.45534293334442,-0.3029564083874874
3176.667,31.2924647,31.585773430308762,31.97584431997365,31.46038819631854,-0.2933087303087625
3177.149,31.30704792,31.589821590081776,31.985466141896747,31.465396262500427,-0.28277367008177734
3177.631,31.31527335,31.593828496812854,31.995051472640498,31.470366939240577,-0.278555146812856
3178.113,31.31574025,31.597794011822288,32.00459986023121,31.475300036011653,-0.2820537618222865
3178.595,31.3170641,31.601717998646535,32.01411085481244,31.480195364412843,-0.28465389864653545
3179.077,31.34265787,31.60560032304013,32.023584008665765,31.485052738174176,-0.26294245304012875
3179.56,31.32273851,31.6094487773464,32.03303841053919,31.489881931801634,-0.28671026734640037
3180.042,31.33308171,31.61324729591079,32.04243446762615,31.494662766325675,-0.2801655859107903
3180.524,31.34107294,31.617003762372484,32.05179135295261,31.499405099854734,-0.2759308223724837
3181.006,31.3450612,31.62071805138082,32.061108627563755,31.504108754687103,-0.27565685138081975
3181.488,31.35752721,31.624390039811516,32.07038585474557,31.508773555271567,-0.2668628298115152
3181.97,31.35067605,31.628019606768234,32.07962260004511,31.51339932821132,-0.2773435567682334
3182.452,31.35935786,31.63160663358385,32.088818431290484,31.51798590226724,-0.2722487735838506
3182.934,31.36864034,31.63515100382172,32.097972918610786,31.522533108361586,-0.2665106638217196
3183.417,31.37057009,31.638659823467748,32.10710449678878,31.52705009038528,-0.2680897334677468
3183.899,31.37320808,31.642118451084308,32.11617492796398,31.531517979451188,-0.2689103710843064
3184.381,31.35930523,31.64553408598138,32.12520273873025,31.535946005988343,-0.28622885598138126
3184.863,31.40777528,31.64890662065929,32.13418750862252,31.5403340096015,-0.24113134065929032
3185.345,31.38214209,31.65223594985349,32.14312881957459,31.544681832072605,-0.27009385985349255
3185.827,31.39438172,31.65552197053544,32.152026255938196,31.548989317363684,-0.26114025053544054
3186.309,31.39737658,31.658764581913147,32.16087940450208,31.553256311619663,-0.26138800191314715
3186.791,31.41370781,31.661963685431665,32.16968785451097,31.557482663171044,-0.24825587543166705
3187.273,31.39048856,31.665119184773545,32.17845119768421,31.561668222536504,-0.2746306247735433
3187.756,31.405072,31.668237396389728,32.18718706742948,31.565821398564495,-0.26316539638972714
3188.238,31.4134848,31.67130531643287,32.19585888640271,31.569924848492562,-0.2578205164328722
3188.72,31.40099541,31.674329356591464,32.204484387903456,31.57398707065046,-0.2733339465914639
3189.202,31.43618506,31.67730942950533,32.2130631737402,31.578007924338472,-0.24112436950532867
3189.684,31.42924143,31.680245450052553,32.22159484828789,31.58198727105666,-0.2510040200525516
3190.166,31.43141999,31.683137335349578,32.23007901850606,31.58592497450693,-0.25171734534957935
3190.648,31.42783432,31.685985004750947,32.23851529395655,31.58982090059513,-0.25815068475094805
3191.13,31.43984705,31.68878837984905,32.24690328682121,31.593674917432693,-0.2489413298490497
3191.613,31.4362879,31.69155306237522,32.255259862567954,31.59749476021834,-0.25526516237522046
3192.094,31.4524589,31.694261944692357,32.26353288672544,31.601256706841028,-0.24180304469235736
3192.577,31.46263398,31.69693748199594,32.27179077692941,31.604991916074667,-0.23430350199593875
3193.059,31.45618304,31.699562847977056,32.27998171055521,31.608676933075273,-0.24337980797705683
3193.541,31.44844796,31.702143561033033,32.288122461639276,31.61231941427885,-0.25369560103303357
3194.023,31.4518429,31.704679556178256,32.29621265845249,31.61591924106984,-0.2528366561782569
3194.505,31.47277117,31.70717077066071,32.30425193200557,31.619476297048912,-0.23439960066070853
3194.987,31.46321591,31.709617143961324,32.31223991606556,31.622990468034182,-0.24640123396132552
3195.469,31.48648602,31.7120186177929,32.320176247172256,31.626461642062203,-0.22553259779289903
3195.951,31.46858721,31.714375136098987,32.32806056465451,31.629889709388955,-0.2457879260989877
3196.434,31.47998786,31.716691393891296,32.33590870481,31.633281540013073,-0.23670353389129417
3196.916,31.45853712,31.71895774835494,32.34368781450773,31.636622983604866,-0.2604206283549395
3197.398,31.49712627,31.721178992396524,32.351413844733834,31.639921004376838,-0.22405272239652518
3197.88,31.50003169,31.723355078875073,32.35908644613842,31.64317550147539,-0.2233233888750732
3198.362,31.4880341,31.725485962873798,32.36670527223973,31.646386376269845,-0.23745186287379738
3198.844,31.49112796,31.72757160169862,32.37426997943932,31.649553532353067,-0.23644364169862087
3199.326,31.49941762,31.729611954876418,32.381780227037254,31.652676875541765,-0.23019433487641905
3199.808,31.52295188,31.73160698415345,32.38923567724732,31.655756313876708,-0.20865510415345057
3200.291,31.51280181,31.733560651275255,32.39665129102791,31.65879800943086,-0.2207588412752557
3200.773,31.49583287,31.735464832646116,32.40399602941817,31.661789279532123,-0.23963196264611497
3201.255,31.50780881,31.737323588589213,32.411284974012055,31.664736382073862,-0.22951477858921265
3201.737,31.52183158,31.73913688971394,32.41851779883122,31.66763923399919,-0.21730530971393947
3202.219,31.5102961,31.740904708839317,32.42569418088391,31.670497754475548,-0.2306086088393151
3202.701,31.5235082,31.742627020991698,32.432813800179055,31.67331186489455,-0.21911882099169944
3203.183,31.51337092,31.744303803402644,32.439876339740124,31.676081488871475,-0.2309328834026445
3203.665,31.53007766,31.745935035506548,32.44688148561909,31.67880655224515,-0.21585737550654827
3204.147,31.51831793,31.747520698938168,32.45382892690998,31.681486983077257,-0.22920276893816904
3204.63,31.52584859,31.749063925318687,32.46073258866751,31.68412813345352,-0.2232153353186881
3205.112,31.50221043,31.750558310482944,32.46756357899511,31.68671899932494,-0.24834788048294243
3205.594,31.530089,31.752007085034485,32.47433594978048,31.68926503003889,-0.22191808503448485
3206.076,31.52728969,31.75341023938862,32.481049402425654,31.691766162547374,-0.22612054938862158
3206.558,31.52496617,31.754767766148134,32.4877036414406,31.694222336021824,-0.22980159614813545
3207.04,31.52307084,31.756079660100028,32.49429837445594,31.696633491852168,-0.23300882010002866
3207.522,31.52878448,31.757345918212856,32.500833312235386,31.698999573645864,-0.22856143821285713
3208.004,31.53571872,31.75856653963354,32.50730816868824,31.7013205272267,-0.22284781963354305
3208.487,31.53727542,31.75974391597913,32.51373590601346,31.703600975155744,-0.222468495979129
3208.969,31.54522604,31.760873175488115,32.5200896280777,31.705831424753704,-0.21564713548811554
3209.451,31.5429694,31.761956808799397,32.52638242896687,31.708016596800007,-0.21898740879939638
3209.933,31.5253729,31.76299482374686,32.532614035299325,31.710156445976054,-0.23762192374685753
3210.415,31.5432229,31.76398723032647,32.5387841768983,31.71225092917289,-0.22076433032647103
3210.897,31.54736614,31.764934040693213,32.544892586803286,31.714300005489633,-0.2175679006932114
3211.379,31.56838759,31.765835269157293,32.550939001281314,31.71630363623197,-0.19744767915729255
3211.861,31.56570535,31.766690932180794,32.55692315983792,31.718261784910297,-0.20098558218079177
3212.344,31.57925836,31.76750268178106,32.56285702564044,31.720178338018037,-0.18824432178105965
3212.826,31.59087275,31.768267177468715,32.56871577339524,31.72204532737875,-0.17739442746871603
3213.308,31.60152305,31.768986170025173,32.574511502767734,31.723866738357025,-0.16746312002517172
3213.79,31.59951129,31.769659684486577,32.58024396633164,31.725642543268016,-0.17014839448657781
3214.272,31.58954909,31.770287748021794,32.58591291995192,31.727372716621915,-0.18073865802179512
3214.754,31.60011785,31.770870389928398,32.59151812279488,31.72905723512163,-0.17075253992839734
3215.236,31.58390985,31.771407641628556,32.59705933733804,31.730696077660696,-0.18749779162855518
3215.718,31.61319481,31.771899536664954,32.60253632937985,31.732289225320812,-0.15870472666495417
3216.2,31.61162839,31.772346110696375,32.607948868049164,31.733836661369516,-0.16071772069637547
3216.683,31.59845325,31.772748187002698,32.613307753563625,31.735341439297194,-0.17429493700269916
3217.165,31.60562162,31.77310414062108,32.6185905713545,31.736797315751772,-0.16748252062107838
3217.647,31.62398008,31.7734148929543,32.62380826278038,31.73820744346829,-0.1494348129543006
3218.129,31.59529658,31.77368048808669,32.62896061039085,31.739571814436466,-0.17838390808669047
3218.611,31.59443641,31.7739009721966,32.63404740011109,31.74089042281866,-0.1794645621965998
3219.093,31.60984955,31.774076393551717,32.63906842125036,31.74216326494711,-0.16422684355171668
3219.575,31.61333322,31.77420680250438,32.64402346651034,31.743390339320946,-0.16087358250437944
3220.057,31.59389952,31.77429225148675,32.64891233199328,31.744571646603127,-0.18039273148674795
3220.54,31.59290189,31.774332832480958,32.65374475322671,31.745709497947203,-0.18143094248095792
3221.021,31.60214509,31.774328489639196,32.65849072508782,31.746796973345802,-0.17218339963919504
3221.504,31.6030264,31.774279245653126,32.663189520936896,31.74784312341137,-0.17125284565312526
3221.986,31.61597897,31.774185327765956,32.66781155750306,31.748841317235573,-0.15820635776595537
3222.468,31.60309192,31.774046743226826,32.67236644570191,31.749793779658027,-0.17095482322682543
3222.95,31.61926631,31.7738635568468,32.676854002208145,31.750700524262754,-0.154597246846798
3223.432,31.63562618,31.77363583548135,32.6812740471493,31.75156156677472,-0.13800965548135125
3223.914,31.63246131,31.773363648024933,32.68562640411258,31.75237692505629,-0.14090233802493302
3224.396,31.63535137,31.773047065405756,32.68991090015144,31.75314661910354,-0.13769569540575688
3224.878,31.63696141,31.772686160580122,32.694127365792056,31.75387067104257,-0.13572475058012046
3225.361,31.64108525,31.772280122020852,32.69828417040395,31.754550465263684,-0.13119487202085267
3225.843,31.63817866,31.771830708178342,32.70236393875837,31.755183213306573,-0.13365204817834098
3226.325,31.63860959,31.771337203277845,32.7063751888644,31.75577039842298,-0.13272761327784366
3226.807,31.62688729,31.770799688336574,32.71031776520692,31.756312051225024,-0.14391239833657465
3227.289,31.63967436,31.770218246371613,32.71419151577304,31.756808204435373,-0.13054388637161196
3227.771,31.63503783,31.7695929623939,32.71799629205735,31.757258892882874,-0.13455513239389916
3228.253,31.62266143,31.768923923402518,32.721731949067184,31.757664153498617,-0.14626249340251718
3228.735,31.63380043,31.768211218378454,32.72539834532768,31.758024025311443,-0.1344107883784531
3229.218,31.60959791,31.76745332400082,32.729002733303524,31.758339154874363,-0.15785541400081726
3229.7,31.6306693,31.7666534716382,32.73253005333888,31.75860828059148,-0.1359841716381993
3230.182,31.60741776,31.76581023221597,32.73598770908641,31.75883214723202,-0.15839247221596864
3230.664,31.616,31.764923702585996,32.73937557319627,31.759010802176604,-0.1489237025859964
3231.146,31.61920277,31.76399398155104,32.74269352185877,31.759144294881352,-0.1447912115510377
3231.628,31.63523133,31.763021169858526,32.74594143480839,31.759232676873296,-0.12778983985852577
3232.11,31.62233589,31.76200537019406,32.749119195327495,31.759276001745434,-0.1396694801940619
3232.592,31.60922434,31.7609466871748,32.75222669025008,31.75927432515217,-0.15172234717480038
3233.074,31.61959096,31.75984522734298,32.755263809965,31.75922770480424,-0.14025426734297852
3233.557,31.62661761,31.75869868117188,32.75823652993416,31.759135964006596,-0.1320810711718785
3234.039,31.62022109,31.75751190682982,32.76113243809288,31.758999544556026,-0.13729081682981814
3234.521,31.63738187,31.756282687020004,32.763957663370306,31.758818366906347,-0.11890081702000543
3235.003,31.62621611,31.755011135921556,32.766712110413266,31.758592496948076,-0.1287950259215549
3235.485,31.64232168,31.753697369604552,32.76939568743785,31.758322002602718,-0.11137568960455368
3235.967,31.63737324,31.752341506023242,32.77200830623204,31.758006953817542,-0.11496826602324361
3236.449,31.63217318,31.75094366500896,32.77454988215769,31.75764742256026,-0.11877048500896237
3236.931,31.62983993,31.749503968262964,32.777020334152624,31.75724348281343,-0.11966403826296457
3237.414,31.64812228,31.7480194225516,32.77942448836519,31.756794234514132,-0.09989714255160109
3237.896,31.65698918,31.746496300700542,32.78175231567636,31.75630161603692,-0.08950712070054223
3238.378,31.66362943,31.744931699635274,32.78400879720107,31.755764823220986,-0.0813022696352732
3238.86,31.65437824,31.743325748468386,32.78619386620474,31.75518393805769,-0.08894750846838662
3239.342,31.65279461,31.741678578145944,32.78830745953614,31.75455904452526,-0.08888396814594302
3239.824,31.66804377,31.739990321439947,32.79034951762823,31.75389022858306,-0.07194655143994666
3240.306,31.64845204,31.738261112940826,32.792319984498945,31.753177578165804,-0.0898090729408274
3240.788,31.65512349,31.73649108904982,32.79421880775178,31.752421183177454,-0.08136759904981972
3241.271,31.65181865,31.734676589143128,32.796049654748,31.75161943032326,-0.08285793914312833
3241.753,31.64940227,31.732825266921665,32.797804899041765,31.750775733479763,-0.08342299692166577
3242.235,31.65494219,31.730933549595818,32.79948836396193,31.7498885737336,-0.07599135959581815
3242.717,31.66059986,31.72900158073643,32.80110001146388,31.748958048809463,-0.06840172073642847
3243.199,31.66704233,31.72702950568599,32.80263980708883,31.747984258370842,-0.05998717568598977
3243.681,31.67068189,31.725017471550927,32.804107719963284,31.74696730401346,-0.05433558155092655
3244.163,31.67229572,31.722965627193325,32.80550372279842,31.745907289259144,-0.05066990719332409
3244.645,31.65804762,31.720874123222906,32.80682779188918,31.74480431954914,-0.0628265032229045
3245.127,31.675433,31.71874311198888,32.808079907113395,31.743658502237764,-0.0433101119888768
3245.61,31.63752606,31.716568203941208,32.809262425541064,31.74246743635309,-0.07904214394120856
3246.092,31.64908904,31.714358560984948,32.81037043763652,31.741236165199773,-0.06526952098494831
3246.574,31.63547968,31.712109878495397,32.81140645696706,31.739962380156506,-0.07663019849539765
3247.056,31.62602118,31.709822315700066,32.8123704777355,31.738646196167217,-0.08380113570006742
3247.538,31.61984968,31.70749603352428,32.81326249771966,31.737287730055208,-0.08764635352427774
3248.02,31.61024732,31.70513119458238,32.814082518270496,31.73588710051647,-0.09488387458237924
3248.502,31.61544827,31.702727963169217,32.81483054430964,31.73444442811254,-0.08727969316921502
3248.984,31.62963069,31.700286505251512,32.81550658432719,31.732959835263586,-0.07065581525151288
3249.467,31.61749053,31.69780180478844,32.81611182882156,31.731430236099335,-0.08031127478843914
3249.948,31.63631563,31.69528958207603,32.81664275808379,31.729865387161894,-0.0589739520760304
3250.431,31.61517261,31.69272911685374,32.81710380656176,31.72825240346377,-0.07755650685374249
3250.913,31.6265757,31.690136367999024,32.81749190948831,31.726601304178025,-0.06356066799902393
3251.395,31.61795476,31.687506247606414,32.81780812233046,31.72490892445213,-0.0695514876064145
3251.877,31.645001,31.684838931491697,32.8180524749353,31.72317539771072,-0.039837931491696565
3252.359,31.62191256,31.682134597080058,32.8182250006965,31.72140085918614,-0.060222037080059465
3252.841,31.6322523,31.67939342339708,32.818325736550456,31.7195854459109,-0.0471411233970791
3253.323,31.61522721,31.676615591059424,32.818354722972316,31.717729296710132,-0.061388381059423125
3253.805,31.65476268,31.673801282265636,32.8183120039719,31.715832552193895,-0.019038602265634808
3254.288,31.63847708,31.670944729077988,32.8181973153395,31.7138912937167,-0.03246764907798649
3254.77,31.64010118,31.668057945530514,32.81801118313416,31.711913704023836,-0.02795676553051507
3255.252,31.64092276,31.665135241909482,32.817753498816344,31.70989595178257,-0.02421248190948333
3255.734,31.65340828,31.66217680665021,32.81742432049662,31.707838184668773,-0.008768526650207775
3256.216,31.63710804,31.659182829722667,32.81702370979679,31.705740552103997,-0.022074789722665855
3256.698,31.64418797,31.656153502621855,32.8165517318448,31.703603205247617,-0.01196553262185418
3257.18,31.63699264,31.65308901835801,32.81600845526921,31.70142629698872,-0.01609637835801081
3257.662,31.63844311,31.649989571447072,32.815393952193915,31.69920998193799,-0.01154646144707172
3258.145,31.64343449,31.646848819379898,32.81470680180679,31.69694969613151,-0.003414329379896941
3258.627,31.64061306,31.643679965181867,32.81394992868853,31.69465495723503,-0.0030669051818676962
3259.109,31.63425878,31.640476741234032,32.813122066530454,31.69232128595887,-0.006217961234032288
3259.591,31.64747666,31.63723934797919,32.81222330138583,31.689948843720934,0.010237312020809242
3260.073,31.63489651,31.63396798731612,32.811253722772996,31.687537793618958,0.0009285226838819938
3260.555,31.63335213,31.630662862589567,32.810213423668806,31.68508830042225,0.0026892674104317393
3261.037,31.64625659,31.627324178580025,32.80910250050192,31.682600530562915,0.018932411419974926
3261.519,31.65481727,31.62395214149371,32.80792105314602,31.68007465212746,0.03086512850628864
3262.001,31.62895061,31.620546958952026,32.806669184912636,31.677510834847915,0.008403651047974137
3262.484,31.62955031,31.61710167286308,32.80534418641167,31.674903813475055,0.012448637136920127
3262.966,31.64456235,31.613630760208395,32.803951654539176,31.672264556426292,0.030931589791606484
3263.448,31.62131382,31.61012733379244,32.802489032517954,31.669587879879536,0.01118648620755991
3263.93,31.62694256,31.606591606797252,32.80095643734474,31.666873960064592,0.02035095320274749
3264.412,31.63840654,31.603023793768152,32.79935398941663,31.66412297481262,0.03538274623184634
3264.894,31.60581579,31.599424110602982,32.79768181252291,31.66133510354696,0.006391679397019345
3265.376,31.61150227,31.595792774541643,32.79594003383702,31.65851052727421,0.015709495458356315
3265.858,31.60725009,31.592130004155294,32.79412878390811,31.655649428574954,0.01512008584470692
3266.341,31.61713577,31.588428323172636,32.792244223038026,31.652745942669547,0.028707446827365146
3266.823,31.61469974,31.584703281050587,32.79029429230735,31.649812278297688,0.029996458949412386
3267.305,31.60145395,31.58094746865978,32.788275302445044,31.64684264898277,0.02050648134022026
3267.787,31.592957,31.577161109791057,32.78618739742355,31.643837243511875,0.0157958902089419
3268.269,31.58517935,31.57334442951217,32.7840307245469,31.64079625219952,0.011834920487832079
3268.751,31.5742439,31.569497654156727,32.78180543444145,31.637719866877937,0.004746245843271879
3269.233,31.59035471,31.565621011313212,32.779511681046344,31.634608280887697,0.024733698686787875
3269.715,31.59214737,31.56171472981375,32.77714962160401,31.631461689068033,0.03043264018624825
3270.198,31.57769946,31.557770843980975,32.77471430400732,31.62827365128208,0.01992861601902618
3270.68,31.57827936,31.55380591629219,32.77221597649317,31.625057566665554,0.024473443707808684
3271.162,31.57116167,31.54981204427741,32.76964983472972,31.62180707004709,0.02134962572258914
3271.644,31.56775113,31.545789461633504,32.76701604907963,31.618522362166246,0.021961668366497378
3272.126,31.56996431,31.54173840324458,32.76431479315825,31.615203645212183,0.028225906755420027
3272.608,31.56153383,31.537659105170405,32.76154624382315,31.611851122813803,0.023874724829592964
3273.09,31.56237705,31.533551804635067,32.75871058116334,31.60846500002969,0.028825245364931362
3273.572,31.55292735,31.52941674001523,32.75580798848848,31.605045483338024,0.023510609984771946
3274.054,31.55053555,31.52525415082865,32.752838652317735,31.601592780626504,0.025281399171348085
3274.537,31.53432028,31.52105555684569,32.749796394792725,31.59809983534867,0.013264723154311042
3275.019,31.53790936,31.5168385857328,32.74669400649475,31.594581322087883,0.021070774267201386
3275.501,31.5272157,31.51259481584099,32.74352545381366,31.591030255266297,0.014620884159008085
3275.983,31.5598554,31.508324491137408,32.740290936000356,31.587446848309803,0.05153090886259193
3276.465,31.54218812,31.504027856671463,32.736990655457916,31.58383131600234,0.03816026332853539
3276.947,31.52994784,31.49970515856282,32.733624817729684,31.580183874475203,0.030242681437179897
3277.429,31.56163682,31.495356643989624,32.73019363148729,31.57650474119673,0.06628017601037683
3277.911,31.53299447,31.490982561176303,32.72669730851829,31.57279413496154,0.042011908823695876
3278.394,31.54099856,31.48657400584642,32.7231286079039,31.569044480353163,0.054424554153577276
3278.875,31.51765609,31.482158688886408,32.71951011505658,31.56527938536783,0.035497401113591565
3279.358,31.52251505,31.477700144471243,32.71581196023558,31.561467762771926,0.044814905528756555
3279.84,31.51879656,31.47322624074392,32.712057137038755,31.557633415590693,0.04557031925607902
3280.322,31.50360775,31.468728025696862,32.70823828283007,31.55376870941629,0.03487972430313846
3280.804,31.51938791,31.464205753579748,32.704355627834644,31.549873870778896,0.05518215642025126
3281.286,31.51637373,31.459659679603263,32.70040940530416,31.5459491274596,0.05671405039673871
3281.768,31.48936983,31.455090059926526,32.6963998515032,31.541994708479194,0.034279770073474936
3282.25,31.51347532,31.450497151644853,32.692327205695975,31.53801084408719,0.0629781683551478
3282.732,31.49017773,31.445881212777053,32.688191710132436,31.533997765750556,0.04429651722294636
3283.215,31.49744523,31.441232854881477,32.68398483537797,31.529947290163186,0.05621237511852328
3283.697,31.51560562,31.436571586095646,32.67972424981636,31.525876423755008,0.07903403390435315
3284.179,31.49868307,31.431888066738367,32.67540155954922,31.521777045485784,0.06679500326163179
3284.661,31.47833296,31.427182558399117,32.6710170186369,31.51764939158302,0.051150401600882134
3285.143,31.48143323,31.422455323527764,32.66657088405515,31.513493699435443,0.05897790647223644
3285.625,31.47707388,31.417706625421978,32.66206341568081,31.509310207581507,0.059367254578020834
3286.107,31.46362384,31.412936728214397,32.6574948762772,31.50509915569787,0.05068711178560292
3286.589,31.48805309,31.40814589685975,32.65286553147921,31.500860784587942,0.07990719314025085
3287.072,31.44831921,31.40332439345749,32.64816585699347,31.496586458713956,0.044994816542512694
3287.554,31.45933113,31.398492449847218,32.643415584975585,31.492294120591282,0.06083868015278071
3288.036,31.45639708,31.393640372313314,32.638605322120625,31.487975192804484,0.06275670768668462
3288.518,31.44336694,31.388768428971375,32.63373534540599,31.483629920549703,0.05459851102862601
3289.0,31.42691839,31.383876888694296,32.62880593460503,31.479258550091465,0.043041501305705054
3289.482,31.4433171,31.37896602109919,32.62381737227156,31.47486132875064,0.06435107890081326
3289.964,31.44268913,31.37403609653412,32.61876994372409,31.47043850489274,0.06865303346588192
3290.446,31.42616272,31.369087386065225,32.613663937030154,31.465990327915826,0.05707533393477604
3290.928,31.45050183,31.364120161463205,32.608499642990324,31.46151704823871,0.08638166853679508
3291.411,31.46163953,31.359124333126445,32.60326646042069,31.457009559408952,0.10251519687355426
3291.893,31.43556617,31.35412086132827,32.597986355547924,31.452486778838136,0.08144530867173216
3292.375,31.42916407,31.34909969537351,32.59264885259121,31.447939653353423,0.08006437462648819
3292.857,31.44765335,31.344061109720254,32.58725425312732,31.443368437337455,0.10359224027974534
3293.339,31.43748642,31.33900537946464,32.5818028613845,31.438773386132752,0.09848104053535778
3293.821,31.42305103,31.3339327803274,32.57629498422599,31.434154756029706,0.08911824967259818
3294.303,31.43998217,31.32884358864047,32.570730931133184,31.429512804253953,0.11113858135952981
3294.785,31.45731947,31.323738081333502,32.565111014188766,31.424847788954395,0.13358138866649938
3295.268,31.43722324,31.318605893828604,32.559423715710096,31.42015021989834,0.11861734617139774
3295.75,31.42484995,31.313468555985644,32.553692903372735,31.415439809125736,0.1113813940143551
3296.232,31.42851591,31.308315737340582,32.54790717953477,31.410707115231958,0.12020017265941974
3296.714,31.44082983,31.303147717079113,32.54206686651783,31.40595239993541,0.13768211292088495
3297.196,31.4250573,31.297964774916537,32.536172289158614,31.401175925815025,0.12709252508346225
3297.678,31.42940398,31.29276719108404,32.53022377479124,31.396377956297755,0.1366367889159612
3298.16,31.42884099,31.28755524631495,32.52422165322949,31.391558755645747,0.14128574368504943
3298.642,31.41603316,31.282329221831077,32.51816625674907,31.386718588943857,0.13370393816892445
3299.125,31.41266651,31.27707851418039,32.512045192374224,31.381847615967708,0.13558799581961267
3299.607,31.40517366,31.271825148069105,32.50588414385847,31.376966273531355,0.13334851193089392
3300.089,31.39588266,31.266558549287275,32.499670832549526,31.372064765662717,0.12932411071272654
3300.571,31.39742404,31.261279000872822,32.493405600395256,31.367143360610445,0.1361450391271788
3301.053,31.35814638,31.255986786282676,32.48708879171451,31.36220232738145,0.10215959371732453
3301.535,31.37379119,31.250682189378942,32.48072075317889,31.357241935728172,0.12310900062105645
3302.017,31.36239777,31.245365494414877,32.47430183379403,31.35226245613529,0.11703227558512452
3302.499,31.34388035,31.24003698602082,32.46783238488091,31.347264159806798,0.10384336397918048
3302.981,31.3539346,31.234696949190212,32.46131276005718,31.34224731865301,0.11923765080978654
3303.464,31.34214931,31.229334555536106,32.45472963412493,31.337201740179605,0.11281475446389422
3303.946,31.34177044,31.22397229575901,32.44811062518066,31.33214859080775,0.117798144240993
3304.428,31.33425807,31.218599365157413,32.44144251551897,31.32707771701655,0.11565870484258767
3304.91,31.35600915,31.213216050037097,32.43472566775862,31.321989393410945,0.14279309996290124
3305.392,31.33382278,31.207822636996276,32.42796044671951,31.316883895236124,0.1260001430037221
3305.874,31.33238678,31.202419412911635,32.421147219403295,31.31176149836421,0.12996736708836565
3306.356,31.3247049,31.197006664923954,32.41428635497392,31.306622479280822,0.12769823507604627
3306.838,31.32679819,31.19158468042401,32.40737822473797,31.301467115071766,0.13521350957599054
3307.321,31.32327883,31.186142470438966,32.4004087241333,31.29628493778916,0.13713635956103332
3307.802,31.30566413,31.180714152614748,32.39342166266822,31.291108462540254,0.12494997738525271
3308.285,31.3023949,31.175254873867775,32.3863593145451,31.285894921291717,0.1271400261322242
3308.767,31.29394852,31.16979880525315,32.379265781771835,31.280676927662196,0.12414971474684933
3309.249,31.29764595,31.164334940928867,32.37212687196789,31.275443983448877,0.13331100907113225
3309.731,31.28589117,31.158863569485927,32.36494296888391,31.270196369056638,0.12702760051407225
3310.213,31.29589696,31.15338497966521,32.35771445827357,31.264934365395785,0.14251198033479184
3310.695,31.27180549,31.14789946034303,32.35044172787335,31.259658253868498,0.12390602965696829
3311.177,31.2665446,31.14240730051679,32.343125167382,31.254368316355,0.12413729948320906
3311.659,31.26158037,31.136908789290498,32.33576516844019,31.24906483520004,0.1246715807095029
3312.142,31.26163257,31.131392789482636,32.32834672112678,31.243737049025682,0.13023978051736407
3312.624,31.24499864,31.125882431446602,32.32090093979875,31.238407302780885,0.11911620855339677
3313.106,31.24215554,31.120366590418705,32.31341290721377,31.23306486316653,0.12178894958129405
3313.588,31.25905363,31.114845555785354,32.30588302257746,31.227710014247933,0.14420807421464588
3314.07,31.21885278,31.109319616967376,32.29831168693366,31.222343040485896,0.10953316303262284
3314.552,31.20697719,31.103789063405603,32.29069930314344,31.216964226722634,0.10318812659439658
3315.034,31.20218437,31.098254184546196,32.28304627586412,31.211573858167885,0.10393018545380528
3315.516,31.19100005,31.092715269826307,32.27535301152814,31.206172220385,0.09828478017369235
3315.999,31.20831779,31.087161105668812,32.267603833442124,31.200748358553934,0.12115668433118643
3316.481,31.19674428,31.081614980559007,32.25983123992977,31.195325018453836,0.11512929944099426
3316.963,31.22617267,31.076065688300805,32.252019639952216,31.189891268392092,0.15010698169919579
3317.445,31.20931965,31.07051351814973,32.24416944683318,31.184447395207002,0.13880613185027002
3317.927,31.22321582,31.06495875927965,32.236281075564776,31.178993686020323,0.15825706072034862
3318.409,31.19260905,31.059401700768138,32.22835494278592,31.17353042822315,0.1332073492318635
3318.891,31.19868709,31.053842631581926,32.220391466760745,31.168057909461798,0.14484445841807414
3319.373,31.20633487,31.04828184056243,32.21239106735692,31.16257641762378,0.15805302943756772
3319.855,31.21641674,31.042719616411173,32.204354166023904,31.15708624082337,0.17369712358882694
3320.338,31.21168393,31.037144704426566,32.19626439963966,31.151576251030857,0.17453922557343304
3320.82,31.19647852,31.031580478006983,32.188155691485065,31.14606955296392,0.16489804199301616
3321.302,31.19953191,31.026015684172712,32.18001175590711,31.14055503609653,0.17351622582728865
3321.784,31.19504239,31.02045061091956,32.17183302046658,31.135032989309156,0.17459177908044055
3322.266,31.18677178,31.014885546030644,32.163619914196175,31.12950370163799,0.17188623396935654
3322.748,31.1763264,31.009320777061752,32.15537286757851,31.12396746226084,0.16700562293824817
3323.23,31.1597473,31.003756591326855,32.14709231252381,31.1184245604827,0.15599070867314424
3323.712,31.16568369,30.99819327588352,32.13877868234776,31.112875285721486,0.16749041411648236
3324.195,31.16845673,30.992619579172313,32.13041506220772,31.1073083957314,0.17583715082768592
3324.677,31.14117682,30.987058867679096,32.12203652088628,31.10174723191852,0.15411795232090242
3325.159,31.14559817,30.98149988655981,32.11362621350854,31.09618056451167,0.16409828344018962
3325.641,31.15300742,30.975942921700366,32.105184578791004,31.090608683237253,0.1770644982996359
3326.123,31.14950698,30.970388258657614,32.09671205674343,31.085031877862733,0.1791187213423875
3326.605,31.14711359,30.964836182644778,32.088209088646366,31.079450438182445,0.18227740735522246
3327.087,31.15209169,30.959286978516943,32.07967611702844,31.073864654003017,0.19280471148305622
3327.569,31.12791001,30.95374093075666,32.07111358564376,31.068274815129005,0.17416907924334168
3328.052,31.13690094,30.948186828047305,32.062504084501626,31.062669602648835,0.18871411195269516
3328.534,31.12873659,30.942647952927903,32.05388371061994,31.05707251681038,0.18608863707209622
3329.016,31.13342065,30.937113085830433,32.04523511628837,31.051472246135486,0.19630756416956885
3329.498,31.14289212,30.93158250960139,32.03655874993752,31.04586908027605,0.21130961039860807
3329.98,31.12240142,30.926056506642308,32.02785506110945,31.040263308809745,0.19634491335769155
3330.462,31.11403253,30.920535358895407,32.0191245004346,31.034655221225403,0.19349717110459252
3330.944,31.11754425,30.915019347829123,32.01036751960895,31.029045106908733,0.20252490217087882
3331.426,31.1070528,30.909508754423832,32.00158457137084,31.023433255127742,0.19754404557616922
3331.908,31.11118269,30.90400385915736,31.99277610947814,31.01781995501832,0.20717883084263988
3332.391,31.087347,30.898493539856993,31.983924236145594,31.012193846308787,0.18885346014300808
3332.873,31.08607852,30.893000893492477,31.975066061609585,31.00657851484312,0.1930776265075238
3333.355,31.09411121,30.88751478411995,31.966183741526113,31.00096260211759,0.20659642588005056
3333.837,31.06575367,30.882035490062847,31.957277733501225,30.995346396594254,0.18371817993715212
3334.319,31.0726701,30.876563289070493,31.948348496044545,30.989730186530586,0.196106810929507
3334.801,31.07800728,30.871098458303884,31.93939648854596,30.98411425996502,0.20690882169611768
3335.283,31.06931865,30.865641274321543,31.930422171252395,30.9784989047024,0.20367737567845623
3335.765,31.06023365,30.86019201306528,31.92142600524448,30.972884408299628,0.20004163693472066
3336.248,31.07768616,30.854739670045543,31.91238972188665,30.967259413486726,0.22294648995445598
3336.729,31.06245513,30.84931835932946,31.903369975436433,30.961659140973982,0.21313677067054115
3337.212,31.0405696,30.843883272016384,31.89429222233232,30.956037306367804,0.19668632798361685
3337.694,31.04941174,30.83846846724983,31.885213247125897,30.950429119965875,0.21094327275017122
3338.176,31.04057434,30.83306295573735,31.87611474126092,30.94482322657441,0.2075113842626486
3338.658,31.01436326,30.827667009422367,31.866997170330478,30.93921991195764,0.18669625057763284
3339.14,31.01818017,30.82228089953291,31.857861000597353,30.933619461530487,0.1958992704670912
3339.622,31.01277092,30.8169048965677,31.848706698970595,30.928022160344195,0.19586602343230197
3340.104,31.00409082,30.811539270282193,31.839534732981893,30.922428293071818,0.19255154971780541
3340.586,31.00572433,30.80618428967472,31.83034557076212,30.916838143993992,0.19954004032527806
3341.069,31.01181367,30.800829147227915,31.821120564598637,30.91124041182451,0.21098452277208324
3341.551,30.99570091,30.79549628534888,31.811898383345376,30.905658559520756,0.20020462465112132
3342.033,31.01276046,30.790174872013804,31.802660414588097,30.900081276340803,0.22258558798619532
3342.515,30.9961366,30.784865173052506,31.793407128619535,30.89450884485023,0.21127142694749423
3342.997,30.97571546,30.779567453468506,31.78413899621363,30.888941547150264,0.19614800653149445
3343.479,30.97599839,30.774281977425645,31.774856488601944,30.883379664863277,0.20171641257435624
3343.961,30.97469934,30.769009008234196,31.765560077449877,30.877823479118646,0.20569033176580476
3344.443,30.9806338,30.763748808337418,31.75625023483315,30.872273270538255,0.21688499166258168
3344.926,30.96713839,30.758490766781694,31.74690807815924,30.8667178239472,0.20864762321830455
3345.408,30.98224804,30.753256917114264,31.73757276495026,30.861180423312504,0.22899112288573775
3345.89,30.95640581,30.748036619271595,31.72822543971119,30.855649839099218,0.20836919072840487
3346.372,30.94099833,30.74283013209172,31.71886657592312,30.850126349756096,0.19816819790828077
3346.854,30.94366216,30.737637713478136,31.709496647359096,30.844610233153087,0.20602444652186236
3347.336,30.93969022,30.732459620386678,31.700116128060564,30.83910176656754,0.2072305996133217
3347.818,30.92159056,30.72729610881207,31.690725492313526,30.833601226669693,0.19429445118792898
3348.3,30.93216391,30.722147433774765,31.681325214625122,30.828108889508833,0.21001647622523478
3348.782,30.91393142,30.717013849307783,31.67191576969982,30.822625030499083,0.19691757069221794
3349.265,30.9201338,30.711885005811126,31.662478084005695,30.817138574552853,0.2082487941888722
3349.747,30.89894548,30.70678239318549,31.653051712836607,30.81167251448917,0.19216308681450656
3350.229,30.8822072,30.701695627692786,31.643617600477615,30.806215755433694,0.18051157230721415
3350.711,30.89768834,30.696624959283053,31.634176222186365,30.800768570117867,0.20106338071694552
3351.193,30.87915041,30.691570636853644,31.624728053299634,30.795331230567864,0.1875797731463571
3351.675,30.88182882,30.68653290823638,31.615273569209773,30.789904008090527,0.19529591176361905
3352.157,30.87409874,30.681512020184716,31.605813245340972,30.784487173259603,0.19258671981528508
3352.639,30.87582966,30.676508218360944,31.59634755712579,30.7790809959018,0.19932144163905718
3353.122,30.86595427,30.671511420132298,31.586857326728975,30.773674563160892,0.194442849867702
3353.604,30.85722124,30.66654256003658,31.577382327371467,30.768290530676385,0.19067867996342258
3354.086,30.8608999,30.66159151698363,31.56790339076553,30.762917961078927,0.1993083830163691
3354.568,30.85057329,30.656658532142377,31.558420992141155,30.757557121067446,0.19391475785762324
3355.05,30.86323658,30.651743845527694,31.548935606618972,30.752208276524986,0.211492734472305
3355.532,30.84915518,30.646847695987883,31.5394477091866,30.746871692504982,0.20230748401211684
3356.014,30.84418877,30.64197032119242,31.529957774675236,30.7415476332177,0.202218448807578
3356.496,30.83715155,30.637111957619698,31.52046627773621,30.73623636201674,0.20003959238030333
3356.979,30.85051955,30.63226282105199,31.510953997856106,30.73092716297399,0.21825672894800974
3357.461,30.83316512,30.62744322519285,31.50146079839864,30.725642282401427,0.20572189480715153
3357.943,30.82464041,30.62264334320482,31.49196746013724,30.720370975240016,0.2019970667951796
3358.425,30.81346732,30.617863406677646,31.48247445676911,30.71511350127936,0.19560391332235483
3358.907,30.81059573,30.61310364594967,31.47298226169465,30.709870119385023,0.19749208405032803
3359.389,30.79789478,30.60836429009567,31.46349134799415,30.704641087485214,0.18953048990433174
3359.871,30.78849413,30.603645566915304,31.45400218840447,30.699426662557432,0.18484856308469588
3360.353,30.788773,30.598947702921183,31.444515255295887,30.6942271006153,0.18982529707881568
3360.835,30.80380538,30.594270923327326,31.435031020648815,30.6890426566954,0.20953445667267445
3361.318,30.77955067,30.589605815687914,31.425530289394253,30.683862876783447,0.18994485431208474
3361.8,30.77952105,30.584971920184465,31.416052873979954,30.67870946272319,0.19454912981553463
3362.282,30.7837049,30.580359777273532,31.406579571373783,30.67357192632292,0.20334512272646776
3362.764,30.77462969,30.575769606856547,31.39711085176435,30.668450518577945,0.1988600831434546
3363.246,30.76702984,30.57120162747913,31.38764718483487,30.663345489441078,0.19582821252086902
3363.728,30.75875798,30.566656056319715,31.378189039740086,30.658257087810117,0.19210192368028345
3364.21,30.74670529,30.562133109178564,31.368736885083415,30.65318556151485,0.18457218082143712
3364.692,30.75709368,30.557633000466655,31.359291188893945,30.648131157304242,0.19946067953334534
3365.174,30.76355435,30.553155943194607,31.349852418603625,30.643094120833837,0.21039840680539257
3365.656,30.74844018,30.548702148961926,31.340421041024392,30.638074696653064,0.19973803103807342
3366.139,30.75422,30.544262660954068,31.33097797994906,30.633062770223752,0.20995733904593195
3366.621,30.76617227,30.539856071248483,31.321562803387867,30.62807933758178,0.22631619875151543
3367.103,30.74717682,30.53547337123439,31.312156416989552,30.623114244614285,0.2117034487656113
3367.585,30.75022191,30.53111476675614,31.302759284857128,30.618167731318287,0.2191071432438605
3368.067,30.7225476,30.526780462193607,31.2933718703601,30.613240036522335,0.1957671378063921
3368.549,30.74277223,30.522470660451773,31.283994636111863,30.60833139787406,0.22030156954822644
3369.031,30.73942518,30.518185562950425,31.274628043947235,30.60344205182801,0.2212396170495765
3369.513,30.71003007,30.51392536961392,31.265272554900022,30.59857223363349,0.19610470038607986
3369.996,30.68992442,30.509681518596594,31.25590925578141,30.593712135669026,0.18024290140340682
3370.478,30.69731276,30.505471780022656,31.246577378174546,30.588882115767806,0.19184097997734284
3370.96,30.70093119,30.50128753671683,31.237257982706833,30.5840723225928,0.19964365328316802
3371.442,30.69751538,30.49712898251801,31.227951526982615,30.579282986449254,0.2003863974819886
3371.924,30.6908573,30.492996309719818,31.2186584676937,30.57451433637728,0.19786099028018356
3372.406,30.69296786,30.488889709060896,31.20937926059723,30.569766600140035,0.20407815093910386
3372.888,30.68281441,30.484809369715343,31.20011436049367,30.565040004212115,0.19800504028465582
3373.37,30.66127324,30.480755479283175,31.190864221204745,30.560334773767817,0.18051776071682468
3373.853,30.67103635,30.476719896294167,31.181610152082865,30.555641438168596,0.1943164537058344
3374.335,30.65786671,30.47271951597789,31.17239092483376,30.550979654439157,0.185147194022111
3374.817,30.65880958,30.468746138214485,31.16318781470723,30.54633990425725,0.19006344178551515
3375.299,30.63690737,30.464799944211098,31.15400127138916,30.54172240747863,0.17210742578890148
3375.781,30.63302414,30.46088111355462,31.1448317434776,30.53712738260176,0.17214302644537938
3376.263,30.64015893,30.45698982420281,31.135679678461166,30.532555046756602,0.18316910579718737
3376.745,30.63473004,30.453126252475418,31.126545522697516,30.52800561569352,0.18160378752458328
3377.227,30.63851231,30.449290573045445,31.117429721391794,30.52347930377235,0.18922173695455413
3377.709,30.6276111,30.445482958930505,31.10833271857521,30.518976323951264,0.18212814106949438
3378.192,30.60745139,30.441695769922195,31.099236143861614,30.514487618959514,0.16575562007780675
3378.674,30.62279875,30.437944857935655,31.09017810660912,30.51003198605182,0.18485389206434633
3379.156,30.63522792,30.434222520646674,31.081140193595466,30.505600316032716,0.20100539935332407
3379.638,30.63483086,30.430528924363372,31.072122843940992,30.50119281614318,0.20430193563662868
3380.12,30.60826199,30.426864233696946,31.063126495486106,30.496809692169276,0.18139775630305266
3380.602,30.60909902,30.4232286115533,31.054151584770274,30.49245114843133,0.1858704084467
3381.084,30.60234027,30.419622219125397,31.045198547011207,30.48811738777381,0.1827180508746018
3381.566,30.59259024,30.416045215885287,31.036267816083953,30.483808611554927,0.17654502411471285
3382.049,30.60739038,30.412490430531054,31.027341367126613,30.479516158833132,0.19489994946894384
3382.531,30.58995607,30.40897273894609,31.018456594532687,30.47525800243654,0.18098333105390907
3383.013,30.60178362,30.405484904881433,31.009595423022915,30.471025425940947,0.19629871511856578
3383.495,30.59850782,30.402027080845944,31.00075828089223,30.466818624655325,0.19648073915405462
3383.977,30.58876611,30.39859941758999,30.991945594989943,30.462637792352197,0.19016669241001338
3384.459,30.58966244,30.39520206409841,30.983157790699412,30.45848312125793,0.19446037590159193
3384.941,30.58024543,30.39183516758334,30.97439529191785,30.454354802043117,0.18841026241666015
3385.423,30.566035,30.38849887347727,30.965658521036037,30.450253023812834,0.1775361265227282
3385.906,30.5736976,30.385186499501827,30.956929854560983,30.44616954755085,0.18851110049817166
3386.387,30.56850271,30.381918665282907,30.94826384488285,30.442129838842675,0.1865840447170939
3386.87,30.55753779,30.378668335922622,30.9395888442993,30.43810048829808,0.17886945407737898
3387.352,30.55909186,30.375455934749844,30.9309592353788,30.434106790208926,0.18363592525015449
3387.834,30.54828585,30.37227483649909,30.92235744387542,30.430140555194328,0.17601101350090786
3388.316,30.56904939,30.369125175781186,30.913783882719823,30.426201962767706,0.19992421421881446
3388.798,30.55147487,30.366007085381646,30.905238963197544,30.422291190812587,0.18546778461835345
3389.28,30.53423981,30.362920696254616,30.8967230949295,30.41840841557389,0.17131911374538333
3389.762,30.53649179,30.35986613751679,30.888236685852725,30.414553811649032,0.17662565248321016
3390.244,30.54209957,30.356843536441875,30.87978014220106,30.410727551979562,0.18525603355812592
3390.727,30.54241042,30.35384684749662,30.87133641833549,30.406921958464853,0.18856357250338007
3391.209,30.54181176,30.350888603112903,30.862940881380716,30.403152959151694,0.1909231568870986
3391.691,30.51784596,30.34796268734759,30.854576418972258,30.39941281324405,0.16988327265240954
3392.173,30.50957558,30.34506922004151,30.84624343033665,30.395701686971492,0.16450635995849083
3392.655,30.52148424,30.342208319164847,30.837942312902378,30.392019744866044,0.17927592083515265
3393.137,30.5137064,30.339380100811873,30.829673462281118,30.38836714975395,0.17432629918812736
3393.619,30.48551247,30.33658467919604,30.82143727224915,30.384744062747984,0.14892779080395968
3394.101,30.5087363,30.333822166644957,30.813234134728862,30.381150643239383,0.1749141333550419
3394.583,30.50320454,30.331092673595737,30.805064439770476,30.37758704889041,0.17211186640426135
3395.066,30.50660227,30.328390748982645,30.79691173158248,30.37404613575114,0.17821152101735294
3395.548,30.51562765,30.325727687723745,30.78881015570797,30.37054272043396,0.18989996227625383
3396.03,30.49985792,30.323097966103457,30.780743181925608,30.3670695931273,0.17675995389654275
3396.512,30.50206116,30.320501686946887,30.772711192610906,30.363626904498282,0.18155947305311315
3396.994,30.49895598,30.31793895116637,30.764714568176753,30.36021480344802,0.18101702883363302
3397.476,30.50559833,30.31540985775732,30.756753687055724,30.356833437104438,0.19018847224268143
3397.958,30.47652448,30.31291450379438,30.748828925682407,30.353482950815433,0.1636099762056169
3398.44,30.49793826,30.31045298442747,30.740940658475896,30.350163488141888,0.1874852755725307
3398.923,30.47570502,30.308020391712592,30.733073007189297,30.346868401151248,0.16768462828740738
3399.405,30.48366345,30.30562688994283,30.72525892106315,30.343611474303156,0.17803656005717272
3399.887,30.46562579,30.303267496817444,30.717482440856315,30.34038599124955,0.16235829318255668
3400.369,30.49497135,30.300942299747575,30.709743932748463,30.337192088333477,0.1940290502524249
3400.851,30.4603246,30.298651384202294,30.70204376081774,30.334029900078473,0.16167321579770544
3401.333,30.4624901,30.29639483370545,30.69438228702391,30.330899559182328,0.16609526629455118
3401.815,30.45434348,30.29417272983273,30.686759871191644,30.327801196510983,0.16017075016726778
3402.297,30.45499154,30.291985152208742,30.67917687099387,30.324734941092704,0.16300638779125975
3402.78,30.43739454,30.289827747777405,30.671618033669873,30.32169465905757,0.1475667922225945
3403.262,30.42984361,30.287709525733707,30.66411501268194,30.318693065115262,0.14213408426629215
3403.744,30.4353309,30.28562605723042,30.656652467998427,30.315723954680397,0.14970484276958018
3404.226,30.4103199,30.28357741405769,30.649230748516718,30.31278744936897,0.1267424859423123
3404.708,30.43790194,30.281563666042032,30.641850200901047,30.30988366893106,0.1563382739579673
3405.19,30.4146401,30.279584881044343,30.63451116956656,30.3070127312457,0.13505521895565664
3405.672,30.42346463,30.27764112495782,30.627213996663496,30.30417475231556,0.14582350504218056
3406.154,30.42641098,30.27573246170608,30.6199590220616,30.301369846262066,0.15067851829391898
3406.636,30.42337469,30.273858953241444,30.612746583334452,30.298598125320368,0.14951573675855556
3407.119,30.42507972,30.27201688230213,30.605562185918284,30.29585405313998,0.15306283769787044
3407.601,30.43382125,30.270213934614226,30.59843591237935,30.29314910097262,0.1636073153857751
3408.083,30.42751899,30.268446315840844,30.591353174188935,30.29047765947674,0.15907267415915527
3408.565,30.43001076,30.26671408002987,30.584314299578164,30.28783983329177,0.1632966799701272
3409.047,30.41685956,30.265017279250795,30.577319614406047,30.285235725148013,0.1518422807492037
3409.529,30.40802714,30.263355963593938,30.570369442144735,30.28266543586251,0.14467117640606375
3410.011,30.41308771,30.261730181169455,30.5634641038648,30.280129064334915,0.15135752883054465
3410.493,30.4118724,30.260139978106544,30.55660391822062,30.277626707543554,0.15173242189345615
3410.976,30.41175302,30.258582210344247,30.549775110502384,30.27515337521905,0.15317080965575158
3411.458,30.38468695,30.257063370503097,30.543006271665732,30.272719402186368,0.12762357949690184
3411.94,30.37930744,30.25558023660126,30.536283527431017,30.270319723445997,0.12372720339874022
3412.422,30.37884176,30.254132846835006,30.529607186639954,30.26795442824948,0.12470891316499433
3412.904,30.37960401,30.252721237417777,30.522977555647277,30.26562360390901,0.12688277258222413
3413.386,30.36732614,30.251345442580067,30.516394938306906,30.263327335794077,0.115980697419932
3413.868,30.36777225,30.250005494569645,30.509859635958296,30.261065707328417,0.11776675543035608
3414.35,30.35574169,30.248701423651667,30.503371947412926,30.258838799986968,0.10704026634833141
3414.833,30.35013591,30.247430664402334,30.49691885841128,30.256642181583064,0.10270524559766514
3415.314,30.33865175,30.2462010242432,30.49054059425799,30.2544894648153,0.09245072575680169
3415.797,30.34141703,30.24500230186178,30.484184405206225,30.25236282349209,0.0964147281382175
3416.279,30.35296754,30.2438420769949,30.477890210472708,30.25027564906916,0.10912546300510328
3416.761,30.33849459,30.242717850864864,30.471645085807296,30.24822357396343,0.09577673913513607
3417.243,30.33556802,30.241629641849165,30.4654493145719,30.24620666789682,0.09393837815083472
3417.725,30.3328941,30.240577466347776,30.459303177509604,30.244224998624876,0.09231663365222431
3418.207,30.35284781,30.23956133878441,30.453206952732167,30.24227863193468,0.11328647121559143
3418.689,30.34475791,30.23858127160783,30.44716091570775,30.24036763164304,0.10617663839216718
3419.171,30.33278124,30.237637275293423,30.44116533924879,30.238492059594655,0.09514396470657616
3419.654,30.32666084,30.236727512208656,30.43520821271544,30.236648194989225,0.08993332779134278
3420.136,30.33959569,30.23585575603097,30.429314471223126,30.23484373087064,0.10373993396903103
3420.618,30.32040688,30.235020090324436,30.42347199322597,30.23307486879494,0.08538678967556379
3421.1,30.33991013,30.234220517683415,30.417681040788874,30.231341662699034,0.10568961231658491
3421.582,30.34661565,30.233457038738052,30.411941873262297,30.229644164540744,0.11315861126194804
3422.064,30.31255587,30.23272965215625,30.406254747270822,30.227982424297764,0.07982621784374899
3422.546,30.32471805,30.232038354646228,30.400619916702045,30.226356489966637,0.09267969535377318
3423.028,30.2958112,30.23138314095869,30.395037632695498,30.22476640756218,0.06442805904130822
3423.51,30.30116033,30.230764003889618,30.389508143631783,30.223212221116544,0.07039632611038016
3423.993,30.31401556,30.23017976207943,30.384020388499835,30.22169086017149,0.08383579792057105
3424.475,30.31308626,30.229632823622055,30.378597334171065,30.220208664491174,0.083453436377944
3424.957,30.29602474,30.229121928440232,30.373227803761498,30.218762485043452,0.06690281155976763
3425.439,30.3158042,30.228647061534463,30.36791203450395,30.21735235792215,0.08715713846553541
3425.921,30.29607656,30.228208205965082,30.362650260819997,30.215978317237276,0.06786835403491764
3426.403,30.28244719,30.22780534285536,30.357442714309858,30.214640395114746,0.05464184714464082
3426.885,30.30737609,30.227438451395003,30.352289623742507,30.21333862169692,0.07993763860499925
3427.367,30.28819444,30.227107508843623,30.34719121504592,30.212073025142676,0.0610869311563782
3427.85,30.31720975,30.226811915788254,30.342137304823606,30.210841118669197,0.09039783421174619
3428.332,30.28959478,30.226552869579102,30.337149040835353,30.209648027571887,0.06304191042089968
3428.814,30.30081491,30.226329692452904,30.332216119808734,30.208491185963943,0.07448521754709603
3429.296,30.28284928,30.226142353982382,30.32733875620738,30.207370614072353,0.05670692601761829
3429.778,30.29616353,30.225990821829434,30.322517161607404,30.20628633014437,0.07017270817056698
3430.26,30.27574651,30.225875061749317,30.317751544688544,30.20523835044832,0.049871448250684125
3430.742,30.27686928,30.22579503759508,30.31304211122548,30.204226689274915,0.05107424240491909
3431.224,30.28566406,30.22575071132182,30.308389064079243,30.203251358938527,0.059913348678179545
3431.707,30.26437948,30.225742062044958,30.303783125921274,30.202310459451024,0.03863741795504083
3432.189,30.26415541,30.225769083678227,30.29924356630564,30.201407895255098,0.03838632632177408
3432.671,30.24999071,30.225831677624242,30.29476098442425,30.200541687007497,0.02415903237575634
3433.153,30.26292408,30.225929798289464,30.290335571394827,30.199711839128707,0.036994281710537535
3433.635,30.29076478,30.22606339820642,30.285967515380854,30.19891835407129,0.06470138179357932
3434.117,30.25674752,30.226232428038674,30.281657001583945,30.19816123232191,0.030515091961326846
3434.599,30.27599927,30.226436836586146,30.277404212236302,30.197440472403382,0.04956243341385402
3435.081,30.2475933,30.226676570790524,30.273209326593374,30.19675607087716,0.020916729209474738
3435.563,30.25071031,30.226951575740483,30.269072520926645,30.196108022345566,0.023758734259516245
3436.046,30.2658914,30.22726247484965,30.26498556746231,30.1954950881363,0.03862892515035199
3436.528,30.2663923,30.227607922047586,30.26096555997704,30.194919796952938,0.03878437795241396
3437.01,30.27116472,30.227988464068716,30.257004143652782,30.19438083081716,0.04317625593128582
3437.492,30.26559824,30.228404038642942,30.253101482749873,30.193878176517398,0.037194201357056755
3437.974,30.25755971,30.228854581676174,30.249257738510902,30.193411818896763,0.02870512832382488
3438.456,30.27228092,30.2293400272563,30.24547306915447,30.192981740856215,0.04294089274370094
3438.938,30.28556598,30.22986030765947,30.241747629868975,30.192587923357813,0.05570567234052959
3439.42,30.29950462,30.23041535335628,30.238081572806692,30.192230345428047,0.06908926664372217
3439.903,30.27026249,30.231006352558385,30.234467626643855,30.19190835506686,0.03925613744161538
3440.385,30.28655521,30.231630784814747,30.230920902272928,30.1916232606886,0.05492442518525209
3440.867,30.30100151,30.23228976285093,30.227433998601096,30.19137433132276,0.06871174714907013
3441.349,30.30214854,30.232983209976975,30.224007055572898,30.1911615382854,0.06916533002302572
3441.831,30.28376408,30.233711047730456,30.220640210069092,30.190984850975568,0.05005303226954538
3442.313,30.3133356,30.234473195883417,30.217333595901625,30.19084423687927,0.07886240411658108
3442.795,30.29983781,30.2352695724493,30.214087343808668,30.19073966157369,0.06456823755069863
3443.277,30.28936151,30.236100093690233,30.210901581449924,30.190671088731474,0.05326141630976622
3443.76,30.29624429,30.23696650320369,30.207770012785573,30.19063844982956,0.05927778679631146
3444.241,30.28619341,30.23786322653196,30.20471202115407,30.190641795631304,0.04833018346803897
3444.724,30.29008892,30.238797631637336,30.201702294993353,30.190681111827946,0.05129128836266261
3445.206,30.27953312,30.239763929438883,30.19875983305166,30.19075622193662,0.03976919056111683
3445.688,30.29973362,30.240763927017152,30.195878453039562,30.190867124364168,0.05896969298284915
3446.17,30.29756873,30.241797530277132,30.193058264048368,30.191013771448276,0.055771199722865816
3446.652,30.29156888,30.242864643424912,30.190299372061997,30.191196113655074,0.04870423657508738
3447.134,30.27367256,30.24396516897556,30.187601879953426,30.191414099584478,0.02970739102444142
3447.616,30.26490902,30.24509900776119,30.184965887481464,30.19166767597545,0.019810012238810515
3448.098,30.27483183,30.246266058938936,30.18239149128747,30.191956787711426,0.028565771061064282
3448.581,30.26564608,30.247468744305454,30.179873635998078,30.192282088088337,0.018177335694545604
3449.063,30.25725164,30.248701979447176,30.177422838065787,30.19264217119198,0.008549660552823468
3449.545,30.2682054,30.24996811426364,30.175033907779152,30.193037613085238,0.01823728573635819
3450.027,30.23852949,30.25126704129139,30.172706929274575,30.193468351281606,-0.012737551291387206
3450.509,30.28024862,30.25259865143374,30.170441983557332,30.19393432146754,0.027649968566258565
3450.991,30.26744643,30.253962833969446,30.168239148499463,30.19443545750875,0.013483596030553713
3451.473,30.26916167,30.255359476561352,30.166098498837577,30.19497169145608,0.013802193438646526
3451.955,30.260157,30.256788465265192,30.16402010617099,30.195542953551847,0.0033685347348075823
3452.438,30.26273665,30.258252749536307,30.16199992108079,30.19615046623811,0.004483900463693402
3452.92,30.252678,30.259746148749713,30.160046374151765,30.196791640450158,-0.007068148749713288
3453.402,30.26085118,30.261271542440777,30.158155280300637,30.19746762259308,-0.0004203624407779216
3453.884,30.26044839,30.262828810323104,30.156326698554604,30.198178335736152,-0.0023804203231030385
3454.366,30.2675431,30.264417830548318,30.154560684796195,30.198923701172944,0.0031252694516830104
3454.848,30.24801888,30.266038479715487,30.152857291762245,30.199703638428275,-0.018019599715486834
3455.33,30.25487284,30.267690632880438,30.15121656904307,30.20051806526504,-0.01281779288043694
3455.812,30.27464581,30.269374163565132,30.1496385630818,30.201366897691475,0.0052716464348669945
3456.294,30.24448073,30.271088943767296,30.148123317173813,30.20225004996812,-0.026608213767296718
3456.777,30.27227376,30.27283849842805,30.146667923400358,30.203169373425755,-0.0005647384280500489
3457.259,30.26922979,30.274615451764443,30.145278445296345,30.20412097197315,-0.005385661764442773
3457.741,30.24805193,30.27642326128564,30.143951838309352,30.205106622549604,-0.028371331285640622
3458.223,30.2614841,30.27826179298592,30.142688133135138,30.206126232495414,-0.01677769298591869
3458.705,30.26438082,30.28013091138405,30.141487357321374,30.20717970744051,-0.01575009138404937
3459.187,30.24978767,30.282030479533322,30.140349535268154,30.208266951312414,-0.03224280953332226
3459.669,30.27048761,30.28396035903151,30.13927468822845,30.20938786634377,-0.013472749031510745
3460.151,30.27144105,30.28592041003114,30.138262834308946,30.21054235308066,-0.01447936003113881
3460.634,30.28039476,30.287914651166275,30.137312085416387,30.211732809753485,-0.007519891166275272
3461.116,30.27198677,30.289934681753774,30.136426390233098,30.212954203952226,-0.017947911753772416
3461.598,30.25931407,30.29198445542992,30.1356037236361,30.214208861236102,-0.0326703854299204
3462.08,30.24970834,30.294063826665518,30.13484409115043,30.21549667548191,-0.04435548666551625
3462.562,30.2499453,30.29617264853782,30.134147495160715,30.21681753892058,-0.04622734853781907
3463.044,30.26143723,30.29831077274085,30.133513934912784,30.21817134214592,-0.03687354274085308
3463.526,30.27124757,30.300478049596226,30.13294340651556,30.21955797412311,-0.029230479596225933
3464.008,30.27369969,30.302674328063684,30.13243590294291,30.220977322197253,-0.0289746380636835
3464.49,30.2741863,30.304899455751773,30.131991414035827,30.222429272102268,-0.030713155751772803
3464.973,30.27213812,30.307157984631996,30.131609200515662,30.223916821399886,-0.03501986463199458
3465.455,30.26406386,30.30944040728712,30.131290828597624,30.225433692798816,-0.045376547287119706
3465.937,30.26127997,30.31175121366444,30.131035422050513,30.226982813402767,-0.05047124366443967
3466.419,30.24678381,30.31409024607383,30.130842958201516,30.228564062586404,-0.06730643607383158
3466.901,30.27755659,30.316457345528782,30.130713411257833,30.230177318158187,-0.03890075552878258
3467.383,30.27070792,30.318852351757293,30.130646752309712,30.231822456369482,-0.04814443175729366
3467.865,30.26835503,30.321275103213033,30.130642949333613,30.233499351923943,-0.05292007321303416
3468.347,30.26442421,30.3237254370867,30.130701967195574,30.235207877986955,-0.05930122708669927
3468.83,30.27908021,30.3262083582687,30.13082408558691,30.236951548868614,-0.04712814826870115
3469.312,30.2563811,30.328713419923012,30.13100875742245,30.23872301429064,-0.0723323199230137
3469.794,30.28142638,30.331245567754795,30.13125612597187,30.24052572030854,-0.04981918775479599
3470.276,30.28718571,30.333804634013013,30.13156614368952,30.24235953402679,-0.04661892401301415
3470.758,30.27509383,30.336390449740428,30.131938759938365,30.244224321059992,-0.061296619740428326
3471.24,30.26087078,30.33900284478509,30.132373920994144,30.246119945542294,-0.07813206478508761
3471.722,30.27113461,30.341641647811983,30.13287157004985,30.24804627013762,-0.07050703781198209
3472.204,30.27401009,30.34430668631455,30.13343164722026,30.250003156049587,-0.07029659631454876
3472.687,30.28689975,30.34700339679219,30.13405544570385,30.251994617599628,-0.06010364679218938
3473.168,30.27712497,30.3497147739332,30.134738831001584,30.25400804939681,-0.07258980393320158
3473.651,30.25081487,30.35246318913347,30.135487416865814,30.25606005164251,-0.10164831913347072
3474.133,30.29377965,30.35523147424321,30.136296675127404,30.258137828077363,-0.061451824243210496
3474.615,30.29114184,30.358025114762846,30.137168015915005,30.260245449993214,-0.06688327476284428
3475.097,30.28555682,30.360843931401277,30.138101360971813,30.26238277004304,-0.07528711140127697
3475.579,30.29794265,30.36368774377863,30.139096628998875,30.264549639491573,-0.0657450937786308
3476.061,30.28833749,30.36655637043813,30.140153735660817,30.266745908225772,-0.07821888043812919
3476.543,30.28807077,30.369449628858217,30.141272593591818,30.268971424765653,-0.08137885885821561
3477.025,30.27870151,30.372367335464574,30.142453112401565,30.271226036274687,-0.0936658254645728
3477.508,30.3027035,30.375315434407977,30.143697839556772,30.27351435620736,-0.07261193440797697
3477.99,30.2999792,30.378281532273697,30.145001524317344,30.275826753331497,-0.07830233227369732
3478.472,30.30179326,30.38127152101885,30.14636658049222,30.278167778558114,-0.07947826101884914
3478.954,30.295656,30.384285212977222,30.147792905650377,30.28053727373055,-0.08862921297722082
3479.436,30.29455712,30.38732241949075,30.149280394368805,30.282935079390185,-0.09276529949075041
3479.918,30.28664425,30.390382950921694,30.15082893823928,30.28536103478741,-0.10373870092169568
3480.4,30.32706848,30.39346661666507,30.152438425875577,30.287814977892825,-0.06639813666506811
3480.882,30.31780214,30.396573225160818,30.15410874292058,30.290296745408263,-0.07877108516081677
3481.365,30.31011243,30.399709099866584,30.155843426427467,30.292811407696494,-0.08959666986658377
3481.847,30.32411606,30.40286106202558,30.15763517295403,30.2953483859875,-0.07874500202557755
3482.329,30.33916909,30.406035386246586,30.159487387808216,30.297912690946706,-0.06686629624658735
3482.811,30.3256178,30.409231877271747,30.16139994481827,30.30050415431158,-0.08361407727174708
3483.293,30.33704626,30.41245033895034,30.163372714879728,30.303122606607438,-0.07540407895033852
3483.775,30.33077083,30.415690574251304,30.165405565963496,30.305767877159152,-0.08491974425130522
3484.257,30.35373252,30.418952385275826,30.167498363124068,30.30843979410255,-0.06521986527582513
3484.739,30.32339956,30.4222355732698,30.169650968507796,30.311138184396047,-0.09883601326979985
3485.221,30.36282707,30.425539938636476,30.171863241361457,30.31386287383233,-0.06271286863647418
3485.704,30.33391554,30.428872201665484,30.174139813085613,30.316619421164653,-0.09495666166548489
3486.186,30.35096288,30.43221836257304,30.176471110099317,30.319396235308048,-0.08125548257303805
3486.668,30.35995155,30.435585096713165,30.178861634699487,30.322198818724804,-0.07563354671316347
3487.15,30.34307526,30.438972201243057,30.18131123461605,30.32502699265941,-0.09589694124305836
3487.632,30.34528533,30.44237947254048,30.183819754723803,30.32788057724946,-0.09709414254048099
3488.114,30.32603183,30.445806706216416,30.186387037051695,30.330759391537423,-0.11977487621641458
3488.596,30.34189948,30.44925369712793,30.18901292079234,30.333663253482896,-0.1073542171279307
3489.078,30.33728209,30.452720239390747,30.19169724231153,30.3365919799742,-0.11543814939074792
3489.561,30.34472094,30.456213378487835,30.19444558564052,30.339551539767722,-0.11149243848783641
3490.043,30.32633774,30.459718442387206,30.19724640092144,30.34252949241836,-0.1333807023872069
3490.525,30.34922765,30.463242435232587,30.200105145855375,30.345531753586485,-0.11401478523258746
3491.007,30.36864723,30.466785148300737,30.203021645593587,30.34855813599462,-0.09813791830073626
3491.489,30.34423332,30.47034637219101,30.20599572251044,30.351608451354757,-0.126113052191009
3491.971,30.36871272,30.47392589683825,30.20902719621384,30.354682510380517,-0.10521317683824805
3492.453,30.36206911,30.477523511525398,30.212115883555665,30.35778012279932,-0.11545440152539754
3492.935,30.36812846,30.481139004896566,30.21526159864244,30.360901097364774,-0.11301054489656437
3493.417,30.37294147,30.48477216496965,30.218464152846156,30.36404524186892,-0.11183069496965103
3493.9,30.39575782,30.48843037103336,30.22173017539587,30.367218957695425,-0.0926725510333597
3494.382,30.38042254,30.49209826167136,30.225045947985883,30.37040890873314,-0.11167572167135731
3494.864,30.40941521,30.49578317899267,30.22841797709986,30.37362144703426,-0.08636796899267196
3495.346,30.39313437,30.499484908637974,30.231846063276183,30.376856376666346,-0.10635053863797594
3495.828,30.38617964,30.50320323568621,30.23533000437449,30.38011350079737,-0.11702359568620935
3496.31,30.4146948,30.50693794466722,30.238869595587165,30.383392621708246,-0.09224314466722205
3496.792,30.38481936,30.51068881957473,30.24246462945108,30.386693540805247,-0.12586945957473006
3497.274,30.41747813,30.514455643879263,30.246114895859336,30.390016058632657,-0.09697751387926346
3497.757,30.43287968,30.518246064371684,30.24982792643293,30.393366934574896,-0.0853663843716852
3498.239,30.40861629,30.522044167814865,30.25358813057032,30.396732091878306,-0.11342787781486408
3498.721,30.38128402,30.525857567602632,30.257402920733686,30.40011824407807,-0.14457354760263286
3499.203,30.42178618,30.529686045240062,30.26127207635612,30.403525188394184,-0.10789986524006068
3499.685,30.41385493,30.533529381773192,30.265195374287842,30.40695272124751,-0.11967445177319291
3500.167,30.41830943,30.537387357802054,30.269172588808676,30.410400638272556,-0.11907792780205284
3500.649,30.45107695,30.541259753493325,30.273203491640718,30.41386873432997,-0.09018280349332386
3501.131,30.44639055,30.545146348593278,30.277287851961148,30.417356803519418,-0.09875579859327743
3501.614,30.43983788,30.54905502929507,30.28143407577824,30.420871937262913,-0.10921714929506976
3502.095,30.43795802,30.552961253979248,30.285616009128397,30.42439203396362,-0.11500323397924817
3502.578,30.4587417,30.556897284791457,30.2898681899619,30.427946158090894,-0.09815558479145636
3503.06,30.47068117,30.560838494421816,30.294164130249705,30.431512085524457,-0.09015732442181701
3503.542,30.4544838,30.56479279587331,30.298512335685267,30.43509694518168,-0.11030899587331078
3504.024,30.4533423,30.568759966638,30.30291256044577,30.438700526861595,-0.11541766663800246
3504.506,30.44328099,30.572739783877342,30.3073645562562,30.4423226196914,-0.12945879387734038
3504.988,30.45007347,30.576732024434566,30.311868072403,30.44596301213919,-0.12665855443456664
3505.47,30.45863943,30.58073646484774,30.316422855748005,30.44962149202688,-0.12209703484773726
3505.952,30.47782656,30.584752881362352,30.3210286507422,30.453297846542892,-0.10692632136235147
3506.435,30.4488029,30.588789419200882,30.32569491290744,30.45699954439839,-0.1399865192008818
3506.917,30.46348885,30.592829139231288,30.330402059466223,30.460711043241155,-0.12934028923128693
3507.399,30.44692838,30.596880162005203,30.33515943615631,30.464439774159164,-0.14995178200520343
3507.881,30.46337428,30.600942262724395,30.33996677792242,30.468185521934103,-0.13756798272439497
3508.363,30.4571394,30.605015216361593,30.344823817369846,30.47194807077835,-0.1478758163615943
3508.845,30.45663928,30.609098797672942,30.34973028477912,30.47572720434784,-0.1524595176729413
3509.327,30.43826517,30.61319278121084,30.354685908120675,30.47952270575495,-0.17492761121084044
3509.809,30.45513406,30.61729694133637,30.35969041306964,30.483334357581214,-0.16216288133637136
3510.292,30.45797602,30.621419597918724,30.36475405698305,30.487169899346853,-0.16344357791872355
3510.774,30.45272812,30.62554345354138,30.369855593036014,30.49101323007158,-0.17281533354137935
3511.256,30.4566056,30.629676807343525,30.375005173514197,30.494872055449225,-0.17307120734352566
3511.738,30.44860444,30.633819433046416,30.380202515057167,30.49874615606573,-0.1852149930464151
3512.22,30.43837312,30.637971104242595,30.385447332084823,30.50263531204037,-0.1995979842425939
3512.702,30.47388748,30.64213159440856,30.3907393368129,30.506539303038853,-0.16824411440856224
3513.184,30.4647558,30.646300676916937,30.39607823926845,30.510457908285833,-0.18154487691693788
3513.666,30.47877101,30.650478125049194,30.40146374730543,30.51439090657802,-0.17170711504919467
3514.148,30.48410227,30.654663712007714,30.40689556662058,30.518338076296764,-0.17056144200771328
3514.631,30.4599771,30.65886591920069,30.412384813195736,30.522307427856628,-0.19888881920068968
3515.113,30.47900596,30.6630671188733,30.41790845814245,30.52628230222338,-0.18406115887330188
3515.595,30.49189994,30.66727577615836,30.423477518046333,30.53027068033468,-0.17537583615835928
3516.077,30.48059006,30.67149166406577,30.42909169012979,30.53427233903807,-0.19090160406576828
3516.559,30.49285221,30.675714555587952,30.434750669538065,30.538287054829755,-0.182862345587953
3517.041,30.47573545,30.679944223712095,30.440454149355585,30.54231460386743,-0.20420877371209656
3517.523,30.50427761,30.684180441432332,30.44620182062233,30.546354761982993,-0.179902831432333
3518.005,30.5040142,30.688422981761903,30.451993372350305,30.55040730469527,-0.18440878176190267
3518.488,30.50959978,30.692680438521688,30.45784064266669,30.554480452699536,-0.1830806585216891
3518.97,30.5324625,30.696934955186435,30.463719103731158,30.558557114499752,-0.16447245518643427
3519.452,30.52319734,30.701195113265026,30.46964049963203,30.562645485234068,-0.17799777326502664
3519.934,30.54797567,30.705460685968035,30.475604511432326,30.566745339295554,-0.1574850159680352
3520.416,30.56659214,30.709731446585202,30.481610818250978,30.570856450827645,-0.14313930658520135
3520.898,30.57282544,30.714007168497666,30.48765909727993,30.574978593736805,-0.14118172849766708
3521.38,30.57252094,30.718287625189735,30.493749023801204,30.57911154170528,-0.14576668518973435
3521.862,30.59167285,30.722572590260704,30.499880271204116,30.583255068203453,-0.1308997402607055
3522.344,30.57772799,30.72686183743678,30.506052511002594,30.58740894650259,-0.14913384743677938
3522.827,30.59596487,30.731164051910145,30.51227834472831,30.5915815990654,-0.13519918191014568
3523.309,30.59811396,30.735461192752723,30.518531659770282,30.59575552034511,-0.13734723275272387
3523.791,30.60590275,30.739761937289682,30.524824969976436,30.599939111698575,-0.1338591872896835
3524.273,30.61391078,30.74406605987266,30.53115793952983,30.604132145725544,-0.1301552798726604
3524.755,30.61509753,30.748373335038792,30.537530230825965,30.608334394889255,-0.13327580503879233
3525.237,30.59241188,30.75268353752223,30.543941504490324,30.612545631528874,-0.16027165752223027
3525.719,30.63119436,30.756996442265812,30.550391419396448,30.616765627871906,-0.1258020822658139
3526.201,30.62045606,30.761311824432518,30.556879632683685,30.620994156046557,-0.14085576443251924
3526.684,30.62368544,30.765638419351976,30.563419378754027,30.625239786675873,-0.14195297935197715
3527.166,30.61079332,30.769958086767083,30.569983231038208,30.629484711081126,-0.15916476676708413
3527.648,30.61526188,30.774279558064887,30.57658434217391,30.633737482757528,-0.1590176780648882
3528.13,30.623695,30.778602609403844,30.5832223625415,30.637997873559694,-0.15490760940384263
3528.612,30.6101122,30.782927017219407,30.58989694087816,30.642265655304605,-0.1728148172194075
3529.094,30.61771225,30.787252558235465,30.596607724296092,30.64654059978381,-0.16954030823546518
3529.576,30.59748579,30.791579009475438,30.60335435830112,30.650822478775687,-0.19409321947543745
3530.058,30.5979971,30.79590614827343,30.610136486811175,30.655111064057635,-0.1979090482734307
3530.541,30.60963997,30.800242731046552,30.616967932154573,30.65941504491362,-0.19060276104655216
3531.022,30.59628007,30.804561599500445,30.62380579518984,30.663707440668915,-0.20828152950044654
3531.505,30.60234331,30.808898447100777,30.63070657790882,30.668023718138002,-0.20655513710077855
3531.987,30.60844014,30.813226115430748,30.637627162786767,30.672336858540778,-0.20478597543074883
3532.469,30.6398593,30.81755336257979,30.64458143783722,30.676655564056016,-0.17769406257978915
3532.951,30.61693626,30.82187996797899,30.651569037840257,30.680979606709037,-0.20494370797899109
3533.433,30.62384651,30.826205711447095,30.658589596119604,30.685308758608496,-0.20235920144709496
3533.915,30.65114676,30.830530373201075,30.665642744561623,30.689642791958228,-0.17938361320107532
3534.397,30.65019194,30.834853733867032,30.672728113634484,30.693981479069194,-0.18466179386703274
3534.879,30.64856858,30.839175574490906,30.67984533240735,30.698324592371257,-0.19060699449090635
3535.362,30.6757019,30.843504637457706,30.68700889235101,30.702680927951615,-0.16780273745770558
3535.844,30.65805313,30.847822778581424,30.694188756372412,30.7070322194637,-0.1897696485814251
3536.326,30.66043593,30.852138744974383,30.701399348320024,30.711387254816977,-0.19170281497438424
3536.808,30.66003868,30.85645231946829,30.70864029185687,30.715745807034956,-0.1964136394682896
3537.29,30.66637364,30.86076328536737,30.715911209343666,30.720107649318884,-0.19438964536736947
3537.772,30.67029823,30.865071426458634,30.723211721858345,30.724472555059073,-0.1947731964586339
3538.254,30.69780965,30.869376527022247,30.730541449215544,30.72884029784663,-0.17156687702224716
3538.736,30.69778184,30.87367837184172,30.737900009986287,30.733210651484892,-0.17589653184171894
3539.219,30.70209486,30.877985660247166,30.745302376576056,30.73759246439496,-0.17589080024716708
3539.701,30.7129677,30.88228034212691,30.752717512840967,30.741967366296038,-0.16931264212691133
3540.183,30.72400631,30.886571125292733,30.760160330167427,30.746344201378417,-0.1625648152927326
3540.665,30.71749344,30.89085779664458,30.7676304423466,30.75072274440938,-0.17336435664457994
3541.147,30.72737783,30.895140143636233,30.77512746202485,30.755102770425506,-0.16776231363623495
3541.629,30.72266487,30.899417954285443,30.782651000723654,30.759484054743858,-0.17675308428544412
3542.111,30.76661982,30.903691017183704,30.790200668859537,30.763866372973272,-0.13707119718370464
3542.593,30.7599853,30.90795912150619,30.797776075764034,30.768249501025483,-0.14797382150619143
3543.075,30.74625469,30.9122220570213,30.805376829703803,30.772633215126344,-0.16596736702129888
3543.558,30.75479587,30.916488441470715,30.813018384538875,30.77702638764363,-0.16169257147071647
3544.04,30.78170282,30.92074039928962,30.82066870373507,30.781410603888382,-0.1390375792896208
3544.522,30.77777555,30.924986560832117,30.828343187757763,30.785794736392237,-0.14721101083211607
3545.004,30.79321841,30.929226718338136,30.836041440813062,30.790178562748384,-0.13600830833813404
3545.486,30.75622571,30.93346066468902,30.843763066142944,30.794561860918922,-0.17723495468901973
3545.968,30.7706844,30.937688193416907,30.85150766604561,30.79894440924591,-0.16700379341690663
3546.45,30.78326375,30.94190909871413,30.85927484189571,30.803325986462,-0.15864534871413127
3546.932,30.78711613,30.94612317544267,30.867064194164787,30.8077063717014,-0.1590070454426673
3547.415,30.76766248,30.95033893999728,30.87489155045967,30.812094427895182,-0.18267645999728188
3547.897,30.76847718,30.954538731672884,30.882724097398548,30.816471764627284,-0.18606155167288208
3548.379,30.75544808,30.95873108305421,30.890577616120645,30.820847248845126,-0.2032830030542101
3548.861,30.76854682,30.962915791774673,30.89845170368718,30.825220661395967,-0.19436897177467216
3549.343,30.77217297,30.967092656182807,30.90634595635842,30.829591783581392,-0.19491968618280708
3549.825,30.76409838,30.971261475351465,30.91425996961435,30.833960397168063,-0.20716309535146493
3550.307,30.78951962,30.975422049086372,30.92219333817496,30.838326284397716,-0.18590242908637222
3550.789,30.77347706,30.9795741779353,30.930145656021118,30.842689227997823,-0.2060971179353004
3551.271,30.79534371,30.983717663196632,30.938116516414993,30.847049011191785,-0.1883739531966313
3551.754,30.79707947,30.9878608756995,30.94612210516863,30.85141445223704,-0.19078140569950008
3552.236,30.78804296,30.991986461770026,30.954128864026462,30.855767258646356,-0.20394350177002707
3552.718,30.79794783,30.99610281233226,30.962152940264517,30.860116256951148,-0.19815498233226236
3553.2,30.78834913,31.000209731775374,30.97019392447568,30.86446123246139,-0.21186060177537414
3553.682,30.80906825,31.004307025282245,30.978251406637703,30.86880197103354,-0.1952387752822453
3554.164,30.80620482,31.0083944988377,30.986324976133922,30.873138259080683,-0.20218967883769778
3554.646,30.82092382,31.012471959236947,30.99441422177389,30.87746988358234,-0.19154813923694647
3555.128,30.81059944,31.016539214093925,31.00251873181439,30.881796632094343,-0.20593977409392394
3555.611,30.82709652,31.02060447762644,31.01065495428214,30.88612725342405,-0.19350795762643713
3556.093,30.81869294,31.02465072539199,31.018788785313852,30.89044360376511,-0.20595778539199117
3556.575,30.82475475,31.028686195057567,31.026936641548886,30.894754443903086,-0.20393144505756666
3557.057,30.81965586,31.032710697595018,31.035098109239502,30.899059563797707,-0.21305483759501698
3557.539,30.85115771,31.036724044835236,31.043272774189234,30.90335875403353,-0.18556633483523655
3558.021,30.83860946,31.040726049476213,31.0514602217737,30.907651805829335,-0.20211658947621203
3558.503,30.84011756,31.04471652509073,31.059660036961546,30.911938511047634,-0.2045989650907316
3558.985,30.83800041,31.048695286134215,31.067871804335258,30.916218662204052,-0.210694876134216
3559.468,30.86316803,31.05267036545941,31.07611218061178,30.92050091126068,-0.18950233545940876
3559.949,30.87660169,31.056616926789278,31.084329532165107,30.92475847571576,-0.1800152367892771
3560.432,30.87566342,31.06056760640485,31.09259177695563,30.929026555473566,-0.18490418640485018
3560.914,30.85891019,31.064497645626084,31.100847212815818,30.933278413409752,-0.20558745562608394
3561.396,30.88830791,31.06841505568595,31.10911251784838,30.93752268956168,-0.1801071456859482
3561.878,30.89584129,31.07231965649733,31.117387274757462,30.94175918055946,-0.1764783664973315
3562.36,30.9249508,31.076211268908246,31.125671066007452,30.945987683750435,-0.1512604689082444
3562.842,30.92357431,31.0800897147093,31.133963473843842,30.950207997208313,-0.1565154047092996
3563.324,30.92962418,31.083954816640883,31.142264080314295,30.954419919741802,-0.1543306366408821
3563.806,30.94892521,31.087806398400105,31.150572467289393,30.958623250903635,-0.13888118840010577
3564.289,30.95667176,31.091652232710103,31.15890547643812,30.962826484088094,-0.1349804727101045
3564.771,30.96902471,31.09547622012252,31.167228183402106,30.967012015326294,-0.12645151012252143
3565.253,30.96888974,31.09928616390678,31.17555741476124,30.971188357991256,-0.13039642390677741
3565.735,30.96686912,31.103081891659475,31.18389275188702,30.97535531469985,-0.13621277165947632
3566.217,30.95437189,31.106863231968692,31.19223377607849,30.979512688855994,-0.15249134196869107
3566.699,30.93650432,31.110630014420853,31.200580068583175,30.983660284659152,-0.17412569442085157
3567.181,30.93612617,31.114382069607256,31.208931210617838,30.987797907112636,-0.17825589960725452
3567.663,30.93082281,31.118119229130762,31.217286783389515,30.991925362031996,-0.18729641913076378
3568.146,30.93118312,31.121849032030614,31.225663715532907,30.996050986838274,-0.19066591203061378
3568.628,30.9483827,31.125555867347245,31.234026900484015,31.000157505331437,-0.1771731673472452
3569.11,30.92903574,31.129247307601965,31.24239325907406,31.004253278295764,-0.2002115676019649
3569.592,30.9305373,31.132923188510738,31.25076237267934,31.00833811487935,-0.20238588851073658
3570.074,30.92505947,31.136583346833074,31.259133822770522,31.012411825083134,-0.2115238768330734
3570.556,30.93443587,31.140227620378337,31.267507190933472,31.016474219768945,-0.20579175037833508
3571.038,30.93413953,31.143855848011842,31.275882058889895,31.020525110667183,-0.20971631801184287
3571.52,30.94298228,31.147467869660915,31.284258008518297,31.024564310384925,-0.20448558966091568
3572.002,30.96693549,31.151063526321003,31.29263462187451,31.02859163241346,-0.1841280363210025
3572.485,30.9639534,31.154650068365616,31.301028860554748,31.03261520888023,-0.19069666836561439
3572.967,30.96142623,31.1582124875681,31.309405547557592,31.03661819397741,-0.19678625756809964
3573.449,30.96777885,31.161758070913173,31.31778164486184,31.04060874686103,-0.19397922091317454
3573.931,30.974662,31.165286663729525,31.32615673544046,31.04458668463767,-0.19062466372952613
3574.413,31.00979059,31.168798112443003,31.334530402547273,31.048551825335924,-0.15900752244300165
3574.895,30.97502464,31.172292264582172,31.34290222973745,31.052503987913965,-0.19726762458217095
3575.377,30.97811587,31.17576896878392,31.35127180088817,31.05644299226668,-0.19765309878392046
3575.859,30.99814165,31.179228074798928,31.359638700219072,31.060368659232967,-0.18108642479892723
3576.342,30.9899444,31.182676554694268,31.36801986112301,31.064288912927026,-0.1927321546942693
3576.824,30.99298206,31.186099980789717,31.376380163248722,31.06818734285713,-0.19311792078971735
3577.306,31.00070933,31.189505364383542,31.384736547614043,31.072071903288414,-0.1887960343835431
3577.788,30.99692421,31.192892559737444,31.393088600014487,31.075942418909033,-0.19596834973744492
3578.27,31.00891955,31.19626142225335,31.40143590669046,31.079798715386406,-0.18734187225334864
3578.752,31.01794984,31.199611808478597,31.409778054347537,31.08364061937407,-0.18166196847859695
3579.234,31.03344143,31.20294357611075,31.418114630176884,31.08746795851851,-0.16950214611075154
3579.716,31.05075994,31.206256584002745,31.426445221875436,31.091280561465847,-0.15549664400274565
3580.198,31.04075536,31.209550692167674,31.434769417666303,31.095078257868444,-0.16879533216767584
3580.681,31.04134021,31.21283253664768,31.443104054950908,31.09886871036381,-0.17149232664768022
3581.163,31.03546303,31.216088390135642,31.45141421039985,31.102636054891178,-0.18062536013564312
3581.645,31.06061134,31.219324930662868,31.459716737118654,31.10638798758843,-0.15871359066286672
3582.127,31.0673991,31.22254202293327,31.468011225637923,31.11012434220066,-0.15514292293326903
3582.609,31.06131068,31.225739532834343,31.476297267115037,31.11384495351158,-0.1644288528343445
3583.091,31.07203867,31.2289173274417,31.484574453354238,31.117549657349695,-0.15687865744169827
3583.573,31.06057253,31.23207527502359,31.49284237682665,31.12123829059466,-0.17150274502358798
3584.055,31.07616253,31.235213245045145,31.50110063069016,31.12491069118343,-0.15905071504514368
3584.538,31.08227735,31.238337555778287,31.509365910457035,31.128574266040534,-0.15606020577828872
3585.02,31.0675361,31.24143514177,31.517603585256953,31.132213684877737,-0.17389904176999949
3585.502,31.07741805,31.24451236555897,31.52583037340228,31.135836390944725,-0.1670943155589697
3585.984,31.07467858,31.24756910144289,31.534045870998106,31.13944222646962,-0.17289052144288775
3586.466,31.06387564,31.250605224937207,31.54224967493532,31.14303103476749,-0.1867295849372077
3586.948,31.08932214,31.25362061277908,31.550441382910282,31.146602660246096,-0.16429847277908038
3587.43,31.06505795,31.256615142931334,31.558620593444406,31.15015694841155,-0.19155719293133444
3587.912,31.0779537,31.259588694586203,31.56678690590374,31.153693745873944,-0.18163499458620436
3588.395,31.07150766,31.262547251577942,31.574956821386568,31.157220183058353,-0.19103959157794037
3588.876,31.06025905,31.26547238534289,31.583079238402153,31.160714260682894,-0.20521333534289
3589.359,31.0735192,31.26838830389798,31.59122130395403,31.164204885067054,-0.19486910389797885
3589.841,31.08732951,31.27127671358576,31.599332004870078,31.167670170398537,-0.18394720358575967
3590.323,31.09377465,31.274143559072737,31.607427817070395,31.171117214523264,-0.18036890907273673
3590.805,31.10437424,31.27698872700749,31.61550834539829,31.174545870791672,-0.17261448700749327
3591.287,31.10767177,31.279812105293143,31.623573195677036,31.177955993695658,-0.1721403352931432
3591.769,31.11758916,31.282613583090527,31.63162197472896,31.1813474388735,-0.16502442309052512
3592.251,31.12418504,31.28539305082161,31.639654290394635,31.184720063115144,-0.16120801082161051
3592.733,31.11085098,31.288150400172643,31.647669751551604,31.188073724366895,-0.17729942017264477
3593.216,31.10412297,31.290891175451332,31.6556845437482,31.1914151799498,-0.1867682054513331
3593.698,31.13038446,31.293603921734064,31.663665089775982,31.19473045364228,-0.16321946173406587
3594.18,31.13094293,31.296294232096315,31.67162761353597,31.198026344885154,-0.16535130209631532
3594.662,31.15927661,31.298962003314582,31.679571728245204,31.20130271630141,-0.13968539331458274
3595.144,31.12681821,31.30160713344447,31.68749704825188,31.204559431694268,-0.1747889234444706
3595.626,31.14278416,31.304229521823736,31.695403189053863,31.207796356051794,-0.16144536182373415
3596.108,31.14241685,31.306829069074794,31.703289767317365,31.211013355551398,-0.1644122190747943
3596.59,31.12861092,31.30940567710759,31.711156400895334,31.214210297564232,-0.1807947571075914
3597.073,31.14202163,31.31196452297694,31.719018966100943,31.21739362035681,-0.1699428929769411
3597.555,31.15817376,31.314494915376432,31.72684452535445,31.22055001201604,-0.15632115537643188
3598.037,31.14151856,31.317002081843565,31.734649000001337,31.22368595524151,-0.17548352184356375
3598.519,31.14233564,31.319485929466044,31.742432012827404,31.226801322224986,-0.17715028946604505
3599.001,31.12002816,31.321946366631522,31.750193187896535,31.22989598637315,-0.2019182066315217
3599.483,31.12737669,31.324383303029673,31.75793215056865,31.232969822311688,-0.19700661302967504
3599.965,31.09986908,31.326796649654554,31.765648527517808,31.236022705889223,-0.22692756965455274
3600.447,31.10084947,31.329186318806837,31.773341946749998,31.239054514181287,-0.2283368488068369
3600.929,31.11877697,31.331552224095613,31.78101203762095,31.242065125494072,-0.21277525409561449
3601.412,31.11401211,31.333899114629677,31.788674269851274,31.24506059898051,-0.21988700462967614
3601.894,31.11050177,31.33621718852472,31.79629654724488,31.248028411597655,-0.22571541852472166
3602.376,31.1276817,31.338511247085993,31.803894391861316,31.250974669332475,-0.21082954708599289
3602.858,31.12492282,31.340781209179696,31.811467438635045,31.253899255453806,-0.21585838917969724
3603.34,31.13841095,31.343026994990126,31.819015323938224,31.256802054479383,-0.2046160449901251
3603.822,31.12110819,31.345248526021546,31.826537685598073,31.259682952179457,-0.22414033602154504
3604.304,31.16349038,31.347445725099792,31.834034162914183,31.262541835580027,-0.18395534509979328
3604.786,31.14057091,31.349618516373813,31.841504396675603,31.265378592966314,-0.2090476063738116
3605.269,31.15911769,31.351771256889492,31.848963444499752,31.268198929950202,-0.19265356688949353
3605.751,31.18608781,31.353894959282094,31.856380063265053,31.27099105874332,-0.16780714928209406
3606.233,31.17621351,31.355994034123718,31.863769369216357,31.273760733742293,-0.1797805241237178
3606.715,31.20480927,31.35806841087362,31.8711310092742,31.27650784830355,-0.15325914087362236
3607.197,31.19193304,31.36011802032121,31.878464631933266,31.279232297058275,-0.168184980321211
3607.679,31.21719547,31.362142794587285,31.88576988727905,31.281933975915482,-0.1449473245872852
3608.161,31.21357666,31.364142667125435,31.89304642700457,31.284612782064865,-0.150566007125434
3608.643,31.23694198,31.3661175727229,31.90029390442668,31.287268613979503,-0.12917559272289836
3609.125,31.22769037,31.368067447501744,31.907511974502636,31.289901371418797,-0.14037707750174278
3609.608,31.24318217,31.369996196115096,31.914715176208787,31.292516345349053,-0.1268140261150954
3610.09,31.24714724,31.37189577071632,31.92187334032039,31.29510260989305,-0.12474853071632097
3610.572,31.25251573,31.373770130760576,31.929001071258483,31.297665506785098,-0.12125440076057714
3611.054,31.27899604,31.37561921772108,31.936098030707367,31.30020494095834,-0.09662317772108153
3611.536,31.27903888,31.37744297441025,31.943163882072387,31.302720818645017,-0.09840409441024889
3612.018,31.28803859,31.3792413449802,31.95019829049572,31.305213047378803,-0.09120275498020192
3612.5,31.31604803,31.38101427492345,31.957200922872126,31.307681535997023,-0.06496624492345049
3612.982,31.31290241,31.382761711073606,31.96417144786474,31.31012619464305,-0.06985930107360616
3613.465,31.30758651,31.384487147402822,31.97112389634824,31.312551932126844,-0.07690063740282227
3613.947,31.30109386,31.386183388678226,31.978029151397255,31.314948616598986,-0.08508952867822472
3614.429,31.30695385,31.387853984611162,31.98490131514215,31.317321209209403,-0.08090013461116285
3614.911,31.31090505,31.38949888740629,31.99174006347756,31.319669625349302,-0.07859383740629156
3615.393,31.32828832,31.391118050611162,31.9985450741433,31.32199378172612,-0.06282973061116337
3615.875,31.31491319,31.39271142911644,32.00531602673937,31.324293596365482,-0.07779823911644002
3616.357,31.31746814,31.394278979156006,32.012052602741015,31.326568988612966,-0.07681083915600695
3616.839,31.30907164,31.395820658307052,32.01875448551347,31.328819879135818,-0.08674901830705295
3617.322,31.32500289,31.39733954327218,32.025435155409376,31.33105078322284,-0.0723366532721812
3617.803,31.31760489,31.398826240969342,32.03205291437081,31.333247844295496,-0.08122135096934358
3618.286,31.31699405,31.400293076291206,32.03866248400168,31.335429257567075,-0.08329902629120411
3618.768,31.28985753,31.401730820491053,32.04522239094093,31.33758132281602,-0.11187329049105443
3619.25,31.2934843,31.403142501764684,32.051746049706836,31.33970850940991,-0.10965820176468455
3619.732,31.28625002,31.404528085750655,32.05823315531566,31.3418107459824,-0.1182780657506548
3620.214,31.29892542,31.40588753942977,32.064683404775025,31.343887962499306,-0.1069621194297703
3620.696,31.28171284,31.407220831124768,32.07109649709781,31.345940090259994,-0.12550799112476696
3621.178,31.26385352,31.408527930499886,32.07747213331625,31.347967061898522,-0.14467441049988494
3621.66,31.27193822,31.409808808560285,32.083810016495576,31.349968811384755,-0.13787058856028622
3622.143,31.28398042,31.41106601331235,32.09012288219128,31.351949348240574,-0.12708559331235136
3622.625,31.27198105,31.41229431258065,32.096384296840895,31.353900408021836,-0.1403132625806478
3623.107,31.28006455,31.413496311539568,32.102607079381215,31.35582605545864,-0.13343176153956904
3623.589,31.26419175,31.414671986554893,32.10879094115023,31.357726229877166,-0.15048023655489473
3624.071,31.26944637,31.415821315330113,32.11493559558653,31.359600871944203,-0.14637494533011264
3624.553,31.25131096,31.41694427690556,32.12104075824238,31.361449923667944,-0.16563331690555927
3625.035,31.26012965,31.418040851657437,32.12710614679693,31.36327332839869,-0.15791120165743777
3625.517,31.26023463,31.419111021296906,32.13313148106894,31.365071030829476,-0.15887639129690712
3626.0,31.25786247,31.4201569068438,32.13912885792935,31.366846626423335,-0.1622944368438013
3626.482,31.24665655,31.421174161861558,32.14507316718122,31.368592710108246,-0.1745176118615568
3626.964,31.23536503,31.422164964871676,32.150976594007595,31.37031293352969,-0.1867999348716758
3627.446,31.2553844,31.42312930291741,32.15683886691788,31.372007246760006,-0.16774490291740918
3627.928,31.23198484,31.424067164371344,32.16265971662422,31.373675601216657,-0.19208232437134498
3628.41,31.24141199,31.424978538934077,32.16843887605369,31.375317949662517,-0.18356654893407764
3628.892,31.24285741,31.425863417633188,32.17417608036058,31.376934246206314,-0.18300600763318897
3629.374,31.22018388,31.426721792821347,32.179871066938205,31.3785244463025,-0.20653791282134648
3629.856,31.22357542,31.427553658175306,32.18552357543098,31.38008850675169,-0.20397823817530636
3630.339,31.24756329,31.428360651980988,32.19114494167587,31.381629549076766,-0.18079736198098928
3630.821,31.28418928,31.42913942896412,32.19671163253559,31.38314115157421,-0.14495014896412073
3631.303,31.28039453,31.429891685067744,32.20223507734334,31.38462649282295,-0.14949715506774552
3631.785,31.28063456,31.43061741925127,32.20771502486899,31.386085535010444,-0.14998285925127064
3632.267,31.31567923,31.43131663179006,32.213151226191144,31.387518241669998,-0.11563740179006032
3632.749,31.29621204,31.43198932427341,32.218543434708394,31.38892457768046,-0.1357772842734093
3633.231,31.31554318,31.432635499602924,32.22389140615026,31.390304509265935,-0.11709231960292499
3633.713,31.32210882,31.43325516199046,32.22919489858821,31.39165800399548,-0.11114634199045881
3634.196,31.31301734,31.433849520018462,32.23446453611592,31.392987756416098,-0.12083218001846419
3634.678,31.32571272,31.434416119416937,32.23967826066796,31.39428823051421,-0.10870339941693885
3635.16,31.32561738,31.434956226369763,32.24484679410489,31.39556217847144,-0.10933884636976288
3635.642,31.32838552,31.43546985031294,32.24996990397777,31.396809573234798,-0.10708433031294007
3636.124,31.35339959,31.435957001982615,32.25504736023248,31.39803038909382,-0.08255741198261646
3636.606,31.33417649,31.436417693412793,32.260078935219866,31.39922460167965,-0.10224120341279175
3637.088,31.33145824,31.436851937933184,32.265064403705836,31.40039218796452,-0.10539369793318443
3637.57,31.3434703,31.43725975016676,32.27000354288131,31.401533126260794,-0.09378945016675999
3638.052,31.36123166,31.437641146027488,32.274896132372035,31.402647396220175,-0.07640948602748665
3638.535,31.35793209,31.437996851796306,32.279751959055936,31.403737207474407,-0.08006476179630795
3639.017,31.35253376,31.438325413093388,32.28455070014448,31.404798029645974,-0.08579165309338777
3639.499,31.37179569,31.438627613523266,32.289302244691356,31.4058321304301,-0.06683192352326728
3639.981,31.39347048,31.438903474141753,32.29400638216248,31.4068394948291,-0.04543299414175195
3640.463,31.36954137,31.43915301728306,32.298662904505754,31.407820109179575,-0.06961164728306102
3640.945,31.38189021,31.439376266557034,32.30327160616014,31.408773961151212,-0.05748605655703187
3641.427,31.38972649,31.439573246846564,32.30783228406469,31.40970103974555,-0.04984675684656281
3641.909,31.41387413,31.43974398430465,32.31234473766723,31.410601335294672,-0.0258698543046485
3642.392,31.43156246,31.43988877895888,32.31681797993785,31.411476623854668,-0.008326318958882695
3642.874,31.42579124,31.44000705998122,32.32123329229009,31.412323274020665,-0.01421581998122079
3643.356,31.44069584,31.440099184287327,32.32559979342514,31.413143120097132,0.0005966557126733107
3643.838,31.45391636,31.440165183084822,32.3299172929168,31.413936157727292,0.013751176915178576
3644.32,31.46489446,31.44020508883687,32.334185602889775,31.414702383877582,0.024689371163130858
3644.802,31.46241389,31.440218935259146,32.33840453802769,31.415441796836205,0.0221949547408542
3645.284,31.47917664,31.440206757316567,32.342573915580864,31.416154396211304,0.03896988268343193
3645.766,31.53217976,31.440168591220257,32.34669355537426,31.41684018292939,0.09201116877974158
3646.249,31.53260085,31.44010431445281,32.35077167121794,31.417500498537066,0.09249653554719117
3646.73,31.55135137,31.440014445622246,32.354782913899555,31.418131328681085,0.11133692437775267
3647.213,31.56553596,31.43989827742034,32.35876046806588,31.41873792423545,0.1256376825796579
3647.695,31.56100452,31.43975649208174,32.36267930201727,31.419316440307043,0.12124802791825928
3648.177,31.55771059,31.439588918311657,32.36654753586933,31.419868168081223,0.11812167168834264
3648.659,31.53674711,31.439395599731093,32.37036500505502,31.4203931163577,0.09735151026890776
3649.141,31.51163927,31.439176581183602,32.3741315476324,31.420891295240978,0.0724626888163975
3649.623,31.49772737,31.43893190873154,32.377847004291255,31.421362716138113,0.0587954612684598
3650.105,31.47495136,31.438661629652678,32.38151121835975,31.42180739175656,0.036289730347320415
3650.587,31.44978551,31.438365792436308,32.38512403581079,31.42222533610186,0.011419717563693865
3651.07,31.47189922,31.438043753606728,32.388692640106584,31.422617348392713,0.033855466393273304
3651.552,31.48129936,31.4376968976487,32.3922021054444,31.422981822014712,0.04360246235130205
3652.034,31.47381065,31.437324636363,32.39565972771389,31.42331961418418,0.036486013636999104
3652.516,31.51255108,31.43692702305036,32.39906536353398,31.423630744078352,0.07562405694964269
3652.998,31.48745817,31.436504112203977,32.40241887219845,31.423915232160496,0.05095405779602302
3653.48,31.49845109,31.4360559595058,32.40572011568146,31.424173100177363,0.06239513049419898
3653.962,31.50816795,31.435582621822256,32.40896895864306,31.42440437115669,0.07258532817774466
3654.444,31.49578077,31.43508415720037,32.41216526843456,31.42460906940436,0.060696612799628014
3654.927,31.47907649,31.434559512680842,32.415315382360305,31.424787562532664,0.04451697731915871
3655.409,31.50466092,31.434010921206138,32.41840612900217,31.424939138341564,0.07064999879386136
3655.891,31.48692688,31.43343738410517,32.42144396047078,31.42506422203825,0.053489495894829986
3656.373,31.49515059,31.432838964108143,32.42442875493855,31.425162843016565,0.06231162589185857
3656.855,31.48593622,31.432215725104776,32.427360393293654,31.425235031934477,0.05372049489522368
3657.337,31.491219,31.431567732140174,32.43023875914463,31.425280820711144,0.05965126785982733
3657.819,31.48225733,31.43089505141026,32.43306373882473,31.425300242523832,0.05136227858973896
3658.301,31.50132491,31.4301977502574,32.435835221396104,31.425293331804973,0.07112715974260198
3658.783,31.47892546,31.42947589716603,32.438553098654005,31.42526012423889,0.04944956283397062
3659.266,31.47134486,31.42872798794398,32.441222736543025,31.42520050611145,0.04261687205601916
3659.748,31.47135847,31.427957190402232,32.44383297776014,31.42511476253467,0.04340127959776652
3660.23,31.45424219,31.42716205333226,32.446389305281855,31.425002836726783,0.02708013666773823
3660.712,31.45809507,31.42634264974327,32.44889162187936,31.42486476935037,0.03175242025672986
3661.194,31.46368,31.425499053763538,32.45133983307531,31.42470060230381,0.03818094623646218
3661.676,31.45562304,31.424631340635557,32.453733847147,31.42451037871755,0.030991699364442127
3662.158,31.4370145,31.423739586711314,32.456073575129565,31.4242941429509,0.013274913288686463
3662.64,31.44028139,31.42282386944752,32.45835893081896,31.4240519405884,0.017457520552479622
3663.123,31.44555668,31.421882293245652,32.46059440253488,31.423783235255776,0.02367438675434741
3663.605,31.4522355,31.420918836762326,32.46277065285496,31.42348918771321,0.0313166632376749
3664.087,31.44931496,31.419931656057287,32.46489228870345,31.423169317747515,0.029383303942712047
3664.569,31.45214518,31.418920832959053,32.466959234952284,31.42282367581067,0.0332243470409459
3665.051,31.45407742,31.417886450376066,32.46897141924704,31.422452313561685,0.03619096962393442
3665.533,31.44427385,31.41682859229161,32.47092877200909,31.422055283862726,0.027445257708389903
3666.015,31.43207395,31.415747343758703,32.47283122643757,31.421632640775314,0.01632660624129656
3666.497,31.47005747,31.414642790894852,32.47467871851134,31.42118443955644,0.05541467910514797
3666.979,31.46939809,31.413515020876908,32.476471186990594,31.420710736654534,0.055883069123090934
3667.462,31.47989936,31.412361710198,32.478212120658014,31.420210527722688,0.06753764980200216
3667.944,31.46284647,31.411187723907,32.47989425491279,31.419685942941875,0.051658746093000474
3668.426,31.47032321,31.40999078848428,32.48152119845052,31.41913603305826,0.060332421515720824
3668.908,31.46947937,31.408770995293317,32.483092901177315,31.418560859248494,0.06070837470668167
3669.39,31.48303491,31.40752843673023,32.48460931578727,31.417960483860398,0.075506473269769
3669.872,31.48126208,31.4062632062183,32.48607039776333,31.41733497040871,0.074998873781702
3670.354,31.48812011,31.40497539820261,32.487476105378036,31.41668438357076,0.08314471179739158
3670.836,31.48787149,31.40366510814429,32.488826399694176,31.416008789182207,0.0842063818557115
3671.319,31.48683967,31.402329644425684,32.49012387330227,31.415306774962268,0.08451002557431408
3671.801,31.49472544,31.40097463456369,32.49136312023052,31.414581316060406,0.09375080543631142
3672.283,31.4939389,31.39959743528906,32.49254685373348,31.413831054166273,0.09434146471093996
3672.765,31.50765902,31.398198146073568,32.49367504604403,31.413056059707415,0.10946087392643022
3673.247,31.52468017,31.396776867376865,32.494747672186236,31.41225640424736,0.12790330262313532
3673.729,31.5150063,31.395333700640634,32.49576470997518,31.41143216048124,0.11967259935936525
3674.211,31.53567451,31.393868748282898,32.49672614001659,31.410583402231133,0.14180576171710157
3674.693,31.5614417,31.392382113692058,32.49763194570633,31.409710204441325,0.1690595863079416
3675.176,31.55480305,31.3908707497923,32.498483819218976,31.408810755740987,0.16393230020770133
3675.657,31.55961363,31.389344216181414,32.499276631560974,31.407890795602903,0.17026941381858762
3676.14,31.57154386,31.387789924752475,32.50001696750837,31.406942752131407,0.18375393524752326
3676.622,31.56487744,31.386217570320724,32.500700050040834,31.405972517929314,0.17865986967927583
3677.104,31.54978939,31.384624065171963,32.50132746702333,31.40497823574477,0.16516532482803825
3677.586,31.55136524,31.383009518393884,32.5018992185802,31.403959987157492,0.16835572160611534
3678.068,31.54211618,31.381374040002626,32.50241530761848,31.40291785483562,0.16074213999737452
3678.55,31.54074705,31.379717740936442,32.50287573982644,31.40185192253056,0.16102930906355795
3679.032,31.5264368,31.37804073304958,32.503280523671805,31.40076227507211,0.14839606695041851
3679.514,31.51843048,31.37634312910602,32.50362967039979,31.399648998363233,0.1420873508939806
3679.997,31.51619997,31.3746214570668,32.50392374519255,31.398509796418104,0.14157851293319723
3680.479,31.52478956,31.372882960772415,32.504161547175215,31.397349474616405,0.15190659922758343
3680.961,31.50942154,31.37112421234948,32.50434376246422,31.39616578784676,0.13829732765052327
3681.443,31.49750849,31.3693453281398,32.504470413399304,31.39495882625537,0.1281631618602006
3681.925,31.48171285,31.36754642536318,32.50454152508624,31.39372868103553,0.1141664246368208
3682.407,31.47065195,31.36572762211101,32.5045571253942,31.3924754444222,0.10492432788899109
3682.889,31.48212477,31.36388903733979,32.50451724495297,31.391199209686743,0.11823573266021015
3683.371,31.47353237,31.362030790864516,32.50442191714986,31.38990007113144,0.11150157913548497
3683.854,31.48084577,31.3601490872989,32.50427080781687,31.38857535781253,0.12069668270109801
3684.336,31.48187,31.358251840099676,32.50406458162872,31.38723065160077,0.12361815990032454
3684.818,31.45815312,31.35633529598197,32.503803024843705,31.385863330809563,0.10181782401802764
3685.3,31.47314389,31.354399578131,32.50348618185277,31.384473493811857,0.1187443118689977
3685.782,31.45533917,31.352444810557294,32.50311409978755,31.383061239983657,0.10289435944270409
3686.264,31.46780328,31.35047111809019,32.50268682851653,31.381626669698555,0.11733216190980755
3686.746,31.45670089,31.348478626370902,32.50220442064119,31.38016988432182,0.10822226362909859
3687.228,31.47592422,31.346467461845887,32.50166693149197,31.378690986204784,0.12945675815411306
3687.71,31.47704007,31.344437751759905,32.50107441912398,31.377190078679014,0.13260231824009594
3688.193,31.47090135,31.342385355866003,32.500425543914346,31.37566408399073,0.12851599413399484
3688.675,31.44632938,31.34031890174237,32.49972305632109,31.374119426416115,0.10601047825763033
3689.157,31.42684773,31.338234288782953,32.498965736119175,31.37255307547174,0.08861344121704562
3689.639,31.41214737,31.33613164735851,32.49815365222376,31.37096513835334,0.0760157226414897
3690.121,31.40475506,31.334011108603562,32.49728687625178,31.369355723207445,0.07074395139643741
3690.603,31.38797542,31.33187280440926,32.496365482516936,31.367724939125168,0.05610261559073848
3691.085,31.384811,31.3297168674165,32.495389548024676,31.366072896136256,0.05509413258349838
3691.567,31.39226818,31.327543431008635,32.494359152466856,31.364399705203,0.06472474899136316
3692.05,31.39494896,31.325348066114998,32.49327207117946,31.362701941431457,0.06960089388500279
3692.532,31.41436885,31.32313999835469,32.492132890732634,31.360986747904327,0.09122885164530814
3693.014,31.41077579,31.32091483599561,32.49093950454472,31.35925074509015,0.08986095400438998
3693.496,31.41237081,31.31867271532156,32.48969200300378,31.357494047621458,0.09369809467843737
3693.978,31.4063251,31.316413773322964,32.488390479156024,31.355716771032203,0.08991132667703639
3694.46,31.39518873,31.314138147689718,32.48703502869991,31.353919031751605,0.08105058231028295
3694.942,31.4074034,31.31184597680388,32.48562574997989,31.352100947097558,0.09555742319611937
3695.424,31.39290866,31.30953739973233,32.4841627439802,31.35026263527053,0.08337126026766839
3695.906,31.38979278,31.307212556219493,32.48264611431836,31.34840421534683,0.08258022378050711
3696.389,31.38095461,31.304866713231377,32.48107265411602,31.346521889466256,0.07608789676862315
3696.871,31.36003511,31.302509725725525,32.47944898779181,31.34462357295773,0.05752538427447362
3697.353,31.36121184,31.3001368952974,32.477772024625956,31.342705511026193,0.06107494470260022
3697.835,31.35121264,31.297748364328715,32.476041878707974,31.340767826188905,0.05346427567128487
3698.317,31.36383991,31.29534427584155,32.47425866672671,31.338810641806354,0.06849563415844884
3698.799,31.34910734,31.292924773490792,32.47242250796316,31.336834082075825,0.05618256650920728
3699.281,31.33305343,31.290490001556677,32.47053352428315,31.3348382720246,0.04256342844332295
3699.763,31.31930926,31.288040104937075,32.4685918401299,31.332823337503285,0.031269155062926046
3700.246,31.36466373,31.28557009982037,32.46659339049208,31.330785165742704,0.07909363017963145
3700.728,31.33632568,31.283090360334967,32.46454658032552,31.328732324075897,0.05323531966503481
3701.21,31.33810596,31.280595934793336,32.46244745868049,31.3266607406305,0.05751002520666404
3701.692,31.35692458,31.27808697048943,32.460296160238315,31.32457054448454,0.07883760951057184
3702.174,31.33671864,31.27556361529679,32.45809282221879,31.322461865505392,0.061155024703211325
3702.656,31.34589309,31.273026017660676,32.45583758437182,31.320334834342813,0.07286707233932432
3703.138,31.36697063,31.27047432659057,32.4535305889693,31.31818958242212,0.09649630340943105
3703.62,31.33732851,31.26790869165211,32.451171980796616,31.316026241937205,0.0694198183478889
3704.103,31.3376104,31.265323897213662,32.44875685359661,31.31384040176075,0.07228650278633708
3704.584,31.36864565,31.262736191168088,32.446300517798505,31.311645827850928,0.10590945883191338
3705.067,31.34303921,31.2601242057373,32.443782699191644,31.309424404943236,0.08291500426270204
3705.549,31.33394449,31.25750427431776,32.44121903209653,31.307190010991388,0.07644021568223991
3706.031,31.37131939,31.25487115524653,32.438604513886595,31.30493820100996,0.1164482347534701
3706.513,31.37377797,31.25222500126412,32.43593930424996,31.30266911165771,0.12155296873588028
3706.995,31.3805668,31.249565965612252,32.433223565325946,31.3003828803124,0.13100083438774845
3707.477,31.38615496,31.24689420202623,32.430457461695724,31.29807964506348,0.13926075797376924
3707.959,31.38682025,31.244209864726667,32.427641160372886,31.29575954470496,0.1426103852733327
3708.441,31.40541735,31.24151310841173,32.424774830793766,31.29342271872807,0.16390424158826988
3708.924,31.41601735,31.23879845523485,32.421852542924285,31.29106440757481,0.17721889476515074
3709.406,31.41015142,31.236077301894696,32.418886571891846,31.288694517616907,0.1740741181053025
3709.888,31.39756481,31.233344196742575,32.415871095720064,31.286308324919126,0.16422061325742376
3710.37,31.39355595,31.23059929630714,32.412806293443,31.283905971689816,0.16295665369285928
3710.852,31.3771182,31.227842757554416,32.40969234646775,31.28148760079788,0.14927544244558533
3711.334,31.37552262,31.22507473787955,32.40652943856415,31.279053355765235,0.1504478821204529
3711.816,31.37768141,31.222295395098623,32.403317755854346,31.27660338075938,0.15538601490137793
3712.298,31.35801237,31.2195048874408,32.400057486802325,31.27413782058597,0.1385074825592021
3712.781,31.37463615,31.216697549939667,32.39674190758047,31.271651657430095,0.15793860006033356
3713.263,31.36625,31.21388516648703,32.393384940747346,31.269155332275776,0.15236483351296926
3713.745,31.3871691,31.211062095571656,32.389979967315924,31.266643860428996,0.1761070044283457
3714.227,31.39320329,31.208228496993375,32.386527185014884,31.264117389173613,0.18497479300662434
3714.709,31.38540282,31.20538453092394,32.383026793860495,31.26157606639374,0.18001828907605955
3715.191,31.38051106,31.202530357898848,32.379478996145394,31.25902004056611,0.17798070210115213
3715.673,31.39028916,31.19966613880906,32.37588399642734,31.2564494607524,0.19062302119093744
3716.155,31.41175116,31.196792034892827,32.37224200151786,31.253864476591513,0.21495912510717474
3716.637,31.38965106,31.193908207727276,32.3685532204707,31.2512652382919,0.1957428522727227
3717.12,31.3839211,31.191008806512958,32.36481006660253,31.248646460197584,0.19291229348704064
3717.602,31.36338156,31.18810599956312,32.36102825339019,31.246019137696777,0.17527556043688008
3718.084,31.36366971,31.185193956383593,32.35720029498813,31.243378015337836,0.17847575361640722
3718.566,31.35857465,31.18227283982485,32.35332640930656,31.24072324553083,0.17630181017515056
3719.048,31.3590632,31.179342813034648,32.34940681643882,31.238054981216287,0.17972038696535364
3719.53,31.38261966,31.1764040394498,32.34544173864935,31.235373375857527,0.20621562055019993
3720.012,31.35061066,31.173456682787585,32.341431400361344,31.23267858343263,0.17715397721241644
3720.494,31.3573873,31.17050090703757,32.33737602814457,31.229970758426685,0.18688639296242826
3720.977,31.32979791,31.16753071854528,32.333267297695514,31.22724439793412,0.16226719145472046
3721.459,31.35212854,31.164558581021367,32.32912245361757,31.2245109469768,0.1875699589786315
3721.941,31.36039915,31.161578518269607,32.32493326855977,31.221764930179862,0.198820631730392
3722.423,31.33770396,31.158590695284726,32.32069997755693,31.219006503977578,0.1791132647152729
3722.905,31.3411145,31.155595277291635,32.316422817727236,31.216235825271383,0.18551922270836485
3723.387,31.32968781,31.152592429736888,32.312102028259325,31.213453051421645,0.17709538026311122
3723.869,31.32291302,31.14958231828019,32.30773785039922,31.210658340239807,0.1733307017198129
3724.351,31.3075241,31.14656510878604,32.303330527437296,31.207851849980273,0.16095899121395973
3724.833,31.28796345,31.143540967315214,32.29888030469502,31.205033739332265,0.14442248268478508
3725.316,31.28654242,31.140503765009452,32.29437806402939,31.202198285127277,0.1460386549905479
3725.798,31.27456637,31.137466244991717,32.289842698035926,31.199357388187504,0.13710012500828128
3726.28,31.26584026,31.134422292618005,32.28526518080312,31.19650534978722,0.13141796738199574
3726.762,31.24704053,31.131372074649576,32.28064576564703,31.193642330274763,0.11566845535042347
3727.244,31.23413963,31.12831575800146,32.2759847078473,31.19076849039255,0.10582387199854182
3727.726,31.23271448,31.125253509733835,32.27128226463345,31.187883991268915,0.10746097026616397
3728.208,31.24341591,31.122185497043713,32.26653869517107,31.18498899440994,0.12123041295628667
3728.69,31.21863786,31.119111887256228,32.26175426054776,31.182083661691312,0.0995259727437734
3729.173,31.21898779,31.116026454239734,32.256919171287095,31.179162096118777,0.10296133576026634
3729.655,31.23407507,31.112942141960296,32.252053713812344,31.17623655814394,0.1211329280397031
3730.137,31.20434156,31.109852735590813,32.24714818638672,31.173301172409232,0.09448882440918638
3730.619,31.22479297,31.106758402884157,32.24220285764885,31.17035610218645,0.11803456711584204
3731.101,31.23013484,31.10365931167858,32.23721799808835,31.167401511075575,0.1264755283214214
3731.583,31.21738616,31.100555629889364,32.2321938800314,31.164437562996337,0.11683053011063649
3732.065,31.25293875,31.097447525500094,32.2271307776262,31.161464422179943,0.1554912244999045
3732.547,31.24506605,31.09433516655425,32.22202896682829,31.158482253160845,0.1507308834457497
3733.03,31.24799132,31.091212251360925,32.21687802122962,31.15548500620788,0.1567790686390751
3733.511,31.2363243,31.088098357414403,32.21171033282501,31.152491490117654,0.14822594258559718
3733.994,31.23638862,31.08496775818383,32.206483209144075,31.149476976637175,0.15142086181617032
3734.476,31.22957698,31.081840055086797,32.201229282276,31.1464603287344,0.1477369249132039
3734.958,31.23321041,31.07870893859748,32.1959380539782,31.143435479899658,0.15450147140252213
3735.44,31.22676282,31.075574576938717,32.19060981074216,31.140402596310874,0.1511882430612843
3735.922,31.27001185,31.07243713833312,32.185244840761946,31.13736184439028,0.1975747116668778
3736.404,31.26289127,31.069296790994834,32.179843433919004,31.134313390796112,0.19359447900516713
3736.886,31.29408272,31.066153703120712,32.174405881766816,31.131257402414057,0.2279290168792869
3737.368,31.28773323,31.063008042881886,32.16893247751542,31.128194046348817,0.22472518711811418
3737.851,31.32423366,31.05985344477862,32.163412049878985,31.125117112098135,0.26438021522137944
3738.333,31.32633475,31.056703139713633,32.15786775476229,31.12203950839791,0.2696316102863676
3738.815,31.33792558,31.05355076690615,32.15228849758082,31.11895503990638,0.2843748130938515
3739.297,31.32981273,31.050396494338745,32.14667457801852,31.11586387452008,0.2794162356612553
3739.779,31.34564753,31.047240489925635,32.14102629733767,31.112766180312036,0.29840704007436614
3740.261,31.33288833,31.044082921504025,32.13534395836304,31.109662125523542,0.2888054084959748
3740.743,31.31400229,31.04092395682565,32.12962786546592,31.1065518785553,0.27307833317435026
3741.225,31.2998116,31.037763763548142,32.1238783245481,31.103435607959106,0.2620478364518597
3741.708,31.27034438,31.034595949621007,32.11808361152582,31.10030699902139,0.23574843037899385
3742.19,31.27423043,31.03143380001974,32.11226803052037,31.09717917576509,0.24279662998025842
3742.672,31.26308689,31.028270924490275,32.10641992886734,31.094045835707963,0.23481596550972483
3743.154,31.27831594,31.02510749022888,32.10053961843232,31.090907147920927,0.2532084497711189
3743.636,31.28453394,31.021943664295414,32.094627412530386,31.087763281583285,0.2625902757045857
3744.118,31.29355616,31.018779613604575,32.088683625909695,31.08461440597406,0.2747765463954259
3744.6,31.32183037,31.01561550491782,32.08270857473505,31.081460690463537,0.306214865082179
3745.082,31.33808341,31.0124515048346,32.07670257657135,31.078302304504692,0.3256319051653982
3745.564,31.34677929,31.00928777978396,32.070665950366966,31.075139417624523,0.33749151021604007
3746.047,31.37145157,31.006117933760798,32.0645863981555,31.071965624038818,0.36533363623920323
3746.529,31.39146371,31.002955258771685,32.05848941628936,31.068794235693048,0.388508451228315
3747.011,31.40452339,30.99979335734006,32.05236277203359,31.065618855718228,0.40473003265994123
3747.493,31.4088572,30.996632395128913,32.046206789706346,31.062439653852188,0.41222480487108726
3747.975,31.42112023,30.993472537588907,32.04002179492544,31.059256799864112,0.42764769241109235
3748.457,31.38052248,30.990313949949854,32.033808114591324,31.056070463545687,0.39020853005014544
3748.939,31.38563723,30.987156797212428,32.0275660768703,31.052880814702878,0.39848043278757217
3749.421,31.37658471,30.98400124413973,32.02129601117727,31.049688023147006,0.3925834658602696
3749.904,31.35874108,30.980840914066444,32.01498515369913,31.046485625497166,0.377900165933557
3750.386,31.32141191,30.97768905779242,32.00865996878708,31.043287052289497,0.34372285220757703
3750.868,31.29754921,30.97453929430418,32.00230775216093,31.040085846102595,0.3230099156958204
3751.35,31.28629009,30.971391787330962,31.99592883806123,31.036882176684095,0.3148983026690395
3751.832,31.27607763,30.96824670032299,31.989523561891225,31.033676213744418,0.3078309296770101
3752.314,31.26123773,30.9651041964432,31.98309226019937,31.030468126947966,0.2961335335568016
3752.796,31.29507061,30.961964438558873,31.97663527066202,31.027258085904776,0.333106171441127
3753.278,31.28764357,30.958827589233554,31.970152932065968,31.0240462601618,0.32881598076644636
3753.76,31.32443141,30.955693810718735,31.96364558429088,31.020832819194435,0.36873759928126404
3754.243,31.3427175,30.95255677351006,31.957099990985963,31.017611261122976,0.39016072648993827
3754.725,31.32946984,30.949429629291792,31.950543598662748,31.0143950953317,0.38004021070820926
3755.207,31.34933513,30.946306041018914,31.943963223894208,31.0111778225784,0.4030290889810857
3755.689,31.3335221,30.943186169612442,31.93735921075794,31.00795961196665,0.39033593038755754
3756.171,31.31807094,30.94007017564058,31.930731904336255,31.00474063248566,0.37800076435941676
3756.653,31.30188282,30.93695821931076,31.92408165069843,31.001521053001948,0.36492460068923904
3757.135,31.2941108,30.933850460461233,31.917408796882857,30.998301042250688,0.36026033953876535
3757.617,31.25831586,30.930747058553404,31.91071369087932,30.995080768827332,0.3275688014465956
3758.1,31.2592961,30.927641748244287,31.903982723381315,30.991853719937165,0.3316543517557129
3758.582,31.24039029,30.924547546918895,31.897244116334598,30.98863342668275,0.31584274308110594
3759.064,31.23587368,30.921458178904878,31.89048430732674,30.985413375967497,0.31441550109512306
3759.546,31.23594832,30.918373802074573,31.883703647975448,30.982193735742534,0.3175745179254257
3760.028,31.24493176,30.915294573883305,31.876902490759953,30.97897467377674,0.32963718611669535
3760.51,31.21078213,30.912220651361526,31.87008118900295,30.975756357648425,0.29856147863847227
3760.992,31.23146864,30.90915219110689,31.863240096852547,30.972538954736788,0.3223164488931083
3761.474,31.23596763,30.90608934927645,31.85637956926409,30.969322632213576,0.32987828072355185
3761.957,31.2289086,30.903025945224588,31.84948566935181,30.966100888166487,0.32588265477541256
3762.438,31.24541323,30.8999811432659,31.842601631521802,30.962893895931547,0.34543208673409964
3762.921,31.24215099,30.89692977801801,31.8356705663159,30.959675153094096,0.34522121198198974
3763.403,31.23065241,30.89389097547051,31.82873582504984,30.956464823195102,0.3367614345294925
3763.885,31.22418856,30.890858565567566,31.821783435339967,30.953256406481273,0.33332999443243594
3764.367,31.21451547,30.887832701657473,31.814813756604394,30.950050068702723,0.3266827683425255
3764.849,31.21096021,30.884813536593544,31.807827148940763,30.946845975343482,0.32614667340645553
3765.331,31.25323326,30.88180122272638,31.800823973107953,30.94364429161315,0.3714320372736175
3765.813,31.21065444,30.878795911896276,31.793804590507627,30.94044518243857,0.33185852810372296
3766.295,31.24601907,30.87579775542568,31.78676936316592,30.937248812455625,0.3702213145743194
3766.778,31.2167316,30.87280070672388,31.779704009845332,30.93404872368391,0.34393089327612003
3767.26,31.21348503,30.869817326453695,31.77263815051584,30.93085833132098,0.3436677035463056
3767.742,31.20650864,30.86684155163751,31.76555753684106,30.92767117056793,0.33966708836248927
3768.224,31.20798719,30.863873531449652,31.758462533161627,30.924487404813377,0.3441136585503486
3768.706,31.20631299,30.86091341450906,31.751353504350316,30.921307197113734,0.3453995754909407
3769.188,31.19130846,30.857961348871797,31.74423081579352,30.918130710185007,0.3333471111282016
3769.67,31.18986161,30.855017482023744,31.73709483337274,30.914958106394756,0.3348441279762575
3770.152,31.189855,30.85208196087314,31.72994592344597,30.911789547753706,0.3377730391268621
3770.635,31.18615121,30.8491488679975,31.72276958220431,30.908618635347413,0.33700234200249923
3771.117,31.16714165,30.846230494691603,31.715595893237555,30.905458660799614,0.32091115530839787
3771.599,31.13609723,30.843320904570156,31.708410379275808,30.902303215545583,0.2927763254298448
3772.081,31.1584406,30.840420242157066,31.70121340839838,30.899152460087503,0.3180203578429328
3772.563,31.15274666,30.837528651362494,31.69400534906818,30.89600655453048,0.3152180086375047
3773.045,31.14206493,30.834646275475624,31.686786570113153,30.892865658574472,0.3074186545243762
3773.527,31.15299501,30.831773257157632,31.67955744070755,30.889729931506356,0.3212217528423693
3774.009,31.13372129,30.828909738434486,31.672318330353335,30.886599532191884,0.3048115515655141
3774.491,31.13501593,30.826055860690122,31.665069608861593,30.88347461906772,0.3089600693098795
3774.974,31.15471148,30.823205874310403,31.657796578971134,30.88034888459788,0.3315056056895962
3775.456,31.1435194,30.820371720801425,31.650529727761953,30.87723542960913,0.32314767919857346
3775.938,31.14869486,30.817547628788702,31.643254377285636,30.87412793379301,0.33114723121129686
3776.42,31.15492028,30.814733737016585,31.63597089840359,30.871026553790163,0.3401865429834139
3776.902,31.16829399,30.811930183552597,31.62867966219292,30.86793144577275,0.3563638064474013
3777.384,31.16470748,30.809137105780763,31.621381039927858,30.864842765436794,0.3555703742192371
3777.866,31.17506234,30.80635464039476,31.614075403061147,30.86176066799426,0.36870769960524186
3778.348,31.18035319,30.803582923391268,31.606763123205248,30.858685308165498,0.3767702666087338
3778.831,31.17912218,30.800816373600213,31.599429382136837,30.85561048132585,0.37830580639978706
3779.313,31.1827879,30.798066581528886,31.592104919833165,30.852549073656643,0.3847213184711151
3779.795,31.1706805,30.795327941858126,31.584774930921707,30.849494865051962,0.3753525581418735
3780.277,31.16161973,30.792600587728444,31.577439787467636,30.84644800818721,0.36901914227155785
3780.759,31.1482219,30.78988465155039,31.570099861602642,30.843408655207778,0.3583372484496081
3781.241,31.14035255,30.78718026499796,31.56275552550623,30.840376957721475,0.3531722850020387
3781.723,31.1406148,30.784487559002184,31.555407151387076,30.83735306679099,0.356127240997818
3782.205,31.15926823,30.781806663744746,31.548055111464446,30.83433713292632,0.37746156625525273
3782.688,31.14682944,30.77913218390164,31.54068451475603,30.831323074303672,0.36769725609836
3783.17,31.15163909,30.776475322809283,31.533326254159256,30.828323521137158,0.37516376719071687
3783.652,31.12492041,30.77383065870571,31.52596544506615,30.82533237348426,0.35108975129429254
3784.134,31.12381466,30.771198318710677,31.51860245955198,30.82234977956874,0.3526163412893233
3784.616,31.10758219,30.768578429163302,31.511237669609603,30.81937588702467,0.3390037608366967
3785.098,31.09146615,30.76597111561595,31.503871447130916,30.816410842889137,0.3254950343840477
3785.58,31.08218604,30.763376502828237,31.49650416388821,30.813454793594854,0.31880953717176297
3786.062,31.06286512,30.760794714760845,31.489136191515705,30.810507884963013,0.3020704052391565
3786.544,31.05162671,30.75822587456972,31.48176790149101,30.807570262196002,0.2934008354302797
3787.027,31.05785367,30.755664815843613,31.474384378632443,30.8046360046854,0.3021888541563875
3787.509,31.05394021,30.753122265118456,31.46701656828425,30.80171740675751,0.300817944881544
3787.991,31.05094607,30.750593027098905,31.459649554361526,30.798808526814206,0.30035304290109366
3788.473,31.03716096,30.74807722166106,31.452283707530157,30.795909507510068,0.28908373833894174
3788.955,31.04462018,30.745574967846967,31.444919398207198,30.793020490845397,0.2990452121530325
3789.437,31.03736194,30.74308638385902,31.43755699654227,30.79014161815928,0.2942755561409811
3789.919,31.03617773,30.74061158705424,31.430196872399343,30.787273030122446,0.2955661429457592
3790.401,31.0271177,30.738150693938717,31.422839395338283,30.784414866730515,0.28896700606128434
3790.884,31.03211906,30.735698758313305,31.41546967977069,30.781561370491932,0.29642030168669464
3791.365,31.04241027,30.733271080511955,31.40813385907103,30.77873037044685,0.30913918948804664
3791.848,31.04512826,30.730847586180584,31.40077129805077,30.775898462285422,0.3142806738194146
3792.33,31.04223899,30.72844348558321,31.3934281071279,30.77308340660383,0.3137955044167917
3792.812,31.0591335,30.726053858481215,31.386089406647315,30.770279465460987,0.3330796415187862
3793.294,31.07157621,30.7236788161586,31.378755563959675,30.767486774657037,0.34789739384140006
3793.776,31.08083146,30.721318469010832,31.37142694598373,30.764705469269597,0.3595129909891668
3794.258,31.09530705,30.718972926539433,31.364103919188363,30.761935683647266,0.37633412346056616
3794.74,31.11964223,30.716642297346944,31.356786849574263,30.759177551402928,0.40299993265305645
3795.222,31.11469209,30.71432668913198,31.349476102656013,30.756431205407402,0.40036540086801864
3795.705,31.12708238,30.712021451701776,31.342156896999057,30.75369111717689,0.4150609282982245
3796.187,31.12947289,30.70973623661053,31.334859904991244,30.75096876442592,0.4197366533894673
3796.669,31.13304525,30.707466360334898,31.32757032988052,30.748258592289016,0.4255788896651005
3797.151,31.14505237,30.70521192690561,31.320288535055724,30.745560730602477,0.43984044309438985
3797.633,31.12251104,30.702973039424716,31.31301488332961,30.74287530842862,0.4195380005752831
3798.115,31.13991347,30.700749800060933,31.305749736921165,30.74020245404948,0.43916366993906664
3798.597,31.12251217,30.698542310044925,31.298493457437555,30.737542294960527,0.42396985995507563
3799.079,31.1320021,30.696350669664586,31.29124640585663,30.734894957864572,0.4356514303354153
3799.562,31.13056746,30.694170481025257,31.283993937241323,30.732255116674118,0.43639697897474505
3800.044,31.13628552,30.692010870381196,31.27676644280462,30.729633827723323,0.44427464961880503
3800.526,31.11074894,30.689867404735825,31.269549255993944,30.7270257363141,0.4208815352641757
3801.008,31.12820481,30.68774018055892,31.262342735090705,30.724430965916227,0.440464629441081
3801.49,31.1038814,30.685629293355216,31.255147237658573,30.721849639176735,0.41825210664478263
3801.972,31.04135851,30.68353483765997,31.247963120525917,30.71928187791399,0.35782367234002876
3802.454,31.05967363,30.6814569070349,31.240790739768283,30.71672780311188,0.37821672296509945
3802.936,31.03470453,30.679395594063852,31.23363045069107,30.71418753491403,0.3553089359361472
3803.418,31.00413596,30.677350990348767,31.226482607812013,30.711661192618084,0.32678496965123216
3803.901,31.01433629,30.675318996969423,31.21933277540059,30.70914369711441,0.33901729303057593
3804.383,30.99565386,30.67330811775694,31.212210912888235,30.70664559060615,0.322345742243062
3804.865,30.97834791,30.671314216857013,31.205102555958014,30.704161763001473,0.3070336931429871
3805.347,30.99243359,30.669337381901634,31.198008055802582,30.701692330156014,0.3230962080983666
3805.829,30.98472407,30.66737769952112,31.190927762740774,30.699237407051363,0.31734637047888015
3806.311,31.00043004,30.665435255340224,31.18386202620044,30.69679710778992,0.33499478465977717
3806.793,30.94498409,30.663510133974544,31.17681119470156,30.694371545589224,0.28147395602545444
3807.275,30.94532376,30.661602419026885,31.16977561583914,30.69196083277691,0.2837213409731163
3807.758,30.98172379,30.659708289689465,31.16274108844871,30.68956012597396,0.3220155003105347
3808.24,30.96142789,30.65783567085427,31.155737087299435,30.687179476717233,0.303592219145731
3808.722,30.97304013,30.655980703298617,31.148749376567203,30.68481400866533,0.317059426701384
3809.204,30.96987756,30.654143466536386,31.14177829997656,30.682463830531585,0.3157340934636146
3809.686,30.98589433,30.652324039051173,31.134824200242956,30.680129050113397,0.3335702909488276
3810.168,30.96407746,30.650522498293164,31.127887419056187,30.67780977428721,0.31355496170683494
3810.65,30.97572545,30.648738920675708,31.120968297063868,30.6755061090037,0.32698652932429084
3811.132,30.9821573,30.64697338157231,31.114067173854746,30.6732181592827,0.3351839184276919
3811.615,30.96484336,30.64522234882693,31.107170127599417,30.670941331761895,0.3196210111730693
3812.097,30.9582002,30.643493146502855,31.100306055500027,30.668685157619734,0.3147070534971448
3812.579,30.94152001,30.64178220269175,31.093460995129938,30.666445008677986,0.29973780730825084
3813.061,30.95681725,30.640089588574785,31.086635281676568,30.6642209861836,0.31672766142521525
3813.543,30.96725346,30.63841537427829,31.079829249186822,30.662013190429,0.3288380857217099
3814.025,30.93797663,30.63675962887102,31.073043230551047,30.659821720747686,0.30121700112898253
3814.507,30.9506191,30.63512242036134,31.066277557486895,30.657646675509554,0.31549667963865957
3814.989,30.94947,30.633503815694574,31.05953256052329,30.655488152116572,0.31596618430542733
3815.471,30.95840829,30.63190388075043,31.052808568984506,30.653346246998222,0.3265044092495728
3815.954,30.94748082,30.630319419360546,31.04609202744799,30.65121666393615,0.31716140063945275
3816.436,30.94406065,30.62875705629168,31.039411075111456,30.64910831571386,0.3153035937083217
3816.918,30.96748658,30.627213554294535,31.032752109460677,30.647016869370326,0.34027302570546425
3817.4,30.94399627,30.62568897495928,31.026115454840696,30.64494241740063,0.318307295040718
3817.882,30.95130868,30.624183378798335,31.019501434313195,30.64288505130634,0.32712530120166505
3818.364,30.9580245,30.622696825244162,31.012910369641016,30.64084486159141,0.33532767475583825
3818.846,30.96212493,30.621229372647196,31.006342581272648,30.63882193775827,0.3408955573528054
3819.328,30.94978328,30.619781078273594,30.999798388326887,30.636816368303798,0.3300022017264048
3819.811,30.93344451,30.618349053418825,30.993264606103647,30.634824134160446,0.3150954565811759
3820.292,30.96968737,30.616942187828094,30.98678205843825,30.63285764146783,0.35274518217190476
3820.775,30.92648169,30.615548836145468,30.98029715231908,30.63090062254918,0.3109328538545313
3821.257,30.92724783,30.61417776582767,30.973850557022168,30.62896537213931,0.3130700641723294
3821.739,30.934928,30.61282612383869,30.967429132909782,30.627047903548494,0.3221018761613088
3822.221,30.94982775,30.611493960896812,30.961033190800865,30.625148299159182,0.33833378910318856
3822.703,30.95181691,30.610181326623202,30.95466304007908,30.623266640322395,0.34163558337679945
3823.185,30.9640695,30.6088882695405,30.948318988678068,30.621403007354367,0.35518123045950034
3823.667,30.98754821,30.60761483707103,30.942001343066796,30.619557479533107,0.37993337292897067
3824.149,30.9618487,30.606361075535588,30.935710408234893,30.617730135095112,0.35548762446441273
3824.632,30.94839388,30.605124490417495,30.929433520283364,30.615917316980784,0.3432693895825061
3825.114,30.96198174,30.603910246340558,30.92319697297492,30.614126607957505,0.35807149365944113
3825.596,30.94819244,30.60271580562478,30.91698804301585,30.612354310899804,0.34547663437522047
3826.078,30.95796358,30.601541210168957,30.91080702933091,30.61060049984364,0.35642236983104425
3826.56,30.92367785,30.60038650076395,30.904654229293754,30.608865247767696,0.32329134923605096
3827.042,30.93102308,30.5992517170917,30.89852993871277,30.607148626590373,0.3317713629082988
3827.524,30.90638178,30.598136897724178,30.89243445181708,30.605450707166945,0.30824488227582236
3828.006,30.90025303,30.597042080122467,30.886368061242646,30.603771559286734,0.3032109498775313
3828.489,30.91605889,30.595965091657156,30.880318563864442,30.602107826680115,0.32009379834284246
3828.971,30.89128912,30.59491042720439,30.87431129926802,30.600466466274042,0.29637869279561
3829.453,30.89535074,30.59387587029679,30.8683339997987,30.598844080492803,0.3014748697032097
3829.935,30.90581486,30.592861453941595,30.862386951578515,30.597240734832376,0.31295340605840494
3830.417,30.898141,30.591867210031527,30.856470439067913,30.59565649370966,0.306273789968472
3830.899,30.9216609,30.590893169344227,30.850584745052323,30.594091420459804,0.33076773065577214
3831.381,30.89209658,30.58993936154181,30.84473015062889,30.59254557733396,0.3021572184581913
3831.863,30.92388372,30.589005815170374,30.838906935193126,30.591019025496834,0.3348779048296251
3832.345,30.89824991,30.58809255765974,30.833115376425898,30.58951182502457,0.3101573523402621
3832.828,30.91837781,30.58719778388095,30.827343834232853,30.588020968418224,0.33118002611904984
3833.31,30.92219019,30.586325224140253,30.82161648202433,30.586552686988366,0.335864965859745
3833.792,30.92903633,30.585473028898406,30.815921609672163,30.585103930714833,0.34356330110159305
3834.274,30.90500659,30.58464122111556,30.810259487865256,30.583674755295473,0.32036536888443834
3834.756,30.92197265,30.583829822634943,30.804630385513466,30.582265215329233,0.33814282736505774
3835.238,30.89973636,30.58303885418269,30.799034569735092,30.580875364314135,0.3166975058173094
3835.72,30.90149912,30.58226833536819,30.79347230584439,30.579505254645532,0.31923078463180943
3836.202,30.90465966,30.581518284684016,30.787943857339123,30.57815493761435,0.3231413753159842
3836.685,30.92172146,30.580787227191834,30.782438122381013,30.57682172374623,0.34093423280816637
3837.167,30.90980374,30.580078206331834,30.776978159320063,30.575511182756344,0.32972553366816726
3837.649,30.91321883,30.579389702413074,30.77155279165019,30.574220581731897,0.3338291275869274
3838.131,30.90996263,30.578721729462295,30.766162275477654,30.5729499675277,0.33124090053770416
3838.613,30.9187026,30.57807430039138,30.760806865031807,30.571699385886244,0.3406282996086212
3839.095,30.90546178,30.577447426997992,30.755486812653306,30.57046888143652,0.32801435300200765
3839.577,30.89337929,30.576841119966236,30.750202368782368,30.569258497692736,0.3165381700337626
3840.059,30.88569491,30.576255388867192,30.744953781947274,30.568068277052994,0.30943952113280915
3840.542,30.89056893,30.575689091059086,30.739730522171975,30.566895854408987,0.3148798389409144
3841.024,30.87243575,30.57514457881959,30.73455446295242,30.565746124743768,0.2972911711804116
3841.506,30.87672268,30.574620664568595,30.729414995268677,30.564616678749122,0.30210201543140514
3841.988,30.86879984,30.57411735343159,30.724312359883076,30.5635075543457,0.2946824865684121
3842.47,30.85562515,30.5736346494256,30.719246795589505,30.56241878833284,0.2819905005744019
3842.952,30.8279293,30.5731725554603,30.71421853920245,30.561350416388024,0.25475674453970143
3843.434,30.8527073,30.57273107333906,30.709227825546098,30.560302473065736,0.27997622666093847
3843.916,30.81333696,30.572310203760345,30.70427488744357,30.559274991797118,0.24102675623965553
3844.398,30.81750358,30.57190994631876,30.699359955706246,30.5582680048891,0.2455936336812421
3844.881,30.83266901,30.57152953328064,30.694473181398507,30.55727951828085,0.2611394767193609
3845.363,30.79759218,30.57117053724082,30.6896350267571,30.55631365519252,0.22642164275917764
3845.845,30.83433024,30.570832145504376,30.684835559203854,30.55536837669431,0.263498094495624
3846.327,30.82395589,30.570514353262713,30.680075001394524,30.554443710589307,0.253441536737288
3846.809,30.82729663,30.570217154610678,30.675353573921413,30.5535396835542,0.25707947538932174
3847.291,30.84108233,30.56994054254842,30.67067149530335,30.55265632113922,0.2711417874515796
3847.773,30.81577985,30.569684508982874,30.66602898197575,30.55179364776769,0.24609534101712427
3848.255,30.81758913,30.569449044729744,30.66142624828085,30.550951686736234,0.24814008527025777
3848.738,30.81120747,30.56923371501716,30.656854081906236,30.550128777993315,0.24197375498284046
3849.219,30.7991156,30.569039781977928,30.652340966634192,30.54932998924538,0.23007581802207255
3849.702,30.77944039,30.568865620380695,30.64784957993898,30.54854869772854,0.21057476961930632
3850.184,30.77487601,30.56871236233442,30.643408150474446,30.54778983964626,0.20616364766557993
3850.666,30.77464781,30.568579611343967,30.63900754104101,30.547051793520385,0.20606819865603399
3851.148,30.76573409,30.568467351715572,30.634647953217613,30.546334575885368,0.19726673828442642
3851.63,30.75158127,30.568375566678185,30.630329586424445,30.545638202149924,0.18320570332181418
3852.112,30.74951622,30.568304238385807,30.62605263791403,30.544962686597398,0.18121198161419372
3852.594,30.73585897,30.568253347919853,30.621817302762448,30.544308042386163,0.16760562208014562
3853.076,30.70554998,30.56822287529151,30.61762377386063,30.54367428155033,0.13732710470848986
3853.559,30.71817123,30.568212799727075,30.61346367255574,30.543060165219316,0.14995843027292466
3854.041,30.69182415,30.568223140786056,30.609354413758904,30.5424682461209,0.12360100921394235
3854.523,30.73020107,30.568253833270152,30.60528752707266,30.541897239777064,0.1619472367298478
3855.005,30.75150637,30.568304852932428,30.601263196558147,30.541347153728832,0.18320151706757315
3855.487,30.74349053,30.56837617446838,30.59728160404953,30.540817994396505,0.17511435553161903
3855.969,30.77687124,30.568467771518886,30.59334292914608,30.54030976708071,0.20840346848111224
3856.451,30.77494611,30.56857961667289,30.589447349204296,30.539822475963202,0.20636649332710988
3856.933,30.78854669,30.568711681470234,30.585595039330112,30.539356124108114,0.2198350085297669
3857.416,30.79423264,30.568864273252796,30.581778315435066,30.538909811143547,0.22536836674720462
3857.898,30.79611718,30.569036729567163,30.578013152633545,30.5384853859888,0.22708045043283676
3858.38,30.81109791,30.569229313812826,30.574291771984814,30.53808190259236,0.2418685961871745
3858.862,30.80288081,30.56944199336088,30.570614339512396,30.53769935955708,0.23343881663912214
3859.344,30.80051056,30.569674734548464,30.566981018952145,30.537337754374338,0.23083582545153547
3859.826,30.80336653,30.569927502682045,30.563391971745133,30.536997083425472,0.23343902731795652
3860.308,30.83163987,30.570200262040455,30.55984735703074,30.53667734198334,0.26143960795954513
3860.79,30.82401412,30.570492975878444,30.556347331639802,30.536378524213806,0.2535211441215566
3861.272,30.83641614,30.57080560642982,30.552892050087895,30.53610062317739,0.2656105335701824
3861.755,30.8139751,30.571138825398258,30.54947463585379,30.535843119380257,0.24283627460174273
3862.237,30.81920817,30.571491213127658,30.546109389843245,30.535607069928737,0.24771695687234185
3862.719,30.84053044,30.571863398095683,30.542789337565278,30.535391909754807,0.26866704190431534
3863.201,30.82034869,30.57225533848543,30.539514624204838,30.53519762751287,0.24809335151456935
3863.683,30.79966125,30.572666991476815,30.53628539259987,30.53502421076119,0.22699425852318456
3864.165,30.80671232,30.573098313250195,30.533101783235246,30.53487164596366,0.2336140067498036
3864.647,30.82381216,30.573549258990102,30.529963934236918,30.534739918491972,0.2502629010098971
3865.129,30.78653189,30.574019782889152,30.526871981366224,30.5346290126278,0.21251210711084667
3865.612,30.80363791,30.574510875133768,30.52381978660995,30.534538746247517,0.22912703486623087
3866.094,30.78686674,30.575020454352188,30.520820119695028,30.534469475200936,0.2118462856478125
3866.576,30.78410564,30.57554946829205,30.517866742212345,30.534420972047922,0.2085561717079507
3867.058,30.78239791,30.576097867214973,30.514959780404507,30.534393216729953,0.20630004278502767
3867.54,30.76646538,30.576665600410227,30.512099358122462,30.53438618810998,0.189799779589773
3868.022,30.79994364,30.577252616199022,30.509285596820522,30.534399863974823,0.2226910238009765
3868.504,30.77485132,30.577858861938555,30.506518615551485,30.53443422103785,0.1969924580614446
3868.986,30.80044573,30.5784842840263,30.503798530961763,30.53448923494141,0.22196144597370093
3869.469,30.78790445,30.579130184970822,30.501119960436515,30.534565058628225,0.2087742650291773
3869.951,30.8012039,30.579793834627747,30.49849410737589,30.534661351590206,0.22141006537225394
3870.433,30.80299997,30.58047649399121,30.495915486674477,30.534778221862954,0.22252347600878863
3870.915,30.77077421,30.581178105660637,30.49338420530303,30.534915640830103,0.18959610433936191
3871.397,30.78256666,30.581898611297518,30.49090036780395,30.535073578818302,0.20066804870248234
3871.879,30.76155134,30.582637951629724,30.488464076287165,30.535252005100137,0.17891338837027604
3872.361,30.78169996,30.583396066456288,30.48607543042631,30.535450887897053,0.19830389354371292
3872.843,30.76490418,30.584172894651836,30.483734527454835,30.53567019438257,0.18073128534816263
3873.325,30.72300635,30.584968374171243,30.481441462162426,30.535909890685303,0.13803797582875532
3873.808,30.73946163,30.585784150270307,30.47919171882027,30.536170502551602,0.15367747972969426
3874.29,30.72230222,30.586616781012378,30.47699470318027,30.536450914828524,0.13568543898762186
3874.772,30.72667938,30.58746787133654,30.47484579506952,30.536751608993608,0.1392115086634611
3875.254,30.74258077,30.588337355564335,30.472745079463127,30.537072547026202,0.15424341443566547
3875.736,30.75740396,30.589225167121484,30.470692638875953,30.53741368987734,0.16817879287851767
3876.218,30.75356401,30.59013123854282,30.468688553359613,30.53777499747304,0.16343277145718105
3876.7,30.76677098,30.59105550147724,30.46673290049969,30.53815642871804,0.17571547852276126
3877.182,30.75954034,30.591997886692713,30.464825755413106,30.53855794149908,0.1675424533072878
3877.665,30.74743258,30.59296033540615,30.46296338535053,30.53898038807576,0.15447224459385112
3878.146,30.76571599,30.593936742664482,30.461157276668967,30.539421038149253,0.1717792473355182
3878.629,30.76956291,30.594935156234563,30.45939247763445,30.539883510898584,0.1746277537654386
3879.111,30.77308741,30.59594935774246,30.457680166626563,30.54036494970717,0.17713805225753987
3879.593,30.79466234,30.596981322182053,30.456016701988915,30.540866244248264,0.19768101781794556
3880.075,30.78591222,30.598030975141572,30.454402143971976,30.54138734637765,0.18788124485842772
3880.557,30.80570679,30.599098241364423,30.452836550342276,30.541928206959746,0.20660854863557532
3881.039,30.80187412,30.600183044754775,30.451319976380766,30.54248877587163,0.20169107524522545
3881.521,30.80091658,30.601285308382774,30.44985247488127,30.543069002007208,0.19963127161722483
3882.003,30.81257116,30.602404954489998,30.448434096149025,30.543668833281046,0.21016620551000287
3882.486,30.80869535,30.603544281244837,30.44706209846315,30.544289521947583,0.2051510687551641
3882.968,30.79330961,30.60469849140092,30.445742208373655,30.544928443741732,0.18861111859908064
3883.45,30.80263693,30.60586984567734,30.444471577109724,30.545586808469835,0.19676708432265855
3883.932,30.77326063,30.60705826305486,30.44325024500549,30.546264560169874,0.16620236694513935
3884.414,30.74959107,30.608263661713362,30.442078249901233,30.546961641922,0.1413274082866387
3884.896,30.76891814,30.60948595903759,30.440955627142813,30.547677995852816,0.15943218096241196
3885.378,30.72490975,30.61072507162273,30.439882409581017,30.548413563139903,0.11418467837726709
3885.86,30.75332834,30.61198091528022,30.438858627571236,30.549168284016325,0.141347424719779
3886.343,30.74869739,30.61325606230792,30.43788233900029,30.549943723002208,0.13544132769208161
3886.825,30.73665665,30.61454514670601,30.43695761187595,30.550736607420184,0.1221115032939899
3887.307,30.74142891,30.615850704785593,30.436082396439605,30.551548460374313,0.12557820521440632
3887.789,30.73931644,30.617172649279254,30.435256713057925,30.552379218363487,0.12214379072074522
3888.271,30.74713301,30.61851089216516,30.43448057960198,30.553228816965394,0.12862211783484057
3888.753,30.7550036,30.6198653446727,30.43375401144743,30.554097190841077,0.1351382553272984
3889.235,30.74561628,30.62123591728851,30.433077021475043,30.554984273739915,0.12438036271149144
3889.717,30.76166226,30.622622519762604,30.4324496200713,30.555889998504544,0.13903974023739707
3890.199,30.74660661,30.624025061114263,30.431871815129075,30.556814297075608,0.12258154888573713
3890.682,30.76008148,30.625446408762027,30.431342567754793,30.557759075707978,0.13463507123797314
3891.164,30.72346224,30.62688058462397,30.430864072359633,30.558720352304913,0.09658165537603125
3891.646,30.7361625,30.628330421904124,30.43043518214999,30.55969999302117,0.1078320780958748
3892.128,30.73403136,30.629795826758578,30.430055895048575,30.560697926238095,0.10423553324142176
3892.61,30.72996735,30.631276704643355,30.429726206489853,30.56171407946044,0.09869064535664407
3893.092,30.7357477,30.63277296032073,30.42944610942154,30.56274837932154,0.10297473967927218
3893.574,30.71834634,30.634284497865355,30.42921559430607,30.5638007515885,0.08406184213464485
3894.056,30.73493448,30.635811220670654,30.42903464912241,30.56487112116751,0.09912325932934607
3894.539,30.74559934,30.637356245848604,30.42890303827625,30.56596168855021,0.1082430941513941
3895.021,30.72960015,30.63891307765908,30.42882128972555,30.567067860996197,0.09068707234091988
3895.503,30.7327566,30.64048480068055,30.42878906011812,30.56819180019849,0.09227179931944818
3895.985,30.74686892,30.64207131564321,30.42880632751306,30.56933342767136,0.10479760435678998
3896.467,30.72269987,30.643672522627774,30.42887306749624,30.570492664094967,0.07902734737222517
3896.949,30.77151321,30.64528832107194,30.428989253182802,30.571669429321158,0.12622488892805706
3897.431,30.77277135,30.646918609776858,30.429154855219647,30.572863642378827,0.12585274022314152
3897.913,30.74573987,30.6485632869135,30.429369841788144,30.574075221479557,0.09717658308650101
3898.396,30.76002236,30.650225706640413,30.429634778297917,30.575306651438936,0.10979665335958799
3898.878,30.76809312,30.651898881983534,30.429948530896088,30.57655274961693,0.11619423801646533
3899.36,30.76340349,30.653586136340607,30.43031155772152,30.57781596344978,0.10981735365939471
3899.842,30.76464644,30.65528736542645,30.430723817117563,30.579096207934807,0.10935907457355043
3900.324,30.7614477,30.657002464358722,30.431185264977273,30.580393397280616,0.10444523564127906
3900.806,30.77710662,30.658731327664384,30.43169585474676,30.581707444912777,0.11837529233561739
3901.288,30.78073303,30.660473849286515,30.432255537428798,30.583038263479732,0.12025918071348585
3901.77,30.75425385,30.66222992259079,30.43286426158637,30.584385764858705,0.09202392740921184
3902.252,30.77331244,30.663999440372358,30.433521973346586,30.585749860161577,0.10931299962764385
3902.735,30.77303936,30.665786007519177,30.43423013329245,30.587133341148906,0.10725335248082146
3903.217,30.75953227,30.667582117723832,30.43498575024746,30.58853038856295,0.0919501522761692
3903.699,30.76276685,30.66939134720849,30.43579017848065,30.58994375851441,0.09337550279150975
3904.181,30.7475918,30.671213586552145,30.436643354410286,30.591373359112215,0.07637821344785323
3904.663,30.72728026,30.67304872579704,30.437545212039403,30.592819097730043,0.0542315342029589
3905.145,30.72011556,30.674896654455406,30.43849568296016,30.594280881012523,0.04521890554459418
3905.627,30.73483942,30.676757261516293,30.439494696358533,30.595758614881262,0.05808215848370679
3906.109,30.71000811,30.67863043545251,30.440542179018973,30.597252204541135,0.031377674547488965
3906.592,30.72996064,30.68051998918903,30.44164037918297,30.59876470223404,0.04944065081097193
3907.073,30.70027477,30.68241403530161,30.44278224728572,30.600286568507236,0.017860734698391667
3907.556,30.71930988,30.684328211345218,30.443977198496427,30.601830362036353,0.03498166865478325
3908.038,30.70938678,30.686250552442882,30.445217878005742,30.603386444784633,0.023136227557117195
3908.52,30.69966517,30.688184895038905,30.446506624671567,30.604957898610643,0.011480274961094494
3909.002,30.71592595,30.69013112465196,30.447843350970288,30.606544624548583,0.025794825348040007
3909.484,30.71265825,30.69208912633278,30.44922796701314,30.608146522960176,0.020569123667218747
3909.966,30.68859314,30.6940587846712,30.450660380551916,30.609763493540722,-0.00546564467120092
3910.448,30.72254446,30.696039983803043,30.452140496984704,30.611395435325786,0.026504476196958393
3910.93,30.74884317,30.698032607417215,30.45366821936173,30.613042246697567,0.050810562582785934
3911.413,30.72175446,30.700040707969684,30.45524676581443,30.614707287929424,0.021713752030315447
3911.895,30.70138682,30.702055852957162,30.45686949811313,30.61638356135701,-0.0006690329571625853
3912.377,30.71712226,30.70408207063752,30.458539531262538,30.61807439544738,0.013040189362481414
3912.859,30.71623478,30.706119242981128,30.46025675897805,30.619779686033223,0.0101155370188728
3913.341,30.73306831,30.70816725154656,30.46202107265845,30.621499328326582,0.02490105845344104
3913.823,30.74364443,30.710225977487617,30.46383236139241,30.623233216925513,0.0334184525123824
3914.305,30.72674712,30.712295301560488,30.46569051196521,30.624981245820642,0.014451818439511044
3914.787,30.73331252,30.714375104130745,30.46759540886562,30.62674330840199,0.018937415869253016
3915.27,30.73391927,30.7164696122983,30.46955103148786,30.628522996491874,0.01744965770170026
3915.752,30.73447718,30.71857003254858,30.471549161722034,30.630312832803074,0.015907147451418524
3916.234,30.74672842,30.72068056986943,30.473593677783843,30.632116379207563,0.026047850130570538
3916.716,30.73303139,30.722801103134373,30.475684455041186,30.63393352675836,0.010230286865628102
3917.198,30.75059239,30.724931510861794,30.477821366601013,30.6357641659414,0.025660879138207804
3917.68,30.75882728,30.72707167122217,30.48000428331682,30.63760818668233,0.03175560877782857
3918.162,30.77026713,30.729221462045228,30.482233073796223,30.63946547835336,0.041045667954772824
3918.644,30.76397075,30.731380760827015,30.484507604408645,30.641335929780062,0.03258998917298328
3919.126,30.73764354,30.733549444737047,30.48682773929307,30.643219429248187,0.004094095262953346
3919.609,30.74008096,30.735731918727648,30.48919829541699,30.645119812392178,0.004349041272352139
3920.091,30.74820351,30.737919021963474,30.49160931627001,30.64702909716188,0.010284488036525374
3920.573,30.75310243,30.74011513969148,30.494065520211034,30.64895109142477,0.012987290308519306
3921.055,30.75351788,30.742320147846005,30.49656676253286,30.65088568137523,0.011197732153995332
3921.537,30.76914961,30.744533922070666,30.499112896338396,30.652832752702356,0.024615687929333774
3922.019,30.75777635,30.746756337725596,30.501703772549195,30.654792190596943,0.011020012274403967
3922.501,30.77672213,30.748987269894368,30.504339239913858,30.656763879758387,0.027734860105631753
3922.983,30.76247774,30.751226593391433,30.50701914501677,30.658747704401716,0.011251146608568519
3923.466,30.74503264,30.753478854322854,30.50974903004974,30.660747701432513,-0.008446214322852086
3923.948,30.77832273,30.755734600636124,30.51251743314817,30.662755472354405,0.022588129363874998
3924.43,30.77556724,30.757998360915643,30.515329800506585,30.664775028323316,0.017568879084358002
3924.912,30.8033199,30.760270008969997,30.51818597013641,30.66680625168584,0.04304989103000523
3925.394,30.80417013,30.76254941837446,30.5210857779296,30.66884902433935,0.04162071162554071
3925.876,30.7829745,30.76483646247803,30.524029057667903,30.67090322773893,0.01813803752197174
3926.358,30.78445426,30.767131014410687,30.52701564103218,30.672968742904573,0.01732324558931353
3926.84,30.80241259,30.769432947090493,30.530045357611904,30.675045450428247,0.03297964290950617
3927.323,30.80268445,30.771746931524916,30.533124454300662,30.677137573401275,0.030937518475084858
3927.805,30.78377659,30.774063258292884,30.536240006347025,30.67923632833726,0.009713331707114747
3928.287,30.78036525,30.776386583097292,30.53939816755632,30.68134591465895,0.003978666902707317
3928.769,30.80013203,30.778716778079815,30.54259875924473,30.683466211316222,0.02141525192018534
3929.251,30.80909844,30.781053715205942,30.54584160068584,30.685597096866488,0.028044724794057174
3929.733,30.80374104,30.783397266272324,30.549126509120754,30.68773844948187,0.020343773727674375
3930.215,30.78955299,30.78574730291359,30.552453299768068,30.689890146956216,0.0038056870864089376
3930.697,30.77723047,30.788103696609838,30.555821785834333,30.692052066712353,-0.010873226609838582
3931.179,30.79439894,30.790466318693458,30.55923177852426,30.69422408580928,0.003932621306542927
3931.662,30.78223489,30.79283996096783,30.562690290256658,30.69641061819447,-0.010605070967827146
3932.144,30.79252219,30.79521466552191,30.56618280696899,30.698602486042123,-0.0026924755219113194
3932.626,30.78994672,30.79759521137853,30.569716251607154,30.700804082038378,-0.007648491378528632
3933.108,30.79335091,30.799981469350634,30.573290427469924,30.703015281857695,-0.006630559350632836
3933.59,30.78808592,30.802373310139213,30.576905135907428,30.70523596084672,-0.014287390139212874
3934.072,30.78699825,30.804770604340327,30.580560176332078,30.707465994031235,-0.017772354340326757
3934.554,30.80084214,30.807173222452093,30.58425534622953,30.70970525612354,-0.0063310824520925735
3935.036,30.78403273,30.809581034881866,30.58799044116979,30.711953621529513,-0.025548304881866102
3935.519,30.76992222,30.811998923096954,30.5917731275253,30.714215656884274,-0.04207670309695288
3936.0,30.78245793,30.814411723913107,30.595579578947657,30.716477158417533,-0.031953793913107376
3936.483,30.79053551,30.81683937201983,30.59944123922553,30.718756805974575,-0.02630386201983015
3936.965,30.76844253,30.819266673790192,30.60333403299182,30.721040340525715,-0.050824143790190845
3937.447,30.79779655,30.8216985205302,30.60726570086503,30.723332345813233,-0.0239019705302006
3937.929,30.78468506,30.82413478225006,30.611236027155357,30.725632694555788,-0.03944972225005827
3938.411,30.77530533,30.826575328918462,30.615244794337485,30.727941259216244,-0.051269998918463955
3938.893,30.7788126,30.82902003046941,30.61929178306242,30.7302579120087,-0.05020743046941334
3939.375,30.7910446,30.8314687568093,30.62337677216933,30.732582524905947,-0.04042415680930134
3939.857,30.80383224,30.833921377823835,30.62749953869756,30.734914969646553,-0.030089137823836154
3940.34,30.81177463,30.836382863443454,30.631668528145337,30.737259980739505,-0.02460823344345542
3940.822,30.79684494,30.83884289082117,30.635866250698655,30.739607719062867,-0.04199795082116964
3941.304,30.80862082,30.841306422205772,30.640101070637733,30.74196290284452,-0.032685602205770437
3941.786,30.82198032,30.843773327469506,30.64437275792031,30.744325402957926,-0.021793007469504744
3942.268,30.84884915,30.846243476498476,30.648681080765343,30.74669509007842,0.002605673501523853
3942.75,30.84030437,30.84871673919963,30.653025805665624,30.749071834690408,-0.008412369199632508
3943.232,30.85656359,30.85119298550753,30.657406697400155,30.751455507094555,0.005370604492469511
3943.714,30.86019182,30.85367208539123,30.6618235190469,30.75384597741503,0.006519734608769312
3944.197,30.88318349,30.856159060613443,30.6662853065088,30.756248095763286,0.027024429386557358
3944.679,30.86009644,30.858643482973907,30.6707733437721,30.758651785046773,0.001452957026092605
3945.161,30.85190043,30.861130368823016,30.6752965895988,30.761061881361027,-0.00922993882301526
3945.643,30.86280943,30.86361958833602,30.679854800387016,30.763478254195597,-0.000810158336022937
3946.125,30.86852924,30.866111011756633,30.684447730898086,30.76590077289942,0.0024182282433677926
3946.607,30.86008671,30.86860450940382,30.689075134269743,30.768329306687964,-0.008517799403819026
3947.089,30.8716967,30.871099951678467,30.693736762029168,30.770763724650386,0.000596748321534335
3947.571,30.86915486,30.87359720907016,30.698432364106388,30.773203895756673,-0.00444234907016039
3948.053,30.86514665,30.87609615216376,30.703161688847466,30.775649688864814,-0.010949502163761338
3948.536,30.8724287,30.8786018409327,30.707934398958567,30.778106063995605,-0.0061731409326988285
3949.018,30.87245073,30.88110377042631,30.71273047644106,30.780562718251478,-0.008653040426310099
3949.5,30.87143312,30.883606997747616,30.71755951172297,30.7830246002095,-0.012173877747617468
3949.982,30.85961319,30.886111393929617,30.722421246946144,30.785491578350676,-0.026498203929616437
3950.464,30.85579361,30.888616830133973,30.72731542273619,30.787963521079533,-0.03282322013397376
3950.946,30.85397299,30.891123177657352,30.732241778216235,30.79044029673125,-0.03715018765735323
3951.428,30.84359929,30.893630307938146,30.737200051020732,30.79292177357869,-0.050031017938145794
3951.91,30.86849909,30.896138092562854,30.74218997730937,30.795407819839568,-0.027639002562853676
3952.393,30.84590889,30.898651607694788,30.747221741888936,30.797903475183755,-0.052742717694787444
3952.875,30.86399397,30.901160317084898,30.752274242084464,30.80039827353492,-0.03716634708489863
3953.357,30.83890273,30.903669296267353,30.757357594976327,30.802897245418137,-0.06476656626735178
3953.839,30.85297126,30.906178417486753,30.762471530962237,30.8054002589006,-0.053207157486752976
3954.321,30.84244735,30.908687553168065,30.767615779035566,30.807907182029467,-0.06624020316806423
3954.803,30.84261643,30.911196575923324,30.77279006679955,30.810417882838838,-0.06858014592332395
3955.285,30.83780112,30.913705358557753,30.777994120481758,30.812932229356708,-0.07590423855775086
3955.767,30.82958025,30.9162137740763,30.783227664948328,30.815450089611993,-0.08663352407630143
3956.25,30.84836379,30.91872689824548,30.78850137248091,30.817976565857826,-0.07036310824548053
3956.732,30.84728133,30.921234197958597,30.793793127486246,30.820501064318105,-0.0739528679585959
3957.214,30.85850032,30.923740750569777,30.799113539270827,30.823028680403542,-0.06524043056977646
3957.696,30.85911862,30.926246429946133,30.80446232739796,30.825559282215952,-0.06712780994613254
3958.178,30.87015119,30.92875111018582,30.809839210142528,30.82809273789271,-0.058599920185820054
3958.66,30.87228269,30.931254665624294,30.815243904505742,30.83062891561352,-0.05897197562429568
3959.142,30.8840256,30.93375697084041,30.82067612623,30.833167683607314,-0.04973137084040857
3959.624,30.88711932,30.93625790066274,30.826135589813724,30.835708910159138,-0.04913858066273846
3960.106,30.89753221,30.938757330175484,30.83162200852622,30.83825246361688,-0.04122512017548274
3960.589,30.90786082,30.941260315116477,30.83714655988042,30.84080349622544,-0.033399495116476885
3961.071,30.88879558,30.943756366558006,30.84268607824219,30.843351312969588,-0.054960786558005736
3961.553,30.91377118,30.946250544281053,30.848251683713055,30.845901061836205,-0.032479364281051915
3962.035,30.93363118,30.948742724454238,30.85384308479407,30.848452611492927,-0.015111544454239123
3962.517,30.89487292,30.951232783532216,30.859459988832732,30.851005830704118,-0.056359863532215115
3962.999,30.91074562,30.953720598261693,30.865102102038207,30.853560588337608,-0.04297497826169305
3963.481,30.90818869,30.956206045687228,30.870769129496583,30.856116753371484,-0.04801735568722876
3963.963,30.92335836,30.958689003157332,30.876460775186228,30.85867419490063,-0.035330643157330144
3964.446,30.91452177,30.961174491474292,30.882188625920513,30.86123809151606,-0.04665272147429178
3964.927,30.92119548,30.963646959179478,30.887916731726598,30.863792384448583,-0.04245147917947634
3965.41,30.90435547,30.966126845293555,30.893692427498404,30.866358184343742,-0.061771375293556474
3965.892,30.90191736,30.96859861640575,30.899479612565468,30.868919426802123,-0.06668125640575084
3966.374,30.91130542,30.971067288816815,30.90528991905395,30.871481292945536,-0.059761868816814
3966.856,30.89659446,30.97353274182172,30.911123044618677,30.874043652709528,-0.07693828182172169
3967.338,30.90270052,30.97599485505985,30.916978685915375,30.876606376192626,-0.07329433505984895
3967.82,30.88904822,30.978453508520815,30.922856538616603,30.879169333662947,-0.08940528852081542
3968.302,30.91014208,30.980908582549887,30.928756297427274,30.881732395564665,-0.07076650254988692
3968.784,30.89772309,30.983359957854063,30.934677656100636,30.884295432524468,-0.08563686785406333
3969.267,30.90149808,30.985812589376806,30.940632658526233,30.88686363229255,-0.08431450937680651
3969.749,30.91977417,30.988256202535858,30.946596337672297,30.889426231289498,-0.06848203253585794
3970.231,30.92132304,30.990695761070125,30.952580691746586,30.891988418117016,-0.06937272107012404
3970.713,30.93659335,30.99313114718863,30.95858541085214,30.894550064196434,-0.056537797188632055
3971.195,30.94209693,30.995562243489637,30.964610184219794,30.897111041163686,-0.053465313489635236
3971.677,30.93874983,30.997988932965846,30.970654700224202,30.89967122087546,-0.05923910296584722
3972.159,30.93752129,31.000411099009987,30.97671864639992,30.902230475415635,-0.06288980900998808
3972.641,30.9607046,31.00282862542021,30.982801709457444,30.90478867710144,-0.0421240254202111
3973.124,30.92603095,31.00524639713084,30.98891625409917,30.90735100219828,-0.07921544713083861
3973.606,30.94227916,31.007654287090464,30.995036645865046,30.909906713247338,-0.06537512709046567
3974.088,30.93670706,31.01005719105781,31.001175209205694,30.9124609895936,-0.0733501310578113
3974.57,30.94303508,31.01245499450642,31.007331627695432,30.915013704550734,-0.06941991450641893
3975.052,30.94423785,31.014847583341577,31.013505584165515,30.91756473169684,-0.07060973334157694
3975.534,30.93377368,31.0172348439056,31.01969676072043,30.92011394488058,-0.08346116390559999
3976.016,30.93311796,31.019616662982862,31.025904838754105,30.922661218227248,-0.08649870298286189
3976.498,30.9307829,31.02199292780501,31.032129498966373,30.92520642614483,-0.09121002780500831
3976.98,30.95714402,31.024363526055964,31.03837042137926,30.92774944333004,-0.06721950605596305
3977.463,30.93407339,31.02673324605823,31.044640282747373,30.930295413445478,-0.09265985605823346
3977.945,30.94543114,31.02909216371812,31.050912799071128,30.932833669248634,-0.08366102371811834
3978.427,30.94049078,31.03144508039325,31.057200613090266,30.935369359944364,-0.09095430039324981
3978.909,30.96037853,31.033791885628016,31.063503402278517,30.937902361444845,-0.07341335562801632
3979.391,30.94162723,31.03613246944402,31.06982084351403,30.940432549980883,-0.09450523944401823
3979.873,30.93404193,31.038466722345056,31.076152613095882,30.942959802107616,-0.10442479234505697
3980.355,30.93988871,31.040794535321783,31.082498386760616,30.945483994710532,-0.1009058253217816
3980.837,30.92821256,31.043115799856793,31.0888578396988,30.948005005011133,-0.11490323985679396
3981.32,30.92655965,31.045435203026525,31.095243881817968,30.95052793050832,-0.1188755530265233
3981.802,30.93023166,31.04774303297209,31.101629743463803,30.953042202005843,-0.11751137297208913
3982.284,30.9191423,31.050043991700356,31.108028306166997,30.955552924687602,-0.13090169170035537
3982.766,30.9323364,31.052337972709488,31.114439243099067,30.958059977177758,-0.12000157270948719
3983.248,30.95071658,31.05462487001313,31.12086222696866,30.960563238465195,-0.10390829001312696
3983.73,30.94985949,31.056904578144703,31.127296930037996,30.963062587909153,-0.1070450881447016
3984.212,30.95452819,31.059176992162218,31.133743024139807,30.965557905244818,-0.10464880216221673
3984.694,30.95038629,31.061442007652765,31.14020018069387,30.96804907058895,-0.11105571765276423
3985.177,30.96259482,31.06370419650351,31.146681500511715,30.970541119453284,-0.10110937650351204
3985.659,30.95926016,31.065954087953287,31.15315981590406,30.973023613485765,-0.10669392795328747
3986.141,30.96657375,31.06819627064364,31.15964820501303,30.97550159797563,-0.10162252064364097
3986.623,30.99760768,31.07043064232354,31.1661463377731,30.977974954621722,-0.07282296232353858
3987.105,31.01401782,31.07265710129319,31.172653883789415,30.98044356553195,-0.05863928129318907
3987.587,31.01084084,31.074875546408276,31.17917051235461,30.98290731322849,-0.06403470640827535
3988.069,31.00633881,31.07708587708422,31.185695892465468,30.985366080653264,-0.07074706708421985
3988.551,31.00079843,31.07928799330052,31.19222969283986,30.987819751173213,-0.07848956330052204
3989.033,31.01431407,31.081481795604827,31.19877158193327,30.990268208585572,-0.06716772560482553
3989.516,31.02124525,31.083671710307062,31.205334824265996,30.992716400235167,-0.062426460307062115
3989.998,31.01405954,31.08584857096456,31.21189191025803,30.995154073157103,-0.07178903096455969
3990.48,31.03408216,31.088016822601904,31.218456088240444,30.997586186759705,-0.05393466260190394
3990.962,31.03859212,31.090176368082208,31.225027025787163,31.0000126266147,-0.051584248082207296
3991.444,31.03077109,31.092327110857276,31.231604390293732,31.002433278750097,-0.06155602085727807
3991.926,31.0233898,31.094468954971674,31.238187848994237,31.00484802965535,-0.07107915497167383
3992.408,31.03607418,31.096601805066534,31.244777068977992,31.007256766286226,-0.060527625066534085
3992.89,31.0254128,31.098725566383525,31.251371717206343,31.00965937607006,-0.07331276638352335
3993.373,31.04274224,31.10084452225034,31.25798515800824,31.01206071207151,-0.058102282250342085
3993.854,31.04047165,31.102945446676852,31.26457596570336,31.01444576719309,-0.06247379667685138
3994.337,31.03998965,31.105045717777983,31.271198615258967,31.016834264137575,-0.06505606777798434
3994.819,31.04941289,31.10713216882072,31.277811652257547,31.019211236659423,-0.05771927882071992
3995.301,31.04026528,31.10920906624688,31.284428450283993,31.021581526488234,-0.06894378624688002
3995.783,31.05032984,31.111276318982732,31.291048675884333,31.023945023984755,-0.06094647898273209
3996.265,31.05177112,31.113333836581404,31.297671995594193,31.02630162001548,-0.061562716581402555
3996.747,31.06246534,31.115381529226426,31.304298075955323,31.028651205957228,-0.05291618922642627
3997.229,31.05048033,31.117419307735375,31.310926583532638,31.03099367370201,-0.06693897773537572
3997.711,31.02875766,31.11944708356341,31.31755718493072,31.03332891566176,-0.09068942356341125
3998.194,31.07037194,31.12146894432592,31.324203308496337,31.035661646763213,-0.051097004325917794
3998.676,31.06719664,31.123476430519077,31.330837100207066,31.037982100946113,-0.05627979051907772
3999.158,31.08575483,31.12547365207775,31.337471985266966,31.04029500952533,-0.039718822077752236
3999.64,31.07217498,31.127460523043244,31.344107630607045,31.04260026703932,-0.055285543043243734
