wavenumber_cm_inv,reflectance_percent
399.6747,0
400.1569,36.33668088
400.639,35.75208839
401.1211,35.17191157
401.6032,34.66914948
402.0853,34.16395455
402.5674,33.66441452
403.0496,33.18689656
403.5317,32.75816133
404.0138,32.34577842
404.4959,31.96162086
404.978,31.63395866
405.4601,31.37190437
405.9423,31.1776061
406.4244,31.02114298
406.9065,30.92106002
407.3886,30.86320223
407.8707,30.84838766
408.3528,30.83783751
408.835,30.80409423
409.3171,30.79647366
409.7992,30.75698439
410.2813,30.65850876
410.7634,30.55157477
411.2455,30.40872343
411.7277,30.20916427
412.2098,29.96094156
412.6919,29.69520588
413.174,29.39879051
413.6561,29.1043963
414.1382,28.76449829
414.6204,28.47432944
415.1025,28.18956557
415.5846,27.90935117
416.0667,27.62343464
416.5488,27.36989328
417.0309,27.1711068
417.5131,26.97443802
417.9952,26.81378475
418.4773,26.73267545
418.9594,26.63914367
419.4415,26.57157117
419.9236,26.56908592
420.4058,26.50835298
420.8879,26.44924819
421.37,26.4191652
421.8521,26.3463497
422.3342,26.29414781
422.8163,26.18536545
423.2985,26.12692561
423.7806,26.02288613
424.2627,25.91262838
424.7448,25.81035316
425.2269,25.6943751
425.709,25.55993104
426.1912,25.44024691
426.6733,25.32937529
427.1554,25.21660414
427.6375,25.1313566
428.1196,25.02421612
428.6017,24.95936679
429.0839,24.89151203
429.566,24.83175571
430.0481,24.79512009
430.5302,24.72769102
431.0123,24.64319181
431.4944,24.5509922
431.9766,24.43562816
432.4587,24.30962328
432.9408,24.17020436
433.4229,24.0109265
433.905,23.86114872
434.3871,23.70220512
434.8693,23.59898748
435.3514,23.49358334
435.8335,23.40831544
436.3156,23.35668326
436.7977,23.39423397
437.2798,23.39516755
437.762,23.43876907
438.2441,23.4831627
438.7262,23.53730676
439.2083,23.58637068
439.6904,23.64343885
440.1725,23.68916134
440.6547,23.74019566
441.1368,23.80086453
441.6189,23.84979255
442.101,23.89135934
442.5831,23.98459502
443.0652,24.06466084
443.5474,24.12478778
444.0295,24.2488694
444.5116,24.33260536
444.9937,24.37126273
445.4758,24.42586755
445.9579,24.49752301
446.4401,24.52419781
446.9222,24.56594417
447.4043,24.60401376
447.8864,24.61295718
448.3685,24.6493285
448.8506,24.65745648
449.3328,24.70139262
449.8149,24.71832077
450.297,24.73327665
450.7791,24.76934496
451.2612,24.7874821
451.7433,24.82450187
452.2255,24.86610216
452.7076,24.9392561
453.1897,25.0134628
453.6718,25.06746162
454.1539,25.14185455
454.636,25.21040597
455.1182,25.30625565
455.6003,25.38778905
456.0824,25.44812726
456.5645,25.54524377
457.0466,25.6236746
457.5287,25.71741769
458.0109,25.81518477
458.493,25.90094682
458.9751,26.00121746
459.4572,26.10502443
459.9393,26.22832547
460.4214,26.34434547
460.9036,26.46181102
461.3857,26.56164328
461.8678,26.6582282
462.3499,26.77020335
462.832,26.83810333
463.3141,26.93369213
463.7963,26.9950334
464.2784,27.06239873
464.7605,27.11146391
465.2426,27.15799581
465.7247,27.21610773
466.2068,27.24673248
466.689,27.2923984
467.1711,27.32496561
467.6532,27.36110011
468.1353,27.39461019
468.6174,27.43276508
469.0995,27.48645385
469.5817,27.55240715
470.0638,27.63179808
470.5459,27.7454258
471.028,27.9022168
471.5101,28.10644568
471.9922,28.34386279
472.4744,28.60816232
472.9565,28.89429059
473.4386,29.17414259
473.9207,29.44118192
474.4028,29.67704922
474.8849,29.87779709
475.3671,30.04233932
475.8492,30.17558748
476.3313,30.30737925
476.8134,30.4004799
477.2955,30.48307322
477.7776,30.56177744
478.2598,30.63384174
478.7419,30.72878393
479.224,30.79734259
479.7061,30.92863598
480.1882,31.01907989
480.6703,31.12172173
481.1525,31.2328984
481.6346,31.37676299
482.1167,31.48523812
482.5988,31.60717966
483.0809,31.70312063
483.563,31.8386873
484.0452,31.96588561
484.5273,32.04389343
485.0094,32.15836436
485.4915,32.29072215
485.9736,32.38836106
486.4557,32.50894505
486.9379,32.61526069
487.42,32.73097823
487.9021,32.85108789
488.3842,33.00345292
488.8663,33.13096306
489.3484,33.25403878
489.8306,33.4013983
490.3127,33.51973649
490.7948,33.65737659
491.2769,33.79674947
491.759,33.8849986
492.2411,33.98524327
492.7233,34.07535402
493.2054,34.15813502
493.6875,34.22734436
494.1696,34.29800682
494.6517,34.36851015
495.1339,34.46806024
495.616,34.57590762
496.0981,34.65808161
496.5802,34.78456801
497.0623,34.90530002
497.5444,35.00426899
498.0266,35.10932926
498.5087,35.22354763
498.9908,35.31011067
499.4729,35.42077268
499.955,35.48801521
500.4371,35.57979474
500.9193,35.62768753
501.4014,35.71376253
501.8835,35.72707252
502.3656,35.7980583
502.8477,35.81972083
503.3298,35.88211311
503.812,35.9033149
504.2941,35.96367255
504.7762,35.97578
505.2583,36.02716898
505.7404,36.05466424
506.2225,36.13301128
506.7047,36.17754822
507.1868,36.24913572
507.6689,36.29909417
508.151,36.37555208
508.6331,36.45205615
509.1152,36.5317487
509.5974,36.55697841
510.0795,36.61646846
510.5616,36.63924173
511.0437,36.6651834
511.5258,36.68123174
512.0079,36.71341534
512.4901,36.71145795
512.9722,36.71194397
513.4543,36.71560512
513.9364,36.7083075
514.4185,36.71842864
514.9006,36.73388964
515.3828,36.72873702
515.8649,36.75504074
516.347,36.77320518
516.8291,36.78351558
517.3112,36.82312733
517.7933,36.86165944
518.2755,36.86094241
518.7576,36.88658715
519.2397,36.87514343
519.7218,36.8981455
520.2039,36.87539413
520.686,36.86007657
521.1682,36.8542084
521.6503,36.84020354
522.1324,36.84505385
522.6145,36.83851739
523.0966,36.84515911
523.5787,36.87033862
524.0609,36.86472382
524.543,36.87569668
525.0251,36.87967715
525.5072,36.84629174
525.9893,36.85018061
526.4714,36.81960799
526.9536,36.80009892
527.4357,36.75869702
527.9178,36.72761653
528.3999,36.69670253
528.882,36.65020821
529.3641,36.61733233
529.8463,36.57166694
530.3284,36.50906905
530.8105,36.45501218
531.2926,36.41733299
531.7747,36.36180644
532.2568,36.31360981
532.739,36.28154802
533.2211,36.21568957
533.7032,36.15914311
534.1853,36.10686539
534.6674,36.04470903
535.1495,35.96564565
535.6317,35.90893218
536.1138,35.87042849
536.5959,35.84142802
537.078,35.81464903
537.5601,35.75319662
538.0422,35.7022078
538.5244,35.6562134
539.0065,35.61335708
539.4886,35.57636651
539.9707,35.51380584
540.4528,35.43354505
540.9349,35.35052491
541.4171,35.2834676
541.8992,35.18807665
542.3813,35.09285812
542.8634,34.98330587
543.3455,34.89039173
543.8276,34.80103942
544.3098,34.69447224
544.7919,34.61606467
545.274,34.53538566
545.7561,34.44998632
546.2382,34.37655445
546.7203,34.31496076
547.2025,34.26995453
547.6846,34.22775663
548.1667,34.17220845
548.6488,34.14739854
549.1309,34.09583355
549.613,34.01800465
550.0952,33.97309611
550.5773,33.88592366
551.0594,33.80754383
551.5415,33.71242391
552.0236,33.6194308
552.5057,33.53096756
552.9879,33.4110336
553.47,33.33245582
553.9521,33.23625409
554.4342,33.13638764
554.9163,33.03020558
555.3984,32.94140324
555.8806,32.8581552
556.3627,32.76283768
556.8448,32.66374423
557.3269,32.5889954
557.809,32.4937353
558.2911,32.44384158
558.7733,32.37436318
559.2554,32.31083924
559.7375,32.26225558
560.2196,32.19796758
560.7017,32.14124796
561.1838,32.11238821
561.666,32.06574541
562.1481,32.01435688
562.6302,31.98635907
563.1123,31.91328315
563.5944,31.86286621
564.0765,31.82331255
564.5587,31.74591896
565.0408,31.68843963
565.5229,31.63683272
566.005,31.58653007
566.4871,31.52245358
566.9692,31.48218766
567.4514,31.45520052
567.9335,31.3753292
568.4156,31.36225386
568.8977,31.31182487
569.3798,31.25460513
569.8619,31.23240215
570.3441,31.17315274
570.8262,31.15510367
571.3083,31.1065217
571.7904,31.10707796
572.2725,31.0559743
572.7546,31.04238632
573.2368,31.02794186
573.7189,30.99286201
574.201,30.98090083
574.6831,30.95144099
575.1652,30.93800836
575.6473,30.89589389
576.1295,30.86794404
576.6116,30.84612707
577.0937,30.83298302
577.5758,30.79245345
578.0579,30.77915782
578.54,30.77027333
579.0222,30.77053589
579.5043,30.7757477
579.9864,30.77027249
580.4685,30.76729008
580.9506,30.75448987
581.4327,30.78773768
581.9149,30.79655744
582.397,30.80144499
582.8791,30.81817898
583.3612,30.8396742
583.8433,30.87152809
584.3254,30.90083391
584.8076,30.93513698
585.2897,30.96410407
585.7718,31.02706868
586.2539,31.0584151
586.736,31.10280862
587.2181,31.17015449
587.7003,31.21408131
588.1824,31.27416574
588.6645,31.32938308
589.1466,31.37428774
589.6287,31.42067374
590.1108,31.48184934
590.593,31.5468609
591.0751,31.59555311
591.5572,31.64281609
592.0393,31.70770493
592.5214,31.7863133
593.0035,31.82336611
593.4857,31.93734504
593.9678,32.01782102
594.4499,32.10178589
594.932,32.17202692
595.4141,32.28543238
595.8962,32.3596864
596.3784,32.42630123
596.8605,32.53074696
597.3426,32.59905133
597.8247,32.67662386
598.3068,32.75065145
598.7889,32.82477481
599.2711,32.93349944
599.7532,33.01255453
600.2353,33.130823
600.7174,33.21401491
601.1995,33.34094334
601.6816,33.47342443
602.1638,33.58244654
602.6459,33.72522855
603.128,33.84409755
603.6101,33.95874446
604.0922,34.10161746
604.5743,34.19135036
605.0565,34.30786962
605.5386,34.41597627
606.0207,34.50929252
606.5028,34.61230668
606.9849,34.71435917
607.467,34.84011936
607.9492,34.88846081
608.4313,34.99587152
608.9134,35.10390051
609.3955,35.19330406
609.8776,35.29513472
610.3597,35.38748718
610.8419,35.4682299
611.324,35.5941399
611.8061,35.68048348
612.2882,35.77816231
612.7703,35.88225246
613.2524,35.98275134
613.7346,36.08485391
614.2167,36.20228783
614.6988,36.32176449
615.1809,36.43057725
615.663,36.53559406
616.1451,36.65893089
616.6273,36.8064797
617.1094,36.8817007
617.5915,36.97090759
618.0736,37.06087718
618.5557,37.15085409
619.0378,37.21150783
619.52,37.29713412
620.0021,37.34840858
620.4842,37.42015462
620.9663,37.49416849
621.4484,37.56838829
621.9305,37.626031
622.4127,37.69490644
622.8948,37.76251689
623.3769,37.82733278
623.859,37.86964717
624.3411,37.92306133
624.8232,38.00715881
625.3054,38.07961861
625.7875,38.13897471
626.2696,38.20553314
626.7517,38.26023873
627.2338,38.3267196
627.7159,38.39823466
628.1981,38.45910457
628.6802,38.51403137
629.1623,38.57225525
629.6444,38.64724166
630.1265,38.66847099
630.6086,38.71406455
631.0908,38.75883211
631.5729,38.82287557
632.055,38.80862236
632.5371,38.86385898
633.0192,38.89226438
633.5013,38.91050848
633.9835,38.93124943
634.4656,38.93524361
634.9477,38.94950834
635.4298,38.96382774
635.9119,38.95993495
636.394,38.97870212
636.8762,38.99595721
637.3583,39.00787663
637.8404,39.02645874
638.3225,39.02505342
638.8046,39.05296137
639.2867,39.04556052
639.7689,39.07931766
640.251,39.0559924
640.7331,39.06697748
641.2152,39.05536276
641.6973,39.07769984
642.1794,39.0425059
642.6616,39.03281648
643.1437,39.0257332
643.6258,39.00051434
644.1079,38.98498497
644.59,38.95474756
645.0721,38.90595435
645.5543,38.90348259
646.0364,38.87806414
646.5185,38.83378269
647.0006,38.79842664
647.4827,38.78183779
647.9648,38.74430796
648.447,38.71876514
648.9291,38.72613441
649.4112,38.67610067
649.8933,38.65138756
650.3754,38.62044906
650.8575,38.62335998
651.3397,38.54596218
651.8218,38.51878031
652.3039,38.46930377
652.786,38.42255212
653.2681,38.35755937
653.7502,38.29670765
654.2324,38.23143704
654.7145,38.18587181
655.1966,38.12939158
655.6787,38.07853477
656.1608,38.04538291
656.6429,37.98520509
657.125,37.96543943
657.6072,37.91194205
658.0892,37.88297667
658.5714,37.83822563
659.0535,37.80170686
659.5356,37.74933163
660.0177,37.72745647
660.4999,37.67868462
660.9819,37.65072884
661.4641,37.63002727
661.9462,37.61791505
662.4283,37.570408
662.9104,37.55552927
663.3926,37.55359713
663.8746,37.53427123
664.3568,37.53307863
664.8389,37.54328359
665.321,37.59108502
665.8031,37.61821145
666.2853,37.67100047
666.7673,37.76495538
667.2495,37.85212996
667.7316,37.9548193
668.2137,38.08729594
668.6958,38.17387609
669.178,38.23100427
669.66,38.2697899
670.1422,38.27908165
670.6243,38.30200531
671.1064,38.31935219
671.5885,38.34589771
672.0707,38.3628472
672.5527,38.39219391
673.0349,38.43375354
673.517,38.4963783
673.9991,38.55472702
674.4812,38.60355577
674.9634,38.70705189
675.4454,38.77086239
675.9276,38.86365841
676.4097,38.94385511
676.8918,39.03561059
677.3739,39.12845294
677.8561,39.25671564
678.3381,39.35157807
678.8203,39.45394174
679.3024,39.56106454
679.7845,39.67996513
680.2666,39.81883953
680.7488,39.93951962
681.2308,40.08949088
681.713,40.22758696
682.1951,40.3788685
682.6772,40.51721183
683.1593,40.65766739
683.6415,40.78839509
684.1235,40.92642026
684.6057,41.06088602
685.0878,41.17884525
685.5699,41.3403833
686.052,41.43922942
686.5342,41.55114789
687.0162,41.67481436
687.4984,41.8222882
687.9805,41.90245222
688.4626,42.04302897
688.9447,42.14643884
689.4269,42.23567615
689.9089,42.31949483
690.3911,42.43909295
690.8732,42.51449181
691.3553,42.59469334
691.8374,42.6909254
692.3196,42.75905066
692.8016,42.81031169
693.2838,42.88016696
693.7659,42.93187353
694.248,43.02503246
694.7301,43.06387833
695.2123,43.13744233
695.6943,43.16597071
696.1765,43.20677299
696.6586,43.25544435
697.1407,43.28657527
697.6228,43.30209044
698.105,43.32926493
698.587,43.37557023
699.0692,43.37898
699.5513,43.37375972
700.0334,43.38185424
700.5155,43.37214987
700.9977,43.40952182
701.4797,43.37603002
701.9619,43.40032527
702.444,43.37712999
702.9261,43.37617541
703.4082,43.38579795
703.8904,43.3658012
704.3724,43.35197983
704.8546,43.35266346
705.3367,43.36465155
705.8188,43.32448184
706.3009,43.33918586
706.7831,43.31172405
707.2651,43.31099147
707.7473,43.28866932
708.2294,43.26442304
708.7115,43.272382
709.1936,43.23919184
709.6758,43.2381192
710.1578,43.2257182
710.64,43.24956462
711.1221,43.24952664
711.6042,43.27319531
712.0863,43.31488587
712.5685,43.30568151
713.0505,43.35698114
713.5327,43.35042998
714.0148,43.41699631
714.4969,43.45128053
714.979,43.49105211
715.4612,43.56607495
715.9432,43.63997645
716.4254,43.7032717
716.9075,43.79592838
717.3896,43.89012992
717.8717,43.99798463
718.3539,44.11773231
718.8359,44.24299344
719.3181,44.366598
719.8002,44.52528019
720.2823,44.66213632
720.7644,44.81241159
721.2466,44.9399154
721.7286,45.0841889
722.2108,45.23824911
722.6929,45.38699636
723.175,45.54876214
723.6571,45.7010239
724.1393,45.85234447
724.6213,46.02294162
725.1035,46.18487784
725.5856,46.33152967
726.0677,46.52359825
726.5498,46.65624501
727.032,46.80963285
727.514,46.98491449
727.9962,47.12168281
728.4783,47.26112784
728.9604,47.41318433
729.4425,47.56276189
729.9247,47.68422415
730.4067,47.80639869
730.8889,47.91218885
731.371,48.00082011
731.8531,48.11963108
732.3352,48.19628525
732.8174,48.27756231
733.2994,48.31939763
733.7816,48.37532935
734.2637,48.44552419
734.7458,48.50791125
735.2279,48.523818
735.7101,48.56401381
736.1921,48.61213786
736.6743,48.63095311
737.1564,48.67317521
737.6385,48.69511578
738.1206,48.72988285
738.6028,48.782327
739.0848,48.80598739
739.567,48.8615742
740.0491,48.91781012
740.5312,48.98906203
741.0133,49.04752552
741.4955,49.15553314
741.9775,49.23272629
742.4597,49.37541401
742.9418,49.48593178
743.424,49.6449293
743.906,49.81355897
744.3882,49.97643813
744.8702,50.17040256
745.3524,50.33880095
745.8345,50.52905214
746.3167,50.72218721
746.7987,50.92327412
747.2809,51.11881116
747.7629,51.28696429
748.2451,51.47143235
748.7272,51.64725498
749.2094,51.82362303
749.6914,52.00117322
750.1736,52.15299336
750.6556,52.30320541
751.1378,52.46847268
751.6199,52.61273705
752.1021,52.7581903
752.5841,52.87218634
753.0663,53.01410287
753.5483,53.10431028
754.0305,53.22680413
754.5126,53.32217277
754.9948,53.42855302
755.4768,53.54263304
755.959,53.6458225
756.441,53.74879593
756.9232,53.90739557
757.4053,54.02983636
757.8875,54.16681528
758.3695,54.35368679
758.8517,54.52693527
759.3337,54.74082608
759.8159,54.94567741
760.298,55.15926974
760.7802,55.38840541
761.2622,55.61446817
761.7444,55.85839439
762.2264,56.09020486
762.7086,56.33641163
763.1907,56.5580007
763.6729,56.75786624
764.1549,56.96129674
764.6371,57.14957911
765.1191,57.35714144
765.6013,57.51830416
766.0834,57.67002903
766.5656,57.83303426
767.0476,58.01379091
767.5298,58.17937933
768.0118,58.36974978
768.494,58.57198406
768.9761,58.80988846
769.4583,59.03768441
769.9403,59.29874297
770.4225,59.54549722
770.9045,59.82418147
771.3867,60.10987082
771.8688,60.36116625
772.351,60.6511542
772.833,60.93174322
773.3152,61.24450735
773.7972,61.50673144
774.2794,61.81454825
774.7615,62.11878709
775.2437,62.42356265
775.7257,62.75224304
776.2079,63.0378043
776.6899,63.37823896
777.1721,63.67094489
777.6542,64.04317176
778.1364,64.34973924
778.6184,64.7213814
779.1006,65.06323285
779.5826,65.42197573
780.0648,65.79365831
780.5469,66.16666738
781.0291,66.5685539
781.5111,66.95060458
781.9933,67.37353785
782.4753,67.79130792
782.9575,68.2228284
783.4396,68.66828202
783.9218,69.1220185
784.4038,69.59857182
784.886,70.08610622
785.368,70.56675744
785.8502,71.08539208
786.3323,71.61954779
786.8145,72.14338707
787.2965,72.72232833
787.7787,73.32811517
788.2607,73.93930739
788.7429,74.60932778
789.225,75.26236351
789.7072,75.94776371
790.1892,76.69854087
790.6714,77.4646389
791.1534,78.24907005
791.6356,79.10197783
792.1177,79.99637855
792.5999,80.95838134
793.0819,81.98291967
793.5641,83.07141159
794.0461,84.23734087
794.5283,85.47385806
795.0104,86.76632383
795.4926,88.11481113
795.9746,89.48923845
796.4568,90.88530085
796.9388,92.24365575
797.421,93.57302468
797.9031,94.79781522
798.3853,95.96545372
798.8673,97.00733974
799.3495,97.89081444
799.8315,98.64819247
800.3137,99.29109897
800.7958,99.81005902
801.278,100.2210701
801.76,100.5514397
802.2422,100.8119658
802.7242,101.029481
803.2064,101.1935566
803.6885,101.3311622
804.1707,101.4411049
804.6527,101.5307995
805.1349,101.6155518
805.6169,101.6616755
806.0991,101.7668845
806.5812,101.8131753
807.0634,101.8345506
807.5454,101.8804942
808.0276,101.9382973
808.5096,101.9693877
808.9918,102.0129645
809.4739,102.0827286
809.9561,102.1129038
810.4381,102.1427075
810.9203,102.1892925
811.4023,102.235774
811.8845,102.2618493
812.3666,102.2960981
812.8488,102.3126604
813.3308,102.336637
813.813,102.345406
814.295,102.3621051
814.7772,102.3795074
815.2593,102.3826323
815.7415,102.4160634
816.2235,102.4260135
816.7057,102.4267845
817.1877,102.4483204
817.6699,102.431023
818.152,102.4677633
818.6342,102.4631796
819.1162,102.4828347
819.5984,102.4927996
820.0804,102.4896563
820.5626,102.5051847
821.0447,102.5086224
821.5269,102.5198431
822.0089,102.5384764
822.4911,102.5730943
822.9731,102.566056
823.4553,102.5824267
823.9374,102.6116388
824.4196,102.6251439
824.9016,102.6390067
825.3838,102.6535604
825.8658,102.6519755
826.348,102.672697
826.8301,102.682131
827.3123,102.6984172
827.7943,102.6904694
828.2765,102.7147599
828.7585,102.7113124
829.2407,102.7079554
829.7228,102.7393552
830.205,102.7197714
830.687,102.7214959
831.1692,102.7140446
831.6512,102.7229786
832.1334,102.7197958
832.6155,102.726924
833.0977,102.6965123
833.5797,102.6926578
834.0619,102.6903122
834.5439,102.6662576
835.0261,102.6676736
835.5082,102.6404801
835.9904,102.6056643
836.4724,102.5923301
836.9546,102.5763119
837.4366,102.5511296
837.9188,102.5440507
838.4009,102.5354133
838.8831,102.5199808
839.3651,102.4931721
839.8473,102.4999874
840.3293,102.502292
840.8115,102.5165465
841.2936,102.5054474
841.7758,102.529346
842.2578,102.5434619
842.74,102.5508448
843.222,102.5648925
843.7042,102.5515574
844.1863,102.5866837
844.6685,102.5829825
845.1505,102.5963474
845.6327,102.6021626
846.1147,102.614342
846.5969,102.5938066
847.079,102.5790456
847.5612,102.5826257
848.0432,102.576267
848.5254,102.5885147
849.0074,102.5946132
849.4896,102.5599059
849.9717,102.5912448
850.4539,102.5687939
850.9359,102.5939628
851.4181,102.5736641
851.9001,102.5717811
852.3823,102.568921
852.8644,102.5829972
853.3466,102.5649611
853.8286,102.5427932
854.3108,102.5638014
854.7928,102.5558235
855.275,102.5561616
855.7571,102.5415628
856.2393,102.5465728
856.7213,102.5306449
857.2035,102.5617652
857.6855,102.5523716
858.1677,102.5564143
858.6498,102.5585146
859.132,102.5688827
859.614,102.5571229
860.0962,102.5766213
860.5782,102.5898906
861.0604,102.597592
861.5425,102.6024672
862.0247,102.5964241
862.5067,102.6117072
862.9889,102.630978
863.4709,102.6133761
863.9531,102.6252538
864.4352,102.6248734
864.9174,102.6060746
865.3994,102.5921749
865.8816,102.5961248
866.3636,102.5973379
866.8458,102.5926271
867.3279,102.576321
867.8101,102.5526408
868.2921,102.5640502
868.7743,102.5392472
869.2563,102.5323585
869.7385,102.5217576
870.2206,102.5219775
870.7028,102.5154424
871.1848,102.4921585
871.667,102.5313363
872.149,102.5107604
872.6312,102.512454
873.1133,102.5276335
873.5955,102.5140769
874.0775,102.521976
874.5597,102.4816837
875.0417,102.5127646
875.5239,102.505112
876.006,102.4930759
876.4882,102.4948401
876.9702,102.4941274
877.4524,102.4790139
877.9344,102.4885511
878.4166,102.4855374
878.8987,102.4927731
879.3809,102.4807516
879.8629,102.4914104
880.3451,102.4657164
880.8271,102.4533962
881.3093,102.4605341
881.7914,102.4661478
882.2736,102.4240146
882.7556,102.4078119
883.2378,102.3887955
883.7198,102.3868827
884.202,102.3510613
884.6841,102.3408021
885.1663,102.312238
885.6483,102.2961511
886.1305,102.2937683
886.6125,102.2683062
887.0947,102.2594039
887.5768,102.2173021
888.059,102.21962
888.541,102.2184949
889.0232,102.1957341
889.5052,102.1724474
889.9874,102.1632454
890.4695,102.13893
890.9517,102.1173285
891.4337,102.1137053
891.9159,102.0766276
892.3979,102.0730385
892.8801,102.0231194
893.3622,102.0217729
893.8444,102.0024885
894.3264,101.9903823
894.8086,101.9625754
895.2906,101.953099
895.7728,101.9218581
896.2549,101.9138569
896.7371,101.9048203
897.2191,101.8738751
897.7013,101.850664
898.1833,101.8161132
898.6655,101.7879421
899.1476,101.7771217
899.6298,101.7325334
900.1118,101.7295593
900.594,101.6852902
901.076,101.6704837
901.5582,101.6642556
902.0403,101.6471716
902.5225,101.6258941
903.0045,101.6314966
903.4867,101.6046151
903.9688,101.595971
904.4509,101.5748809
904.933,101.5751221
905.4152,101.545102
905.8972,101.543689
906.3794,101.5266206
906.8615,101.515876
907.3436,101.4808487
907.8257,101.4689774
908.3079,101.4379443
908.7899,101.4280591
909.2721,101.4052685
909.7542,101.3744017
910.2363,101.3877146
910.7184,101.3497988
911.2006,101.3369971
911.6826,101.3103572
912.1647,101.3142964
912.6469,101.2743294
913.129,101.2557764
913.6111,101.2286686
914.0932,101.2250418
914.5753,101.2012727
915.0574,101.169686
915.5396,101.1612703
916.0217,101.1158163
916.5038,101.0638971
916.9859,101.0405634
917.468,101.0163334
917.9501,100.9542444
918.4323,100.9300867
918.9144,100.8857702
919.3965,100.8799158
919.8786,100.8162322
920.3607,100.7978287
920.8428,100.7632353
921.325,100.7208821
921.8071,100.6816772
922.2892,100.6511997
922.7713,100.5806148
923.2534,100.5445905
923.7355,100.4842071
924.2177,100.4557016
924.6998,100.4008665
925.1819,100.3219458
925.664,100.2504994
926.1461,100.1968985
926.6282,100.1160369
927.1104,100.0619838
927.5925,99.98292282
928.0746,99.93787406
928.5567,99.85574709
929.0388,99.79801165
929.5209,99.71251705
930.0031,99.64885058
930.4852,99.54510665
930.9673,99.47367048
931.4494,99.37186621
931.9315,99.31436173
932.4136,99.23067241
932.8958,99.11015648
933.3779,99.01220015
933.86,98.90348981
934.3421,98.79014402
934.8242,98.66979539
935.3063,98.55840385
935.7885,98.4430045
936.2706,98.29603065
936.7527,98.17207168
937.2348,98.04213181
937.7169,97.91526551
938.199,97.7621855
938.6812,97.63733264
939.1633,97.52800442
939.6454,97.44068382
940.1275,97.35934852
940.6096,97.29580094
941.0917,97.24928044
941.5739,97.23115857
942.056,97.20262071
942.5381,97.17199381
943.0202,97.16122633
943.5023,97.16902128
943.9844,97.13172019
944.4666,97.10404342
944.9487,97.06464213
945.4308,97.0066034
945.9129,96.93887435
946.395,96.84937197
946.8771,96.74221151
947.3593,96.61802637
947.8414,96.48312625
948.3235,96.36151052
948.8056,96.2141285
949.2877,96.04789632
949.7698,95.8785544
950.252,95.7068374
950.7341,95.4973071
951.2162,95.27487682
951.6983,95.04501985
952.1804,94.81086064
952.6625,94.54573352
953.1447,94.26130316
953.6268,93.98646179
954.1089,93.65774789
954.591,93.29328846
955.0731,92.89010694
955.5552,92.45891615
956.0374,91.96053557
956.5195,91.39496838
957.0016,90.80148771
957.4837,90.09574601
957.9658,89.30939735
958.4479,88.39039465
958.9301,87.35651759
959.4122,86.19573129
959.8943,84.8468259
960.3764,83.33510156
960.8585,81.6447836
961.3406,79.79641424
961.8228,77.76758162
962.3049,75.59200915
962.787,73.32075473
963.2691,71.03933609
963.7512,68.79581894
964.2333,66.6317801
964.7155,64.63736418
965.1976,62.89267363
965.6797,61.44399412
966.1618,60.27340859
966.6439,59.4399343
967.126,58.87167505
967.6082,58.55034966
968.0903,58.3983577
968.5724,58.32601056
969.0545,58.24785351
969.5366,58.10221746
970.0187,57.78253019
970.5009,57.23888047
970.983,56.42885338
971.4651,55.31698054
971.9472,53.87153042
972.4293,52.09906101
972.9114,49.98273994
973.3936,47.59180034
973.8757,44.93470762
974.3578,42.05914025
974.8399,38.98696218
975.322,35.79758527
975.8041,32.50199892
976.2863,29.21845069
976.7684,25.96312925
977.2505,22.81803559
977.7326,19.8198163
978.2147,17.04875646
978.6968,14.5156584
979.179,12.27786998
979.6611,10.34685391
980.1432,8.776532531
980.6253,7.543424634
981.1074,6.596315345
981.5895,5.964169513
982.0717,5.602974601
982.5538,5.479196262
983.0359,5.559623961
983.518,5.767449744
984.0001,6.093931758
984.4822,6.477488602
984.9644,6.92553197
985.4465,7.344768199
985.9286,7.751228969
986.4107,8.097045755
986.8928,8.368806293
987.3749,8.572911985
987.8571,8.748451239
988.3392,8.820827586
988.8213,8.795474235
989.3034,8.710510464
989.7855,8.576383591
990.2676,8.3866899
990.7498,8.155056228
991.2319,7.861346525
991.714,7.566895561
992.1961,7.24183109
992.6782,6.892338772
993.1603,6.564878664
993.6425,6.205599624
994.1246,5.867921074
994.6067,5.526773439
995.0888,5.175483876
995.5709,4.875574771
996.053,4.594659538
996.5352,4.305160578
997.0173,4.047665532
997.4994,3.812224284
997.9815,3.597626135
998.4636,3.413454147
998.9457,3.25894093
999.4279,3.105273484
999.91,3.008029103
1000.392,2.896319338
1000.874,2.850107018
1001.356,2.797353643
1001.838,2.783883987
1002.321,2.776328896
1002.803,2.814534331
1003.285,2.860047576
1003.767,2.921953457
1004.249,3.001150519
1004.731,3.09916446
1005.213,3.208098804
1005.695,3.316283946
1006.177,3.434554408
1006.66,3.534222648
1007.142,3.68074592
1007.624,3.810924472
1008.106,3.935963792
1008.588,4.073221216
1009.07,4.174840629
1009.552,4.299729939
1010.034,4.440908358
1010.517,4.543130047
1010.999,4.673400962
1011.481,4.789822387
1011.963,4.890384818
1012.445,4.99066712
1012.927,5.115380311
1013.409,5.169179037
1013.891,5.256399201
1014.373,5.339101268
1014.856,5.379049792
1015.338,5.426461733
1015.82,5.436349266
1016.302,5.469019527
1016.784,5.473863487
1017.266,5.460373807
1017.748,5.44948353
1018.23,5.396677614
1018.713,5.354991374
1019.195,5.284501052
1019.677,5.217121429
1020.159,5.141630643
1020.641,5.080060993
1021.123,4.99793251
1021.605,4.873676855
1022.087,4.779906785
1022.569,4.699359386
1023.052,4.585314544
1023.534,4.474023785
1024.016,4.35593937
1024.498,4.215945308
1024.98,4.117536933
1025.462,4.003372555
1025.944,3.852867448
1026.426,3.728106776
1026.908,3.577543204
1027.391,3.439518201
1027.873,3.291537885
1028.355,3.151217015
1028.837,2.993162777
1029.319,2.872198203
1029.801,2.708178504
1030.283,2.588853244
1030.765,2.450241945
1031.248,2.324036311
1031.73,2.190191628
1032.212,2.065734475
1032.694,1.927646534
1033.176,1.810127257
1033.658,1.706450991
1034.14,1.622530261
1034.622,1.536096642
1035.104,1.437335522
1035.587,1.364148506
1036.069,1.270771941
1036.551,1.207267803
1037.033,1.142244012
1037.515,1.136036048
1037.997,1.069652589
1038.479,1.04146271
1038.961,1.015449661
1039.444,1.001697453
1039.926,1.007375952
1040.408,0.999527135
1040.89,0.976744442
1041.372,1.018582286
1041.854,1.004189561
1042.336,1.037992518
1042.818,1.070146711
1043.301,1.109627838
1043.783,1.147058171
1044.265,1.195035958
1044.747,1.27021195
1045.229,1.317741647
1045.711,1.401900688
1046.193,1.482043358
1046.675,1.576017023
1047.157,1.62973225
1047.64,1.720029245
1048.122,1.822836937
1048.604,1.911287535
1049.086,2.03251065
1049.568,2.137768754
1050.05,2.23158808
1050.532,2.345402355
1051.014,2.474164314
1051.496,2.6029992
1051.979,2.72876956
1052.461,2.863255934
1052.943,2.986640505
1053.425,3.119542907
1053.907,3.26804946
1054.389,3.389777595
1054.871,3.541658374
1055.353,3.677987705
1055.835,3.82116374
1056.318,3.988069307
1056.8,4.124633015
1057.282,4.288629496
1057.764,4.425064607
1058.246,4.570245872
1058.728,4.714312612
1059.21,4.854326539
1059.692,4.975500571
1060.175,5.080198828
1060.657,5.198038518
1061.139,5.30980639
1061.621,5.447690521
1062.103,5.563602468
1062.585,5.711978716
1063.067,5.874323763
1063.549,6.0386572
1064.031,6.203680034
1064.514,6.386249803
1064.996,6.5729257
1065.478,6.753307158
1065.96,6.956359648
1066.442,7.10616081
1066.924,7.265664185
1067.406,7.407222034
1067.888,7.554313369
1068.371,7.673240234
1068.853,7.788893741
1069.335,7.918179346
1069.817,8.009614854
1070.299,8.128439699
1070.781,8.209970697
1071.263,8.300498256
1071.745,8.376504968
1072.228,8.457132215
1072.71,8.509135529
1073.192,8.575804104
1073.674,8.615876097
1074.156,8.669342895
1074.638,8.72780005
1075.12,8.782841723
1075.602,8.823427981
1076.084,8.845095114
1076.567,8.911296205
1077.049,8.970086368
1077.531,9.080625815
1078.013,9.167766978
1078.495,9.253473399
1078.977,9.356646115
1079.459,9.45951998
1079.941,9.538923397
1080.423,9.601260625
1080.906,9.659284104
1081.388,9.728204677
1081.87,9.748916193
1082.352,9.812823181
1082.834,9.845518111
1083.316,9.914401705
1083.798,9.985021576
1084.28,10.07098102
1084.762,10.19368027
1085.245,10.31949945
1085.727,10.43400258
1086.209,10.53015335
1086.691,10.59756228
1087.173,10.67395625
1087.655,10.70650053
1088.137,10.72825076
1088.619,10.70931836
1089.102,10.67768217
1089.584,10.65667497
1090.066,10.63434113
1090.548,10.63495594
1091.03,10.63469047
1091.512,10.66037742
1091.994,10.63450173
1092.476,10.67524268
1092.958,10.69187055
1093.441,10.70919237
1093.923,10.712645
1094.405,10.72261288
1094.887,10.70077961
1095.369,10.65495471
1095.851,10.62063404
1096.333,10.55627384
1096.815,10.47622593
1097.298,10.4017534
1097.78,10.31270231
1098.262,10.24576568
1098.744,10.14747877
1099.226,10.09523454
1099.708,10.02239327
1100.19,9.963197886
1100.672,9.923519952
1101.155,9.891998353
1101.637,9.841858461
1102.119,9.797259433
1102.601,9.774971368
1103.083,9.735068769
1103.565,9.72376312
1104.047,9.676014123
1104.529,9.64202455
1105.011,9.602694482
1105.494,9.537419924
1105.976,9.498771643
1106.458,9.451173596
1106.94,9.413493559
1107.422,9.339685425
1107.904,9.304042794
1108.386,9.239827799
1108.868,9.179428256
1109.35,9.165029889
1109.833,9.095768107
1110.315,9.058235782
1110.797,9.010510134
1111.279,8.951804808
1111.761,8.919375374
1112.243,8.848782227
1112.725,8.771481528
1113.207,8.721983551
1113.689,8.682513105
1114.172,8.612298302
1114.654,8.549713271
1115.136,8.512132156
1115.618,8.452288761
1116.1,8.412801794
1116.582,8.363507311
1117.064,8.315082174
1117.546,8.270881451
1118.029,8.227463154
1118.511,8.180040623
1118.993,8.135104929
1119.475,8.091336314
1119.957,8.06246605
1120.439,7.984405858
1120.921,7.937809345
1121.403,7.896072357
1121.885,7.848419763
1122.368,7.830762566
1122.85,7.799200633
1123.332,7.775091336
1123.814,7.748613353
1124.296,7.733121141
1124.778,7.69879753
1125.26,7.683894872
1125.742,7.654132275
1126.225,7.650331296
1126.707,7.616926476
1127.189,7.584605694
1127.671,7.58017435
1128.153,7.570458355
1128.635,7.526326283
1129.117,7.511744284
1129.599,7.495030425
1130.082,7.466993316
1130.564,7.450348415
1131.046,7.428397473
1131.528,7.409649677
1132.01,7.374544185
1132.492,7.39365616
1132.974,7.36868329
1133.456,7.354648237
1133.938,7.341307506
1134.421,7.35328867
1134.903,7.319978579
1135.385,7.336720551
1135.867,7.308906865
1136.349,7.307454581
1136.831,7.323926469
1137.313,7.30138544
1137.795,7.294180622
1138.277,7.318088595
1138.76,7.321940433
1139.242,7.318646565
1139.724,7.322557095
1140.206,7.337562199
1140.688,7.333853616
1141.17,7.351322378
1141.652,7.363590073
1142.134,7.37499989
1142.616,7.396375514
1143.099,7.418587926
1143.581,7.426903446
1144.063,7.480004789
1144.545,7.49348295
1145.027,7.525498892
1145.509,7.553252108
1145.991,7.573053849
1146.473,7.621368938
1146.956,7.654296615
1147.438,7.679941936
1147.92,7.715976327
1148.402,7.730365095
1148.884,7.769406535
1149.366,7.82383688
1149.848,7.84079151
1150.33,7.877009601
1150.812,7.92811742
1151.295,7.968289233
1151.777,7.996948005
1152.259,8.02776985
1152.741,8.066062801
1153.223,8.095689611
1153.705,8.15705978
1154.187,8.193505271
1154.669,8.263761463
1155.152,8.272900623
1155.634,8.340099702
1156.116,8.371002579
1156.598,8.425567999
1157.08,8.468620471
1157.562,8.528773207
1158.044,8.553596915
1158.526,8.627791513
1159.009,8.681562843
1159.491,8.7313552
1159.973,8.765162113
1160.455,8.84087082
1160.937,8.865455579
1161.419,8.932263157
1161.901,9.011741377
1162.383,9.064690807
1162.865,9.105453491
1163.348,9.15486484
1163.83,9.206016211
1164.312,9.293207658
1164.794,9.327749097
1165.276,9.399148698
1165.758,9.451090409
1166.24,9.512619314
1166.722,9.57133539
1167.204,9.638073273
1167.687,9.717286735
1168.169,9.770439217
1168.651,9.833345544
1169.133,9.896323116
1169.615,9.94505293
1170.097,10.00442783
1170.579,10.07314891
1171.061,10.13512275
1171.543,10.20499545
1172.026,10.26425836
1172.508,10.30012184
1172.99,10.39263572
1173.472,10.47487273
1173.954,10.5164571
1174.436,10.58542941
1174.918,10.63372797
1175.4,10.70431109
1175.883,10.77805863
1176.365,10.83014989
1176.847,10.92308329
1177.329,10.97725833
1177.811,11.03021149
1178.293,11.09648054
1178.775,11.15022607
1179.257,11.2090472
1179.74,11.27863795
1180.222,11.34984621
1180.704,11.40218704
1181.186,11.47625693
1181.668,11.50617864
1182.15,11.58181859
1182.632,11.64411338
1183.114,11.69934823
1183.596,11.76026485
1184.079,11.81089385
1184.561,11.88437007
1185.043,11.96147376
1185.525,11.97881082
1186.007,12.07815557
1186.489,12.12738191
1186.971,12.15310757
1187.453,12.21979208
1187.936,12.27965215
1188.418,12.33231386
1188.9,12.39297915
1189.382,12.44118468
1189.864,12.4929578
1190.346,12.54937985
1190.828,12.6013387
1191.31,12.64281786
1191.792,12.6820255
1192.275,12.72438723
1192.757,12.77379613
1193.239,12.82302529
1193.721,12.87721572
1194.203,12.90353427
1194.685,12.96808353
1195.167,13.01213149
1195.649,13.06428481
1196.131,13.09961237
1196.614,13.14872907
1197.096,13.18948296
1197.578,13.23785989
1198.06,13.29020347
1198.542,13.32163541
1199.024,13.37861306
1199.506,13.4133859
1199.988,13.45820193
1200.47,13.49108216
1200.953,13.50627755
1201.435,13.5697679
1201.917,13.59040595
1202.399,13.62843966
1202.881,13.64012374
1203.363,13.68704705
1203.845,13.70736745
1204.327,13.72788854
1204.81,13.77493461
1205.292,13.78912811
1205.774,13.81968888
1206.256,13.84869307
1206.738,13.88118829
1207.22,13.89781647
1207.702,13.92480464
1208.184,13.9539934
1208.667,14.00372863
1209.149,14.00663189
1209.631,14.04526428
1210.113,14.06538891
1210.595,14.08665857
1211.077,14.11183043
1211.559,14.12930647
1212.041,14.15718143
1212.523,14.16881944
1213.006,14.19724214
1213.488,14.20357147
1213.97,14.21387593
1214.452,14.22594118
1214.934,14.25207042
1215.416,14.26861555
1215.898,14.27283358
1216.38,14.26985277
1216.863,14.27830482
1217.345,14.29876293
1217.827,14.29981504
1218.309,14.29561203
1218.791,14.29190262
1219.273,14.28938141
1219.755,14.31706823
1220.237,14.30061721
1220.719,14.30178304
1221.202,14.27588148
1221.684,14.32032457
1222.166,14.31932463
1222.648,14.29351055
1223.13,14.30436716
1223.612,14.30202015
1224.094,14.28645019
1224.576,14.29545114
1225.058,14.31114052
1225.541,14.30402615
1226.023,14.30106347
1226.505,14.29434125
1226.987,14.28211178
1227.469,14.26751445
1227.951,14.26974171
1228.433,14.24594911
1228.915,14.24351509
1229.397,14.23946339
1229.88,14.22295561
1230.362,14.1998749
1230.844,14.18942759
1231.326,14.17881745
1231.808,14.18126336
1232.29,14.15315596
1232.772,14.14462678
1233.254,14.11595524
1233.737,14.10539845
1234.219,14.10267861
1234.701,14.08497381
1235.183,14.06780588
1235.665,14.05443413
1236.147,14.04448582
1236.629,14.03034144
1237.111,14.00914745
1237.594,14.00525329
1238.076,13.96935371
1238.558,13.95574861
1239.04,13.94989246
1239.522,13.94582314
1240.004,13.91440412
1240.486,13.88308381
1240.968,13.85312941
1241.45,13.85940051
1241.933,13.83411255
1242.415,13.80047976
1242.897,13.76121989
1243.379,13.73676833
1243.861,13.69654855
1244.343,13.69349477
1244.825,13.66811279
1245.307,13.64642493
1245.79,13.60743259
1246.272,13.59215597
1246.754,13.57206389
1247.236,13.54845866
1247.718,13.52829818
1248.2,13.52001774
1248.682,13.46442559
1249.164,13.45536187
1249.646,13.43904812
1250.129,13.41167147
1250.611,13.37580911
1251.093,13.37002559
1251.575,13.33543777
1252.057,13.31469028
1252.539,13.28682682
1253.021,13.26879357
1253.503,13.24320259
1253.985,13.22885736
1254.468,13.20318337
1254.95,13.18318005
1255.432,13.15678484
1255.914,13.13810315
1256.396,13.094682
1256.878,13.06696254
1257.36,13.06021011
1257.842,13.02949787
1258.324,13.03196748
1258.807,13.01192532
1259.289,12.98420185
1259.771,12.96877347
1260.253,12.94655793
1260.735,12.91475264
1261.217,12.88798861
1261.699,12.88145093
1262.181,12.84760103
1262.664,12.852241
1263.146,12.83131189
1263.628,12.80885664
1264.11,12.77780137
1264.592,12.7734391
1265.074,12.73368859
1265.556,12.73113661
1266.038,12.70146759
1266.521,12.69577437
1267.003,12.68017746
1267.485,12.65365504
1267.967,12.62697196
1268.449,12.63379521
1268.931,12.6095634
1269.413,12.60906558
1269.895,12.60482917
1270.377,12.58052796
1270.86,12.56044775
1271.342,12.56468442
1271.824,12.54064871
1272.306,12.52570401
1272.788,12.51495046
1273.27,12.51209935
1273.752,12.50336828
1274.234,12.47167199
1274.717,12.45730046
1275.199,12.45961477
1275.681,12.42434477
1276.163,12.42697827
1276.645,12.42714583
1277.127,12.41351956
1277.609,12.40281906
1278.091,12.39718122
1278.573,12.39218572
1279.056,12.36924884
1279.538,12.37869161
1280.02,12.35384282
1280.502,12.34638619
1280.984,12.35731082
1281.466,12.36013324
1281.948,12.34996071
1282.43,12.34544427
1282.912,12.35850826
1283.395,12.35372302
1283.877,12.35171575
1284.359,12.34419961
1284.841,12.35193716
1285.323,12.36339806
1285.805,12.34999218
1286.287,12.34985031
1286.769,12.35215025
1287.251,12.35761832
1287.734,12.36915462
1288.216,12.35142224
1288.698,12.36034404
1289.18,12.33996456
1289.662,12.33240454
1290.144,12.34736028
1290.626,12.34938546
1291.108,12.32064056
1291.591,12.35266128
1292.073,12.3411462
1292.555,12.35022659
1293.037,12.34331763
1293.519,12.35524739
1294.001,12.36873846
1294.483,12.38670954
1294.965,12.37357243
1295.448,12.38821028
1295.93,12.3886284
1296.412,12.38148904
1296.894,12.38974963
1297.376,12.40428716
1297.858,12.40937001
1298.34,12.41643886
1298.822,12.41192386
1299.304,12.41566494
1299.787,12.4226278
1300.269,12.42040512
1300.751,12.44081444
1301.233,12.44659784
1301.715,12.43611651
1302.197,12.45598463
1302.679,12.47913192
1303.161,12.47907449
1303.644,12.48639192
1304.126,12.47030653
1304.608,12.49074246
1305.09,12.51214152
1305.572,12.52201583
1306.054,12.52099144
1306.536,12.5071772
1307.018,12.51645973
1307.5,12.53075743
1307.983,12.51541863
1308.465,12.52676514
1308.947,12.53252299
1309.429,12.54983929
1309.911,12.5474622
1310.393,12.58254111
1310.875,12.58090947
1311.357,12.6036013
1311.839,12.60232405
1312.322,12.63375524
1312.804,12.64132848
1313.286,12.64793399
1313.768,12.68850607
1314.25,12.69597609
1314.732,12.70647258
1315.214,12.70786771
1315.696,12.73561652
1316.178,12.77187376
1316.661,12.77637097
1317.143,12.79223636
1317.625,12.79487667
1318.107,12.81352055
1318.589,12.81962605
1319.071,12.83084237
1319.553,12.85025004
1320.035,12.84917925
1320.518,12.87381615
1321,12.88091423
1321.482,12.90162617
1321.964,12.90855131
1322.446,12.93204804
1322.928,12.94110094
1323.41,12.94844895
1323.892,12.9779377
1324.375,13.0068433
1324.857,13.03748614
1325.339,13.03688146
1325.821,13.09085916
1326.303,13.10277885
1326.785,13.12538534
1327.267,13.16194039
1327.749,13.17909669
1328.231,13.22143658
1328.714,13.22289741
1329.196,13.23884662
1329.678,13.2709305
1330.16,13.27615485
1330.642,13.32649097
1331.124,13.35274429
1331.606,13.3653094
1332.088,13.39155244
1332.571,13.413817
1333.053,13.45130519
1333.535,13.48042659
1334.017,13.48863888
1334.499,13.51802545
1334.981,13.50731243
1335.463,13.55428164
1335.945,13.55206818
1336.427,13.57503817
1336.91,13.6015086
1337.392,13.61532806
1337.874,13.64164203
1338.356,13.66516523
1338.838,13.66295029
1339.32,13.69525776
1339.802,13.74577162
1340.284,13.74408498
1340.766,13.7559921
1341.249,13.78967254
1341.731,13.80850684
1342.213,13.84042456
1342.695,13.87066108
1343.177,13.89471879
1343.659,13.93215862
1344.141,13.9463969
1344.623,13.96428686
1345.105,14.00348047
1345.588,14.04866994
1346.07,14.0704979
1346.552,14.0962086
1347.034,14.13811171
1347.516,14.17964908
1347.998,14.19404517
1348.48,14.23102791
1348.962,14.27457892
1349.445,14.31483098
1349.927,14.33227873
1350.409,14.40002678
1350.891,14.40349665
1351.373,14.43900907
1351.855,14.49801904
1352.337,14.51109784
1352.819,14.5654959
1353.302,14.57193965
1353.784,14.59694744
1354.266,14.63042277
1354.748,14.67069712
1355.23,14.67176712
1355.712,14.71193333
1356.194,14.73467869
1356.676,14.75972344
1357.158,14.80378277
1357.641,14.82839494
1358.123,14.86444538
1358.605,14.88700458
1359.087,14.92389762
1359.569,14.94736236
1360.051,14.97548767
1360.533,15.01584131
1361.015,15.06446803
1361.498,15.08009026
1361.98,15.10135361
1362.462,15.14011822
1362.944,15.16885763
1363.426,15.20439993
1363.908,15.24125031
1364.39,15.25737849
1364.872,15.2840454
1365.354,15.3273798
1365.837,15.33454612
1366.319,15.36870925
1366.801,15.37899705
1367.283,15.41508606
1367.765,15.43510223
1368.247,15.45017938
1368.729,15.49112175
1369.211,15.49788995
1369.693,15.52242183
1370.176,15.56168454
1370.658,15.5801079
1371.14,15.58440458
1371.622,15.60200602
1372.104,15.63394667
1372.586,15.65631756
1373.068,15.69597645
1373.55,15.72004713
1374.032,15.72960535
1374.515,15.76274799
1374.997,15.77265444
1375.479,15.8068779
1375.961,15.83929039
1376.443,15.87755747
1376.925,15.89184742
1377.407,15.900019
1377.889,15.91271124
1378.372,15.93679629
1378.854,15.97696321
1379.336,15.9750913
1379.818,16.00864681
1380.3,16.03781748
1380.782,16.0300431
1381.264,16.06341445
1381.746,16.06814803
1382.229,16.08739522
1382.711,16.10117138
1383.193,16.1150556
1383.675,16.13492598
1384.157,16.14326411
1384.639,16.14626879
1385.121,16.17078333
1385.603,16.1841189
1386.085,16.1802394
1386.568,16.21814734
1387.05,16.19919158
1387.532,16.23126812
1388.014,16.2197988
1388.496,16.25182568
1388.978,16.25401293
1389.46,16.27117134
1389.942,16.26896116
1390.425,16.28278682
1390.907,16.29807552
1391.389,16.28682159
1391.871,16.30653005
1392.353,16.30196267
1392.835,16.31560528
1393.317,16.31734398
1393.799,16.32616037
1394.281,16.33680085
1394.764,16.34701098
1395.246,16.34938931
1395.728,16.35924389
1396.21,16.35439852
1396.692,16.37738453
1397.174,16.36745602
1397.656,16.36620617
1398.138,16.36424034
1398.62,16.36927429
1399.103,16.370179
1399.585,16.36180327
1400.067,16.37146471
1400.549,16.37526125
1401.031,16.37771031
1401.513,16.37675952
1401.995,16.38434354
1402.477,16.3941496
1402.959,16.40368034
1403.442,16.39458959
1403.924,16.397658
1404.406,16.39948217
1404.888,16.41484075
1405.37,16.40305051
1405.852,16.3922307
1406.334,16.39286663
1406.816,16.39794313
1407.299,16.41577128
1407.781,16.41422678
1408.263,16.40004897
1408.745,16.40829325
1409.227,16.40995362
1409.709,16.39859061
1410.191,16.41688377
1410.673,16.40783558
1411.156,16.41580009
1411.638,16.38766355
1412.12,16.40644505
1412.602,16.40278165
1413.084,16.39829592
1413.566,16.40072928
1414.048,16.41737708
1414.53,16.36071833
1415.012,16.39720303
1415.495,16.41028328
1415.977,16.38925752
1416.459,16.42434508
1416.941,16.38640745
1417.423,16.37742972
1417.905,16.36229526
1418.387,16.35204947
1418.869,16.3439559
1419.352,16.3391598
1419.834,16.31968753
1420.316,16.27467533
1420.798,16.29794908
1421.28,16.28901352
1421.762,16.27463076
1422.244,16.27132104
1422.726,16.2845209
1423.208,16.25508544
1423.69,16.26112744
1424.173,16.23575382
1424.655,16.22231526
1425.137,16.23584753
1425.619,16.22978071
1426.101,16.21829561
1426.583,16.2143927
1427.065,16.19758012
1427.547,16.17254844
1428.03,16.17576332
1428.512,16.17666374
1428.994,16.14289835
1429.476,16.12474405
1429.958,16.12631247
1430.44,16.1035324
1430.922,16.09232719
1431.404,16.09876296
1431.886,16.07835004
1432.369,16.07797447
1432.851,16.07069325
1433.333,16.05968564
1433.815,16.04853509
1434.297,16.02142751
1434.779,16.02330356
1435.261,16.01319639
1435.743,15.98244022
1436.226,15.93956492
1436.708,15.9399924
1437.19,15.9279349
1437.672,15.88863043
1438.154,15.87836045
1438.636,15.86769142
1439.118,15.86975143
1439.6,15.86542937
1440.083,15.84577858
1440.565,15.83011608
1441.047,15.81356266
1441.529,15.80681432
1442.011,15.79789162
1442.493,15.78377622
1442.975,15.78661772
1443.457,15.78415418
1443.939,15.75820935
1444.422,15.75476896
1444.904,15.75648169
1445.386,15.74197796
1445.868,15.69402326
1446.35,15.70324381
1446.832,15.68752265
1447.314,15.66445
1447.796,15.64147112
1448.279,15.62949269
1448.76,15.61575667
1449.243,15.58640079
1449.725,15.5861402
1450.207,15.57734174
1450.689,15.56622824
1451.171,15.54707463
1451.653,15.52474046
1452.135,15.53361257
1452.617,15.51856763
1453.1,15.52607866
1453.582,15.50506596
1454.064,15.51121778
1454.546,15.49254817
1455.028,15.46908805
1455.51,15.45134189
1455.992,15.41679621
1456.474,15.38874533
1456.957,15.34572195
1457.439,15.29818092
1457.921,15.27097553
1458.403,15.22324881
1458.885,15.20468894
1459.367,15.17718444
1459.849,15.18847987
1460.331,15.19467785
1460.813,15.17280182
1461.296,15.19291634
1461.778,15.19910713
1462.26,15.19686083
1462.742,15.19243259
1463.224,15.18596835
1463.706,15.1656604
1464.188,15.13204598
1464.67,15.10618939
1465.153,15.12655952
1465.635,15.10223073
1466.117,15.07019806
1466.599,15.08716283
1467.081,15.04592557
1467.563,15.05265491
1468.045,15.06446008
1468.527,15.0396361
1469.01,15.02600345
1469.492,15.03437782
1469.974,15.03910162
1470.456,15.02535107
1470.938,15.01900826
1471.42,15.01656052
1471.902,14.97721032
1472.384,14.96780737
1472.866,14.92890179
1473.349,14.92917599
1473.831,14.9195796
1474.313,14.9122359
1474.795,14.8885909
1475.277,14.85251581
1475.759,14.85924742
1476.241,14.84912487
1476.723,14.84742803
1477.206,14.83975121
1477.688,14.82156436
1478.17,14.83711133
1478.652,14.82904691
1479.134,14.82323504
1479.616,14.80720549
1480.098,14.81097087
1480.58,14.81649863
1481.062,14.82685809
1481.544,14.80182865
1482.027,14.80462948
1482.509,14.79917655
1482.991,14.7980793
1483.473,14.8043262
1483.955,14.79611179
1484.437,14.78592335
1484.919,14.79587878
1485.401,14.79534275
1485.884,14.80903044
1486.366,14.8006956
1486.848,14.78852136
1487.33,14.79968431
1487.812,14.79154033
1488.294,14.78104334
1488.776,14.79915517
1489.258,14.78093645
1489.74,14.79506484
1490.223,14.77390718
1490.705,14.8113184
1491.187,14.77454866
1491.669,14.7946888
1492.151,14.81793991
1492.633,14.83195857
1493.115,14.81825934
1493.597,14.84764426
1494.08,14.84625917
1494.562,14.857539
1495.044,14.86351766
1495.526,14.88429415
1496.008,14.88496509
1496.49,14.91272642
1496.972,14.93012811
1497.454,14.94036332
1497.937,14.95343531
1498.419,14.96177643
1498.901,14.99902893
1499.383,15.00254183
1499.865,15.01338216
1500.347,15.04108176
1500.829,15.04691627
1501.311,15.04914636
1501.793,15.04933797
1502.276,15.07849448
1502.758,15.10563608
1503.24,15.0937209
1503.722,15.10250131
1504.204,15.12569117
1504.686,15.13802249
1505.168,15.15909479
1505.65,15.19678177
1506.133,15.21975853
1506.615,15.25016038
1507.097,15.30329425
1507.579,15.34065122
1508.061,15.34598645
1508.543,15.37924244
1509.025,15.37162031
1509.507,15.35812062
1509.99,15.36211584
1510.471,15.37072552
1510.954,15.38256684
1511.436,15.36755091
1511.918,15.39992113
1512.4,15.40352216
1512.882,15.41722966
1513.364,15.41577371
1513.846,15.39954714
1514.328,15.43647807
1514.811,15.41984482
1515.293,15.44678265
1515.775,15.45481957
1516.257,15.45611322
1516.739,15.49317748
1517.221,15.49224433
1517.703,15.49130323
1518.185,15.53436664
1518.667,15.5461028
1519.15,15.56915056
1519.632,15.59257803
1520.114,15.6061188
1520.596,15.62960354
1521.078,15.66324321
1521.56,15.68324356
1522.042,15.71081909
1522.524,15.72759308
1523.007,15.74588746
1523.489,15.7327106
1523.971,15.74516745
1524.453,15.73529377
1524.935,15.72235088
1525.417,15.71246602
1525.899,15.70774654
1526.381,15.69860328
1526.864,15.68722327
1527.346,15.67234232
1527.828,15.7007313
1528.31,15.69271222
1528.792,15.69824898
1529.274,15.71635267
1529.756,15.73226989
1530.238,15.75671477
1530.72,15.75882103
1531.203,15.76448347
1531.685,15.7592903
1532.167,15.82105999
1532.649,15.84755299
1533.131,15.84461304
1533.613,15.88176763
1534.095,15.89215819
1534.577,15.91126911
1535.06,15.92316625
1535.542,15.9294923
1536.024,15.95464604
1536.506,15.95182803
1536.988,15.94965192
1537.47,15.95194657
1537.952,15.98812982
1538.434,15.98498145
1538.917,16.01177971
1539.398,16.0239656
1539.881,16.03162161
1540.363,16.02039302
1540.845,16.031482
1541.327,16.03959437
1541.809,16.03535869
1542.291,16.01526291
1542.773,16.02606821
1543.255,16.02956593
1543.738,16.00991066
1544.22,16.03594092
1544.702,16.04400333
1545.184,16.02906452
1545.666,16.03744327
1546.148,16.03632983
1546.63,16.03821122
1547.112,16.04010976
1547.594,16.02206033
1548.077,16.02885302
1548.559,16.01885742
1549.041,16.03540131
1549.523,16.02941608
1550.005,16.02508664
1550.487,16.01305575
1550.969,16.01141866
1551.451,15.99437209
1551.934,16.0090477
1552.416,15.99767897
1552.898,16.00424257
1553.38,16.01061501
1553.862,16.01066874
1554.344,16.01740689
1554.826,16.02391993
1555.308,16.02569725
1555.791,16.03186189
1556.273,16.03975368
1556.755,16.02859061
1557.237,16.03014376
1557.719,16.01876695
1558.201,16.02614393
1558.683,16.00598727
1559.165,15.98832993
1559.647,16.00364042
1560.13,16.00826058
1560.612,16.038532
1561.094,16.05070576
1561.576,16.07443541
1562.058,16.07909767
1562.54,16.09326273
1563.022,16.12363972
1563.504,16.14779699
1563.987,16.12742977
1564.469,16.15171164
1564.951,16.17158801
1565.433,16.15661231
1565.915,16.20234407
1566.397,16.20040394
1566.879,16.23485442
1567.361,16.25472658
1567.844,16.26397129
1568.325,16.2780084
1568.808,16.30915894
1569.29,16.33279103
1569.772,16.34515862
1570.254,16.37675385
1570.736,16.39990144
1571.218,16.43534528
1571.7,16.45383137
1572.182,16.47326624
1572.665,16.51139417
1573.147,16.5023523
1573.629,16.53385692
1574.111,16.5496372
1574.593,16.56915342
1575.075,16.58571074
1575.557,16.61906437
1576.039,16.64061642
1576.521,16.69046062
1577.004,16.73093812
1577.486,16.73285
1577.968,16.78026727
1578.45,16.78670514
1578.932,16.8143056
1579.414,16.83205442
1579.896,16.83668554
1580.378,16.87508663
1580.861,16.87331249
1581.343,16.88193334
1581.825,16.90268383
1582.307,16.91494207
1582.789,16.94957756
1583.271,16.96173538
1583.753,16.97648723
1584.235,16.99511335
1584.718,17.02331407
1585.2,17.03380628
1585.682,17.06702515
1586.164,17.07501535
1586.646,17.11219788
1587.128,17.13249743
1587.61,17.1459089
1588.092,17.15977784
1588.574,17.17595229
1589.057,17.20360147
1589.539,17.20631305
1590.021,17.22084259
1590.503,17.25305954
1590.985,17.27271807
1591.467,17.27121981
1591.949,17.27640562
1592.431,17.29773995
1592.914,17.28567112
1593.396,17.29885191
1593.878,17.31119424
1594.36,17.30472186
1594.842,17.31508722
1595.324,17.30977702
1595.806,17.32626898
1596.288,17.31318328
1596.771,17.32089789
1597.252,17.34610141
1597.735,17.33908713
1598.217,17.34492508
1598.699,17.35082057
1599.181,17.3638112
1599.663,17.3608285
1600.145,17.35566353
1600.627,17.37336685
1601.109,17.37177894
1601.592,17.39148879
1602.074,17.38854521
1602.556,17.42497789
1603.038,17.40745719
1603.52,17.40773072
1604.002,17.41100423
1604.484,17.41044019
1604.966,17.42406947
1605.448,17.41356857
1605.931,17.42235865
1606.413,17.42845624
1606.895,17.42525689
1607.377,17.45505224
1607.859,17.43169882
1608.341,17.43219692
1608.823,17.43462535
1609.305,17.41952758
1609.788,17.3961734
1610.27,17.40585458
1610.752,17.41804333
1611.234,17.41310712
1611.716,17.41469718
1612.198,17.39998095
1612.68,17.40413739
1613.162,17.40007287
1613.645,17.40398023
1614.127,17.40595132
1614.609,17.39198693
1615.091,17.39199267
1615.573,17.39539999
1616.055,17.39951063
1616.537,17.39946973
1617.019,17.35292068
1617.501,17.36450933
1617.984,17.35653852
1618.466,17.33257567
1618.948,17.35436369
1619.43,17.34973579
1619.912,17.34089339
1620.394,17.31371601
1620.876,17.32615315
1621.358,17.3411207
1621.841,17.33552634
1622.323,17.32632408
1622.805,17.32199645
1623.287,17.31478435
1623.769,17.30802497
1624.251,17.30763383
1624.733,17.31445633
1625.215,17.3143179
1625.698,17.30181185
1626.179,17.2919062
1626.662,17.30981509
1627.144,17.29946749
1627.626,17.29800184
1628.108,17.30188753
1628.59,17.2918463
1629.072,17.28054325
1629.554,17.29827318
1630.036,17.30041538
1630.519,17.3025553
1631.001,17.32033327
1631.483,17.30027689
1631.965,17.3136694
1632.447,17.33693342
1632.929,17.3373247
1633.411,17.3446203
1633.893,17.34910303
1634.375,17.35845042
1634.858,17.37228958
1635.34,17.35594685
1635.822,17.34803168
1636.304,17.36388256
1636.786,17.35429639
1637.268,17.33063259
1637.75,17.33279179
1638.232,17.32803391
1638.715,17.33314985
1639.197,17.33177899
1639.679,17.31813414
1640.161,17.33495034
1640.643,17.34396979
1641.125,17.33722284
1641.607,17.32101737
1642.089,17.33927926
1642.572,17.32407077
1643.054,17.31285548
1643.536,17.32953048
1644.018,17.30458777
1644.5,17.31430631
1644.982,17.30474439
1645.464,17.30281463
1645.946,17.28550545
1646.428,17.26737507
1646.911,17.25311898
1647.393,17.22952061
1647.875,17.21539634
1648.357,17.21692376
1648.839,17.21985759
1649.321,17.20270308
1649.803,17.20138558
1650.285,17.194474
1650.768,17.19917195
1651.25,17.18851979
1651.732,17.1920881
1652.214,17.16815826
1652.696,17.14845911
1653.178,17.12479745
1653.66,17.08102666
1654.142,17.07132192
1654.625,17.06659356
1655.106,17.06976758
1655.589,17.09629878
1656.071,17.08481827
1656.553,17.07855511
1657.035,17.10886957
1657.517,17.09327486
1657.999,17.09828805
1658.481,17.108125
1658.963,17.08711429
1659.446,17.07599755
1659.928,17.08214145
1660.41,17.08429418
1660.892,17.06255704
1661.374,17.05455218
1661.856,17.03665338
1662.338,17.03512536
1662.82,17.03365833
1663.302,16.99631801
1663.785,17.01124208
1664.267,17.00137302
1664.749,16.99347893
1665.231,17.0077993
1665.713,16.98968382
1666.195,17.02562614
1666.677,17.0046612
1667.159,16.9999644
1667.642,16.99979652
1668.124,16.99869615
1668.606,16.98507013
1669.088,16.97152271
1669.57,16.95452597
1670.052,16.94457019
1670.534,16.92998329
1671.016,16.9284619
1671.499,16.90306051
1671.981,16.91485681
1672.463,16.90123629
1672.945,16.86178795
1673.427,16.84540956
1673.909,16.82641965
1674.391,16.80678395
1674.873,16.77954396
1675.355,16.78899945
1675.838,16.76149168
1676.32,16.75274469
1676.802,16.73479633
1677.284,16.70621383
1677.766,16.72694298
1678.248,16.71289759
1678.73,16.71188257
1679.212,16.69417203
1679.695,16.72257526
1680.177,16.69801537
1680.659,16.68094067
1681.141,16.68648896
1681.623,16.68430049
1682.105,16.64095885
1682.587,16.65925556
1683.069,16.63336858
1683.552,16.62086644
1684.033,16.61374539
1684.516,16.57049201
1684.998,16.54906327
1685.48,16.55083476
1685.962,16.52959015
1686.444,16.51064488
1686.926,16.51896388
1687.408,16.50227849
1687.89,16.49757625
1688.373,16.50643008
1688.855,16.49487926
1689.337,16.47489788
1689.819,16.45846717
1690.301,16.46391779
1690.783,16.45413106
1691.265,16.44472985
1691.747,16.44180888
1692.229,16.4391582
1692.712,16.4124664
1693.194,16.42760877
1693.676,16.40912034
1694.158,16.39799697
1694.64,16.39880221
1695.122,16.40821517
1695.604,16.38258392
1696.086,16.38998304
1696.569,16.37449827
1697.051,16.37898515
1697.533,16.39479707
1698.015,16.37568877
1698.497,16.36367165
1698.979,16.34305616
1699.461,16.33793723
1699.943,16.29661642
1700.426,16.27557403
1700.908,16.25451215
1701.39,16.2803441
1701.872,16.25075083
1702.354,16.25427087
1702.836,16.25142235
1703.318,16.2427574
1703.8,16.23231241
1704.282,16.22021421
1704.765,16.21018697
1705.247,16.20232404
1705.729,16.21908375
1706.211,16.17188695
1706.693,16.1748702
1707.175,16.17722676
1707.657,16.17171078
1708.139,16.18283923
1708.622,16.17187785
1709.104,16.15928141
1709.586,16.16345716
1710.068,16.162009
1710.55,16.16408291
1711.032,16.15394145
1711.514,16.15831516
1711.996,16.15452527
1712.479,16.14384165
1712.96,16.13746342
1713.443,16.1553648
1713.925,16.15524226
1714.407,16.15444582
1714.889,16.15251524
1715.371,16.14224763
1715.853,16.13967391
1716.335,16.1163448
1716.817,16.12492679
1717.3,16.08206677
1717.782,16.05535913
1718.264,16.03045474
1718.746,16.00989025
1719.228,16.00406574
1719.71,15.97399975
1720.192,16.01437003
1720.674,16.00011911
1721.156,15.99693511
1721.639,16.003456
1722.121,16.01080513
1722.603,15.99792873
1723.085,16.00148789
1723.567,16.00754608
1724.049,16.00811295
1724.531,15.99211584
1725.013,15.99020244
1725.496,15.98682702
1725.978,15.98336964
1726.46,15.98150527
1726.942,15.98307397
1727.424,15.98136075
1727.906,15.98682473
1728.388,15.98982622
1728.87,15.9961834
1729.353,15.99420757
1729.835,15.98954712
1730.317,15.99521881
1730.799,15.98555314
1731.281,15.98918078
1731.763,15.98612302
1732.245,15.98262379
1732.727,15.96096648
1733.209,15.96039434
1733.692,15.97860414
1734.174,15.95420861
1734.656,15.92829664
1735.138,15.95606163
1735.62,15.95709072
1736.102,15.98103407
1736.584,15.98266615
1737.066,16.00679971
1737.549,16.01677224
1738.031,15.99977078
1738.513,16.00885541
1738.995,16.02676697
1739.477,16.02215982
1739.959,16.02409046
1740.441,16.02695624
1740.923,16.01720422
1741.406,16.03435511
1741.887,16.027827
1742.37,16.03692494
1742.852,16.02546891
1743.334,16.05524835
1743.816,16.04726152
1744.298,16.05141855
1744.78,16.05766263
1745.262,16.06774678
1745.744,16.07436915
1746.227,16.10098059
1746.709,16.0876973
1747.191,16.10525176
1747.673,16.12177719
1748.155,16.10580475
1748.637,16.12283148
1749.119,16.11848629
1749.601,16.11831689
1750.083,16.08669241
1750.566,16.10275068
1751.048,16.10235393
1751.53,16.12233693
1752.012,16.10932741
1752.494,16.13207188
1752.976,16.14371275
1753.458,16.14259383
1753.94,16.16200898
1754.423,16.17676613
1754.905,16.18462785
1755.387,16.18796872
1755.869,16.19921208
1756.351,16.21332259
1756.833,16.22448961
1757.315,16.25042953
1757.797,16.23743336
1758.28,16.24848122
1758.762,16.28144525
1759.244,16.28436671
1759.726,16.28002892
1760.208,16.27512609
1760.69,16.30487312
1761.172,16.30008849
1761.654,16.33266439
1762.136,16.34180239
1762.619,16.33035906
1763.101,16.34342005
1763.583,16.365219
1764.065,16.37871534
1764.547,16.39805497
1765.029,16.4157591
1765.511,16.41631734
1765.993,16.42689134
1766.476,16.44850973
1766.958,16.46333801
1767.44,16.46752697
1767.922,16.49591291
1768.404,16.48818906
1768.886,16.51055074
1769.368,16.52837669
1769.85,16.52253079
1770.333,16.54692096
1770.814,16.54605778
1771.297,16.5668869
1771.779,16.57016949
1772.261,16.5883192
1772.743,16.58391402
1773.225,16.59451264
1773.707,16.61974474
1774.189,16.60920698
1774.671,16.65500395
1775.154,16.65888806
1775.636,16.66203428
1776.118,16.677584
1776.6,16.71392541
1777.082,16.7013569
1777.564,16.72798474
1778.046,16.73481455
1778.528,16.74211233
1779.01,16.77279176
1779.493,16.79175062
1779.975,16.79867345
1780.457,16.801164
1780.939,16.80856646
1781.421,16.83406474
1781.903,16.83910078
1782.385,16.8749351
1782.867,16.89315306
1783.35,16.89212036
1783.832,16.89499103
1784.314,16.92689207
1784.796,16.91152917
1785.278,16.94208355
1785.76,16.96713323
1786.242,16.97310958
1786.724,16.99297261
1787.207,17.01203552
1787.689,17.0497528
1788.171,17.07114924
1788.653,17.0683942
1789.135,17.09130733
1789.617,17.1149505
1790.099,17.12944432
1790.581,17.13794138
1791.063,17.17127079
1791.546,17.19379752
1792.028,17.20668362
1792.51,17.20900844
1792.992,17.21016483
1793.474,17.234925
1793.956,17.26968649
1794.438,17.26648888
1794.92,17.28464146
1795.403,17.292572
1795.885,17.30587011
1796.367,17.3157869
1796.849,17.32210486
1797.331,17.3302822
1797.813,17.34556764
1798.295,17.36109524
1798.777,17.38613533
1799.26,17.36969765
1799.741,17.40719372
1800.224,17.42038885
1800.706,17.43457343
1801.188,17.45765852
1801.67,17.44352468
1802.152,17.47753313
1802.634,17.50512391
1803.116,17.50479965
1803.598,17.52188527
1804.081,17.5301588
1804.563,17.53797527
1805.045,17.54426857
1805.527,17.57278368
1806.009,17.57243936
1806.491,17.58591543
1806.973,17.60213702
1807.455,17.61717468
1807.938,17.63474882
1808.42,17.63478287
1808.902,17.653644
1809.384,17.64214715
1809.866,17.69149822
1810.348,17.67960638
1810.83,17.6883619
1811.312,17.7025755
1811.794,17.72651706
1812.277,17.73308388
1812.759,17.74521779
1813.241,17.75648305
1813.723,17.78520713
1814.205,17.78797155
1814.687,17.79059496
1815.169,17.80177335
1815.651,17.82818641
1816.134,17.83191241
1816.616,17.85276145
1817.098,17.85802492
1817.58,17.85413104
1818.062,17.87839173
1818.544,17.90544654
1819.026,17.90736469
1819.508,17.89765152
1819.99,17.93982759
1820.473,17.93483255
1820.955,17.94525098
1821.437,17.93614023
1821.919,17.95257759
1822.401,17.97781721
1822.883,17.95042485
1823.365,17.98694064
1823.847,17.98467246
1824.33,18.0009356
1824.812,18.02211084
1825.294,18.0204618
1825.776,18.01768563
1826.258,18.02924647
1826.74,18.0388368
1827.222,18.06417792
1827.704,18.06555591
1828.187,18.07585495
1828.668,18.09078224
1829.151,18.09800104
1829.633,18.09228417
1830.115,18.10420629
1830.597,18.13155104
1831.079,18.12246807
1831.561,18.13793453
1832.043,18.15369473
1832.525,18.1685807
1833.008,18.16615877
1833.49,18.17051416
1833.972,18.162372
1834.454,18.18101164
1834.936,18.18835231
1835.418,18.2019363
1835.9,18.19763278
1836.382,18.20829387
1836.865,18.21286451
1837.347,18.20414822
1837.829,18.21598484
1838.311,18.21735432
1838.793,18.23031469
1839.275,18.24371493
1839.757,18.21524056
1840.239,18.23428859
1840.721,18.23926453
1841.204,18.26232135
1841.686,18.25505834
1842.168,18.2472268
1842.65,18.25614954
1843.132,18.26097287
1843.614,18.2715376
1844.096,18.27344824
1844.578,18.27793471
1845.061,18.28069091
1845.543,18.28038427
1846.025,18.30456201
1846.507,18.30996235
1846.989,18.30751053
1847.471,18.2928714
1847.953,18.30474302
1848.435,18.30748575
1848.917,18.31162725
1849.4,18.30982058
1849.882,18.33443237
1850.364,18.31554678
1850.846,18.30740572
1851.328,18.29470803
1851.81,18.32893737
1852.292,18.30689403
1852.774,18.29014174
1853.257,18.30536176
1853.739,18.29639793
1854.221,18.29312552
1854.703,18.31458161
1855.185,18.32210284
1855.667,18.3118114
1856.149,18.31699375
1856.631,18.31335703
1857.114,18.31174125
1857.595,18.30927281
1858.078,18.31837091
1858.56,18.30679491
1859.042,18.320856
1859.524,18.31682496
1860.006,18.30802944
1860.488,18.31499316
1860.97,18.3254301
1861.452,18.3072174
1861.935,18.31771415
1862.417,18.30992474
1862.899,18.32880511
1863.381,18.3274061
1863.863,18.32868935
1864.345,18.33257378
1864.827,18.32349177
1865.309,18.33737016
1865.792,18.32917133
1866.274,18.34231216
1866.756,18.34494004
1867.238,18.32921974
1867.72,18.33944702
1868.202,18.31386816
1868.684,18.3296538
1869.166,18.30926391
1869.648,18.26813767
1870.131,18.28267297
1870.613,18.28256241
1871.095,18.29846383
1871.577,18.29094861
1872.059,18.27984045
1872.541,18.26537644
1873.023,18.24211725
1873.505,18.25656283
1873.988,18.25290301
1874.47,18.26063288
1874.952,18.24078969
1875.434,18.23339716
1875.916,18.25116048
1876.398,18.23717291
1876.88,18.23237144
1877.362,18.22509143
1877.844,18.21908243
1878.327,18.19659021
1878.809,18.19895068
1879.291,18.18899455
1879.773,18.20185105
1880.255,18.19135618
1880.737,18.17283643
1881.219,18.17455413
1881.701,18.16126239
1882.184,18.16751045
1882.666,18.13401209
1883.148,18.1402196
1883.63,18.15166039
1884.112,18.12079175
1884.594,18.11912104
1885.076,18.0968274
1885.558,18.10358337
1886.041,18.1039204
1886.522,18.08856591
1887.005,18.08444209
1887.487,18.07157758
1887.969,18.08295733
1888.451,18.07442791
1888.933,18.06815688
1889.415,18.03341817
1889.897,18.02854634
1890.379,18.03064118
1890.862,18.01397754
1891.344,18.01041679
1891.826,18.0049559
1892.308,18.01442708
1892.79,17.99472941
1893.272,17.98774359
1893.754,17.96949429
1894.236,17.97321666
1894.719,17.95033145
1895.201,17.94338067
1895.683,17.94443261
1896.165,17.90730832
1896.647,17.90245872
1897.129,17.90133329
1897.611,17.89138659
1898.093,17.87504235
1898.575,17.87433185
1899.058,17.87034499
1899.54,17.85991963
1900.022,17.83126034
1900.504,17.82132946
1900.986,17.82039677
1901.468,17.82142118
1901.95,17.80978839
1902.432,17.80209722
1902.915,17.79486286
1903.397,17.80236081
1903.879,17.77446344
1904.361,17.74374147
1904.843,17.76007962
1905.325,17.74665625
1905.807,17.74998379
1906.289,17.71860656
1906.771,17.6974842
1907.254,17.69862208
1907.736,17.71504004
1908.218,17.68550135
1908.7,17.66343917
1909.182,17.64394617
1909.664,17.64855429
1910.146,17.63705352
1910.628,17.62106756
1911.111,17.62443393
1911.593,17.59317106
1912.075,17.60098064
1912.557,17.59238914
1913.039,17.57453337
1913.521,17.56619516
1914.003,17.56618603
1914.485,17.54404745
1914.968,17.52332532
1915.449,17.556065
1915.932,17.51329915
1916.414,17.50778511
1916.896,17.51576149
1917.378,17.49818012
1917.86,17.48474472
1918.342,17.4773998
1918.824,17.45491747
1919.306,17.46018499
1919.789,17.43316355
1920.271,17.42615083
1920.753,17.43352866
1921.235,17.4440974
1921.717,17.41489016
1922.199,17.39731932
1922.681,17.40489881
1923.163,17.35385357
1923.646,17.355597
1924.128,17.3428711
1924.61,17.32960387
1925.092,17.30594121
1925.574,17.32777473
1926.056,17.2830943
1926.538,17.28923335
1927.02,17.2793145
1927.502,17.26597369
1927.985,17.25469207
1928.467,17.25700627
1928.949,17.23363391
1929.431,17.22631316
1929.913,17.23721322
1930.395,17.21988223
1930.877,17.19347595
1931.359,17.18475647
1931.842,17.18234062
1932.324,17.17748484
1932.806,17.19567792
1933.288,17.16346254
1933.77,17.1567965
1934.252,17.13619992
1934.734,17.13210034
1935.216,17.12076752
1935.698,17.11521802
1936.181,17.10484822
1936.663,17.0902566
1937.145,17.09457571
1937.627,17.10024431
1938.109,17.06606685
1938.591,17.07907241
1939.073,17.05196823
1939.555,17.05471092
1940.038,17.04014671
1940.52,17.0300938
1941.002,17.04974425
1941.484,17.04491187
1941.966,17.02043944
1942.448,17.02556174
1942.93,17.00825849
1943.412,16.98637788
1943.895,16.99785407
1944.376,16.99522516
1944.859,16.97598443
1945.341,16.96067751
1945.823,16.96211653
1946.305,16.95904794
1946.787,16.93975149
1947.269,16.94588446
1947.751,16.92309673
1948.233,16.92900136
1948.716,16.91991043
1949.198,16.93179566
1949.68,16.92357111
1950.162,16.91396437
1950.644,16.90323558
1951.126,16.89561236
1951.608,16.9016159
1952.09,16.90977658
1952.573,16.88704823
1953.055,16.88298658
1953.537,16.88193021
1954.019,16.87830701
1954.501,16.86529018
1954.983,16.86621282
1955.465,16.88501116
1955.947,16.87329058
1956.429,16.84395386
1956.912,16.84427108
1957.394,16.84480132
1957.876,16.81914706
1958.358,16.83675147
1958.84,16.84162251
1959.322,16.84028147
1959.804,16.84113691
1960.286,16.82858308
1960.769,16.83392584
1961.251,16.81999846
1961.733,16.81507802
1962.215,16.8335872
1962.697,16.82188582
1963.179,16.80335639
1963.661,16.81678382
1964.143,16.80895349
1964.625,16.82719586
1965.108,16.82779823
1965.59,16.80590647
1966.072,16.80750408
1966.554,16.80847589
1967.036,16.79792009
1967.518,16.80405858
1968,16.81301601
1968.482,16.79775983
1968.965,16.78998776
1969.447,16.80025803
1969.929,16.82374563
1970.411,16.79449583
1970.893,16.81262866
1971.375,16.80271021
1971.857,16.81988818
1972.339,16.80747815
1972.822,16.80534829
1973.303,16.83022836
1973.786,16.82059135
1974.268,16.78394209
1974.75,16.8300827
1975.232,16.81991263
1975.714,16.81722602
1976.196,16.81748239
1976.678,16.85021381
1977.16,16.81500812
1977.643,16.83861224
1978.125,16.83298426
1978.607,16.85187312
1979.089,16.84512337
1979.571,16.84222575
1980.053,16.84962745
1980.535,16.85187694
1981.017,16.82892879
1981.5,16.86228848
1981.982,16.84638549
1982.464,16.84722873
1982.946,16.86325166
1983.428,16.87360818
1983.91,16.87731128
1984.392,16.86385557
1984.874,16.88564232
1985.356,16.89395617
1985.839,16.88632766
1986.321,16.89501009
1986.803,16.88673858
1987.285,16.92175406
1987.767,16.91158849
1988.249,16.94213846
1988.731,16.92420946
1989.213,16.94409088
1989.696,16.92401152
1990.178,16.93895701
1990.66,16.94184986
1991.142,16.95709383
1991.624,16.95959988
1992.106,16.99978653
1992.588,16.96053893
1993.07,16.98695745
1993.552,16.98644712
1994.035,16.98087923
1994.517,16.99857634
1994.999,16.99290484
1995.481,16.99337685
1995.963,17.00000762
1996.445,17.02529581
1996.927,17.02888419
1997.409,17.0232413
1997.892,17.02992247
1998.374,17.03551899
1998.856,17.06265966
1999.338,17.06672171
1999.82,17.08385372
2000.302,17.07884414
2000.784,17.08388117
2001.266,17.08656604
2001.749,17.10209854
2002.23,17.11394037
2002.713,17.13078006
2003.195,17.13895853
2003.677,17.13013846
2004.159,17.13220282
2004.641,17.14668605
2005.123,17.18067712
2005.605,17.17733653
2006.087,17.18059998
2006.57,17.1943481
2007.052,17.19048835
2007.534,17.21073747
2008.016,17.2163739
2008.498,17.22237255
2008.98,17.23732967
2009.462,17.22189492
2009.944,17.26725373
2010.427,17.2628049
2010.909,17.28372004
2011.391,17.27504647
2011.873,17.29964464
2012.355,17.29220425
2012.837,17.28802226
2013.319,17.31696722
2013.801,17.3306003
2014.283,17.33993155
2014.766,17.34324827
2015.248,17.36582948
2015.73,17.37473995
2016.212,17.37952871
2016.694,17.38540643
2017.176,17.41040498
2017.658,17.41137633
2018.14,17.41929403
2018.623,17.4587967
2019.105,17.4457405
2019.587,17.45351635
2020.069,17.44975158
2020.551,17.47804151
2021.033,17.48494717
2021.515,17.50597793
2021.997,17.50513683
2022.479,17.52664222
2022.962,17.53076729
2023.444,17.53495519
2023.926,17.56191591
2024.408,17.56707054
2024.89,17.58949522
2025.372,17.59637412
2025.854,17.60528451
2026.336,17.61219384
2026.819,17.62407271
2027.301,17.64371336
2027.783,17.64492984
2028.265,17.64180184
2028.747,17.67120381
2029.229,17.66238911
2029.711,17.67443885
2030.193,17.70341002
2030.676,17.71007707
2031.157,17.70318267
2031.64,17.72149345
2032.122,17.725147
2032.604,17.74432739
2033.086,17.74932043
2033.568,17.78023824
2034.05,17.78485195
2034.532,17.79458869
2035.014,17.80976706
2035.497,17.84513503
2035.979,17.83507302
2036.461,17.83320006
2036.943,17.87109057
2037.425,17.84776565
2037.907,17.87370854
2038.389,17.91042935
2038.871,17.89624768
2039.354,17.90796743
2039.836,17.9396621
2040.318,17.94391201
2040.8,17.95670158
2041.282,17.97107082
2041.764,17.98550185
2042.246,17.98993815
2042.728,18.02225744
2043.21,18.01187735
2043.693,18.03855779
2044.175,18.0498244
2044.657,18.06177229
2045.139,18.05764993
2045.621,18.07893705
2046.103,18.07068343
2046.585,18.0946436
2047.067,18.10401634
2047.55,18.11547108
2048.032,18.1295289
2048.514,18.13883805
2048.996,18.16771197
2049.478,18.1705524
2049.96,18.17089214
2050.442,18.17260359
2050.924,18.20376505
2051.406,18.20875937
2051.889,18.21988723
2052.371,18.23055798
2052.853,18.24215388
2053.335,18.2675368
2053.817,18.27396261
2054.299,18.28734618
2054.781,18.27585253
2055.263,18.30108127
2055.746,18.31556327
2056.228,18.3217172
2056.71,18.3199937
2057.192,18.34712351
2057.674,18.33120862
2058.156,18.34624561
2058.638,18.35149469
2059.12,18.36542779
2059.603,18.39152149
2060.084,18.36865398
2060.567,18.38799057
2061.049,18.39241496
2061.531,18.40073971
2062.013,18.4352902
2062.495,18.41679101
2062.977,18.42679837
2063.459,18.45131115
2063.941,18.45102168
2064.424,18.44518887
2064.906,18.4709843
2065.388,18.48948066
2065.87,18.47533997
2066.352,18.49779695
2066.834,18.5019676
2067.316,18.5189518
2067.798,18.50815691
2068.281,18.52591942
2068.763,18.5292111
2069.245,18.49421283
2069.727,18.54471228
2070.209,18.5347841
2070.691,18.54685424
2071.173,18.54300483
2071.655,18.55453534
2072.137,18.573151
2072.62,18.55658096
2073.102,18.55869019
2073.584,18.56306213
2074.066,18.58861189
2074.548,18.57786063
2075.03,18.59449453
2075.512,18.59571581
2075.994,18.61068302
2076.477,18.607146
2076.959,18.62571351
2077.441,18.62256682
2077.923,18.61812726
2078.405,18.63331826
2078.887,18.64255973
2079.369,18.65852848
2079.851,18.63305955
2080.333,18.66477327
2080.816,18.6527429
2081.298,18.6731314
2081.78,18.67951594
2082.262,18.66948217
2082.744,18.70032637
2083.226,18.69075566
2083.708,18.69061779
2084.19,18.69105839
2084.673,18.68903982
2085.155,18.6943283
2085.637,18.69665236
2086.119,18.68841368
2086.601,18.70309315
2087.083,18.73061978
2087.565,18.68987939
2088.047,18.73027181
2088.53,18.72263263
2089.011,18.71379948
2089.494,18.72824219
2089.976,18.75242229
2090.458,18.71348153
2090.94,18.71234651
2091.422,18.73407959
2091.904,18.7350517
2092.386,18.73385585
2092.868,18.71140469
2093.351,18.74762077
2093.833,18.7241348
2094.315,18.71642332
2094.797,18.73218822
2095.279,18.73967813
2095.761,18.71227923
2096.243,18.71837259
2096.725,18.73469138
2097.208,18.7326109
2097.69,18.73936936
2098.172,18.74750619
2098.654,18.74046915
2099.136,18.73587011
2099.618,18.7348731
2100.1,18.73573374
2100.582,18.71734221
2101.064,18.7218878
2101.547,18.74792252
2102.029,18.74690169
2102.511,18.72460723
2102.993,18.72556701
2103.475,18.7432277
2103.957,18.73426174
2104.439,18.74181222
2104.921,18.7309638
2105.404,18.72153302
2105.886,18.74439805
2106.368,18.72254263
2106.85,18.70737501
2107.332,18.71032554
2107.814,18.71997052
2108.296,18.71229573
2108.778,18.7057137
2109.26,18.68848289
2109.743,18.69251695
2110.225,18.69234363
2110.707,18.69304571
2111.189,18.67158483
2111.671,18.6930242
2112.153,18.68245344
2112.635,18.68999492
2113.117,18.69235228
2113.6,18.70303154
2114.082,18.69668465
2114.564,18.68833799
2115.046,18.70704963
2115.528,18.66680191
2116.01,18.69999716
2116.492,18.65782385
2116.974,18.67030945
2117.457,18.67650351
2117.938,18.6465725
2118.421,18.64707985
2118.903,18.64380792
2119.385,18.64726526
2119.867,18.63632331
2120.349,18.64734309
2120.831,18.63806982
2121.313,18.60418397
2121.795,18.62785291
2122.278,18.61965265
2122.76,18.59930818
2123.242,18.57880237
2123.724,18.58903692
2124.206,18.59026335
2124.688,18.59280824
2125.17,18.5780158
2125.652,18.54643366
2126.135,18.59651729
2126.617,18.58584612
2127.099,18.56710467
2127.581,18.57094962
2128.063,18.5522644
2128.545,18.5605175
2129.027,18.56125506
2129.509,18.52240431
2129.991,18.54092993
2130.474,18.52613426
2130.956,18.53076324
2131.438,18.50603942
2131.92,18.52535593
2132.402,18.52463105
2132.884,18.49901494
2133.366,18.51180148
2133.848,18.50076469
2134.331,18.48041963
2134.813,18.46841573
2135.295,18.4648099
2135.777,18.46914492
2136.259,18.47465513
2136.741,18.46954357
2137.223,18.44968982
2137.705,18.44509338
2138.188,18.43394148
2138.67,18.43242335
2139.152,18.41637873
2139.634,18.40779305
2140.116,18.40633644
2140.598,18.41127703
2141.08,18.39156767
2141.562,18.38494672
2142.044,18.37566736
2142.527,18.37587897
2143.009,18.3488032
2143.491,18.36320587
2143.973,18.34446954
2144.455,18.32570016
2144.937,18.31916159
2145.419,18.29661737
2145.901,18.30580316
2146.384,18.29116977
2146.865,18.28176178
2147.348,18.2781045
2147.83,18.27266784
2148.312,18.276486
2148.794,18.25035968
2149.276,18.23322566
2149.758,18.23395614
2150.24,18.2489254
2150.722,18.24272606
2151.205,18.20744454
2151.687,18.19044917
2152.169,18.19297439
2152.651,18.20446459
2153.133,18.18255241
2153.615,18.17937092
2154.097,18.16608073
2154.579,18.14974949
2155.062,18.13877581
2155.544,18.11713995
2156.026,18.1292407
2156.508,18.12965637
2156.99,18.11498487
2157.472,18.09713802
2157.954,18.09618782
2158.436,18.08198709
2158.918,18.09348473
2159.401,18.08397441
2159.883,18.04351468
2160.365,18.04629015
2160.847,18.02754098
2161.329,18.04066412
2161.811,18.03080702
2162.293,18.00704524
2162.775,18.01288613
2163.258,17.98825964
2163.74,17.98027338
2164.222,17.96764012
2164.704,17.96796218
2165.186,17.97844961
2165.668,17.94385777
2166.15,17.93836145
2166.632,17.91703563
2167.115,17.91435579
2167.597,17.90198346
2168.079,17.88078447
2168.561,17.86577904
2169.043,17.8766113
2169.525,17.85921774
2170.007,17.86636969
2170.489,17.86869231
2170.971,17.8408947
2171.454,17.83610846
2171.936,17.84167077
2172.418,17.85116859
2172.9,17.82737736
2173.382,17.79842045
2173.864,17.79236101
2174.346,17.80966065
2174.828,17.79478995
2175.311,17.78313895
2175.792,17.76301323
2176.275,17.74274488
2176.757,17.75690718
2177.239,17.7503855
2177.721,17.7264264
2178.203,17.73607298
2178.685,17.7136698
2179.167,17.71277524
2179.649,17.71049296
2180.132,17.70433878
2180.614,17.70035748
2181.096,17.69786475
2181.578,17.67414819
2182.06,17.66589824
2182.542,17.66736514
2183.024,17.65383606
2183.506,17.66271678
2183.989,17.66416057
2184.471,17.64755205
2184.953,17.63849391
2185.435,17.63267041
2185.917,17.61938028
2186.399,17.61617273
2186.881,17.60830862
2187.363,17.5966634
2187.845,17.60903151
2188.328,17.58961258
2188.81,17.58786909
2189.292,17.56425995
2189.774,17.55521603
2190.256,17.55004783
2190.738,17.54299494
2191.22,17.55742777
2191.702,17.52962729
2192.185,17.5169364
2192.667,17.5281366
2193.149,17.51331459
2193.631,17.49244218
2194.113,17.50117367
2194.595,17.4837515
2195.077,17.49752837
2195.559,17.48411426
2196.042,17.48727994
2196.524,17.48575791
2197.006,17.47752651
2197.488,17.50358924
2197.97,17.48216499
2198.452,17.48586537
2198.934,17.44685307
2199.416,17.43828587
2199.898,17.44950035
2200.381,17.43176772
2200.863,17.44530638
2201.345,17.45169411
2201.827,17.44241445
2202.309,17.42391296
2202.791,17.43772035
2203.273,17.42906358
2203.755,17.43164745
2204.238,17.43512026
2204.719,17.40476425
2205.202,17.40638015
2205.684,17.38418008
2206.166,17.40658893
2206.648,17.38745427
2207.13,17.41237832
2207.612,17.39540965
2208.094,17.39338211
2208.576,17.37241252
2209.059,17.37502522
2209.541,17.36986074
2210.023,17.37394332
2210.505,17.37160085
2210.987,17.36276363
2211.469,17.36009337
2211.951,17.37671402
2212.433,17.36655814
2212.916,17.34893317
2213.398,17.37080628
2213.88,17.36900463
2214.362,17.37101323
2214.844,17.34753587
2215.326,17.36207945
2215.808,17.37068191
2216.29,17.3813297
2216.772,17.35894119
2217.255,17.33900189
2217.737,17.35974092
2218.219,17.35713351
2218.701,17.35844941
2219.183,17.37204842
2219.665,17.36493857
2220.147,17.37027531
2220.629,17.36239825
2221.112,17.36122263
2221.594,17.38798069
2222.076,17.37718387
2222.558,17.3715345
2223.04,17.36087642
2223.522,17.38489537
2224.004,17.37248152
2224.486,17.37414069
2224.969,17.39294956
2225.451,17.39733574
2225.933,17.39274083
2226.415,17.37943118
2226.897,17.39468214
2227.379,17.40046704
2227.861,17.38828732
2228.343,17.38998869
2228.825,17.38552446
2229.308,17.39866916
2229.79,17.40203571
2230.272,17.4019684
2230.754,17.41138738
2231.236,17.41169652
2231.718,17.40907596
2232.2,17.41140991
2232.682,17.41299002
2233.165,17.41353707
2233.646,17.41680503
2234.129,17.41752923
2234.611,17.43202188
2235.093,17.42722246
2235.575,17.42574364
2236.057,17.42565559
2236.539,17.43724122
2237.021,17.44672785
2237.503,17.43403433
2237.986,17.43604657
2238.468,17.44142107
2238.95,17.45715586
2239.432,17.45436411
2239.914,17.43625462
2240.396,17.46439322
2240.878,17.48186789
2241.36,17.47390507
2241.843,17.49188711
2242.325,17.48103249
2242.807,17.49367186
2243.289,17.48983048
2243.771,17.51154717
2244.253,17.50564795
2244.735,17.50187293
2245.217,17.50672814
2245.699,17.51888952
2246.182,17.5047478
2246.664,17.52068428
2247.146,17.53391541
2247.628,17.50957844
2248.11,17.5169816
2248.592,17.53575828
2249.074,17.55689925
2249.556,17.54215868
2250.039,17.5556714
2250.521,17.55312193
2251.003,17.57492777
2251.485,17.56673387
2251.967,17.57654362
2252.449,17.57482271
2252.931,17.59008864
2253.413,17.58526758
2253.896,17.59400572
2254.378,17.61150753
2254.86,17.63012104
2255.342,17.64535918
2255.824,17.6265208
2256.306,17.62458422
2256.788,17.64590215
2257.27,17.65387503
2257.752,17.66604965
2258.235,17.66520078
2258.717,17.68504591
2259.199,17.66800083
2259.681,17.68109075
2260.163,17.68200749
2260.645,17.66552281
2261.127,17.68824735
2261.609,17.72547097
2262.092,17.69381412
2262.573,17.70788973
2263.056,17.70339789
2263.538,17.70842187
2264.02,17.71509528
2264.502,17.73638311
2264.984,17.75013221
2265.466,17.76590609
2265.948,17.73683439
2266.43,17.78547992
2266.913,17.78766602
2267.395,17.79464012
2267.877,17.77466835
2268.359,17.79685529
2268.841,17.81972287
2269.323,17.82014196
2269.805,17.82931944
2270.287,17.84556207
2270.77,17.83113025
2271.252,17.8497497
2271.734,17.85214502
2272.216,17.85688432
2272.698,17.86705779
2273.18,17.86510356
2273.662,17.89250886
2274.144,17.88757436
2274.626,17.87893009
2275.109,17.90665903
2275.591,17.89444721
2276.073,17.92003012
2276.555,17.92929415
2277.037,17.92105346
2277.519,17.93801892
2278.001,17.93823162
2278.483,17.96148602
2278.966,17.98345994
2279.448,18.00275935
2279.93,17.99759153
2280.412,17.99484415
2280.894,18.00229107
2281.376,18.03172919
2281.858,18.03973157
2282.34,18.03303157
2282.823,18.04957074
2283.305,18.04742496
2283.787,18.06628113
2284.269,18.06270049
2284.751,18.07736906
2285.233,18.0793393
2285.715,18.08623407
2286.197,18.09733402
2286.679,18.11513733
2287.162,18.09693521
2287.644,18.1289745
2288.126,18.11907926
2288.608,18.1051134
2289.09,18.13675794
2289.572,18.12583344
2290.054,18.11766266
2290.536,18.11737758
2291.019,18.1375723
2291.5,18.11561305
2291.983,18.11941936
2292.465,18.1283515
2292.947,18.12796214
2293.429,18.1297028
2293.911,18.12545463
2294.393,18.10819152
2294.875,18.1129471
2295.357,18.13454447
2295.84,18.13130573
2296.322,18.13356452
2296.804,18.12797806
2297.286,18.11593206
2297.768,18.13681051
2298.25,18.13228677
2298.732,18.14975754
2299.214,18.14691448
2299.697,18.16532252
2300.179,18.15771346
2300.661,18.17014007
2301.143,18.16137255
2301.625,18.19784894
2302.107,18.18559095
2302.589,18.21705656
2303.071,18.20136407
2303.553,18.18507083
2304.036,18.1801839
2304.518,18.20638683
2305,18.20753431
2305.482,18.17683915
2305.964,18.18921822
2306.446,18.17339496
2306.928,18.19495019
2307.41,18.17153426
2307.893,18.17293526
2308.375,18.1777256
2308.857,18.18390362
2309.339,18.20254621
2309.821,18.19875219
2310.303,18.2126667
2310.785,18.23222102
2311.267,18.23466428
2311.75,18.24345761
2312.232,18.2535371
2312.714,18.27877839
2313.196,18.31221523
2313.678,18.31901273
2314.16,18.3238781
2314.642,18.35946777
2315.124,18.3368571
2315.606,18.36293041
2316.089,18.38713777
2316.571,18.38288083
2317.053,18.37938654
2317.535,18.39253175
2318.017,18.40481389
2318.499,18.38935041
2318.981,18.41901363
2319.463,18.40215829
2319.946,18.40553071
2320.427,18.41560264
2320.91,18.41767889
2321.392,18.43385286
2321.874,18.40375696
2322.356,18.40173545
2322.838,18.42012398
2323.32,18.4098496
2323.802,18.37886018
2324.284,18.37602446
2324.767,18.36668264
2325.249,18.37750446
2325.731,18.36545535
2326.213,18.37083369
2326.695,18.36375841
2327.177,18.35747541
2327.659,18.35082607
2328.141,18.35402299
2328.624,18.36461489
2329.106,18.36710949
2329.588,18.3503781
2330.07,18.38002867
2330.552,18.37903399
2331.034,18.37482831
2331.516,18.36217869
2331.998,18.35744531
2332.48,18.36839976
2332.963,18.359006
2333.445,18.3317741
2333.927,18.33933211
2334.409,18.34511892
2334.891,18.35677412
2335.373,18.34111281
2335.855,18.37697601
2336.337,18.37982676
2336.82,18.40768651
2337.302,18.42047976
2337.784,18.45305681
2338.266,18.48008512
2338.748,18.48121111
2339.23,18.48982559
2339.712,18.51721
2340.194,18.50340121
2340.677,18.50593474
2341.159,18.49837992
2341.641,18.48800989
2342.123,18.49079867
2342.605,18.47563373
2343.087,18.47821151
2343.569,18.46425481
2344.051,18.45226527
2344.533,18.48151021
2345.016,18.45939612
2345.498,18.48197873
2345.98,18.47659736
2346.462,18.47943416
2346.944,18.49187981
2347.426,18.48168246
2347.908,18.47479368
2348.39,18.47223466
2348.873,18.47763709
2349.354,18.46682526
2349.837,18.48694458
2350.319,18.46553055
2350.801,18.45300836
2351.283,18.47884108
2351.765,18.44087483
2352.247,18.47484202
2352.729,18.45476716
2353.211,18.44057797
2353.694,18.44780963
2354.176,18.46056304
2354.658,18.46587462
2355.14,18.46800544
2355.622,18.47742578
2356.104,18.47288875
2356.586,18.47220414
2357.068,18.48881358
2357.551,18.50633628
2358.033,18.48741445
2358.515,18.49893731
2358.997,18.47337905
2359.479,18.46640322
2359.961,18.44861651
2360.443,18.45782686
2360.925,18.47057424
2361.407,18.46043689
2361.89,18.50072619
2362.372,18.50687701
2362.854,18.53565889
2363.336,18.56287989
2363.818,18.58027343
2364.3,18.58887503
2364.782,18.57981798
2365.264,18.55695981
2365.747,18.53513989
2366.229,18.53752513
2366.711,18.53325158
2367.193,18.49062124
2367.675,18.48779003
2368.157,18.48943325
2368.639,18.48466379
2369.121,18.46575114
2369.604,18.46738952
2370.086,18.47474634
2370.568,18.49061512
2371.05,18.4963322
2371.532,18.48770939
2372.014,18.50125191
2372.496,18.54543614
2372.978,18.52293119
2373.46,18.53600677
2373.943,18.54332935
2374.425,18.55202766
2374.907,18.54859086
2375.389,18.5521893
2375.871,18.54531038
2376.353,18.56739109
2376.835,18.55585741
2377.317,18.56793893
2377.799,18.55456013
2378.281,18.56424797
2378.764,18.56461763
2379.246,18.55636701
2379.728,18.57007062
2380.21,18.58005127
2380.692,18.5823333
2381.174,18.57039039
2381.656,18.59905214
2382.138,18.59193905
2382.621,18.59870898
2383.103,18.58539807
2383.585,18.62313503
2384.067,18.60568401
2384.549,18.63425018
2385.031,18.63384959
2385.513,18.6611036
2385.995,18.66506876
2386.478,18.68035747
2386.96,18.6803395
2387.442,18.67744133
2387.924,18.67844507
2388.406,18.69463914
2388.888,18.67753451
2389.37,18.69910723
2389.852,18.68940218
2390.334,18.67273646
2390.817,18.69084995
2391.299,18.68033689
2391.781,18.65571446
2392.263,18.67101723
2392.745,18.67041374
2393.227,18.64221337
2393.709,18.65177179
2394.191,18.65881645
2394.674,18.66200791
2395.156,18.65026543
2395.638,18.63631062
2396.12,18.61862411
2396.602,18.6303201
2397.084,18.62741325
2397.566,18.60802114
2398.048,18.60940742
2398.531,18.60716164
2399.012,18.60741094
2399.495,18.5962771
2399.977,18.59094473
2400.459,18.58261171
2400.941,18.5859259
2401.423,18.57533007
2401.905,18.54994018
2402.387,18.57555673
2402.869,18.53617133
2403.352,18.55679483
2403.834,18.54702317
2404.316,18.52269413
2404.798,18.53771376
2405.28,18.52621553
2405.762,18.51143773
2406.244,18.52766872
2406.726,18.50619624
2407.208,18.481579
2407.691,18.48965879
2408.173,18.46719111
2408.655,18.47110266
2409.137,18.46028772
2409.619,18.44712814
2410.101,18.44885199
2410.583,18.44586836
2411.065,18.42776462
2411.548,18.41710015
2412.03,18.41405224
2412.512,18.41260096
2412.994,18.40395202
2413.476,18.3874125
2413.958,18.37064395
2414.44,18.36806589
2414.922,18.35303812
2415.405,18.34841169
2415.887,18.34084911
2416.369,18.33957698
2416.851,18.33812753
2417.333,18.33312808
2417.815,18.31699194
2418.297,18.32859892
2418.779,18.3170201
2419.261,18.29753854
2419.744,18.2882151
2420.226,18.27657508
2420.708,18.28638596
2421.19,18.28891048
2421.672,18.26562333
2422.154,18.25191475
2422.636,18.26620484
2423.118,18.26396172
2423.601,18.2428073
2424.083,18.23597404
2424.565,18.23467531
2425.047,18.23610461
2425.529,18.20653462
2426.011,18.20284066
2426.493,18.1980941
2426.975,18.1796493
2427.458,18.20375918
2427.939,18.18800093
2428.422,18.16405247
2428.904,18.15196817
2429.386,18.15077624
2429.868,18.15338119
2430.35,18.14013085
2430.832,18.1397582
2431.314,18.12231224
2431.796,18.12346817
2432.279,18.12275021
2432.761,18.12976146
2433.243,18.12053171
2433.725,18.11638716
2434.207,18.09793783
2434.689,18.07724332
2435.171,18.0919501
2435.653,18.08215663
2436.135,18.07599323
2436.618,18.06758146
2437.1,18.05456927
2437.582,18.05951063
2438.064,18.03470484
2438.546,18.03987138
2439.028,18.02349724
2439.51,18.03858853
2439.992,18.01859498
2440.475,18.01507167
2440.957,18.00757583
2441.439,18.00807033
2441.921,17.97902458
2442.403,17.99829317
2442.885,17.97798268
2443.367,17.99853733
2443.849,17.97368322
2444.332,17.96438352
2444.814,17.95410869
2445.296,17.96914801
2445.778,17.95105598
2446.26,17.95025412
2446.742,17.95233482
2447.224,17.94374868
2447.706,17.94007752
2448.188,17.93529871
2448.671,17.94023384
2449.153,17.91747695
2449.635,17.91479383
2450.117,17.92008946
2450.599,17.91480024
2451.081,17.92760447
2451.563,17.90716586
2452.045,17.90499016
2452.528,17.89550916
2453.01,17.8805514
2453.492,17.90827748
2453.974,17.90296445
2454.456,17.89818193
2454.938,17.88236623
2455.42,17.89225425
2455.902,17.88383895
2456.385,17.88551166
2456.867,17.89379497
2457.349,17.89275204
2457.831,17.89716711
2458.313,17.8872891
2458.795,17.87131369
2459.277,17.86567191
2459.759,17.8838442
2460.241,17.88413266
2460.724,17.87050828
2461.206,17.87300159
2461.688,17.87222721
2462.17,17.85739577
2462.652,17.85253376
2463.134,17.86451012
2463.616,17.8448596
2464.098,17.839135
2464.581,17.86056192
2465.062,17.86309306
2465.545,17.85594993
2466.027,17.85388312
2466.509,17.85505912
2466.991,17.85354715
2467.473,17.84281947
2467.955,17.85062355
2468.438,17.82628482
2468.919,17.84181193
2469.402,17.84304309
2469.884,17.82990756
2470.366,17.81385441
2470.848,17.83492698
2471.33,17.82184407
2471.812,17.82112033
2472.294,17.83492129
2472.776,17.84483095
2473.259,17.82908952
2473.741,17.82996821
2474.223,17.83267476
2474.705,17.84583852
2475.187,17.84240075
2475.669,17.81681256
2476.151,17.85375149
2476.633,17.83841919
2477.115,17.83464063
2477.598,17.83243788
2478.08,17.83960263
2478.562,17.82735032
2479.044,17.83357728
2479.526,17.83376227
2480.008,17.81766122
2480.49,17.84338919
2480.972,17.84369415
2481.455,17.84675128
2481.937,17.85127399
2482.419,17.86193295
2482.901,17.84339358
2483.383,17.85329158
2483.865,17.87651248
2484.347,17.86595021
2484.829,17.84740025
2485.312,17.86823369
2485.794,17.86578085
2486.276,17.85407852
2486.758,17.86701049
2487.24,17.85982564
2487.722,17.85157167
2488.204,17.87543153
2488.686,17.87011311
2489.168,17.87903266
2489.651,17.87150082
2490.133,17.87268726
2490.615,17.87271844
2491.097,17.87674692
2491.579,17.90504494
2492.061,17.88671937
2492.543,17.89684019
2493.025,17.90791359
2493.508,17.9145154
2493.99,17.89113668
2494.472,17.91394046
2494.954,17.92548844
2495.436,17.89368362
2495.918,17.90791609
2496.4,17.91604711
2496.882,17.91149985
2497.365,17.91118781
2497.846,17.9261824
2498.329,17.906813
2498.811,17.90807011
2499.293,17.91932845
2499.775,17.93219217
2500.257,17.93117304
2500.739,17.9306109
2501.221,17.93735849
2501.703,17.94256284
2502.186,17.93893048
2502.668,17.94720652
2503.15,17.94859814
2503.632,17.94829503
2504.114,17.95356744
2504.596,17.9629861
2505.078,17.96715025
2505.56,17.97085
2506.042,17.96663717
2506.525,17.98046907
2507.007,17.97449992
2507.489,17.98892632
2507.971,18.00197928
2508.453,18.00817346
2508.935,18.0151709
2509.417,18.04380973
2509.899,18.04800529
2510.382,18.05310263
2510.864,18.05933629
2511.346,18.07229978
2511.828,18.07051177
2512.31,18.08763796
2512.792,18.0889355
2513.274,18.07858537
2513.756,18.08645555
2514.239,18.10960816
2514.721,18.10072683
2515.203,18.11495363
2515.685,18.10252615
2516.167,18.12495277
2516.649,18.14214109
2517.131,18.11926068
2517.613,18.10677072
2518.095,18.12759528
2518.578,18.12306802
2519.06,18.15420741
2519.542,18.16116737
2520.024,18.15371216
2520.506,18.15641727
2520.988,18.17175512
2521.47,18.17802295
2521.952,18.17123054
2522.435,18.17523396
2522.917,18.19231437
2523.399,18.19955012
2523.881,18.20453861
2524.363,18.19438724
2524.845,18.22216186
2525.327,18.22709
2525.809,18.2286738
2526.292,18.24530966
2526.773,18.24286494
2527.256,18.26494217
2527.738,18.2622464
2528.22,18.26845617
2528.702,18.28768446
2529.184,18.28743765
2529.666,18.28597884
2530.148,18.29525843
2530.63,18.31715053
2531.113,18.3180329
2531.595,18.30408781
2532.077,18.3007522
2532.559,18.33640322
2533.041,18.32799036
2533.523,18.32619303
2534.005,18.3554561
2534.487,18.34972658
2534.969,18.3738104
2535.452,18.36613986
2535.934,18.343518
2536.416,18.3848771
2536.898,18.39956778
2537.38,18.36233997
2537.862,18.41286803
2538.344,18.40789787
2538.826,18.41492899
2539.309,18.45868447
2539.791,18.41699398
2540.273,18.4392758
2540.755,18.46078897
2541.237,18.47953734
2541.719,18.47657823
2542.201,18.47997034
2542.683,18.48978201
2543.166,18.49894037
2543.648,18.50515923
2544.13,18.51454607
2544.612,18.51973439
2545.094,18.53592053
2545.576,18.54462994
2546.058,18.55557335
2546.54,18.55746568
2547.022,18.55055339
2547.505,18.57270819
2547.987,18.59316152
2548.469,18.58974753
2548.951,18.60038513
2549.433,18.58013263
2549.915,18.63702627
2550.397,18.60594573
2550.879,18.61404409
2551.362,18.62687604
2551.844,18.64295163
2552.326,18.63710046
2552.808,18.6745633
2553.29,18.6670478
2553.772,18.65995586
2554.254,18.67920172
2554.736,18.68083444
2555.219,18.67777663
2555.7,18.69259879
2556.183,18.70297355
2556.665,18.71372484
2557.147,18.71159247
2557.629,18.74341691
2558.111,18.74756361
2558.593,18.75412665
2559.075,18.74861586
2559.557,18.73905119
2560.04,18.75982597
2560.522,18.77702916
2561.004,18.78007047
2561.486,18.77215255
2561.968,18.77850578
2562.45,18.79691975
2562.932,18.78348626
2563.414,18.80330376
2563.896,18.81821263
2564.379,18.80325832
2564.861,18.82440185
2565.343,18.81430343
2565.825,18.81064796
2566.307,18.8358607
2566.789,18.81359502
2567.271,18.84198595
2567.753,18.83907044
2568.236,18.83802591
2568.718,18.84899048
2569.2,18.8591979
2569.682,18.87841227
2570.164,18.88429356
2570.646,18.8822138
2571.128,18.89808237
2571.61,18.87777301
2572.093,18.90045884
2572.575,18.91640764
2573.057,18.91379089
2573.539,18.93990673
2574.021,18.9297654
2574.503,18.93881026
2574.985,18.94362513
2575.467,18.95261182
2575.949,18.9457346
2576.432,18.9484874
2576.914,18.95563797
2577.396,18.97783239
2577.878,18.96543969
2578.36,18.97454019
2578.842,18.9894246
2579.324,18.96911451
2579.806,18.95796524
2580.289,18.98166923
2580.771,19.00399462
2581.253,18.9905484
2581.735,19.02222609
2582.217,18.99033112
2582.699,19.00471819
2583.181,19.00340129
2583.663,19.02321769
2584.146,19.01799781
2584.627,19.01433323
2585.11,19.03016925
2585.592,19.01201753
2586.074,19.03452606
2586.556,19.02802165
2587.038,19.01928875
2587.52,19.03848155
2588.002,19.03849917
2588.484,19.03402853
2588.967,19.05306072
2589.449,19.04457573
2589.931,19.05741134
2590.413,19.04674498
2590.895,19.06166496
2591.377,19.07263068
2591.859,19.06399986
2592.341,19.05713965
2592.823,19.06900508
2593.306,19.05722882
2593.788,19.05900653
2594.27,19.06773164
2594.752,19.07129079
2595.234,19.07791875
2595.716,19.08962422
2596.198,19.10000561
2596.68,19.10396563
2597.163,19.10212729
2597.645,19.10709992
2598.127,19.10273042
2598.609,19.08896903
2599.091,19.09328047
2599.573,19.11623631
2600.055,19.10994485
2600.537,19.08609799
2601.02,19.10499216
2601.502,19.09248993
2601.984,19.09687875
2602.466,19.10527311
2602.948,19.10685076
2603.43,19.10959538
2603.912,19.09112737
2604.394,19.1106927
2604.876,19.11686625
2605.359,19.1078055
2605.841,19.12609324
2606.323,19.12456599
2606.805,19.11862341
2607.287,19.12254835
2607.769,19.11722525
2608.251,19.12726082
2608.733,19.11317674
2609.216,19.14604345
2609.698,19.12275813
2610.18,19.13679658
2610.662,19.1273989
2611.144,19.12392944
2611.626,19.11691289
2612.108,19.12398117
2612.59,19.12197483
2613.073,19.11310185
2613.554,19.10005511
2614.037,19.12692604
2614.519,19.12166708
2615.001,19.11441633
2615.483,19.11081879
2615.965,19.1195964
2616.447,19.13040083
2616.929,19.11090375
2617.411,19.14687244
2617.894,19.12957318
2618.376,19.12271029
2618.858,19.11776527
2619.34,19.14272894
2619.822,19.12380535
2620.304,19.12542233
2620.786,19.13016325
2621.268,19.09747676
2621.75,19.0964469
2622.233,19.09467349
2622.715,19.10825344
2623.197,19.08818424
2623.679,19.11059856
2624.161,19.09512929
2624.643,19.10260985
2625.125,19.0987536
2625.607,19.0808894
2626.09,19.08899031
2626.572,19.09121377
2627.054,19.07667622
2627.536,19.06410529
2628.018,19.06721681
2628.5,19.06187962
2628.982,19.05968397
2629.464,19.07810791
2629.947,19.07303642
2630.429,19.05719107
2630.911,19.05045957
2631.393,19.06179543
2631.875,19.06523206
2632.357,19.05181312
2632.839,19.05206403
2633.321,19.02297103
2633.803,19.04346488
2634.286,19.04381913
2634.768,19.03866368
2635.25,19.0157487
2635.732,19.04174387
2636.214,19.01991031
2636.696,19.0470178
2637.178,19.04040985
2637.66,19.01124792
2638.143,19.01347487
2638.625,19.01147113
2639.107,19.0073569
2639.589,19.01096885
2640.071,19.00352483
2640.553,19.01456442
2641.035,19.00697048
2641.517,18.98967186
2642,19.00382823
2642.481,18.97557546
2642.964,18.96613573
2643.446,18.99031132
2643.928,18.98261239
2644.41,18.9787204
2644.892,18.95497398
2645.374,18.94217254
2645.856,18.93909585
2646.338,18.95602244
2646.821,18.93358604
2647.303,18.93818871
2647.785,18.92515129
2648.267,18.91409809
2648.749,18.90499434
2649.231,18.90382151
2649.713,18.90188388
2650.195,18.89316063
2650.677,18.88625001
2651.16,18.90714594
2651.642,18.88062817
2652.124,18.900292
2652.606,18.88464838
2653.088,18.91134962
2653.57,18.86055036
2654.052,18.87774545
2654.534,18.87506855
2655.017,18.87982935
2655.499,18.86082056
2655.981,18.85543503
2656.463,18.83303167
2656.945,18.85400645
2657.427,18.82987767
2657.909,18.83271397
2658.391,18.8273115
2658.874,18.81744594
2659.356,18.8040581
2659.838,18.80481188
2660.32,18.79616891
2660.802,18.79152658
2661.284,18.80028434
2661.766,18.79107912
2662.248,18.77552975
2662.73,18.77642642
2663.213,18.7776396
2663.695,18.75473987
2664.177,18.74715974
2664.659,18.75692366
2665.141,18.75547606
2665.623,18.74993699
2666.105,18.74502301
2666.587,18.7343309
2667.07,18.73009172
2667.552,18.72314365
2668.034,18.71565711
2668.516,18.7116854
2668.998,18.71159363
2669.48,18.71183296
2669.962,18.70020816
2670.444,18.69091477
2670.927,18.67389087
2671.408,18.67817918
2671.891,18.66003148
2672.373,18.66128385
2672.855,18.66958153
2673.337,18.65099245
2673.819,18.63656739
2674.301,18.66479784
2674.783,18.6373375
2675.265,18.63597142
2675.748,18.6242538
2676.23,18.62441133
2676.712,18.63014726
2677.194,18.60529567
2677.676,18.60947025
2678.158,18.5978776
2678.64,18.58832888
2679.122,18.56929889
2679.604,18.57421457
2680.087,18.56913748
2680.569,18.56107316
2681.051,18.56409045
2681.533,18.55127799
2682.015,18.5660437
2682.497,18.52767548
2682.979,18.54241513
2683.461,18.51770929
2683.944,18.52283639
2684.426,18.53905284
2684.908,18.49595756
2685.39,18.48660578
2685.872,18.49747448
2686.354,18.48967419
2686.836,18.50181967
2687.318,18.48573318
2687.801,18.46964493
2688.283,18.46862548
2688.765,18.46409198
2689.247,18.47212491
2689.729,18.45960563
2690.211,18.44075658
2690.693,18.44027428
2691.175,18.43280624
2691.657,18.42907431
2692.14,18.41966905
2692.622,18.42406025
2693.104,18.40169682
2693.586,18.41502449
2694.068,18.39182871
2694.55,18.39667131
2695.032,18.38173746
2695.514,18.36404327
2695.997,18.37482186
2696.479,18.39494943
2696.961,18.37145645
2697.443,18.36983082
2697.925,18.37801636
2698.407,18.37751705
2698.889,18.37783094
2699.371,18.35425917
2699.854,18.37435895
2700.335,18.3633479
2700.818,18.35859526
2701.3,18.36433864
2701.782,18.35004731
2702.264,18.3454752
2702.746,18.33822346
2703.228,18.33418536
2703.71,18.33126611
2704.192,18.32641449
2704.675,18.3046408
2705.157,18.28774705
2705.639,18.30336365
2706.121,18.31154287
2706.603,18.30711747
2707.085,18.2915359
2707.567,18.29399719
2708.049,18.28560993
2708.531,18.27402634
2709.014,18.27335168
2709.496,18.29333447
2709.978,18.26609951
2710.46,18.28267841
2710.942,18.27480848
2711.424,18.26137651
2711.906,18.25966103
2712.388,18.27354956
2712.871,18.2563885
2713.353,18.28046869
2713.835,18.28570315
2714.317,18.2752641
2714.799,18.27564498
2715.281,18.26545611
2715.763,18.26771689
2716.245,18.26875898
2716.728,18.24770205
2717.21,18.25547663
2717.692,18.25455054
2718.174,18.24430142
2718.656,18.26026682
2719.138,18.24017511
2719.62,18.24796107
2720.102,18.24116861
2720.584,18.23787634
2721.067,18.22157649
2721.549,18.21845264
2722.031,18.22485743
2722.513,18.20826206
2722.995,18.22944593
2723.477,18.22807724
2723.959,18.22349729
2724.441,18.23713545
2724.924,18.20231307
2725.406,18.21839747
2725.888,18.22584333
2726.37,18.21999159
2726.852,18.21144834
2727.334,18.21555744
2727.816,18.2281989
2728.298,18.23429705
2728.781,18.21752831
2729.262,18.24007766
2729.745,18.22881802
2730.227,18.21704762
2730.709,18.22127427
2731.191,18.21790531
2731.673,18.21806789
2732.155,18.2109551
2732.637,18.21900697
2733.119,18.21891964
2733.602,18.21555048
2734.084,18.20387418
2734.566,18.22100151
2735.048,18.218445
2735.53,18.21330181
2736.012,18.2159713
2736.494,18.23491206
2736.976,18.22774802
2737.458,18.23242122
2737.941,18.2308197
2738.423,18.23678674
2738.905,18.26256537
2739.387,18.24708574
2739.869,18.22382822
2740.351,18.22850241
2740.833,18.24538717
2741.315,18.22557396
2741.798,18.23154177
2742.28,18.21157572
2742.762,18.20951466
2743.244,18.21357405
2743.726,18.21363148
2744.208,18.2323915
2744.69,18.22073645
2745.172,18.21706655
2745.655,18.21582673
2746.137,18.23505713
2746.619,18.22696088
2747.101,18.22924908
2747.583,18.23499428
2748.065,18.24143287
2748.547,18.23606387
2749.029,18.23668215
2749.511,18.27487464
2749.994,18.24778582
2750.476,18.2648667
2750.958,18.26499816
2751.44,18.25023351
2751.922,18.25901969
2752.404,18.27485281
2752.886,18.26997066
2753.368,18.27022007
2753.851,18.28511586
2754.333,18.30072642
2754.815,18.30250552
2755.297,18.29973787
2755.779,18.31196056
2756.261,18.30209147
2756.743,18.30896395
2757.225,18.32033998
2757.708,18.30236137
2758.189,18.31503451
2758.672,18.30117038
2759.154,18.3169304
2759.636,18.33592391
2760.118,18.31639402
2760.6,18.30715205
2761.082,18.32174692
2761.564,18.32494992
2762.046,18.32816556
2762.529,18.30631533
2763.011,18.32646837
2763.493,18.32203796
2763.975,18.3468493
2764.457,18.35580956
2764.939,18.34906874
2765.421,18.32593632
2765.903,18.36150808
2766.385,18.35832093
2766.868,18.3671027
2767.35,18.38853803
2767.832,18.36392352
2768.314,18.37639105
2768.796,18.37646689
2769.278,18.3679142
2769.76,18.37809496
2770.242,18.39511435
2770.725,18.39928998
2771.207,18.41479526
2771.689,18.40708613
2772.171,18.42401871
2772.653,18.42154701
2773.135,18.41443182
2773.617,18.42375042
2774.099,18.43373187
2774.582,18.43044278
2775.064,18.43392613
2775.546,18.43440678
2776.028,18.42882537
2776.51,18.44131237
2776.992,18.45199365
2777.474,18.46772827
2777.956,18.47102144
2778.438,18.48474789
2778.921,18.48374977
2779.403,18.48168271
2779.885,18.49402977
2780.367,18.47962989
2780.849,18.48359905
2781.331,18.49679942
2781.813,18.51044068
2782.295,18.51760455
2782.778,18.5178583
2783.26,18.53107845
2783.742,18.51297238
2784.224,18.52816967
2784.706,18.5498807
2785.188,18.55632009
2785.67,18.54016358
2786.152,18.54837887
2786.635,18.55739395
2787.116,18.55855629
2787.599,18.55693684
2788.081,18.54601087
2788.563,18.57070286
2789.045,18.582369
2789.527,18.57655122
2790.009,18.5816475
2790.491,18.57650716
2790.973,18.59522263
2791.456,18.59310363
2791.938,18.59920168
2792.42,18.62392357
2792.902,18.60543958
2793.384,18.60849111
2793.866,18.60647584
2794.348,18.65019133
2794.83,18.61249318
2795.312,18.65607253
2795.795,18.64381201
2796.277,18.64300458
2796.759,18.64913696
2797.241,18.65124821
2797.723,18.65492882
2798.205,18.66904867
2798.687,18.67273156
2799.169,18.71238217
2799.652,18.67456605
2800.134,18.69377945
2800.616,18.6916761
2801.098,18.69123943
2801.58,18.71765391
2802.062,18.71331136
2802.544,18.71379943
2803.026,18.73923181
2803.509,18.73488344
2803.991,18.72435754
2804.473,18.732617
2804.955,18.73836032
2805.437,18.75338577
2805.919,18.76642267
2806.401,18.75173072
2806.883,18.77576458
2807.365,18.7729315
2807.848,18.77639529
2808.33,18.787879
2808.812,18.80753333
2809.294,18.80892989
2809.776,18.8235856
2810.258,18.8401318
2810.74,18.8429408
2811.222,18.84811751
2811.705,18.85531084
2812.187,18.84096714
2812.669,18.85069998
2813.151,18.84825058
2813.633,18.83840516
2814.115,18.87280275
2814.597,18.86685743
2815.079,18.89460163
2815.562,18.89469764
2816.043,18.88379645
2816.526,18.8964421
2817.008,18.90171882
2817.49,18.92671726
2817.972,18.92776688
2818.454,18.92113375
2818.936,18.91690985
2819.418,18.9101732
2819.9,18.90710261
2820.383,18.94852713
2820.865,18.93026465
2821.347,18.94303748
2821.829,18.94020373
2822.311,18.93825006
2822.793,18.97178627
2823.275,18.96705414
2823.757,18.97935806
2824.24,18.96693386
2824.722,18.96865547
2825.204,18.97132145
2825.686,18.99264448
2826.168,18.9857676
2826.65,19.01597143
2827.132,19.00886086
2827.614,19.01690139
2828.096,19.02717891
2828.579,18.9969049
2829.061,19.02727504
2829.543,19.02613516
2830.025,19.04922736
2830.507,19.03234957
2830.989,19.00877476
2831.471,19.04074351
2831.953,19.04046225
2832.436,19.03217756
2832.918,19.07207858
2833.4,19.05619638
2833.882,19.04597971
2834.364,19.08116007
2834.846,19.06980394
2835.328,19.06579123
2835.81,19.09455044
2836.292,19.09949165
2836.775,19.08070755
2837.257,19.09787705
2837.739,19.12004032
2838.221,19.09789684
2838.703,19.09887482
2839.185,19.09573631
2839.667,19.09466359
2840.149,19.09927433
2840.632,19.09994725
2841.114,19.1237452
2841.596,19.10529282
2842.078,19.10258461
2842.56,19.10396749
2843.042,19.12205142
2843.524,19.1113575
2844.006,19.1357446
2844.489,19.12167485
2844.97,19.13206867
2845.453,19.14705095
2845.935,19.13301411
2846.417,19.15002143
2846.899,19.13293265
2847.381,19.13377163
2847.863,19.13843871
2848.345,19.14037657
2848.827,19.14113337
2849.31,19.1317468
2849.792,19.14570171
2850.274,19.14558224
2850.756,19.14836713
2851.238,19.14113305
2851.72,19.14873107
2852.202,19.16648094
2852.684,19.17277235
2853.167,19.15889414
2853.649,19.17810192
2854.131,19.16417263
2854.613,19.16862752
2855.095,19.16603775
2855.577,19.1752486
2856.059,19.17205709
2856.541,19.16468243
2857.023,19.17147069
2857.506,19.16323194
2857.988,19.17722257
2858.47,19.18001484
2858.952,19.16967846
2859.434,19.15822918
2859.916,19.16293651
2860.398,19.17282293
2860.88,19.18085067
2861.363,19.16536716
2861.845,19.16854969
2862.327,19.16465952
2862.809,19.18346174
2863.291,19.17733714
2863.773,19.17334901
2864.255,19.1819052
2864.737,19.16967671
2865.219,19.18411743
2865.702,19.17394678
2866.184,19.19376873
2866.666,19.18237429
2867.148,19.18373982
2867.63,19.18404937
2868.112,19.17389634
2868.594,19.17133302
2869.076,19.19261908
2869.559,19.19684407
2870.041,19.19676323
2870.523,19.19346318
2871.005,19.21009415
2871.487,19.19293489
2871.969,19.19060208
2872.451,19.19743481
2872.933,19.19977059
2873.416,19.20654727
2873.897,19.20641276
2874.38,19.18578229
2874.862,19.18368789
2875.344,19.17334983
2875.826,19.17893011
2876.308,19.17234547
2876.79,19.15636466
2877.272,19.17736017
2877.754,19.17114767
2878.237,19.18165041
2878.719,19.18187266
2879.201,19.19295215
2879.683,19.16861239
2880.165,19.17907551
2880.647,19.16817932
2881.129,19.18675264
2881.611,19.17175686
2882.094,19.15528188
2882.576,19.17882032
2883.058,19.15287989
2883.54,19.16562344
2884.022,19.16647123
2884.504,19.16325331
2884.986,19.17142762
2885.468,19.14857062
2885.95,19.14590905
2886.433,19.14420287
2886.915,19.1474917
2887.397,19.13163579
2887.879,19.12795982
2888.361,19.12421085
2888.843,19.14912011
2889.325,19.12331409
2889.807,19.12377283
2890.29,19.10807144
2890.772,19.12157396
2891.254,19.14102529
2891.736,19.118388
2892.218,19.09371342
2892.7,19.1047683
2893.182,19.10624003
2893.664,19.10493036
2894.146,19.12093119
2894.629,19.10473396
2895.111,19.10496061
2895.593,19.10457819
2896.075,19.08796234
2896.557,19.09734803
2897.039,19.10236841
2897.521,19.10489472
2898.003,19.08727362
2898.486,19.08928229
2898.968,19.0885675
2899.45,19.04843354
2899.932,19.07247435
2900.414,19.07548928
2900.896,19.06542416
2901.378,19.07119476
2901.86,19.05172875
2902.343,19.05002396
2902.824,19.06116385
2903.307,19.0562022
2903.789,19.04723843
2904.271,19.07073148
2904.753,19.03354575
2905.235,19.05476066
2905.717,19.02675391
2906.199,19.07284418
2906.681,19.03582366
2907.164,19.0355958
2907.646,19.02594314
2908.128,19.03972431
2908.61,19.03142794
2909.092,19.02472219
2909.574,19.01894915
2910.056,19.01211789
2910.538,19.01256298
2911.021,19.01554323
2911.503,18.99316742
2911.985,19.00274393
2912.467,18.99243834
2912.949,18.98192013
2913.431,18.98576592
2913.913,18.99372008
2914.395,19.00410147
2914.877,18.9493187
2915.36,18.96799816
2915.842,18.98612638
2916.324,18.94183539
2916.806,18.96077792
2917.288,18.95772016
2917.77,18.94628051
2918.252,18.94152475
2918.734,18.93524167
2919.217,18.93319716
2919.699,18.93484514
2920.181,18.9194713
2920.663,18.90971052
2921.145,18.92708689
2921.627,18.90428303
2922.109,18.92347238
2922.591,18.91806649
2923.073,18.91549951
2923.556,18.90714503
2924.038,18.90816213
2924.52,18.88894812
2925.002,18.8941129
2925.484,18.90166402
2925.966,18.86083301
2926.448,18.87598826
2926.93,18.85423076
2927.413,18.850144
2927.895,18.85803387
2928.377,18.84082636
2928.859,18.85084158
2929.341,18.83718677
2929.823,18.84113747
2930.305,18.8398026
2930.787,18.83428528
2931.27,18.82653253
2931.751,18.81954849
2932.234,18.80439834
2932.716,18.78839401
2933.198,18.81021773
2933.68,18.80242996
2934.162,18.80322728
2934.644,18.79372366
2935.126,18.80076211
2935.608,18.78133464
2936.091,18.75593311
2936.573,18.76518011
2937.055,18.75505429
2937.537,18.74722152
2938.019,18.7640771
2938.501,18.73775153
2938.983,18.75189417
2939.465,18.73710101
2939.948,18.74710409
2940.43,18.73122559
2940.912,18.72329373
2941.394,18.72677793
2941.876,18.71975421
2942.358,18.71660331
2942.84,18.71561168
2943.322,18.7317702
2943.804,18.70040065
2944.287,18.70644467
2944.769,18.68344215
2945.251,18.70874191
2945.733,18.68287224
2946.215,18.69598157
2946.697,18.68843075
2947.179,18.69518197
2947.661,18.69488356
2948.144,18.68511662
2948.626,18.67316812
2949.108,18.68674955
2949.59,18.67760087
2950.072,18.67038868
2950.554,18.68023426
2951.036,18.65748388
2951.518,18.65039087
2952,18.64797909
2952.483,18.63969935
2952.965,18.65182667
2953.447,18.64868784
2953.929,18.62234358
2954.411,18.63174362
2954.893,18.64033377
2955.375,18.6245912
2955.857,18.60895688
2956.34,18.61191967
2956.822,18.60523071
2957.304,18.60858298
2957.786,18.60104741
2958.268,18.60979012
2958.75,18.58165387
2959.232,18.59378758
2959.714,18.59062354
2960.197,18.58466336
2960.678,18.57966303
2961.161,18.57155411
2961.643,18.5858324
2962.125,18.57519652
2962.607,18.56858048
2963.089,18.56669717
2963.571,18.56943627
2964.053,18.56842088
2964.535,18.55317166
2965.018,18.55703195
2965.5,18.52982171
2965.982,18.55145184
2966.464,18.5516538
2966.946,18.56509323
2967.428,18.54328406
2967.91,18.54631444
2968.392,18.53614662
2968.875,18.53854544
2969.357,18.53660087
2969.839,18.53668798
2970.321,18.54212074
2970.803,18.54997912
2971.285,18.54398837
2971.767,18.53385442
2972.249,18.53731736
2972.731,18.54046706
2973.214,18.53391638
2973.696,18.52587947
2974.178,18.54260666
2974.66,18.53512525
2975.142,18.53680031
2975.624,18.52214172
2976.106,18.51868657
2976.588,18.52521104
2977.071,18.49964728
2977.553,18.52366436
2978.035,18.50976744
2978.517,18.52691226
2978.999,18.48986901
2979.481,18.50125744
2979.963,18.49219678
2980.445,18.50118642
2980.927,18.49388594
2981.41,18.492505
2981.892,18.50695183
2982.374,18.49028279
2982.856,18.50604697
2983.338,18.51532237
2983.82,18.49928992
2984.302,18.51126883
2984.784,18.52229051
2985.267,18.52207214
2985.749,18.52507014
2986.231,18.51276351
2986.713,18.50299873
2987.195,18.51536608
2987.677,18.51482621
2988.159,18.50838243
2988.641,18.51869438
2989.124,18.5096659
2989.605,18.49577785
2990.088,18.49993224
2990.57,18.52285173
2991.052,18.51376465
2991.534,18.50339755
2992.016,18.50678243
2992.498,18.49629364
2992.98,18.51351688
2993.462,18.52027713
2993.945,18.5224705
2994.427,18.51483243
2994.909,18.52658424
2995.391,18.52617969
2995.873,18.52038069
2996.355,18.5309773
2996.837,18.51352334
2997.319,18.5228769
2997.802,18.50078859
2998.284,18.5189378
2998.766,18.51906616
2999.248,18.52140314
2999.73,18.4855951
3000.212,18.51051004
3000.694,18.50641717
3001.176,18.51801891
3001.658,18.5150567
3002.141,18.5147521
3002.623,18.52252467
3003.105,18.5378087
3003.587,18.52732209
3004.069,18.53812042
3004.551,18.541336
3005.033,18.54766028
3005.515,18.51298868
3005.998,18.5390488
3006.48,18.52459893
3006.962,18.53646775
3007.444,18.53790079
3007.926,18.53453821
3008.408,18.56998223
3008.89,18.53663275
3009.372,18.55134421
3009.854,18.54778762
3010.337,18.5665685
3010.819,18.55917725
3011.301,18.54670488
3011.783,18.5450019
3012.265,18.56445795
3012.747,18.54783221
3013.229,18.57123447
3013.711,18.56083732
3014.194,18.5439005
3014.676,18.55173047
3015.158,18.57218358
3015.64,18.55233647
3016.122,18.56801066
3016.604,18.5583809
3017.086,18.57108111
3017.568,18.6019888
3018.051,18.60696539
3018.532,18.58833361
3019.015,18.6108742
3019.497,18.61253737
3019.979,18.62464256
3020.461,18.63063069
3020.943,18.61356211
3021.425,18.60963691
3021.907,18.61495936
3022.389,18.6400649
3022.872,18.62382033
3023.354,18.65002528
3023.836,18.63989213
3024.318,18.61731044
3024.8,18.64471377
3025.282,18.6386329
3025.764,18.64169111
3026.246,18.64688589
3026.729,18.66258517
3027.211,18.64892867
3027.693,18.66138439
3028.175,18.6641647
3028.657,18.66105458
3029.139,18.69457282
3029.621,18.67183832
3030.103,18.68697688
3030.585,18.70175668
3031.068,18.68157461
3031.55,18.69688876
3032.032,18.71392061
3032.514,18.70161113
3032.996,18.68364023
3033.478,18.71346983
3033.96,18.68148537
3034.442,18.70742719
3034.925,18.70033341
3035.407,18.70731078
3035.889,18.71645566
3036.371,18.71019947
3036.853,18.73268599
3037.335,18.71880654
3037.817,18.73094771
3038.299,18.76148506
3038.781,18.75517707
3039.264,18.73365757
3039.746,18.75985524
3040.228,18.75494054
3040.71,18.76803476
3041.192,18.77268056
3041.674,18.77758931
3042.156,18.76364412
3042.638,18.7606326
3043.121,18.77607297
3043.603,18.78057911
3044.085,18.78364043
3044.567,18.78807663
3045.049,18.79963749
3045.531,18.80657583
3046.013,18.79438512
3046.495,18.80788335
3046.978,18.79444061
3047.459,18.82370229
3047.942,18.81243404
3048.424,18.80649966
3048.906,18.81546914
3049.388,18.82662753
3049.87,18.80757544
3050.352,18.8161901
3050.834,18.81431587
3051.316,18.82145051
3051.799,18.83224834
3052.281,18.84887598
3052.763,18.85428527
3053.245,18.85866534
3053.727,18.86496324
3054.209,18.86954383
3054.691,18.88193596
3055.173,18.87988111
3055.656,18.87150713
3056.138,18.8857895
3056.62,18.88976038
3057.102,18.88634874
3057.584,18.89368115
3058.066,18.91243874
3058.548,18.90584681
3059.03,18.92113678
3059.512,18.93563946
3059.995,18.92187747
3060.477,18.92649462
3060.959,18.93683217
3061.441,18.94401581
3061.923,18.93417004
3062.405,18.93675816
3062.887,18.97027909
3063.369,18.96476279
3063.852,18.96767348
3064.334,18.95310162
3064.816,18.98739317
3065.298,18.97807727
3065.78,18.9723373
3066.262,18.98916794
3066.744,18.99354521
3067.226,19.01197029
3067.708,18.9999984
3068.191,19.01409058
3068.673,19.01694996
3069.155,19.02211512
3069.637,19.04114264
3070.119,19.03184983
3070.601,19.04192574
3071.083,19.03816737
3071.565,19.07808142
3072.048,19.05773156
3072.53,19.0695121
3073.012,19.07389254
3073.494,19.08189743
3073.976,19.06391982
3074.458,19.06938309
3074.94,19.10180018
3075.422,19.07764074
3075.905,19.06642586
3076.386,19.08722843
3076.869,19.08269124
3077.351,19.09388982
3077.833,19.05093109
3078.315,19.08629824
3078.797,19.08019869
3079.279,19.06627297
3079.761,19.09034533
3080.243,19.08727787
3080.726,19.10596363
3081.208,19.10779587
3081.69,19.10337448
3082.172,19.13314485
3082.654,19.13889544
3083.136,19.13346468
3083.618,19.12231118
3084.1,19.13848032
3084.583,19.11565447
3085.065,19.14573667
3085.547,19.15316688
3086.029,19.14411059
3086.511,19.1469922
3086.993,19.17325146
3087.475,19.1561495
3087.957,19.15419269
3088.439,19.17550482
3088.922,19.17686681
3089.404,19.1753898
3089.886,19.16529018
3090.368,19.20135459
3090.85,19.18044053
3091.332,19.18080266
3091.814,19.17965701
3092.296,19.17185379
3092.779,19.19039432
3093.261,19.19435573
3093.743,19.20028771
3094.225,19.19281822
3094.707,19.2203416
3095.189,19.21724155
3095.671,19.22628049
3096.153,19.22994769
3096.635,19.23429996
3097.118,19.23114555
3097.6,19.24740428
3098.082,19.25530358
3098.564,19.24335823
3099.046,19.23334947
3099.528,19.26309664
3100.01,19.25892216
3100.492,19.25459197
3100.975,19.2663147
3101.457,19.23935364
3101.939,19.27400822
3102.421,19.24072995
3102.903,19.2556789
3103.385,19.24494137
3103.867,19.2455499
3104.349,19.25562691
3104.832,19.26002001
3105.313,19.25839175
3105.796,19.2544869
3106.278,19.27091074
3106.76,19.24239494
3107.242,19.26686731
3107.724,19.26985654
3108.206,19.25137556
3108.688,19.24719717
3109.17,19.25190089
3109.653,19.24400777
3110.135,19.26011126
3110.617,19.27791388
3111.099,19.27980545
3111.581,19.24964251
3112.063,19.26272455
3112.545,19.26847039
3113.027,19.26776841
3113.51,19.26857099
3113.992,19.27973882
3114.474,19.2851085
3114.956,19.27539087
3115.438,19.27777772
3115.92,19.27971952
3116.402,19.27387536
3116.884,19.29336464
3117.366,19.31067488
3117.849,19.29197617
3118.331,19.3094281
3118.813,19.29864365
3119.295,19.28700791
3119.777,19.30218756
3120.259,19.29390275
3120.741,19.3040108
3121.223,19.30981514
3121.706,19.29973739
3122.188,19.28999225
3122.67,19.29747959
3123.152,19.29198998
3123.634,19.29784597
3124.116,19.30680526
3124.598,19.31385355
3125.08,19.29827768
3125.562,19.29440625
3126.045,19.29482953
3126.527,19.30999383
3127.009,19.31077937
3127.491,19.30687284
3127.973,19.28040391
3128.455,19.3047832
3128.937,19.30901428
3129.419,19.29589492
3129.902,19.28356819
3130.384,19.30250754
3130.866,19.29714197
3131.348,19.29854228
3131.83,19.29136733
3132.312,19.29691734
3132.794,19.30211917
3133.276,19.28243782
3133.759,19.28439494
3134.24,19.29712906
3134.723,19.29614982
3135.205,19.28648584
3135.687,19.30452529
3136.169,19.29065429
3136.651,19.3022448
3137.133,19.29549621
3137.615,19.28967874
3138.097,19.29995394
3138.58,19.29158223
3139.062,19.29725237
3139.544,19.30647725
3140.026,19.31916459
3140.508,19.29063767
3140.99,19.29468409
3141.472,19.27726164
3141.954,19.27499527
3142.437,19.26459556
3142.919,19.27701137
3143.401,19.26684322
3143.883,19.25369846
3144.365,19.24414651
3144.847,19.25545452
3145.329,19.25804203
3145.811,19.24331757
3146.293,19.24889845
3146.776,19.26348959
3147.258,19.26303926
3147.74,19.24978004
3148.222,19.25120624
3148.704,19.26642469
3149.186,19.25596169
3149.668,19.21921009
3150.15,19.2626916
3150.633,19.23475247
3151.115,19.23906009
3151.597,19.24759135
3152.079,19.24493683
3152.561,19.239035
3153.043,19.24378505
3153.525,19.24583568
3154.007,19.25461985
3154.49,19.25582558
3154.972,19.27011927
3155.454,19.22400281
3155.936,19.23684246
3156.418,19.24604117
3156.9,19.23573372
3157.382,19.22403935
3157.864,19.22600576
3158.346,19.21094563
3158.829,19.21830167
3159.311,19.21551327
3159.793,19.21263357
3160.275,19.21128874
3160.757,19.20827922
3161.239,19.18192767
3161.721,19.18864276
3162.203,19.21818129
3162.686,19.17584056
3163.167,19.19004049
3163.65,19.22117287
3164.132,19.19454593
3164.614,19.20265417
3165.096,19.20187671
3165.578,19.20960474
3166.06,19.21490368
3166.542,19.18569378
3167.024,19.18466249
3167.507,19.18386747
3167.989,19.18057062
3168.471,19.18311517
3168.953,19.158645
3169.435,19.14637168
3169.917,19.15937157
3170.399,19.15288651
3170.881,19.15229966
3171.364,19.13277578
3171.846,19.12723288
3172.328,19.12737917
3172.81,19.13832454
3173.292,19.12684962
3173.774,19.11781387
3174.256,19.13399208
3174.738,19.11279481
3175.22,19.10961846
3175.703,19.11109359
3176.185,19.14278225
3176.667,19.1259176
3177.149,19.12032484
3177.631,19.10442684
3178.113,19.10095312
3178.595,19.09481694
3179.077,19.10210095
3179.56,19.08301682
3180.042,19.09146587
3180.524,19.09081959
3181.006,19.086815
3181.488,19.07237878
3181.97,19.09300447
3182.452,19.08326934
3182.934,19.07084148
3183.417,19.06075113
3183.899,19.07188837
3184.381,19.04671604
3184.863,19.06470287
3185.345,19.02554949
3185.827,19.04876489
3186.309,19.03820149
3186.791,19.04664779
3187.273,19.03453698
3187.756,19.02742453
3188.238,19.02415659
3188.72,19.03707147
3189.202,19.02268669
3189.684,19.04919815
3190.166,19.02082109
3190.648,19.02879332
3191.13,19.01780861
3191.613,19.02062482
3192.094,19.0170325
3192.577,19.01209644
3193.059,18.98770146
3193.541,18.99356488
3194.023,18.9939739
3194.505,18.99083078
3194.987,18.98502498
3195.469,18.98813169
3195.951,18.98274965
3196.434,18.97663779
3196.916,18.97394262
3197.398,18.98936747
3197.88,18.97151123
3198.362,18.94010489
3198.844,18.96196187
3199.326,18.95269883
3199.808,18.9659518
3200.291,18.93461476
3200.773,18.94595656
3201.255,18.95845285
3201.737,18.93822036
3202.219,18.93521158
3202.701,18.94565203
3203.183,18.94519763
3203.665,18.94002296
3204.147,18.92959494
3204.63,18.92208705
3205.112,18.92434982
3205.594,18.9024087
3206.076,18.90519971
3206.558,18.94671386
3207.04,18.92161482
3207.522,18.88947372
3208.004,18.90172889
3208.487,18.89846771
3208.969,18.88094213
3209.451,18.87573554
3209.933,18.87474649
3210.415,18.88919708
3210.897,18.88402116
3211.379,18.88077217
3211.861,18.88007704
3212.344,18.86182897
3212.826,18.89381197
3213.308,18.8868492
3213.79,18.87293412
3214.272,18.86103654
3214.754,18.87038153
3215.236,18.86765597
3215.718,18.87240104
3216.2,18.86210245
3216.683,18.86997022
3217.165,18.85335975
3217.647,18.84468412
3218.129,18.8565407
3218.611,18.84679338
3219.093,18.8488515
3219.575,18.86786504
3220.057,18.84390641
3220.54,18.84466923
3221.021,18.85678881
3221.504,18.84146407
3221.986,18.84534585
3222.468,18.82967601
3222.95,18.81637975
3223.432,18.81971018
3223.914,18.81828178
3224.396,18.81040958
3224.878,18.81581008
3225.361,18.82141141
3225.843,18.83032458
3226.325,18.80629804
3226.807,18.81939847
3227.289,18.82954932
3227.771,18.81565464
3228.253,18.81123234
3228.735,18.81864641
3229.218,18.8014242
3229.7,18.81615509
3230.182,18.80929809
3230.664,18.79984588
3231.146,18.80249116
3231.628,18.81279325
3232.11,18.79674007
3232.592,18.81207025
3233.074,18.78249223
3233.557,18.79863211
3234.039,18.78829376
3234.521,18.79479925
3235.003,18.78556178
3235.485,18.7812785
3235.967,18.80308291
3236.449,18.81145432
3236.931,18.78850878
3237.414,18.78827994
3237.896,18.78219818
3238.378,18.78905233
3238.86,18.78218691
3239.342,18.7776146
3239.824,18.79472253
3240.306,18.77044237
3240.788,18.77894298
3241.271,18.78564017
3241.753,18.80865537
3242.235,18.79229831
3242.717,18.80623865
3243.199,18.80337474
3243.681,18.78944421
3244.163,18.81467407
3244.645,18.81230665
3245.127,18.80284485
3245.61,18.80995063
3246.092,18.80403592
3246.574,18.82042155
3247.056,18.80635
3247.538,18.80160558
3248.02,18.80784339
3248.502,18.80728778
3248.984,18.78407011
3249.467,18.80541824
3249.948,18.78585569
3250.431,18.79609637
3250.913,18.79316304
3251.395,18.78671164
3251.877,18.79456055
3252.359,18.80517533
3252.841,18.79149047
3253.323,18.78820157
3253.805,18.79847153
3254.288,18.79512626
3254.77,18.80837007
3255.252,18.77936385
3255.734,18.80137001
3256.216,18.78381295
3256.698,18.77191337
3257.18,18.77840789
3257.662,18.788744
3258.145,18.79190992
3258.627,18.77118782
3259.109,18.798994
3259.591,18.77866572
3260.073,18.79020862
3260.555,18.79467502
3261.037,18.79315664
3261.519,18.79855613
3262.001,18.80633423
3262.484,18.82738192
3262.966,18.81239818
3263.448,18.79514108
3263.93,18.79776779
3264.412,18.79242989
3264.894,18.82466743
3265.376,18.8091967
3265.858,18.81859528
3266.341,18.80017104
3266.823,18.81645783
3267.305,18.83021442
3267.787,18.83079956
3268.269,18.85252396
3268.751,18.83728899
3269.233,18.83170081
3269.715,18.82330516
3270.198,18.83944206
3270.68,18.83079618
3271.162,18.83475033
3271.644,18.84768821
3272.126,18.86125954
3272.608,18.83292988
3273.09,18.85295295
3273.572,18.82944649
3274.054,18.82635854
3274.537,18.82111661
3275.019,18.83129072
3275.501,18.85566604
3275.983,18.85525111
3276.465,18.84339698
3276.947,18.85862427
3277.429,18.85989084
3277.911,18.84621825
3278.394,18.86742136
3278.875,18.86811348
3279.358,18.88274313
3279.84,18.87304478
3280.322,18.87458959
3280.804,18.88460769
3281.286,18.89060279
3281.768,18.89393865
3282.25,18.88254137
3282.732,18.89708098
3283.215,18.89194146
3283.697,18.90100621
3284.179,18.90934455
3284.661,18.89197073
3285.143,18.88468907
3285.625,18.88893007
3286.107,18.90387676
3286.589,18.88385461
3287.072,18.90227727
3287.554,18.90558054
3288.036,18.8999874
3288.518,18.89792325
3289,18.90144988
3289.482,18.90341778
3289.964,18.92365876
3290.446,18.91742475
3290.928,18.91746281
3291.411,18.9179503
3291.893,18.93935265
3292.375,18.95576338
3292.857,18.93881895
3293.339,18.92388331
3293.821,18.94158306
3294.303,18.95331762
3294.785,18.94053848
3295.268,18.95739461
3295.75,18.97972598
3296.232,18.96596595
3296.714,18.98591935
3297.196,18.97587425
3297.678,18.98045244
3298.16,18.98607685
3298.642,18.97161431
3299.125,18.99098986
3299.607,18.98387603
3300.089,19.01481668
3300.571,18.99190052
3301.053,18.99036671
3301.535,19.01102279
3302.017,19.02323103
3302.499,19.0326382
3302.981,19.02439519
3303.464,19.05554809
3303.946,19.02998739
3304.428,19.05055822
3304.91,19.04403458
3305.392,19.04900942
3305.874,19.04311864
3306.356,19.0570993
3306.838,19.06016484
3307.321,19.05056369
3307.802,19.07870494
3308.285,19.04295503
3308.767,19.06480837
3309.249,19.0508168
3309.731,19.06465429
3310.213,19.06951086
3310.695,19.06055035
3311.177,19.06412591
3311.659,19.07341223
3312.142,19.08685512
3312.624,19.06729065
3313.106,19.10169608
3313.588,19.10555088
3314.07,19.10105136
3314.552,19.10522934
3315.034,19.10619201
3315.516,19.13147948
3315.999,19.11776318
3316.481,19.11590263
3316.963,19.12496561
3317.445,19.13584628
3317.927,19.13837211
3318.409,19.14087394
3318.891,19.13261408
3319.373,19.15194097
3319.855,19.14708078
3320.338,19.16584117
3320.82,19.15607176
3321.302,19.15905658
3321.784,19.17490332
3322.266,19.17969288
3322.748,19.16469666
3323.23,19.20145825
3323.712,19.19421385
3324.195,19.21487917
3324.677,19.18687797
3325.159,19.19316377
3325.641,19.21644061
3326.123,19.20562281
3326.605,19.20062168
3327.087,19.22171465
3327.569,19.22723348
3328.052,19.20571924
3328.534,19.20587076
3329.016,19.21201477
3329.498,19.19469263
3329.98,19.20188151
3330.462,19.21720648
3330.944,19.21909513
3331.426,19.23062005
3331.908,19.22099074
3332.391,19.22160481
3332.873,19.22506473
3333.355,19.22847603
3333.837,19.22818257
3334.319,19.26717342
3334.801,19.23884602
3335.283,19.2480113
3335.765,19.24937555
3336.248,19.27214102
3336.729,19.27208019
3337.212,19.26257156
3337.694,19.29274449
3338.176,19.26986176
3338.658,19.26415442
3339.14,19.26756128
3339.622,19.30316278
3340.104,19.28760725
3340.586,19.27750723
3341.069,19.27443941
3341.551,19.3030335
3342.033,19.307775
3342.515,19.32756373
3342.997,19.31862003
3343.479,19.31115959
3343.961,19.32891253
3344.443,19.33857082
3344.926,19.31366941
3345.408,19.33825614
3345.89,19.34003102
3346.372,19.33490189
3346.854,19.3445323
3347.336,19.34596573
3347.818,19.34482866
3348.3,19.34682599
3348.782,19.34891326
3349.265,19.35236759
3349.747,19.35042349
3350.229,19.31979059
3350.711,19.35890908
3351.193,19.35564404
3351.675,19.35489278
3352.157,19.34356082
3352.639,19.36172453
3353.122,19.35729573
3353.604,19.35803993
3354.086,19.3440826
3354.568,19.35752142
3355.05,19.35509947
3355.532,19.35324641
3356.014,19.3520591
3356.496,19.34638355
3356.979,19.35478724
3357.461,19.36882237
3357.943,19.35185005
3358.425,19.34974289
3358.907,19.33877086
3359.389,19.3618038
3359.871,19.36046445
3360.353,19.35806702
3360.835,19.38435971
3361.318,19.37630192
3361.8,19.36226729
3362.282,19.38431887
3362.764,19.38169146
3363.246,19.36715726
3363.728,19.37507046
3364.21,19.35939521
3364.692,19.38917832
3365.174,19.41186015
3365.656,19.40370059
3366.139,19.39866674
3366.621,19.39780968
3367.103,19.38079543
3367.585,19.40472328
3368.067,19.4122039
3368.549,19.40656463
3369.031,19.39257832
3369.513,19.42149344
3369.996,19.41285768
3370.478,19.40736161
3370.96,19.41438785
3371.442,19.42567609
3371.924,19.45202061
3372.406,19.40964225
3372.888,19.42314649
3373.37,19.4245806
3373.853,19.41271906
3374.335,19.4140661
3374.817,19.42223509
3375.299,19.41991936
3375.781,19.43827072
3376.263,19.42613358
3376.745,19.41653504
3377.227,19.41330619
3377.709,19.42584699
3378.192,19.41320701
3378.674,19.41821399
3379.156,19.4206235
3379.638,19.42776965
3380.12,19.44053313
3380.602,19.41493547
3381.084,19.40775632
3381.566,19.42875723
3382.049,19.41801948
3382.531,19.43752592
3383.013,19.42678326
3383.495,19.41991679
3383.977,19.41606514
3384.459,19.40312264
3384.941,19.40318961
3385.423,19.42066306
3385.906,19.40128851
3386.387,19.40063097
3386.87,19.39577998
3387.352,19.40560286
3387.834,19.39615999
3388.316,19.38767965
3388.798,19.39084005
3389.28,19.40895363
3389.762,19.3935437
3390.244,19.38089833
3390.727,19.40481326
3391.209,19.3913738
3391.691,19.40608271
3392.173,19.40006165
3392.655,19.41312395
3393.137,19.40264144
3393.619,19.40160409
3394.101,19.40336257
3394.583,19.38362981
3395.066,19.41026876
3395.548,19.41594833
3396.03,19.3968229
3396.512,19.387571
3396.994,19.38140848
3397.476,19.3885529
3397.958,19.40572786
3398.44,19.387328
3398.923,19.38358894
3399.405,19.3992365
3399.887,19.3961511
3400.369,19.3797732
3400.851,19.3876475
3401.333,19.38464602
3401.815,19.38019234
3402.297,19.3688926
3402.78,19.37338604
3403.262,19.37184804
3403.744,19.37383134
3404.226,19.37925279
3404.708,19.35968445
3405.19,19.36137433
3405.672,19.33824188
3406.154,19.3321514
3406.636,19.35831662
3407.119,19.33030351
3407.601,19.34298135
3408.083,19.34034716
3408.565,19.32579278
3409.047,19.32947482
3409.529,19.33949077
3410.011,19.3305073
3410.493,19.3270129
3410.976,19.34736363
3411.458,19.33752203
3411.94,19.3241246
3412.422,19.33906467
3412.904,19.34424236
3413.386,19.34692606
3413.868,19.34613964
3414.35,19.34498336
3414.833,19.33283259
3415.314,19.33600131
3415.797,19.34003927
3416.279,19.35360127
3416.761,19.33765709
3417.243,19.3273234
3417.725,19.35170059
3418.207,19.32604584
3418.689,19.32939786
3419.171,19.33208416
3419.654,19.31803602
3420.136,19.31059999
3420.618,19.36252328
3421.1,19.30114785
3421.582,19.32106368
3422.064,19.2986931
3422.546,19.31402662
3423.028,19.30080558
3423.51,19.29260476
3423.993,19.27812862
3424.475,19.29276623
3424.957,19.30492895
3425.439,19.29617997
3425.921,19.29784547
3426.403,19.30118608
3426.885,19.290671
3427.367,19.28039722
3427.85,19.28842412
3428.332,19.28876037
3428.814,19.29044475
3429.296,19.28843609
3429.778,19.26500613
3430.26,19.2732224
3430.742,19.26772824
3431.224,19.25299317
3431.707,19.25620777
3432.189,19.23934313
3432.671,19.24109569
3433.153,19.22323582
3433.635,19.22563937
3434.117,19.21664721
3434.599,19.22568199
3435.081,19.23736075
3435.563,19.22388737
3436.046,19.20490281
3436.528,19.22981697
3437.01,19.21990259
3437.492,19.23769054
3437.974,19.22765701
3438.456,19.21185973
3438.938,19.21766903
3439.42,19.22678926
3439.903,19.23272787
3440.385,19.22847821
3440.867,19.22672501
3441.349,19.23412582
3441.831,19.22732714
3442.313,19.21911053
3442.795,19.21663072
3443.277,19.24025391
3443.76,19.21774199
3444.241,19.22420462
3444.724,19.22059215
3445.206,19.21904765
3445.688,19.19921463
3446.17,19.2026157
3446.652,19.19423688
3447.134,19.18983288
3447.616,19.18921188
3448.098,19.16733068
3448.581,19.16225
3449.063,19.14204893
3449.545,19.15073161
3450.027,19.15995608
3450.509,19.16506729
3450.991,19.15636274
3451.473,19.13340867
3451.955,19.13416231
3452.438,19.11517615
3452.92,19.13503363
3453.402,19.13216241
3453.884,19.12917736
3454.366,19.11433124
3454.848,19.11460225
3455.33,19.10735847
3455.812,19.1037805
3456.294,19.09679523
3456.777,19.10846918
3457.259,19.10171355
3457.741,19.09676542
3458.223,19.10150763
3458.705,19.08179272
3459.187,19.1146419
3459.669,19.09830114
3460.151,19.11374167
3460.634,19.12084178
3461.116,19.07826199
3461.598,19.09614469
3462.08,19.08970662
3462.562,19.08236005
3463.044,19.11863029
3463.526,19.10304481
3464.008,19.0959885
3464.49,19.09333607
3464.973,19.08315795
3465.455,19.09702683
3465.937,19.1019878
3466.419,19.09086033
3466.901,19.0736989
3467.383,19.07464308
3467.865,19.0723222
3468.347,19.0638848
3468.83,19.05995878
3469.312,19.06238177
3469.794,19.05174321
3470.276,19.05999948
3470.758,19.0487957
3471.24,19.0558207
3471.722,19.05891288
3472.204,19.0590144
3472.687,19.04631706
3473.168,19.04241469
3473.651,19.0405521
3474.133,19.05374833
3474.615,19.05535226
3475.097,19.04554182
3475.579,19.0531057
3476.061,19.05353074
3476.543,19.0422824
3477.025,19.03358244
3477.508,19.02339145
3477.99,19.02933608
3478.472,19.02534739
3478.954,19.04181686
3479.436,19.05154249
3479.918,19.02935571
3480.4,19.03144876
3480.882,19.01384468
3481.365,19.0203685
3481.847,19.01502693
3482.329,19.03525487
3482.811,19.01484416
3483.293,19.0175255
3483.775,18.99823234
3484.257,19.01478286
3484.739,19.02255904
3485.221,19.00974211
3485.704,19.01955263
3486.186,19.00755391
3486.668,19.02226643
3487.15,18.98876638
3487.632,18.99931187
3488.114,18.99050876
3488.596,18.9747941
3489.078,18.98767916
3489.561,18.98017578
3490.043,18.98896354
3490.525,18.98060479
3491.007,18.98912372
3491.489,18.98661024
3491.971,18.96636746
3492.453,18.99031772
3492.935,18.98706116
3493.417,18.99185392
3493.9,19.00105263
3494.382,18.99292065
3494.864,18.98977917
3495.346,18.98430999
3495.828,19.0071368
3496.31,19.00458707
3496.792,18.97770829
3497.274,18.98808011
3497.757,18.98543627
3498.239,18.97694088
3498.721,18.99908602
3499.203,19.00052002
3499.685,19.01061055
3500.167,19.01239456
3500.649,18.98094698
3501.131,19.03044311
3501.614,19.01146854
3502.095,19.03634969
3502.578,19.03299912
3503.06,19.02845573
3503.542,19.02873644
3504.024,19.02187244
3504.506,19.00872288
3504.988,19.02420652
3505.47,19.0066664
3505.952,19.01497503
3506.435,19.0090625
3506.917,18.99793121
3507.399,19.01039056
3507.881,19.004442
3508.363,19.00114268
3508.845,19.00635133
3509.327,19.00460673
3509.809,18.97562789
3510.292,18.9933125
3510.774,18.99262577
3511.256,18.9853836
3511.738,18.99216774
3512.22,18.99366936
3512.702,18.98355343
3513.184,18.97899832
3513.666,19.00245338
3514.148,18.98164497
3514.631,19.00190364
3515.113,18.99708586
3515.595,18.99611892
3516.077,19.02837942
3516.559,19.00638424
3517.041,19.03617666
3517.523,19.04564591
3518.005,19.0350728
3518.488,19.04203412
3518.97,19.03743244
3519.452,19.05958114
3519.934,19.04536372
3520.416,19.06126858
3520.898,19.03717518
3521.38,19.06356963
3521.862,19.0771478
3522.344,19.06472417
3522.827,19.07331138
3523.309,19.06569018
3523.791,19.03772359
3524.273,19.06903436
3524.755,19.07002116
3525.237,19.08094209
3525.719,19.05928925
3526.201,19.06533556
3526.684,19.06810157
3527.166,19.06403908
3527.648,19.05205879
3528.13,19.05752088
3528.612,19.04245253
3529.094,19.04892236
3529.576,19.05113411
3530.058,19.05296955
3530.541,19.05405865
3531.022,19.04907254
3531.505,19.04957621
3531.987,19.05162366
3532.469,19.04921356
3532.951,19.06779684
3533.433,19.05567925
3533.915,19.06552932
3534.397,19.07959928
3534.879,19.08144537
3535.362,19.08440506
3535.844,19.0670789
3536.326,19.11709983
3536.808,19.11642652
3537.29,19.09385951
3537.772,19.09925473
3538.254,19.09677068
3538.736,19.10839047
3539.219,19.1098207
3539.701,19.09383303
3540.183,19.10715934
3540.665,19.09884091
3541.147,19.10057662
3541.629,19.09891812
3542.111,19.09527834
3542.593,19.09977185
3543.075,19.10932163
3543.558,19.12721392
3544.04,19.10458582
3544.522,19.11689122
3545.004,19.12043319
3545.486,19.12716586
3545.968,19.10541402
3546.45,19.1298246
3546.932,19.11066547
3547.415,19.1276575
3547.897,19.15752076
3548.379,19.15019073
3548.861,19.15145331
3549.343,19.14802365
3549.825,19.18342915
3550.307,19.17261374
3550.789,19.18218464
3551.271,19.16806937
3551.754,19.16801469
3552.236,19.17486231
3552.718,19.16568746
3553.2,19.17853907
3553.682,19.17296965
3554.164,19.18061946
3554.646,19.17379221
3555.128,19.1860492
3555.611,19.18489461
3556.093,19.18619418
3556.575,19.17189851
3557.057,19.18818128
3557.539,19.21419036
3558.021,19.1896476
3558.503,19.21005057
3558.985,19.19585304
3559.468,19.22758462
3559.949,19.21231139
3560.432,19.22348771
3560.914,19.24702872
3561.396,19.21706966
3561.878,19.25105084
3562.36,19.23310444
3562.842,19.24534314
3563.324,19.2743076
3563.806,19.26353527
3564.289,19.26419247
3564.771,19.30278323
3565.253,19.30069812
3565.735,19.30760163
3566.217,19.33613234
3566.699,19.31477992
3567.181,19.30283185
3567.663,19.32225806
3568.146,19.29595638
3568.628,19.31721314
3569.11,19.2886935
3569.592,19.30637532
3570.074,19.29837162
3570.556,19.29542307
3571.038,19.29420483
3571.52,19.30559665
3572.002,19.28424503
3572.485,19.30996634
3572.967,19.31991227
3573.449,19.30066899
3573.931,19.31611287
3574.413,19.32412295
3574.895,19.3112375
3575.377,19.31521938
3575.859,19.29368243
3576.342,19.30583687
3576.824,19.32304409
3577.306,19.31324073
3577.788,19.31088342
3578.27,19.32398287
3578.752,19.30487992
3579.234,19.30070612
3579.716,19.3160471
3580.198,19.33223178
3580.681,19.33311015
3581.163,19.35124451
3581.645,19.31873993
3582.127,19.35096393
3582.609,19.34907044
3583.091,19.34845242
3583.573,19.38466928
3584.055,19.36388994
3584.538,19.36612679
3585.02,19.37097121
3585.502,19.37084548
3585.984,19.37894443
3586.466,19.36780108
3586.948,19.38344383
3587.43,19.3710785
3587.912,19.37798042
3588.395,19.35846982
3588.876,19.37260417
3589.359,19.37670942
3589.841,19.3942781
3590.323,19.40948104
3590.805,19.40523831
3591.287,19.43868565
3591.769,19.42793953
3592.251,19.45457003
3592.733,19.43560885
3593.216,19.43383935
3593.698,19.46681302
3594.18,19.44986826
3594.662,19.44729418
3595.144,19.44070404
3595.626,19.44881185
3596.108,19.44467472
3596.59,19.44005394
3597.073,19.45666689
3597.555,19.44285426
3598.037,19.46062367
3598.519,19.44590039
3599.001,19.45345929
3599.483,19.44500723
3599.965,19.43642501
3600.447,19.4593487
3600.929,19.47595465
3601.412,19.45112254
3601.894,19.46831537
3602.376,19.45737133
3602.858,19.46503407
3603.34,19.47580456
3603.822,19.47274498
3604.304,19.4924972
3604.786,19.46904658
3605.269,19.4848775
3605.751,19.49312368
3606.233,19.47493828
3606.715,19.49963375
3607.197,19.48322433
3607.679,19.51247105
3608.161,19.49279758
3608.643,19.52416062
3609.125,19.53482352
3609.608,19.53764239
3610.09,19.53974567
3610.572,19.57195192
3611.054,19.58564047
3611.536,19.5720668
3612.018,19.60086226
3612.5,19.58552275
3612.982,19.61496997
3613.465,19.60312265
3613.947,19.59109336
3614.429,19.58254825
3614.911,19.57662617
3615.393,19.58829318
3615.875,19.59260592
3616.357,19.56249898
3616.839,19.55835208
3617.322,19.54033401
3617.803,19.5346219
3618.286,19.52710741
3618.768,19.52499528
3619.25,19.51324034
3619.732,19.51994604
3620.214,19.51093058
3620.696,19.49161337
3621.178,19.49433155
3621.66,19.49671496
3622.143,19.51132711
3622.625,19.49353557
3623.107,19.51056216
3623.589,19.49795493
3624.071,19.50688164
3624.553,19.50962488
3625.035,19.51084975
3625.517,19.51604842
3626,19.50244547
3626.482,19.48808507
3626.964,19.50324954
3627.446,19.48477896
3627.928,19.47780232
3628.41,19.46708098
3628.892,19.46832193
3629.374,19.4530447
3629.856,19.46141238
3630.339,19.46609743
3630.821,19.47524498
3631.303,19.46992618
3631.785,19.49683613
3632.267,19.50343786
3632.749,19.51867466
3633.231,19.49977633
3633.713,19.52500515
3634.196,19.51391275
3634.678,19.51106829
3635.16,19.53848054
3635.642,19.54123658
3636.124,19.54542604
3636.606,19.54413294
3637.088,19.55506167
3637.57,19.54138954
3638.052,19.53904564
3638.535,19.56381388
3639.017,19.56256317
3639.499,19.57629969
3639.981,19.58176628
3640.463,19.6103742
3640.945,19.58946898
3641.427,19.61717329
3641.909,19.60814181
3642.392,19.62031901
3642.874,19.62239287
3643.356,19.64241721
3643.838,19.64774129
3644.32,19.66705147
3644.802,19.67541768
3645.284,19.68237167
3645.766,19.70471168
3646.249,19.71793748
3646.73,19.73816414
3647.213,19.74200512
3647.695,19.74099801
3648.177,19.71187477
3648.659,19.66575972
3649.141,19.65991563
3649.623,19.60496222
3650.105,19.57981816
3650.587,19.56357145
3651.07,19.54243625
3651.552,19.54600025
3652.034,19.55529021
3652.516,19.57250961
3652.998,19.58493073
3653.48,19.55898149
3653.962,19.58242473
3654.444,19.56782773
3654.927,19.58146304
3655.409,19.5793611
3655.891,19.55914695
3656.373,19.55362682
3656.855,19.55626552
3657.337,19.56722725
3657.819,19.5386244
3658.301,19.54962018
3658.783,19.5446969
3659.266,19.53942191
3659.748,19.53966542
3660.23,19.53115315
3660.712,19.5244837
3661.194,19.52917105
3661.676,19.5518089
3662.158,19.5291891
3662.64,19.50894583
3663.123,19.52705184
3663.605,19.52805344
3664.087,19.51751526
3664.569,19.51077763
3665.051,19.51357563
3665.533,19.51628172
3666.015,19.49915136
3666.497,19.51441194
3666.979,19.50179943
3667.462,19.52827164
3667.944,19.52105919
3668.426,19.52086984
3668.908,19.51642237
3669.39,19.54160097
3669.872,19.5327334
3670.354,19.54289063
3670.836,19.54127052
3671.319,19.55275964
3671.801,19.56927736
3672.283,19.56894063
3672.765,19.58427512
3673.247,19.59412828
3673.729,19.59643113
3674.211,19.596013
3674.693,19.60747332
3675.176,19.57185921
3675.657,19.55055396
3676.14,19.53581042
3676.622,19.50932006
3677.104,19.5094242
3677.586,19.49192071
3678.068,19.49227095
3678.55,19.48730569
3679.032,19.46822743
3679.514,19.48802602
3679.997,19.46571006
3680.479,19.4590819
3680.961,19.45178667
3681.443,19.47325132
3681.925,19.44019253
3682.407,19.43974908
3682.889,19.41661181
3683.371,19.44184167
3683.854,19.40830298
3684.336,19.42722332
3684.818,19.40086732
3685.3,19.41434279
3685.782,19.42369974
3686.264,19.40035487
3686.746,19.42442402
3687.228,19.42429347
3687.71,19.442517
3688.193,19.43664982
3688.675,19.42878356
3689.157,19.42771805
3689.639,19.43075898
3690.121,19.41824479
3690.603,19.43196047
3691.085,19.39835174
3691.567,19.40858317
3692.05,19.3958789
3692.532,19.38343762
3693.014,19.39047469
3693.496,19.38715412
3693.978,19.37763076
3694.46,19.38525536
3694.942,19.36615048
3695.424,19.37587731
3695.906,19.37443098
3696.389,19.35469368
3696.871,19.36259825
3697.353,19.33889174
3697.835,19.35313395
3698.317,19.34472212
3698.799,19.33776009
3699.281,19.35050733
3699.763,19.34186553
3700.246,19.32494697
3700.728,19.32651055
3701.21,19.31904363
3701.692,19.31143609
3702.174,19.29208297
3702.656,19.28826519
3703.138,19.30408541
3703.62,19.29262483
3704.103,19.28746881
3704.584,19.29742439
3705.067,19.28414781
3705.549,19.30218145
3706.031,19.30888556
3706.513,19.29917588
3706.995,19.32196163
3707.477,19.332808
3707.959,19.32132908
3708.441,19.34410002
3708.924,19.34591657
3709.406,19.34518492
3709.888,19.36493436
3710.37,19.35527291
3710.852,19.31446664
3711.334,19.3309028
3711.816,19.29192606
3712.298,19.29503039
3712.781,19.27003328
3713.263,19.27669514
3713.745,19.28981916
3714.227,19.27515743
3714.709,19.28067751
3715.191,19.2818696
3715.673,19.29061412
3716.155,19.27509524
3716.637,19.26380927
3717.12,19.25960555
3717.602,19.2575841
3718.084,19.26567668
3718.566,19.24842098
3719.048,19.25352612
3719.53,19.24623141
3720.012,19.25788126
3720.494,19.2462954
3720.977,19.25788228
3721.459,19.22709142
3721.941,19.25617026
3722.423,19.26066394
3722.905,19.26389246
3723.387,19.23954183
3723.869,19.24823111
3724.351,19.23028158
3724.833,19.20517038
3725.316,19.22066807
3725.798,19.19910048
3726.28,19.18088107
3726.762,19.17820851
3727.244,19.18575255
3727.726,19.18154697
3728.208,19.19748013
3728.69,19.1993695
3729.173,19.21725895
3729.655,19.2152939
3730.137,19.22089794
3730.619,19.24773212
3731.101,19.25364679
3731.583,19.28079475
3732.065,19.29231034
3732.547,19.30794215
3733.03,19.35176106
3733.511,19.36180488
3733.994,19.38588156
3734.476,19.35540856
3734.958,19.37339514
3735.44,19.34242621
3735.922,19.36058792
3736.404,19.34948757
3736.886,19.33924309
3737.368,19.32903234
3737.851,19.32874324
3738.333,19.32377384
3738.815,19.33593845
3739.297,19.31453638
3739.779,19.28031842
3740.261,19.28798319
3740.743,19.28653789
3741.225,19.22871325
3741.708,19.21878908
3742.19,19.20931716
3742.672,19.20781585
3743.154,19.18262532
3743.636,19.1798596
3744.118,19.20256288
3744.6,19.21156914
3745.082,19.22646305
3745.564,19.24548314
3746.047,19.26026581
3746.529,19.28136458
3747.011,19.29661087
3747.493,19.30633866
3747.975,19.28153466
3748.457,19.27397871
3748.939,19.2719147
3749.421,19.26331943
3749.904,19.2415016
3750.386,19.20227734
3750.868,19.22418799
3751.35,19.21253165
3751.832,19.22642067
3752.314,19.21121592
3752.796,19.23141623
3753.278,19.24778053
3753.76,19.27874043
3754.243,19.28599505
3754.725,19.29162294
3755.207,19.30566776
3755.689,19.29451621
3756.171,19.31977839
3756.653,19.30602732
3757.135,19.28901285
3757.617,19.28749219
3758.1,19.27451347
3758.582,19.24986642
3759.064,19.24715886
3759.546,19.2422307
3760.028,19.23731377
3760.51,19.22784075
3760.992,19.23570293
3761.474,19.24238801
3761.957,19.23288418
3762.438,19.24116343
3762.921,19.24111216
3763.403,19.2449663
3763.885,19.23909361
3764.367,19.24986146
3764.849,19.26912216
3765.331,19.27077305
3765.813,19.27628648
3766.295,19.26139671
3766.778,19.25786087
3767.26,19.26862954
3767.742,19.26415145
3768.224,19.26003382
3768.706,19.24530744
3769.188,19.22714131
3769.67,19.21959239
3770.152,19.21520668
3770.635,19.18918033
3771.117,19.17812854
3771.599,19.19006101
3772.081,19.144624
3772.563,19.17545284
3773.045,19.15571766
3773.527,19.1834417
3774.009,19.19138265
3774.491,19.18164008
3774.974,19.17667255
3775.456,19.17945877
3775.938,19.21320659
3776.42,19.19803821
3776.902,19.2146162
3777.384,19.23252746
3777.866,19.22384338
3778.348,19.24977325
3778.831,19.24852029
3779.313,19.24380238
3779.795,19.2503129
3780.277,19.23962562
3780.759,19.24686387
3781.241,19.21161216
3781.723,19.2761165
3782.205,19.2426326
3782.688,19.25981843
3783.17,19.25117573
3783.652,19.25189311
3784.134,19.23503826
3784.616,19.25504444
3785.098,19.24876768
3785.58,19.25724593
3786.062,19.25469273
3786.544,19.26018443
3787.027,19.24424974
3787.509,19.25172944
3787.991,19.24758845
3788.473,19.2452534
3788.955,19.25165018
3789.437,19.25150074
3789.919,19.25755659
3790.401,19.2497569
3790.884,19.25051687
3791.365,19.23890465
3791.848,19.26045104
3792.33,19.2723339
3792.812,19.28008484
3793.294,19.28498638
3793.776,19.29341824
3794.258,19.30133297
3794.74,19.30026875
3795.222,19.31738758
3795.705,19.31756604
3796.187,19.32867341
3796.669,19.32415468
3797.151,19.33532733
3797.633,19.32927041
3798.115,19.33453889
3798.597,19.32153364
3799.079,19.32521493
3799.562,19.31019555
3800.044,19.30425409
3800.526,19.29372259
3801.008,19.31427723
3801.49,19.30406111
3801.972,19.30950059
3802.454,19.3004463
3802.936,19.33139913
3803.418,19.33483016
3803.901,19.33324406
3804.383,19.34544638
3804.865,19.34954181
3805.347,19.34605994
3805.829,19.33572675
3806.311,19.34342324
3806.793,19.33346062
3807.275,19.33000009
3807.758,19.35554199
3808.24,19.34246984
3808.722,19.34520752
3809.204,19.33023138
3809.686,19.34681296
3810.168,19.35180058
3810.65,19.35155228
3811.132,19.35270455
3811.615,19.35519881
3812.097,19.35912344
3812.579,19.32992069
3813.061,19.36579812
3813.543,19.38293251
3814.025,19.38877703
3814.507,19.39351998
3814.989,19.39474022
3815.471,19.43461601
3815.954,19.43641394
3816.436,19.47204217
3816.918,19.48002211
3817.4,19.48580588
3817.882,19.47240237
3818.364,19.47818522
3818.846,19.47974551
3819.328,19.47762094
3819.811,19.46896711
3820.292,19.43872988
3820.775,19.44373658
3821.257,19.44431205
3821.739,19.420266
3822.221,19.44115522
3822.703,19.43483679
3823.185,19.46719621
3823.667,19.49432051
3824.149,19.46082509
3824.632,19.48000755
3825.114,19.48996626
3825.596,19.49355134
3826.078,19.4687637
3826.56,19.50252003
3827.042,19.48778866
3827.524,19.49175744
3828.006,19.48851704
3828.489,19.49723832
3828.971,19.52341869
3829.453,19.52159852
3829.935,19.54953875
3830.417,19.54138174
3830.899,19.56612062
3831.381,19.56281083
3831.863,19.56885602
3832.345,19.57640123
3832.828,19.58062142
3833.31,19.59926648
3833.792,19.5943307
3834.274,19.59675869
3834.756,19.59534018
3835.238,19.60710186
3835.72,19.63406285
3836.202,19.60315163
3836.685,19.63057984
3837.167,19.62804386
3837.649,19.64221885
3838.131,19.61928637
3838.613,19.62290369
3839.095,19.62525213
3839.577,19.6005936
3840.059,19.58715732
3840.542,19.59170829
3841.024,19.57710449
3841.506,19.58673552
3841.988,19.57736892
3842.47,19.58177614
3842.952,19.58290993
3843.434,19.54518966
3843.916,19.57716985
3844.398,19.59055396
3844.881,19.56642884
3845.363,19.5707525
3845.845,19.60438578
3846.327,19.5820096
3846.809,19.58423126
3847.291,19.5818527
3847.773,19.57863544
3848.255,19.5785847
3848.738,19.57010992
3849.219,19.58144785
3849.702,19.53078095
3850.184,19.53934961
3850.666,19.53371517
3851.148,19.49091965
3851.63,19.49309805
3852.112,19.45873208
3852.594,19.44463827
3853.076,19.43529019
3853.559,19.45776014
3854.041,19.47206651
3854.523,19.48119938
3855.005,19.55615329
3855.487,19.5578409
3855.969,19.60007507
3856.451,19.61918768
3856.933,19.62356824
3857.416,19.62776802
3857.898,19.66198408
3858.38,19.66758689
3858.862,19.67225036
3859.344,19.67062231
3859.826,19.66582846
3860.308,19.69235003
3860.79,19.69456409
3861.272,19.69628028
3861.755,19.6797145
3862.237,19.68708227
3862.719,19.67515571
3863.201,19.68851799
3863.683,19.69688925
3864.165,19.69687542
3864.647,19.68731061
3865.129,19.68253414
3865.612,19.68893519
3866.094,19.70741703
3866.576,19.71375863
3867.058,19.69613692
3867.54,19.72467575
3868.022,19.71391506
3868.504,19.71250102
3868.986,19.72795082
3869.469,19.74900899
3869.951,19.73269046
3870.433,19.7384704
3870.915,19.74016319
3871.397,19.71471792
3871.879,19.74294316
3872.361,19.73200901
3872.843,19.72118938
3873.325,19.73099606
3873.808,19.71154019
3874.29,19.71930771
3874.772,19.70316816
3875.254,19.69998092
3875.736,19.71487206
3876.218,19.70039311
3876.7,19.71979726
3877.182,19.70920944
3877.665,19.71295055
3878.146,19.70615053
3878.629,19.70493371
3879.111,19.70811433
3879.593,19.72754072
3880.075,19.69301958
3880.557,19.6891664
3881.039,19.69030307
3881.521,19.694026
3882.003,19.71134386
3882.486,19.67785655
3882.968,19.67806901
3883.45,19.68095785
3883.932,19.66482746
3884.414,19.65727791
3884.896,19.66112493
3885.378,19.63302938
3885.86,19.64149599
3886.343,19.65555504
3886.825,19.64982652
3887.307,19.66230649
3887.789,19.67989687
3888.271,19.69050969
3888.753,19.68347923
3889.235,19.69929383
3889.717,19.69633416
3890.199,19.68897748
3890.682,19.69162233
3891.164,19.70128912
3891.646,19.68700399
3892.128,19.69097275
3892.61,19.70397642
3893.092,19.66031278
3893.574,19.68903532
3894.056,19.68690612
3894.539,19.7026452
3895.021,19.67260623
3895.503,19.69632394
3895.985,19.67409697
3896.467,19.68694415
3896.949,19.70067352
3897.431,19.69117179
3897.913,19.69792238
3898.396,19.70584572
3898.878,19.70630164
3899.36,19.70704833
3899.842,19.73147886
3900.324,19.73598203
3900.806,19.73931496
3901.288,19.74597253
3901.77,19.71572773
3902.252,19.73207714
3902.735,19.72572766
3903.217,19.71410081
3903.699,19.71461816
3904.181,19.68762387
3904.663,19.68300093
3905.145,19.69181046
3905.627,19.66888116
3906.109,19.66093943
3906.592,19.67983171
3907.073,19.68730509
3907.556,19.69512755
3908.038,19.67087434
3908.52,19.67904296
3909.002,19.68347643
3909.484,19.66412185
3909.966,19.68216618
3910.448,19.65116494
3910.93,19.67194965
3911.413,19.66560062
3911.895,19.67329396
3912.377,19.64601577
3912.859,19.66510173
3913.341,19.6728627
3913.823,19.68678395
3914.305,19.69089394
3914.787,19.66413936
3915.27,19.66282974
3915.752,19.68667324
3916.234,19.65462354
3916.716,19.66585946
3917.198,19.67644717
3917.68,19.66380263
3918.162,19.6583911
3918.644,19.64490022
3919.126,19.64302079
3919.609,19.64521344
3920.091,19.64931823
3920.573,19.65293089
3921.055,19.65263498
3921.537,19.63425348
3922.019,19.64486357
3922.501,19.62948974
3922.983,19.63871305
3923.466,19.62825549
3923.948,19.6511166
3924.43,19.65395652
3924.912,19.62325195
3925.394,19.62891923
3925.876,19.6380848
3926.358,19.66090039
3926.84,19.64870959
3927.323,19.6500647
3927.805,19.63602291
3928.287,19.64734725
3928.769,19.64280642
3929.251,19.62858698
3929.733,19.6266451
3930.215,19.62260868
3930.697,19.59958145
3931.179,19.58804988
3931.662,19.58567679
3932.144,19.58502701
3932.626,19.55974985
3933.108,19.57095675
3933.59,19.57924631
3934.072,19.53591444
3934.554,19.55391091
3935.036,19.56014212
3935.519,19.56302077
3936,19.5524884
3936.483,19.55539617
3936.965,19.55568328
3937.447,19.56059163
3937.929,19.56385115
3938.411,19.54999534
3938.893,19.57375636
3939.375,19.56357327
3939.857,19.59679484
3940.34,19.60486719
3940.822,19.577117
3941.304,19.5801542
3941.786,19.59736351
3942.268,19.57691228
3942.75,19.5967962
3943.232,19.56393408
3943.714,19.56468396
3944.197,19.56372629
3944.679,19.56226148
3945.161,19.55430332
3945.643,19.54531246
3946.125,19.54233384
3946.607,19.5415817
3947.089,19.53434461
3947.571,19.5263875
3948.053,19.5295296
3948.536,19.51825367
3949.018,19.52871712
3949.5,19.52747466
3949.982,19.50651446
3950.464,19.52038076
3950.946,19.52328543
3951.428,19.52956077
3951.91,19.50895008
3952.393,19.51838359
3952.875,19.51561285
3953.357,19.5318711
3953.839,19.49102376
3954.321,19.50335745
3954.803,19.5152775
3955.285,19.50147618
3955.767,19.48868479
3956.25,19.49605147
3956.732,19.50481215
3957.214,19.50256705
3957.696,19.50057184
3958.178,19.50102916
3958.66,19.50370047
3959.142,19.46382005
3959.624,19.49616323
3960.106,19.49084561
3960.589,19.45454035
3961.071,19.47641433
3961.553,19.48433103
3962.035,19.46285767
3962.517,19.45254992
3962.999,19.44305877
3963.481,19.43788511
3963.963,19.43432685
3964.446,19.43095631
3964.927,19.43565719
3965.41,19.4195282
3965.892,19.43306999
3966.374,19.41123206
3966.856,19.41052628
3967.338,19.40089971
3967.82,19.38473255
3968.302,19.39868306
3968.784,19.38755701
3969.267,19.38407758
3969.749,19.37423712
3970.231,19.39285439
3970.713,19.38791634
3971.195,19.38619229
3971.677,19.38651472
3972.159,19.36839672
3972.641,19.41192216
3973.124,19.3948026
3973.606,19.40952362
3974.088,19.40844327
3974.57,19.398847
3975.052,19.4002945
3975.534,19.38041716
3976.016,19.39883488
3976.498,19.40278008
3976.98,19.39614862
3977.463,19.38154542
3977.945,19.38553671
3978.427,19.39266201
3978.909,19.35965195
3979.391,19.36236744
3979.873,19.37779719
3980.355,19.35293818
3980.837,19.35254066
3981.32,19.34231521
3981.802,19.35115148
3982.284,19.35271244
3982.766,19.33226488
3983.248,19.33882511
3983.73,19.31713986
3984.212,19.32607702
3984.694,19.33361708
3985.177,19.33950156
3985.659,19.35495667
3986.141,19.35289236
3986.623,19.34445059
3987.105,19.32650285
3987.587,19.36214794
3988.069,19.34229204
3988.551,19.34409941
3989.033,19.34646249
3989.516,19.33286636
3989.998,19.33219074
3990.48,19.32204271
3990.962,19.34621185
3991.444,19.31546447
3991.926,19.34459024
3992.408,19.34998921
3992.89,19.34635913
3993.373,19.33829555
3993.854,19.34764081
3994.337,19.31217047
3994.819,19.33743862
3995.301,19.31592571
3995.783,19.30588448
3996.265,19.32207092
3996.747,19.30208466
3997.229,19.30528502
3997.711,19.29599919
3998.194,19.27927674
3998.676,19.27454189
3999.158,19.27612808
3999.64,19.29003215
4000.122,19.28237573
