wavenumber_cm_inv,reflectance_percent
399.6747,0
400.1569,91.48944351
400.639,91.23369158
401.1211,91.0084648
401.6032,90.84438559
402.0853,90.65157727
402.5674,90.45239513
403.0496,90.2320212
403.5317,89.97048972
404.0138,89.65167002
404.4959,89.32589322
404.978,88.98732528
405.4601,88.626402
405.9423,88.28210197
406.4244,87.98342003
406.9065,87.76033354
407.3886,87.63351933
407.8707,87.58963063
408.3528,87.66916091
408.835,87.67088502
409.3171,87.74704646
409.7992,87.89649068
410.2813,87.99287745
410.7634,88.05237254
411.2455,88.07654049
411.7277,87.96853464
412.2098,87.82446216
412.6919,87.61577465
413.174,87.39512686
413.6561,87.18190872
414.1382,86.94144651
414.6204,86.76097414
415.1025,86.52761181
415.5846,86.34454595
416.0667,86.15841654
416.5488,85.97936033
417.0309,85.76688539
417.5131,85.59217925
417.9952,85.38879818
418.4773,85.17922026
418.9594,85.02135181
419.4415,84.92244488
419.9236,84.87223699
420.4058,84.82688022
420.8879,84.81161416
421.37,84.85559937
421.8521,84.8502908
422.3342,84.86562339
422.8163,84.82855299
423.2985,84.75887479
423.7806,84.66548443
424.2627,84.55154529
424.7448,84.41216105
425.2269,84.28354979
425.709,84.1597351
426.1912,84.02114547
426.6733,83.92356026
427.1554,83.83945689
427.6375,83.79363186
428.1196,83.77415499
428.6017,83.71858094
429.0839,83.74131425
429.566,83.7465439
430.0481,83.77156945
430.5302,83.77518362
431.0123,83.75327501
431.4944,83.75195203
431.9766,83.72075083
432.4587,83.67759132
432.9408,83.57525081
433.4229,83.50025253
433.905,83.41498591
434.3871,83.28470752
434.8693,83.17452487
435.3514,83.08735166
435.8335,82.94983835
436.3156,82.81157095
436.7977,82.73855522
437.2798,82.66642263
437.762,82.6143942
438.2441,82.56227205
438.7262,82.53007751
439.2083,82.48319508
439.6904,82.4311712
440.1725,82.42817508
440.6547,82.3690065
441.1368,82.30340136
441.6189,82.20807819
442.101,82.10485775
442.5831,81.95686666
443.0652,81.80062871
443.5474,81.6452176
444.0295,81.49634823
444.5116,81.3406425
444.9937,81.15976281
445.4758,81.02490754
445.9579,80.84486801
446.4401,80.72290356
446.9222,80.59033398
447.4043,80.43278519
447.8864,80.31976454
448.3685,80.19645356
448.8506,80.09839612
449.3328,80.0268264
449.8149,79.87957091
450.297,79.79542451
450.7791,79.79072746
451.2612,79.75169315
451.7433,79.68486497
452.2255,79.63997994
452.7076,79.52349161
453.1897,79.38855732
453.6718,79.30409168
454.1539,79.21809284
454.636,79.1124257
455.1182,78.99906142
455.6003,78.89724246
456.0824,78.76630692
456.5645,78.65365063
457.0466,78.52932611
457.5287,78.45657937
458.0109,78.37127998
458.493,78.24366453
458.9751,78.11175114
459.4572,78.03755382
459.9393,77.88569885
460.4214,77.71367948
460.9036,77.50921346
461.3857,77.32188757
461.8678,77.10820463
462.3499,76.89665202
462.832,76.66048133
463.3141,76.39845055
463.7963,76.18029561
464.2784,75.96096808
464.7605,75.80016748
465.2426,75.61935246
465.7247,75.50416346
466.2068,75.36349448
466.689,75.32478558
467.1711,75.2136637
467.6532,75.07821266
468.1353,74.94739621
468.6174,74.81333161
469.0995,74.63057926
469.5817,74.42861569
470.0638,74.18530185
470.5459,73.95327146
471.028,73.69849433
471.5101,73.43505507
471.9922,73.18462411
472.4744,72.98655539
472.9565,72.77724849
473.4386,72.61495989
473.9207,72.46968895
474.4028,72.34669591
474.8849,72.2218455
475.3671,72.0989888
475.8492,71.97603725
476.3313,71.82000998
476.8134,71.69391277
477.2955,71.61491102
477.7776,71.39366598
478.2598,71.22614734
478.7419,71.09339894
479.224,70.89559278
479.7061,70.75051547
480.1882,70.58334782
480.6703,70.41248834
481.1525,70.25774887
481.6346,70.09385941
482.1167,69.89694595
482.5988,69.65848939
483.0809,69.43942222
483.563,69.2188229
484.0452,68.99039668
484.5273,68.72813632
485.0094,68.52908525
485.4915,68.26986666
485.9736,68.01772383
486.4557,67.71475957
486.9379,67.46469391
487.42,67.23783324
487.9021,66.99328811
488.3842,66.77111206
488.8663,66.53841336
489.3484,66.3157864
489.8306,66.05390908
490.3127,65.8242187
490.7948,65.55502667
491.2769,65.31258414
491.759,65.06577553
492.2411,64.83063233
492.7233,64.548519
493.2054,64.2870734
493.6875,64.04400764
494.1696,63.75559104
494.6517,63.49424356
495.1339,63.2216935
495.616,62.97395845
496.0981,62.70070313
496.5802,62.38862812
497.0623,62.10829226
497.5444,61.81704339
498.0266,61.5351784
498.5087,61.26749352
498.9908,61.02633566
499.4729,60.73633136
499.955,60.45157112
500.4371,60.16460222
500.9193,59.85196614
501.4014,59.60881487
501.8835,59.2264463
502.3656,58.9005237
502.8477,58.54722787
503.3298,58.2254656
503.812,57.88644772
504.2941,57.57060986
504.7762,57.26386746
505.2583,56.92516529
505.7404,56.56681214
506.2225,56.2320566
506.7047,55.90449161
507.1868,55.5864749
507.6689,55.27402068
508.151,54.94946288
508.6331,54.64145973
509.1152,54.33328199
509.5974,54.01404259
510.0795,53.69487046
510.5616,53.37879715
511.0437,53.05537011
511.5258,52.70344876
512.0079,52.36408732
512.4901,52.0463768
512.9722,51.66607181
513.4543,51.28172392
513.9364,50.96190722
514.4185,50.6064092
514.9006,50.23926475
515.3828,49.86487149
515.8649,49.4238283
516.347,48.97677288
516.8291,48.47642866
517.3112,47.9448691
517.7933,47.74476504
518.2755,47.16054241
518.7576,46.60245432
519.2397,46.0477623
519.7218,45.51547544
520.2039,45.0137501
520.686,44.5304149
521.1682,44.07781677
521.6503,43.65940079
522.1324,43.2472715
522.6145,42.84579607
523.0966,42.43343175
523.5787,41.99353004
524.0609,41.57509594
524.543,41.12507338
525.0251,40.65341878
525.5072,40.19828219
525.9893,39.70049842
526.4714,39.22695708
526.9536,38.7577741
527.4357,38.30999013
527.9178,37.83257368
528.3999,37.39509397
528.882,36.96650935
529.3641,36.51931938
529.8463,36.06826004
530.3284,35.60421127
530.8105,35.13386081
531.2926,34.66082974
531.7747,34.21130837
532.2568,33.7247954
532.739,33.24090137
533.2211,32.76531777
533.7032,32.29312241
534.1853,31.81430778
534.6674,31.31663524
535.1495,30.82036343
535.6317,30.34339899
536.1138,29.84038257
536.5959,29.3416738
537.078,28.81204695
537.5601,28.34151985
538.0422,27.81180643
538.5244,27.31530965
539.0065,26.8088282
539.4886,26.31856932
539.9707,25.80522329
540.4528,25.32101633
540.9349,24.84328955
541.4171,24.37842067
541.8992,23.91334771
542.3813,23.43413402
542.8634,22.97133142
543.3455,22.51172994
543.8276,22.04245868
544.3098,21.5755371
544.7919,21.08777084
545.274,20.6053556
545.7561,20.11158261
546.2382,19.61278613
546.7203,19.11880543
547.2025,18.6402036
547.6846,18.16098359
548.1667,17.69978125
548.6488,17.2215274
549.1309,16.75111086
549.613,16.32935957
550.0952,15.88870445
550.5773,15.47435633
551.0594,15.03968927
551.5415,14.6126211
552.0236,14.204693
552.5057,13.78610446
552.9879,13.38430779
553.47,12.98919536
553.9521,12.59252851
554.4342,12.18829691
554.9163,11.81130168
555.3984,11.42709066
555.8806,11.04307351
556.3627,10.64571554
556.8448,10.29916395
557.3269,9.964740718
557.809,9.613763701
558.2911,9.260538839
558.7733,8.950945967
559.2554,8.65075597
559.7375,8.339602041
560.2196,8.067279055
560.7017,7.783101606
561.1838,7.49290175
561.666,7.226881933
562.1481,6.981448305
562.6302,6.726011067
563.1123,6.463095541
563.5944,6.225161726
564.0765,6.013253823
564.5587,5.79452646
565.0408,5.579176784
565.5229,5.386933866
566.005,5.191545625
566.4871,5.007754414
566.9692,4.835324319
567.4514,4.675370658
567.9335,4.537123931
568.4156,4.416860158
568.8977,4.287231744
569.3798,4.195721427
569.8619,4.126633485
570.3441,4.04963903
570.8262,3.983342869
571.3083,3.931652638
571.7904,3.902914997
572.2725,3.878326529
572.7546,3.87276989
573.2368,3.847539068
573.7189,3.847182963
574.201,3.845841619
574.6831,3.848136688
575.1652,3.847714187
575.6473,3.873949209
576.1295,3.880504824
576.6116,3.930555297
577.0937,3.982099853
577.5758,4.053590257
578.0579,4.120003625
578.54,4.238982991
579.0222,4.353114468
579.5043,4.508462231
579.9864,4.663548554
580.4685,4.84627222
580.9506,5.048764176
581.4327,5.236318423
581.9149,5.458614288
582.397,5.667760258
582.8791,5.911761192
583.3612,6.127290367
583.8433,6.376677561
584.3254,6.619429507
584.8076,6.864846878
585.2897,7.152500616
585.7718,7.411831833
586.2539,7.676513096
586.736,7.953189411
587.2181,8.225309935
587.7003,8.530363757
588.1824,8.817300088
588.6645,9.123693038
589.1466,9.414517271
589.6287,9.756556604
590.1108,10.10399896
590.593,10.45557984
591.0751,10.82209733
591.5572,11.20544394
592.0393,11.59650572
592.5214,12.01277907
593.0035,12.3966915
593.4857,12.77931298
593.9678,13.14737272
594.4499,13.5154479
594.932,13.89737279
595.4141,14.28969426
595.8962,14.66873003
596.3784,15.06434095
596.8605,15.45943172
597.3426,15.8720264
597.8247,16.26367182
598.3068,16.68363999
598.7889,17.13994385
599.2711,17.58530163
599.7532,18.04280921
600.2353,18.49435916
600.7174,18.96865343
601.1995,19.43423955
601.6816,19.89423347
602.1638,20.35444115
602.6459,20.78981932
603.128,21.20907309
603.6101,21.65643263
604.0922,22.09769386
604.5743,22.51598743
605.0565,22.94168598
605.5386,23.39855444
606.0207,23.81677618
606.5028,24.26634855
606.9849,24.71696446
607.467,25.14396995
607.9492,25.61053167
608.4313,26.06659696
608.9134,26.5270824
609.3955,26.97384232
609.8776,27.44333798
610.3597,27.8695857
610.8419,28.30691245
611.324,28.75468974
611.8061,29.22209038
612.2882,29.64394772
612.7703,30.08406005
613.2524,30.49331057
613.7346,30.9314689
614.2167,31.37996556
614.6988,31.81596712
615.1809,32.24159415
615.663,32.6701231
616.1451,33.1443089
616.6273,33.59974475
617.1094,34.04438284
617.5915,34.49752076
618.0736,34.97277519
618.5557,35.39498449
619.0378,35.83606657
619.52,36.23804539
620.0021,36.662014
620.4842,37.08250585
620.9663,37.51597676
621.4484,37.91835394
621.9305,38.33943123
622.4127,38.75521255
622.8948,39.16681985
623.3769,39.60583678
623.859,40.02773086
624.3411,40.45666519
624.8232,40.91348886
625.3054,41.29260283
625.7875,41.71805332
626.2696,42.12654615
626.7517,42.52763398
627.2338,42.93419188
627.7159,43.3095978
628.1981,43.7057418
628.6802,44.09386479
629.1623,44.49427698
629.6444,44.87911423
630.1265,45.24366468
630.6086,45.62771331
631.0908,45.98697441
631.5729,46.34786624
632.055,46.74415175
632.5371,47.09243651
633.0192,47.4499154
633.5013,47.81208789
633.9835,48.16941506
634.4656,48.53545847
634.9477,48.89023801
635.4298,49.24408898
635.9119,49.60324887
636.394,49.95478755
636.8762,50.31117859
637.3583,50.62803178
637.8404,50.96596502
638.3225,51.29788876
638.8046,51.61560027
639.2867,51.9499494
639.7689,52.25402054
640.251,52.5643853
640.7331,52.87814932
641.2152,53.19858335
641.6973,53.49231688
642.1794,53.79188374
642.6616,54.08427783
643.1437,54.41680072
643.6258,54.70533027
644.1079,54.9935335
644.59,55.31379426
645.0721,55.60406094
645.5543,55.90259926
646.0364,56.21566308
646.5185,56.51843768
647.0006,56.81565855
647.4827,57.1009761
647.9648,57.38040419
648.447,57.68261133
648.9291,57.98609735
649.4112,58.25659539
649.8933,58.53420894
650.3754,58.8251518
650.8575,59.09839666
651.3397,59.34626919
651.8218,59.64088494
652.3039,59.8954645
652.786,60.12491105
653.2681,60.40143544
653.7502,60.64576957
654.2324,60.89104299
654.7145,61.10484314
655.1966,61.34006575
655.6787,61.54280661
656.1608,61.74244076
656.6429,61.96036202
657.125,62.15784879
657.6072,62.39187059
658.0892,62.55542808
658.5714,62.76741995
659.0535,62.99412513
659.5356,63.18366816
660.0177,63.38315053
660.4999,63.55964497
660.9819,63.77170227
661.4641,63.97430309
661.9462,64.15684358
662.4283,64.3409614
662.9104,64.51294795
663.3926,64.70509467
663.8746,64.86859011
664.3568,65.04695712
664.8389,65.18903889
665.321,65.34353547
665.8031,65.54513406
666.2853,65.75882812
666.7673,65.96905211
667.2495,66.22571563
667.7316,66.51255004
668.2137,66.83899495
668.6958,67.10069338
669.178,67.36027162
669.66,67.58145223
670.1422,67.71829026
670.6243,67.87410188
671.1064,67.9582726
671.5885,68.06074147
672.0707,68.1579945
672.5527,68.26326353
673.0349,68.38846478
673.517,68.49708618
673.9991,68.63543951
674.4812,68.78248491
674.9634,68.93121578
675.4454,69.09009761
675.9276,69.26561552
676.4097,69.40869141
676.8918,69.54243369
677.3739,69.7113705
677.8561,69.87061453
678.3381,70.00740083
678.8203,70.17199606
679.3024,70.32065373
679.7845,70.46803791
680.2666,70.59527881
680.7488,70.73924603
681.2308,70.8777048
681.713,71.0200073
682.1951,71.14787877
682.6772,71.31366869
683.1593,71.43278425
683.6415,71.5756559
684.1235,71.70154371
684.6057,71.82572756
685.0878,71.97334614
685.5699,72.07913476
686.052,72.20773138
686.5342,72.31315043
687.0162,72.4129968
687.4984,72.50591289
687.9805,72.60694371
688.4626,72.67808042
688.9447,72.79695941
689.4269,72.86716656
689.9089,72.97362085
690.3911,73.07036783
690.8732,73.14914358
691.3553,73.25878951
691.8374,73.35877266
692.3196,73.44621954
692.8016,73.53662871
693.2838,73.62555886
693.7659,73.71744442
694.248,73.81628454
694.7301,73.8863586
695.2123,73.99319017
695.6943,74.07656853
696.1765,74.17673386
696.6586,74.25323709
697.1407,74.35641229
697.6228,74.42460241
698.105,74.50532272
698.587,74.59155051
699.0692,74.67175084
699.5513,74.72513851
700.0334,74.79956826
700.5155,74.85932476
700.9977,74.93071539
701.4797,74.99686295
701.9619,75.07300912
702.444,75.12454004
702.9261,75.21339688
703.4082,75.27646147
703.8904,75.36652745
704.3724,75.44791051
704.8546,75.55153896
705.3367,75.62102402
705.8188,75.7053622
706.3009,75.76925034
706.7831,75.85228112
707.2651,75.93285839
707.7473,75.98312095
708.2294,76.03801599
708.7115,76.08166086
709.1936,76.14549383
709.6758,76.17668279
710.1578,76.23756393
710.64,76.26608279
711.1221,76.34599589
711.6042,76.41034686
712.0863,76.46605258
712.5685,76.5231978
713.0505,76.58074197
713.5327,76.64950037
714.0148,76.70502238
714.4969,76.76444931
714.979,76.80328119
715.4612,76.84976996
715.9432,76.93687976
716.4254,76.96686035
716.9075,77.01464143
717.3896,77.07183883
717.8717,77.1446698
718.3539,77.19933133
718.8359,77.24945078
719.3181,77.30529009
719.8002,77.36176418
720.2823,77.39553554
720.7644,77.45593826
721.2466,77.48041459
721.7286,77.52166854
722.2108,77.57258488
722.6929,77.59743626
723.175,77.6068937
723.6571,77.63963173
724.1393,77.67519812
724.6213,77.69399859
725.1035,77.73865282
725.5856,77.77227906
726.0677,77.80196892
726.5498,77.83176416
727.032,77.8492087
727.514,77.88020835
727.9962,77.90723184
728.4783,77.93373877
728.9604,77.97089332
729.4425,78.01811326
729.9247,78.03769244
730.4067,78.06176132
730.8889,78.10337932
731.371,78.10350968
731.8531,78.12500552
732.3352,78.16625832
732.8174,78.17981104
733.2994,78.21572076
733.7816,78.23531943
734.2637,78.26966728
734.7458,78.28485169
735.2279,78.32123897
735.7101,78.34051764
736.1921,78.36571463
736.6743,78.38584981
737.1564,78.42387703
737.6385,78.43467815
738.1206,78.46530378
738.6028,78.48531351
739.0848,78.50630441
739.567,78.51664605
740.0491,78.52172283
740.5312,78.56403787
741.0133,78.55551065
741.4955,78.58449985
741.9775,78.57426409
742.4597,78.59107982
742.9418,78.58752662
743.424,78.62626402
743.906,78.629364
744.3882,78.65102668
744.8702,78.64889962
745.3524,78.67274687
745.8345,78.68467846
746.3167,78.71348986
746.7987,78.70996178
747.2809,78.72152031
747.7629,78.73894163
748.2451,78.74376714
748.7272,78.72736298
749.2094,78.78103178
749.6914,78.77793833
750.1736,78.76631731
750.6556,78.76522675
751.1378,78.77790603
751.6199,78.77225359
752.1021,78.77221282
752.5841,78.75995448
753.0663,78.74646088
753.5483,78.72895453
754.0305,78.72644331
754.5126,78.71221408
754.9948,78.68290532
755.4768,78.67098704
755.959,78.68257678
756.441,78.6501129
756.9232,78.64899919
757.4053,78.63964662
757.8875,78.62650199
758.3695,78.61299127
758.8517,78.58140839
759.3337,78.56900754
759.8159,78.5618607
760.298,78.55044967
760.7802,78.53005278
761.2622,78.49878541
761.7444,78.49789476
762.2264,78.4722634
762.7086,78.48303149
763.1907,78.45828311
763.6729,78.4419816
764.1549,78.42153278
764.6371,78.41258944
765.1191,78.40653916
765.6013,78.37406518
766.0834,78.39554691
766.5656,78.37867882
767.0476,78.33852708
767.5298,78.33024878
768.0118,78.30967003
768.494,78.28761602
768.9761,78.24955642
769.4583,78.23582511
769.9403,78.21260307
770.4225,78.17192834
770.9045,78.08899019
771.3867,78.09700438
771.8688,78.06889327
772.351,78.04366653
772.833,78.01320894
773.3152,78.00508698
773.7972,77.96343668
774.2794,77.95814725
774.7615,77.92241473
775.2437,77.86960989
775.7257,77.84035106
776.2079,77.82785516
776.6899,77.76967498
777.1721,77.72842513
777.6542,77.68049099
778.1364,77.62571528
778.6184,77.56841739
779.1006,77.52420376
779.5826,77.46087238
780.0648,77.4371255
780.5469,77.41011625
781.0291,77.36323017
781.5111,77.34337962
781.9933,77.29475029
782.4753,77.27032411
782.9575,77.24212937
783.4396,77.21513117
783.9218,77.17939273
784.4038,77.13770238
784.886,77.10977545
785.368,77.07721451
785.8502,76.99962905
786.3323,76.98279514
786.8145,76.94145808
787.2965,76.89205937
787.7787,76.84768365
788.2607,76.78549454
788.7429,76.7494479
789.225,76.68645546
789.7072,76.5885752
790.1892,76.54586187
790.6714,76.48143767
791.1534,76.43872016
791.6356,76.37280148
792.1177,76.3143708
792.5999,76.24044757
793.0819,76.18785247
793.5641,76.14396016
794.0461,76.08610675
794.5283,76.02790567
795.0104,75.99608996
795.4926,75.9241235
795.9746,75.87621951
796.4568,75.83657717
796.9388,75.77631351
797.421,75.70861367
797.9031,75.64256696
798.3853,75.58153396
798.8673,75.521621
799.3495,75.45187232
799.8315,75.3852542
800.3137,75.29325073
800.7958,75.23230079
801.278,75.16328887
801.76,75.07516523
802.2422,74.99378052
802.7242,74.89812836
803.2064,74.81860694
803.6885,74.74552948
804.1707,74.64748241
804.6527,74.56783178
805.1349,74.50093723
805.6169,74.4260359
806.0991,74.36357478
806.5812,74.2616115
807.0634,74.1969659
807.5454,74.11690228
808.0276,74.03853978
808.5096,73.95860164
808.9918,73.88502147
809.4739,73.81024098
809.9561,73.73415176
810.4381,73.66123089
810.9203,73.5626599
811.4023,73.46714087
811.8845,73.39145271
812.3666,73.27842025
812.8488,73.17932507
813.3308,73.06485263
813.813,72.98230229
814.295,72.86941874
814.7772,72.73957199
815.2593,72.65274625
815.7415,72.53135401
816.2235,72.40081821
816.7057,72.30970149
817.1877,72.20477952
817.6699,72.09361132
818.152,71.9971604
818.6342,71.88801541
819.1162,71.77960337
819.5984,71.67546054
820.0804,71.56851691
820.5626,71.44412356
821.0447,71.36701157
821.5269,71.23111072
822.0089,71.10799663
822.4911,70.99746793
822.9731,70.85764326
823.4553,70.74615352
823.9374,70.59353944
824.4196,70.48746626
824.9016,70.34672324
825.3838,70.22738835
825.8658,70.09322613
826.348,69.95116875
826.8301,69.80964092
827.3123,69.71218128
827.7943,69.5544983
828.2765,69.42392001
828.7585,69.29076807
829.2407,69.16612092
829.7228,69.0201758
830.205,68.88992894
830.687,68.73957213
831.1692,68.5914613
831.6512,68.43869639
832.1334,68.29946575
832.6155,68.16069467
833.0977,68.02281146
833.5797,67.8711563
834.0619,67.68531445
834.5439,67.56059175
835.0261,67.38607287
835.5082,67.25189834
835.9904,67.07507233
836.4724,66.91183383
836.9546,66.73796261
837.4366,66.599758
837.9188,66.43313551
838.4009,66.2596437
838.8831,66.07969449
839.3651,65.9244605
839.8473,65.76083442
840.3293,65.57731007
840.8115,65.37668778
841.2936,65.22367483
841.7758,65.03941282
842.2578,64.83303661
842.74,64.64791688
843.222,64.44342299
843.7042,64.26929193
844.1863,64.06509346
844.6685,63.88398414
845.1505,63.66423186
845.6327,63.46016579
846.1147,63.28363045
846.5969,63.08564896
847.079,62.89151778
847.5612,62.67649474
848.0432,62.50110191
848.5254,62.32076984
849.0074,62.12909635
849.4896,61.90764437
849.9717,61.72222204
850.4539,61.50931347
850.9359,61.28985627
851.4181,61.08128183
851.9001,60.87051689
852.3823,60.6495587
852.8644,60.42356978
853.3466,60.20587232
853.8286,59.9691329
854.3108,59.76282502
854.7928,59.49067487
855.275,59.26556885
855.7571,59.02863235
856.2393,58.77598046
856.7213,58.54472511
857.2035,58.26900153
857.6855,58.02711318
858.1677,57.77361377
858.6498,57.5337067
859.132,57.26916247
859.614,57.03510152
860.0962,56.78628803
860.5782,56.5413203
861.0604,56.29170528
861.5425,56.01971178
862.0247,55.77758783
862.5067,55.51467575
862.9889,55.26160439
863.4709,55.00587498
863.9531,54.72817737
864.4352,54.45178984
864.9174,54.18622063
865.3994,53.91094256
865.8816,53.61996263
866.3636,53.33212468
866.8458,53.04659937
867.3279,52.74072763
867.8101,52.44860998
868.2921,52.14138181
868.7743,51.8482188
869.2563,51.56021621
869.7385,51.24130538
870.2206,50.92652901
870.7028,50.62051994
871.1848,50.32184285
871.667,50.00163892
872.149,49.69393081
872.6312,49.40275997
873.1133,49.07971391
873.5955,48.75183167
874.0775,48.45527324
874.5597,48.15093634
875.0417,47.82744056
875.5239,47.52353291
876.006,47.19673719
876.4882,46.86842092
876.9702,46.53343885
877.4524,46.21425688
877.9344,45.87887493
878.4166,45.53975277
878.8987,45.20859061
879.3809,44.88502364
879.8629,44.52018815
880.3451,44.17199656
880.8271,43.81010097
881.3093,43.45412714
881.7914,43.09456099
882.2736,42.72510526
882.7556,42.35119366
883.2378,41.97267398
883.7198,41.6086843
884.202,41.212257
884.6841,40.83955966
885.1663,40.4816025
885.6483,40.11417119
886.1305,39.72776668
886.6125,39.36152675
887.0947,38.99056157
887.5768,38.6137441
888.059,38.23516942
888.541,37.84550626
889.0232,37.45512553
889.5052,37.10376147
889.9874,36.69139561
890.4695,36.29563255
890.9517,35.90611675
891.4337,35.4966013
891.9159,35.10852436
892.3979,34.69637366
892.8801,34.30646213
893.3622,33.89366191
893.8444,33.51439049
894.3264,33.10030154
894.8086,32.6822547
895.2906,32.28807447
895.7728,31.88184191
896.2549,31.47136828
896.7371,31.06222956
897.2191,30.6622327
897.7013,30.25048708
898.1833,29.84412688
898.6655,29.42010201
899.1476,29.01042534
899.6298,28.59551136
900.1118,28.17398354
900.594,27.76093812
901.076,27.34992945
901.5582,26.93185675
902.0403,26.48528246
902.5225,26.08420241
903.0045,25.63113647
903.4867,25.21870518
903.9688,24.80667092
904.4509,24.36139502
904.933,23.93971949
905.4152,23.50612974
905.8972,23.10257228
906.3794,22.67849994
906.8615,22.27733469
907.3436,21.85249113
907.8257,21.43446933
908.3079,21.05160652
908.7899,20.65396192
909.2721,20.24239483
909.7542,19.83484777
910.2363,19.41721448
910.7184,19.01163787
911.2006,18.6239893
911.6826,18.20486397
912.1647,17.78162387
912.6469,17.38279613
913.129,16.97046186
913.6111,16.56736975
914.0932,16.16239904
914.5753,15.77024869
915.0574,15.36598439
915.5396,14.97749579
916.0217,14.59536585
916.5038,14.19104359
916.9859,13.79586432
917.468,13.4093762
917.9501,13.02275718
918.4323,12.65990591
918.9144,12.30090917
919.3965,11.93194128
919.8786,11.56277574
920.3607,11.19978908
920.8428,10.86850051
921.325,10.49737464
921.8071,10.17175328
922.2892,9.821460734
922.7713,9.497399105
923.2534,9.130036242
923.7355,8.827588727
924.2177,8.479752283
924.6998,8.169110755
925.1819,7.837830037
925.664,7.520686056
926.1461,7.220273428
926.6282,6.914436407
927.1104,6.598716776
927.5925,6.320772236
928.0746,6.021683124
928.5567,5.74688372
929.0388,5.491756212
929.5209,5.221690746
930.0031,4.961533268
930.4852,4.728601483
930.9673,4.469217905
931.4494,4.238341507
931.9315,4.013499674
932.4136,3.76494958
932.8958,3.549777154
933.3779,3.372856064
933.86,3.127651856
934.3421,2.934015271
934.8242,2.728690941
935.3063,2.552970596
935.7885,2.363906783
936.2706,2.198169227
936.7527,2.0327872
937.2348,1.867332545
937.7169,1.722401136
938.199,1.597388448
938.6812,1.444784181
939.1633,1.320451335
939.6454,1.208644035
940.1275,1.093876378
940.6096,0.999383566
941.0917,0.887157202
941.5739,0.798112302
942.056,0.734979125
942.5381,0.65313149
943.0202,0.589954594
943.5023,0.522277696
943.9844,0.473082176
944.4666,0.430437275
944.9487,0.409588794
945.4308,0.363937028
945.9129,0.356962792
946.395,0.349331123
946.8771,0.350227326
947.3593,0.372466824
947.8414,0.376205614
948.3235,0.416041834
948.8056,0.446657091
949.2877,0.483555043
949.7698,0.510470946
950.252,0.568025592
950.7341,0.641399838
951.2162,0.712271378
951.6983,0.804793948
952.1804,0.871747676
952.6625,0.980683701
953.1447,1.064465865
953.6268,1.170223642
954.1089,1.29686629
954.591,1.416558425
955.0731,1.568106436
955.5552,1.685541948
956.0374,1.822775373
956.5195,1.953710401
957.0016,2.107933211
957.4837,2.279887338
957.9658,2.424858968
958.4479,2.617318824
958.9301,2.778037973
959.4122,2.971662947
959.8943,3.153654487
960.3764,3.34824496
960.8585,3.544448482
961.3406,3.769367193
961.8228,3.968025532
962.3049,4.198776074
962.787,4.429421988
963.2691,4.662612225
963.7512,4.87074121
964.2333,5.119616029
964.7155,5.349381205
965.1976,5.593106982
965.6797,5.857874836
966.1618,6.092913117
966.6439,6.35801457
967.126,6.642586201
967.6082,6.902238847
968.0903,7.164359484
968.5724,7.440724498
969.0545,7.721508973
969.5366,8.020920201
970.0187,8.293193493
970.5009,8.613438341
970.983,8.911141919
971.4651,9.201780071
971.9472,9.517881505
972.4293,9.812734233
972.9114,10.10603009
973.3936,10.42493369
973.8757,10.71829871
974.3578,11.03322568
974.8399,11.34047746
975.322,11.66596689
975.8041,11.98136745
976.2863,12.29827429
976.7684,12.62408645
977.2505,12.95306457
977.7326,13.26354086
978.2147,13.59096816
978.6968,13.90375038
979.179,14.23865812
979.6611,14.56635449
980.1432,14.88893441
980.6253,15.23900832
981.1074,15.56133651
981.5895,15.92108235
982.0717,16.23064831
982.5538,16.55667637
983.0359,16.90735071
983.518,17.25974375
984.0001,17.61767359
984.4822,17.92670275
984.9644,18.28116492
985.4465,18.64761992
985.9286,18.98274547
986.4107,19.30744439
986.8928,19.66279879
987.3749,20.002002
987.8571,20.3583542
988.3392,20.70003407
988.8213,21.03464127
989.3034,21.37339986
989.7855,21.73072252
990.2676,22.07716947
990.7498,22.43471582
991.2319,22.7475634
991.714,23.10121427
992.1961,23.45195056
992.6782,23.76693608
993.1603,24.13032842
993.6425,24.44544481
994.1246,24.79995055
994.6067,25.12466921
995.0888,25.43276663
995.5709,25.76742491
996.053,26.10787991
996.5352,26.43716276
997.0173,26.75572836
997.4994,27.07150293
997.9815,27.40124658
998.4636,27.72056636
998.9457,28.04675738
999.4279,28.37567922
999.91,28.71018695
1000.392,29.01146975
1000.874,29.30161466
1001.356,29.64816385
1001.838,29.97403069
1002.321,30.30530357
1002.803,30.59315348
1003.285,30.90645523
1003.767,31.22992953
1004.249,31.55824826
1004.731,31.85469634
1005.213,32.14587349
1005.695,32.45274947
1006.177,32.72362707
1006.66,33.05425465
1007.142,33.33155514
1007.624,33.62421975
1008.106,33.93282637
1008.588,34.18743391
1009.07,34.4974479
1009.552,34.77984191
1010.034,35.05497493
1010.517,35.33117157
1010.999,35.61975446
1011.481,35.90777076
1011.963,36.1836393
1012.445,36.45157251
1012.927,36.7262499
1013.409,37.0071661
1013.891,37.28446564
1014.373,37.55037591
1014.856,37.81724177
1015.338,38.09201454
1015.82,38.34080438
1016.302,38.5905527
1016.784,38.86290893
1017.266,39.12814883
1017.748,39.3881468
1018.23,39.62550673
1018.713,39.87841536
1019.195,40.13213439
1019.677,40.37460257
1020.159,40.62387111
1020.641,40.87635879
1021.123,41.13229097
1021.605,41.37463051
1022.087,41.61844592
1022.569,41.86725627
1023.052,42.08027021
1023.534,42.33540933
1024.016,42.56483243
1024.498,42.79786261
1024.98,43.01917317
1025.462,43.25427055
1025.944,43.47223938
1026.426,43.71230556
1026.908,43.91780454
1027.391,44.1407241
1027.873,44.36825988
1028.355,44.58208957
1028.837,44.79143758
1029.319,44.99678111
1029.801,45.18333838
1030.283,45.41144333
1030.765,45.60299863
1031.248,45.78769278
1031.73,45.98849149
1032.212,46.19602181
1032.694,46.38194099
1033.176,46.5863932
1033.658,46.79414596
1034.14,46.9949794
1034.622,47.18194704
1035.104,47.38296156
1035.587,47.57590813
1036.069,47.74977054
1036.551,47.95466565
1037.033,48.094496
1037.515,48.29937923
1037.997,48.47642957
1038.479,48.64672399
1038.961,48.83955891
1039.444,49.00561623
1039.926,49.1860727
1040.408,49.36019076
1040.89,49.52676497
1041.372,49.71140967
1041.854,49.89255349
1042.336,50.04464821
1042.818,50.20359382
1043.301,50.39326984
1043.783,50.54666927
1044.265,50.69050938
1044.747,50.83740213
1045.229,51.00024385
1045.711,51.16978935
1046.193,51.30587113
1046.675,51.46568207
1047.157,51.61705675
1047.64,51.76997574
1048.122,51.92201672
1048.604,52.07595723
1049.086,52.2137608
1049.568,52.36482967
1050.05,52.50893844
1050.532,52.63551027
1051.014,52.78556816
1051.496,52.921023
1051.979,53.08027733
1052.461,53.18958952
1052.943,53.32316238
1053.425,53.46946113
1053.907,53.5856164
1054.389,53.70185103
1054.871,53.83315915
1055.353,53.9401257
1055.835,54.07969391
1056.318,54.20715165
1056.8,54.32856667
1057.282,54.44922707
1057.764,54.54660702
1058.246,54.71528832
1058.728,54.8131185
1059.21,54.9253078
1059.692,55.05322835
1060.175,55.17972257
1060.657,55.30408435
1061.139,55.43482285
1061.621,55.55871063
1062.103,55.66640379
1062.585,55.77658724
1063.067,55.87878564
1063.549,55.96842367
1064.031,56.0755198
1064.514,56.17004011
1064.996,56.26731531
1065.478,56.34990111
1065.96,56.44969855
1066.442,56.55222957
1066.924,56.63730683
1067.406,56.72714162
1067.888,56.84105752
1068.371,56.94502611
1068.853,57.03490136
1069.335,57.12365485
1069.817,57.22770746
1070.299,57.34967907
1070.781,57.42168002
1071.263,57.48854896
1071.745,57.57879177
1072.228,57.65359947
1072.71,57.71149287
1073.192,57.7845155
1073.674,57.83382561
1074.156,57.86874816
1074.638,57.91544839
1075.12,57.94589084
1075.602,57.99345882
1076.084,58.0264078
1076.567,58.06222104
1077.049,58.12638636
1077.531,58.17845149
1078.013,58.2514493
1078.495,58.31131815
1078.977,58.36697386
1079.459,58.44546737
1079.941,58.53825939
1080.423,58.60949005
1080.906,58.69959889
1081.388,58.759881
1081.87,58.83872018
1082.352,58.91654556
1082.834,59.00801418
1083.316,59.07112959
1083.798,59.12881028
1084.28,59.17881423
1084.762,59.24065553
1085.245,59.28297008
1085.727,59.32364601
1086.209,59.34124738
1086.691,59.3806051
1087.173,59.41987196
1087.655,59.45121877
1088.137,59.48351427
1088.619,59.50933501
1089.102,59.55362575
1089.584,59.58577542
1090.066,59.63854092
1090.548,59.69159517
1091.03,59.76198425
1091.512,59.76431534
1091.994,59.83131124
1092.476,59.90384547
1092.958,59.92884474
1093.441,59.97696656
1093.923,60.00609779
1094.405,60.05660497
1094.887,60.06558333
1095.369,60.09510003
1095.851,60.13586522
1096.333,60.14771251
1096.815,60.13148975
1097.298,60.1791073
1097.78,60.17998697
1098.262,60.20166506
1098.744,60.22282961
1099.226,60.23732656
1099.708,60.26946555
1100.19,60.27856085
1100.672,60.30095891
1101.155,60.32048731
1101.637,60.34800879
1102.119,60.34921194
1102.601,60.37418437
1103.083,60.37998367
1103.565,60.41840953
1104.047,60.44328462
1104.529,60.47053706
1105.011,60.49954163
1105.494,60.54952293
1105.976,60.53788313
1106.458,60.59755666
1106.94,60.61602696
1107.422,60.6152964
1107.904,60.62994837
1108.386,60.65774857
1108.868,60.64695072
1109.35,60.642015
1109.833,60.65097933
1110.315,60.65613636
1110.797,60.65292347
1111.279,60.62874344
1111.761,60.64745841
1112.243,60.63717732
1112.725,60.6100009
1113.207,60.61717946
1113.689,60.61770918
1114.172,60.6053827
1114.654,60.59355707
1115.136,60.5993278
1115.618,60.58946445
1116.1,60.56698736
1116.582,60.58612765
1117.064,60.54248057
1117.546,60.5559834
1118.029,60.5557405
1118.511,60.53241476
1118.993,60.53845159
1119.475,60.54005735
1119.957,60.50387733
1120.439,60.4919888
1120.921,60.4832765
1121.403,60.46516016
1121.885,60.45157165
1122.368,60.42886178
1122.85,60.41965873
1123.332,60.38600343
1123.814,60.37603127
1124.296,60.34764622
1124.778,60.34623943
1125.26,60.35573093
1125.742,60.32442463
1126.225,60.32521454
1126.707,60.30436671
1127.189,60.28630091
1127.671,60.26291772
1128.153,60.24331363
1128.635,60.2051047
1129.117,60.17671208
1129.599,60.13828654
1130.082,60.10167563
1130.564,60.05644268
1131.046,60.03186638
1131.528,60.00086972
1132.01,59.95665684
1132.492,59.91702524
1132.974,59.91800417
1133.456,59.89897997
1133.938,59.86164638
1134.421,59.84374133
1134.903,59.79678477
1135.385,59.78375592
1135.867,59.74854155
1136.349,59.69373917
1136.831,59.68050756
1137.313,59.63506419
1137.795,59.58368057
1138.277,59.56812733
1138.76,59.52226013
1139.242,59.47924765
1139.724,59.41348132
1140.206,59.37775709
1140.688,59.34142193
1141.17,59.28628163
1141.652,59.24650488
1142.134,59.21426373
1142.616,59.18333376
1143.099,59.13743062
1143.581,59.09134987
1144.063,59.03964282
1144.545,59.00753054
1145.027,58.96775673
1145.509,58.89434485
1145.991,58.84532493
1146.473,58.79831045
1146.956,58.74309774
1147.438,58.69998417
1147.92,58.62875591
1148.402,58.56967068
1148.884,58.53849316
1149.366,58.47653362
1149.848,58.43934224
1150.33,58.34919961
1150.812,58.29667698
1151.295,58.22303168
1151.777,58.1606456
1152.259,58.11875873
1152.741,58.0325057
1153.223,57.96229225
1153.705,57.91138204
1154.187,57.83892095
1154.669,57.76712484
1155.152,57.68963236
1155.634,57.62774968
1156.116,57.57227227
1156.598,57.48865658
1157.08,57.4379561
1157.562,57.36548805
1158.044,57.31444845
1158.526,57.23527337
1159.009,57.16321608
1159.491,57.09681207
1159.973,57.00576372
1160.455,56.93249503
1160.937,56.85956354
1161.419,56.76658172
1161.901,56.70832941
1162.383,56.61951933
1162.865,56.5645698
1163.348,56.48226195
1163.83,56.38503265
1164.312,56.32443383
1164.794,56.22279427
1165.276,56.16504592
1165.758,56.05764797
1166.24,56.00156411
1166.722,55.89747652
1167.204,55.79955335
1167.687,55.72312267
1168.169,55.65403541
1168.651,55.54363428
1169.133,55.45090052
1169.615,55.36795051
1170.097,55.27406174
1170.579,55.1735277
1171.061,55.07849435
1171.543,54.98474715
1172.026,54.90150685
1172.508,54.80183556
1172.99,54.7132406
1173.472,54.60526899
1173.954,54.50238153
1174.436,54.3975484
1174.918,54.30626696
1175.4,54.20899861
1175.883,54.11181846
1176.365,53.99801774
1176.847,53.9294039
1177.329,53.83199816
1177.811,53.70689612
1178.293,53.61198884
1178.775,53.51346629
1179.257,53.42571575
1179.74,53.29395307
1180.222,53.22893455
1180.704,53.11356955
1181.186,53.00394422
1181.668,52.90079337
1182.15,52.78149259
1182.632,52.66328186
1183.114,52.58062239
1183.596,52.433664
1184.079,52.35551634
1184.561,52.2444863
1185.043,52.13477196
1185.525,52.02407381
1186.007,51.90087172
1186.489,51.77443092
1186.971,51.67060425
1187.453,51.55678534
1187.936,51.43730928
1188.418,51.31717051
1188.9,51.19772741
1189.382,51.07902649
1189.864,50.95914007
1190.346,50.83373336
1190.828,50.73353327
1191.31,50.59720406
1191.792,50.50408236
1192.275,50.33261364
1192.757,50.22914407
1193.239,50.11901048
1193.721,49.99605642
1194.203,49.84330858
1194.685,49.71133889
1195.167,49.59818388
1195.649,49.4743462
1196.131,49.33363683
1196.614,49.21327749
1197.096,49.09605431
1197.578,48.96277166
1198.06,48.82075866
1198.542,48.69868791
1199.024,48.57072794
1199.506,48.43910742
1199.988,48.30031739
1200.47,48.18711788
1200.953,48.0289341
1201.435,47.9100617
1201.917,47.75770214
1202.399,47.63708496
1202.881,47.49992301
1203.363,47.32588465
1203.845,47.20614855
1204.327,47.06564925
1204.81,46.92550559
1205.292,46.78185588
1205.774,46.64383054
1206.256,46.51185828
1206.738,46.35832384
1207.22,46.21302367
1207.702,46.07691363
1208.184,45.93147184
1208.667,45.79528088
1209.149,45.66631371
1209.631,45.50984877
1210.113,45.35047446
1210.595,45.20373946
1211.077,45.05552865
1211.559,44.91293451
1212.041,44.76599033
1212.523,44.6034212
1213.006,44.45787319
1213.488,44.30173945
1213.97,44.15859708
1214.452,43.98981952
1214.934,43.84896474
1215.416,43.70457559
1215.898,43.52043683
1216.38,43.37050939
1216.863,43.21702346
1217.345,43.03835512
1217.827,42.87266113
1218.309,42.72937659
1218.791,42.5619156
1219.273,42.37368809
1219.755,42.21327427
1220.237,42.05196451
1220.719,41.89637701
1221.202,41.71126159
1221.684,41.54231683
1222.166,41.40263582
1222.648,41.22070266
1223.13,41.07034595
1223.612,40.88696445
1224.094,40.72388071
1224.576,40.56497126
1225.058,40.39230242
1225.541,40.21986442
1226.023,40.05740261
1226.505,39.87201398
1226.987,39.70982964
1227.469,39.52251347
1227.951,39.34018014
1228.433,39.17342221
1228.915,39.0100117
1229.397,38.81317935
1229.88,38.65993796
1230.362,38.48336171
1230.844,38.30748475
1231.326,38.13758371
1231.808,37.95510802
1232.29,37.79731894
1232.772,37.63037897
1233.254,37.44309985
1233.737,37.25460895
1234.219,37.09118465
1234.701,36.89928395
1235.183,36.73027766
1235.665,36.54113558
1236.147,36.38052622
1236.629,36.18356587
1237.111,36.0190757
1237.594,35.82057949
1238.076,35.62628332
1238.558,35.46887962
1239.04,35.281262
1239.522,35.10427809
1240.004,34.9326659
1240.486,34.73288873
1240.968,34.56932974
1241.45,34.37083078
1241.933,34.20145224
1242.415,34.04116485
1242.897,33.82157002
1243.379,33.64722611
1243.861,33.45162805
1244.343,33.28149564
1244.825,33.11263587
1245.307,32.91393937
1245.79,32.74189381
1246.272,32.54067896
1246.754,32.39801705
1247.236,32.18661572
1247.718,32.00561278
1248.2,31.83574342
1248.682,31.68461991
1249.164,31.48914233
1249.646,31.31241216
1250.129,31.12188154
1250.611,30.93996367
1251.093,30.75615142
1251.575,30.58147239
1252.057,30.37954976
1252.539,30.20087334
1253.021,30.03860569
1253.503,29.83474339
1253.985,29.67880495
1254.468,29.49177364
1254.95,29.30796046
1255.432,29.13869787
1255.914,28.9752134
1256.396,28.79367088
1256.878,28.62189053
1257.36,28.44896702
1257.842,28.24667893
1258.324,28.07737059
1258.807,27.91213396
1259.289,27.74004282
1259.771,27.56246297
1260.253,27.37244491
1260.735,27.20420451
1261.217,27.01356667
1261.699,26.83126078
1262.181,26.66713527
1262.664,26.49378438
1263.146,26.29959933
1263.628,26.14444216
1264.11,25.96517833
1264.592,25.78480165
1265.074,25.61968932
1265.556,25.45511857
1266.038,25.27933804
1266.521,25.13500278
1267.003,24.94166811
1267.485,24.79392907
1267.967,24.60380522
1268.449,24.45838228
1268.931,24.2876852
1269.413,24.11803716
1269.895,23.94447569
1270.377,23.77912094
1270.86,23.60658001
1271.342,23.44627368
1271.824,23.25493717
1272.306,23.09538876
1272.788,22.92752593
1273.27,22.74231866
1273.752,22.60925968
1274.234,22.42189994
1274.717,22.28610851
1275.199,22.12302567
1275.681,21.97147142
1276.163,21.82113712
1276.645,21.65312251
1277.127,21.5244851
1277.609,21.37727603
1278.091,21.2089686
1278.573,21.05656704
1279.056,20.92613018
1279.538,20.75825965
1280.02,20.64147771
1280.502,20.47855194
1280.984,20.32451317
1281.466,20.18345315
1281.948,20.04614385
1282.43,19.88996371
1282.912,19.74140597
1283.395,19.61285099
1283.877,19.46550668
1284.359,19.32622192
1284.841,19.19650877
1285.323,19.06365454
1285.805,18.92822796
1286.287,18.80120035
1286.769,18.66236676
1287.251,18.5258466
1287.734,18.4057701
1288.216,18.27747902
1288.698,18.14239006
1289.18,18.02565794
1289.662,17.90356487
1290.144,17.76422273
1290.626,17.64063489
1291.108,17.52733825
1291.591,17.40880326
1292.073,17.29051821
1292.555,17.16008071
1293.037,17.06210408
1293.519,16.95619289
1294.001,16.86757656
1294.483,16.73737864
1294.965,16.63329851
1295.448,16.55430442
1295.93,16.4391112
1296.412,16.33389147
1296.894,16.23814813
1297.376,16.13171657
1297.858,16.04409745
1298.34,15.93799835
1298.822,15.83033164
1299.304,15.75095813
1299.787,15.64127184
1300.269,15.54750705
1300.751,15.47168747
1301.233,15.37246127
1301.715,15.28315292
1302.197,15.19996953
1302.679,15.1235156
1303.161,15.06096274
1303.644,14.97311657
1304.126,14.90405883
1304.608,14.82718562
1305.09,14.76886656
1305.572,14.6854753
1306.054,14.63241822
1306.536,14.56685013
1307.018,14.48719261
1307.5,14.44210751
1307.983,14.37652666
1308.465,14.33870742
1308.947,14.27078716
1309.429,14.22283311
1309.911,14.18969552
1310.393,14.1134449
1310.875,14.0748948
1311.357,14.00266224
1311.839,13.95645372
1312.322,13.92512588
1312.804,13.88168348
1313.286,13.81453436
1313.768,13.77134197
1314.25,13.72992782
1314.732,13.69452068
1315.214,13.65525695
1315.696,13.61526109
1316.178,13.58510683
1316.661,13.55627914
1317.143,13.53878255
1317.625,13.50066044
1318.107,13.46768624
1318.589,13.44162268
1319.071,13.40571585
1319.553,13.38044202
1320.035,13.3544036
1320.518,13.35220212
1321,13.32617071
1321.482,13.32059686
1321.964,13.31353206
1322.446,13.3239325
1322.928,13.30390342
1323.41,13.31403531
1323.892,13.30618706
1324.375,13.3013415
1324.857,13.30386117
1325.339,13.30317512
1325.821,13.32029926
1326.303,13.31258897
1326.785,13.32681522
1327.267,13.32030748
1327.749,13.35522274
1328.231,13.35963517
1328.714,13.36238403
1329.196,13.38959572
1329.678,13.38297699
1330.16,13.41439229
1330.642,13.4586566
1331.124,13.46123416
1331.606,13.47894496
1332.088,13.50553706
1332.571,13.53900031
1333.053,13.53453544
1333.535,13.5832839
1334.017,13.61562449
1334.499,13.63297282
1334.981,13.67032378
1335.463,13.68508823
1335.945,13.72898331
1336.427,13.74367863
1336.91,13.77803324
1337.392,13.84415027
1337.874,13.86300268
1338.356,13.93123798
1338.838,13.98208113
1339.32,14.03513642
1339.802,14.11783033
1340.284,14.1751628
1340.766,14.22240066
1341.249,14.28010166
1341.731,14.34723962
1342.213,14.41847118
1342.695,14.4481336
1343.177,14.50841747
1343.659,14.56669721
1344.141,14.63145985
1344.623,14.68645529
1345.105,14.75657128
1345.588,14.81516262
1346.07,14.89364303
1346.552,14.95206549
1347.034,15.03329292
1347.516,15.10992497
1347.998,15.18940561
1348.48,15.26417015
1348.962,15.33505735
1349.445,15.42553552
1349.927,15.49775873
1350.409,15.5757752
1350.891,15.64331972
1351.373,15.7089166
1351.855,15.79388966
1352.337,15.87479013
1352.819,15.9695695
1353.302,16.0510972
1353.784,16.12377395
1354.266,16.21805811
1354.748,16.30062971
1355.23,16.41584989
1355.712,16.49342413
1356.194,16.56949932
1356.676,16.66384438
1357.158,16.74622048
1357.641,16.85857518
1358.123,16.92681515
1358.605,17.00918385
1359.087,17.12133946
1359.569,17.21441291
1360.051,17.29477834
1360.533,17.37407935
1361.015,17.46351274
1361.498,17.62839898
1361.98,17.7133167
1362.462,17.84975921
1362.944,17.97992829
1363.426,18.11973833
1363.908,18.23983368
1364.39,18.32019848
1364.872,18.44380017
1365.354,18.54974855
1365.837,18.64240941
1366.319,18.72401452
1366.801,18.82781285
1367.283,18.93641537
1367.765,19.03554304
1368.247,19.15458305
1368.729,19.24171105
1369.211,19.35532371
1369.693,19.46401352
1370.176,19.58173246
1370.658,19.67505712
1371.14,19.7927831
1371.622,19.90017215
1372.104,20.00886675
1372.586,20.12460556
1373.068,20.25078589
1373.55,20.38741536
1374.032,20.52078125
1374.515,20.67200648
1374.997,20.79162347
1375.479,20.92087227
1375.961,21.04875395
1376.443,21.1655619
1376.925,21.28189214
1377.407,21.40883054
1377.889,21.51920419
1378.372,21.6491139
1378.854,21.7472438
1379.336,21.83377262
1379.818,21.97657151
1380.3,22.10044029
1380.782,22.20428551
1381.264,22.31052743
1381.746,22.41248636
1382.229,22.53002947
1382.711,22.65585118
1383.193,22.75393025
1383.675,22.87110029
1384.157,22.94912023
1384.639,23.060262
1385.121,23.18846267
1385.603,23.32559925
1386.085,23.45781371
1386.568,23.59761454
1387.05,23.76254507
1387.532,23.90067622
1388.014,24.056632
1388.496,24.16072196
1388.978,24.30121074
1389.46,24.39806205
1389.942,24.51936804
1390.425,24.61043492
1390.907,24.7137179
1391.389,24.82110702
1391.871,24.91828785
1392.353,25.00140492
1392.835,25.11618398
1393.317,25.2334452
1393.799,25.34806495
1394.281,25.49173964
1394.764,25.63050814
1395.246,25.80618649
1395.728,25.93455988
1396.21,26.06333877
1396.692,26.22860219
1397.174,26.32902381
1397.656,26.46341207
1398.138,26.60688052
1398.62,26.745892
1399.103,26.86173921
1399.585,26.98695162
1400.067,27.08614537
1400.549,27.20615412
1401.031,27.31934522
1401.513,27.41113357
1401.995,27.50330155
1402.477,27.61657277
1402.959,27.73955788
1403.442,27.82636003
1403.924,27.95942696
1404.406,28.07629303
1404.888,28.21498895
1405.37,28.33899372
1405.852,28.46718828
1406.334,28.57520396
1406.816,28.68927895
1407.299,28.80273592
1407.781,28.91010073
1408.263,29.03019023
1408.745,29.15710966
1409.227,29.25151438
1409.709,29.35618818
1410.191,29.47033806
1410.673,29.58320238
1411.156,29.69422573
1411.638,29.82365798
1412.12,29.90083872
1412.602,30.00652607
1413.084,30.12140589
1413.566,30.22379621
1414.048,30.32287264
1414.53,30.4219964
1415.012,30.48396754
1415.495,30.59133458
1415.977,30.69317914
1416.459,30.80021755
1416.941,30.9128001
1417.423,31.0329809
1417.905,31.1665826
1418.387,31.32518561
1418.869,31.47361101
1419.352,31.61884018
1419.834,31.74724823
1420.316,31.88646926
1420.798,31.99693003
1421.28,32.08671125
1421.762,32.18248854
1422.244,32.23415874
1422.726,32.34373626
1423.208,32.46013835
1423.69,32.53454811
1424.173,32.6346348
1424.655,32.72773691
1425.137,32.84091173
1425.619,32.93195215
1426.101,33.03797147
1426.583,33.11528137
1427.065,33.199502
1427.547,33.29474305
1428.03,33.39993689
1428.512,33.49286784
1428.994,33.60131807
1429.476,33.71901701
1429.958,33.82580026
1430.44,33.92345413
1430.922,34.03391521
1431.404,34.11691671
1431.886,34.22608212
1432.369,34.30075209
1432.851,34.3952347
1433.333,34.46783318
1433.815,34.54317845
1434.297,34.63649598
1434.779,34.74273499
1435.261,34.83308182
1435.743,34.95347922
1436.226,35.06787871
1436.708,35.18546733
1437.19,35.30070388
1437.672,35.42079715
1438.154,35.50589685
1438.636,35.59571257
1439.118,35.66276795
1439.6,35.75792911
1440.083,35.8095922
1440.565,35.89125017
1441.047,35.95033844
1441.529,36.03923704
1442.011,36.09968458
1442.493,36.18478747
1442.975,36.26797155
1443.457,36.36331876
1443.939,36.42384751
1444.422,36.50920347
1444.904,36.57779617
1445.386,36.67005478
1445.868,36.74197931
1446.35,36.83299851
1446.832,36.92037796
1447.314,37.00373786
1447.796,37.1165113
1448.279,37.17663966
1448.76,37.26256782
1449.243,37.34048177
1449.725,37.43629372
1450.207,37.50825701
1450.689,37.59086205
1451.171,37.65786693
1451.653,37.72327893
1452.135,37.80602087
1452.617,37.85066271
1453.1,37.91782475
1453.582,38.01308777
1454.064,38.06613942
1454.546,38.14128684
1455.028,38.20236503
1455.51,38.28893851
1455.992,38.39613969
1456.474,38.48675686
1456.957,38.59467775
1457.439,38.71666196
1457.921,38.81247209
1458.403,38.90729517
1458.885,38.93350703
1459.367,39.0010316
1459.849,39.030598
1460.331,39.08088978
1460.813,39.1372492
1461.296,39.16750652
1461.778,39.22568755
1462.26,39.2709867
1462.742,39.32545057
1463.224,39.39141044
1463.706,39.46193525
1464.188,39.50583864
1464.67,39.57721788
1465.153,39.63607336
1465.635,39.72456269
1466.117,39.78039771
1466.599,39.85568522
1467.081,39.88635079
1467.563,39.92796325
1468.045,39.97911671
1468.527,40.02201699
1469.01,40.09021489
1469.492,40.13430586
1469.974,40.17384726
1470.456,40.20684115
1470.938,40.25340286
1471.42,40.31079903
1471.902,40.39505332
1472.384,40.45882951
1472.866,40.52916373
1473.349,40.58354914
1473.831,40.64557219
1474.313,40.72885466
1474.795,40.75788746
1475.277,40.83123266
1475.759,40.86914
1476.241,40.89117539
1476.723,40.93393232
1477.206,40.96933535
1477.688,41.00214841
1478.17,41.05616634
1478.652,41.06791986
1479.134,41.1117432
1479.616,41.15622445
1480.098,41.18930802
1480.58,41.23155704
1481.062,41.26688932
1481.544,41.31121865
1482.027,41.32869443
1482.509,41.37501937
1482.991,41.41103845
1483.473,41.45824868
1483.955,41.5112136
1484.437,41.53168003
1484.919,41.57844178
1485.401,41.60923765
1485.884,41.63802972
1486.366,41.70679681
1486.848,41.73713478
1487.33,41.79420726
1487.812,41.81507214
1488.294,41.85608103
1488.776,41.8825521
1489.258,41.93783143
1489.74,41.9801698
1490.223,41.98222992
1490.705,42.02218506
1491.187,42.05940487
1491.669,42.07151329
1492.151,42.11233263
1492.633,42.12618282
1493.115,42.15806788
1493.597,42.19624155
1494.08,42.20850765
1494.562,42.24383445
1495.044,42.26261873
1495.526,42.28551561
1496.008,42.33816147
1496.49,42.35503689
1496.972,42.37582493
1497.454,42.38321256
1497.937,42.40060596
1498.419,42.42062415
1498.901,42.42964515
1499.383,42.47038763
1499.865,42.47932711
1500.347,42.50129754
1500.829,42.51059152
1501.311,42.54803372
1501.793,42.57769871
1502.276,42.59099934
1502.758,42.62280886
1503.24,42.62116837
1503.722,42.65244211
1504.204,42.6616865
1504.686,42.70317617
1505.168,42.72174609
1505.65,42.72676204
1506.133,42.76338535
1506.615,42.79904833
1507.097,42.77727387
1507.579,42.81162662
1508.061,42.79905222
1508.543,42.80461909
1509.025,42.8279741
1509.507,42.83010362
1509.99,42.83196439
1510.471,42.85722891
1510.954,42.86317958
1511.436,42.88221945
1511.918,42.87435621
1512.4,42.89815233
1512.882,42.90665378
1513.364,42.91055066
1513.846,42.91426807
1514.328,42.94177452
1514.811,42.95570969
1515.293,42.96999017
1515.775,42.96439318
1516.257,42.9876071
1516.739,42.99060873
1517.221,43.01311787
1517.703,43.01533382
1518.185,43.00554952
1518.667,43.03026182
1519.15,43.04855695
1519.632,43.01745052
1520.114,43.02074454
1520.596,43.02453768
1521.078,43.01778246
1521.56,42.99491702
1522.042,42.99930286
1522.524,42.98043851
1523.007,42.96102226
1523.489,42.95434788
1523.971,42.97138914
1524.453,42.93754823
1524.935,42.94933847
1525.417,42.92859166
1525.899,42.93437708
1526.381,42.93668304
1526.864,42.93283358
1527.346,42.89966754
1527.828,42.90609245
1528.31,42.89990548
1528.792,42.91663603
1529.274,42.89217084
1529.756,42.89966803
1530.238,42.92630088
1530.72,42.90471314
1531.203,42.90445704
1531.685,42.8870263
1532.167,42.89080961
1532.649,42.86669734
1533.131,42.86495614
1533.613,42.83518716
1534.095,42.80073773
1534.577,42.80678281
1535.06,42.78141088
1535.542,42.78743363
1536.024,42.79015655
1536.506,42.77403252
1536.988,42.79580469
1537.47,42.81580127
1537.952,42.82411481
1538.434,42.8168056
1538.917,42.81374535
1539.398,42.80011098
1539.881,42.77230269
1540.363,42.7247895
1540.845,42.65902949
1541.327,42.6032932
1541.809,42.5205531
1542.291,42.48836279
1542.773,42.44985033
1543.255,42.41322142
1543.738,42.38721063
1544.22,42.33977513
1544.702,42.34664962
1545.184,42.30693382
1545.666,42.29273062
1546.148,42.28429558
1546.63,42.28716057
1547.112,42.25809101
1547.594,42.24789959
1548.077,42.23017065
1548.559,42.22220317
1549.041,42.19363965
1549.523,42.17630274
1550.005,42.14387716
1550.487,42.12556352
1550.969,42.11049162
1551.451,42.09913236
1551.934,42.07498948
1552.416,42.08850646
1552.898,42.06071647
1553.38,42.06429179
1553.862,42.06004564
1554.344,42.04982426
1554.826,42.03501701
1555.308,42.03280854
1555.791,42.02779059
1556.273,42.03877424
1556.755,42.01581996
1557.237,41.95706962
1557.719,41.86873263
1558.201,41.77034179
1558.683,41.62590414
1559.165,41.50898523
1559.647,41.3995117
1560.13,41.35167417
1560.612,41.29634283
1561.094,41.26371667
1561.576,41.25269401
1562.058,41.24789463
1562.54,41.2268972
1563.022,41.21682802
1563.504,41.2071074
1563.987,41.19630088
1564.469,41.16569928
1564.951,41.12411203
1565.433,41.10239499
1565.915,41.05313186
1566.397,41.05280604
1566.879,41.02343647
1567.361,40.97087658
1567.844,40.91482759
1568.325,40.88510524
1568.808,40.7967092
1569.29,40.74056046
1569.772,40.6615871
1570.254,40.63034584
1570.736,40.55266558
1571.218,40.51901635
1571.7,40.48631441
1572.182,40.45815539
1572.665,40.45733178
1573.147,40.44066497
1573.629,40.40247559
1574.111,40.40762132
1574.593,40.33471341
1575.075,40.28359796
1575.557,40.21579192
1576.039,40.12702583
1576.521,40.04055396
1577.004,39.97109471
1577.486,39.89391529
1577.968,39.82415795
1578.45,39.75415294
1578.932,39.72687057
1579.414,39.67370664
1579.896,39.644376
1580.378,39.60978757
1580.861,39.56908976
1581.343,39.50728752
1581.825,39.49009489
1582.307,39.44259358
1582.789,39.38602472
1583.271,39.36038998
1583.753,39.30186922
1584.235,39.25586417
1584.718,39.19818722
1585.2,39.12728535
1585.682,39.11113973
1586.164,39.04215703
1586.646,38.99996024
1587.128,38.94370495
1587.61,38.89117061
1588.092,38.83371371
1588.574,38.76964897
1589.057,38.71898975
1589.539,38.64728441
1590.021,38.61878125
1590.503,38.56342273
1590.985,38.53410675
1591.467,38.44673124
1591.949,38.40961489
1592.431,38.35024691
1592.914,38.26800616
1593.396,38.20436456
1593.878,38.16229145
1594.36,38.09921501
1594.842,38.04794444
1595.324,37.96347155
1595.806,37.90237662
1596.288,37.84910512
1596.771,37.77806614
1597.252,37.70962565
1597.735,37.66966196
1598.217,37.60583529
1598.699,37.55516733
1599.181,37.4836752
1599.663,37.44366142
1600.145,37.38083247
1600.627,37.3330189
1601.109,37.2806016
1601.592,37.20889156
1602.074,37.15762044
1602.556,37.08342165
1603.038,37.01173258
1603.52,36.96703018
1604.002,36.88373307
1604.484,36.84535192
1604.966,36.75413074
1605.448,36.70813263
1605.931,36.65761512
1606.413,36.5893129
1606.895,36.51124822
1607.377,36.45053035
1607.859,36.39202171
1608.341,36.32387506
1608.823,36.23746568
1609.305,36.17242177
1609.788,36.116592
1610.27,36.03127067
1610.752,35.97678302
1611.234,35.93301917
1611.716,35.88814474
1612.198,35.85117392
1612.68,35.78887051
1613.162,35.75874749
1613.645,35.71438424
1614.127,35.66798994
1614.609,35.6403274
1615.091,35.55572931
1615.573,35.48371804
1616.055,35.37016603
1616.537,35.26835939
1617.019,35.13510356
1617.501,35.04289185
1617.984,34.94754177
1618.466,34.88533134
1618.948,34.83171868
1619.43,34.78922263
1619.912,34.74827099
1620.394,34.70177866
1620.876,34.66046585
1621.358,34.62954858
1621.841,34.57095767
1622.323,34.49730796
1622.805,34.40124505
1623.287,34.31632702
1623.769,34.24768648
1624.251,34.15747587
1624.733,34.07440614
1625.215,33.97649553
1625.698,33.90917855
1626.179,33.82012471
1626.662,33.75871385
1627.144,33.70583849
1627.626,33.61658802
1628.108,33.54373434
1628.59,33.45416514
1629.072,33.39428958
1629.554,33.3347919
1630.036,33.28971723
1630.519,33.23998173
1631.001,33.20513779
1631.483,33.1341592
1631.965,33.11412814
1632.447,33.09761542
1632.929,33.05738941
1633.411,33.01781204
1633.893,32.96573679
1634.375,32.90835672
1634.858,32.79562407
1635.34,32.68631381
1635.822,32.53853542
1636.304,32.40589655
1636.786,32.27194278
1637.268,32.13263608
1637.75,32.05457564
1638.232,31.96117543
1638.715,31.94785762
1639.197,31.87452599
1639.679,31.80643927
1640.161,31.77656942
1640.643,31.73546365
1641.125,31.68106479
1641.607,31.65027352
1642.089,31.59901162
1642.572,31.5619614
1643.054,31.52268666
1643.536,31.48897344
1644.018,31.42941647
1644.5,31.37540983
1644.982,31.3377558
1645.464,31.25806166
1645.946,31.16978647
1646.428,31.07524579
1646.911,30.94388198
1647.393,30.80583278
1647.875,30.72236348
1648.357,30.63793963
1648.839,30.57921551
1649.321,30.53606051
1649.803,30.50668638
1650.285,30.47522798
1650.768,30.44785401
1651.25,30.39359056
1651.732,30.33509078
1652.214,30.21886462
1652.696,30.08898325
1653.178,29.92763021
1653.66,29.75117593
1654.142,29.60789548
1654.625,29.50537389
1655.106,29.42004466
1655.589,29.3799667
1656.071,29.32338964
1656.553,29.29890493
1657.035,29.26834926
1657.517,29.24825349
1657.999,29.20560707
1658.481,29.14702526
1658.963,29.12069543
1659.446,29.08886237
1659.928,29.04364063
1660.41,28.98425339
1660.892,28.90652665
1661.374,28.83907471
1661.856,28.74389949
1662.338,28.647391
1662.82,28.55042058
1663.302,28.50147977
1663.785,28.40984301
1664.267,28.33583927
1664.749,28.26969455
1665.231,28.2418599
1665.713,28.20471407
1666.195,28.1542759
1666.677,28.13157946
1667.159,28.09853172
1667.642,28.03111293
1668.124,27.98492409
1668.606,27.89516242
1669.088,27.81001078
1669.57,27.70941286
1670.052,27.61157641
1670.534,27.52858013
1671.016,27.44617492
1671.499,27.39012993
1671.981,27.33777951
1672.463,27.26857575
1672.945,27.23646227
1673.427,27.16044458
1673.909,27.11714161
1674.391,27.05411661
1674.873,27.00563053
1675.355,26.90118071
1675.838,26.86587181
1676.32,26.79837374
1676.802,26.74482512
1677.284,26.69836106
1677.766,26.67151129
1678.248,26.60630525
1678.73,26.57388364
1679.212,26.5732623
1679.695,26.51473325
1680.177,26.48747081
1680.659,26.45853886
1681.141,26.41032847
1681.623,26.38730991
1682.105,26.35530871
1682.587,26.27453702
1683.069,26.16678919
1683.552,26.08202604
1684.033,25.97220967
1684.516,25.85220387
1684.998,25.75906974
1685.48,25.71099988
1685.962,25.64155261
1686.444,25.58924534
1686.926,25.53168253
1687.408,25.50719696
1687.89,25.46454711
1688.373,25.42225475
1688.855,25.3710794
1689.337,25.33386931
1689.819,25.30273523
1690.301,25.25876979
1690.783,25.22340432
1691.265,25.19256347
1691.747,25.17682934
1692.229,25.13864524
1692.712,25.14062325
1693.194,25.09990891
1693.676,25.07133246
1694.158,25.04175808
1694.64,25.00424207
1695.122,24.96758299
1695.604,24.92501727
1696.086,24.85586518
1696.569,24.79868093
1697.051,24.72975011
1697.533,24.65865613
1698.015,24.59331445
1698.497,24.51628186
1698.979,24.45555498
1699.461,24.39358051
1699.943,24.32266503
1700.426,24.30463774
1700.908,24.24426047
1701.39,24.22065876
1701.872,24.17557095
1702.354,24.15444708
1702.836,24.13148496
1703.318,24.10958248
1703.8,24.08717456
1704.282,24.06077702
1704.765,24.01946578
1705.247,23.98558263
1705.729,23.94640962
1706.211,23.88861127
1706.693,23.86874799
1707.175,23.84640059
1707.657,23.80653764
1708.139,23.76403015
1708.622,23.74779367
1709.104,23.72443601
1709.586,23.69286586
1710.068,23.69111304
1710.55,23.68259589
1711.032,23.67724072
1711.514,23.66791675
1711.996,23.66565773
1712.479,23.63842415
1712.96,23.62485671
1713.443,23.61572399
1713.925,23.61056238
1714.407,23.59311811
1714.889,23.57555446
1715.371,23.55537149
1715.853,23.51611592
1716.335,23.45212706
1716.817,23.40903948
1717.3,23.3701018
1717.782,23.28776719
1718.264,23.24322097
1718.746,23.23776419
1719.228,23.20273471
1719.71,23.18281173
1720.192,23.17545852
1720.674,23.16051589
1721.156,23.17259697
1721.639,23.14955453
1722.121,23.10769464
1722.603,23.10508157
1723.085,23.10136788
1723.567,23.08517526
1724.049,23.0835325
1724.531,23.04413202
1725.013,23.02846428
1725.496,23.03625085
1725.978,23.00490478
1726.46,23.00651557
1726.942,23.00009635
1727.424,22.99125575
1727.906,22.97861289
1728.388,22.9701911
1728.87,22.9752339
1729.353,22.98517919
1729.835,22.98286683
1730.317,22.99073549
1730.799,22.97376038
1731.281,22.98724105
1731.763,22.95811178
1732.245,22.9725897
1732.727,22.95899916
1733.209,22.93305269
1733.692,22.92475192
1734.174,22.89578211
1734.656,22.90584724
1735.138,22.90722068
1735.62,22.89419591
1736.102,22.87929329
1736.584,22.89395273
1737.066,22.89508842
1737.549,22.883757
1738.031,22.90742598
1738.513,22.92116603
1738.995,22.91486193
1739.477,22.9240402
1739.959,22.92114426
1740.441,22.93006585
1740.923,22.91056558
1741.406,22.9151624
1741.887,22.93197508
1742.37,22.91963374
1742.852,22.93392921
1743.334,22.93139244
1743.816,22.94638716
1744.298,22.93946611
1744.78,22.95125515
1745.262,22.95122663
1745.744,22.98301007
1746.227,22.97410028
1746.709,22.99951561
1747.191,23.00696797
1747.673,23.01343368
1748.155,23.03893478
1748.637,23.01833609
1749.119,23.02484615
1749.601,23.03612857
1750.083,23.03404555
1750.566,23.05284021
1751.048,23.06242267
1751.53,23.0923965
1752.012,23.11114611
1752.494,23.13076605
1752.976,23.13494451
1753.458,23.15341307
1753.94,23.16586613
1754.423,23.18902129
1754.905,23.2116651
1755.387,23.23811084
1755.869,23.26152792
1756.351,23.29748366
1756.833,23.31180869
1757.315,23.32146552
1757.797,23.37782239
1758.28,23.38212977
1758.762,23.37363661
1759.244,23.41029944
1759.726,23.4264809
1760.208,23.45894026
1760.69,23.48602491
1761.172,23.50847933
1761.654,23.51914473
1762.136,23.55284212
1762.619,23.56123
1763.101,23.5825015
1763.583,23.61895539
1764.065,23.63196655
1764.547,23.65986989
1765.029,23.69849639
1765.511,23.70508908
1765.993,23.73280987
1766.476,23.76815699
1766.958,23.80594525
1767.44,23.82324314
1767.922,23.84658267
1768.404,23.89004073
1768.886,23.89988722
1769.368,23.95797517
1769.85,24.00126855
1770.333,24.00681988
1770.814,24.05107189
1771.297,24.10491871
1771.779,24.14876877
1772.261,24.18162162
1772.743,24.20845886
1773.225,24.23735567
1773.707,24.29417714
1774.189,24.29854467
1774.671,24.36095885
1775.154,24.36520508
1775.636,24.41006826
1776.118,24.42706145
1776.6,24.46022995
1777.082,24.51050684
1777.564,24.53056996
1778.046,24.55578676
1778.528,24.58356014
1779.01,24.63724306
1779.493,24.65946134
1779.975,24.70464345
1780.457,24.74476894
1780.939,24.79051447
1781.421,24.84542032
1781.903,24.86568931
1782.385,24.90252584
1782.867,24.95005708
1783.35,24.98727544
1783.832,25.02358665
1784.314,25.06799701
1784.796,25.08693413
1785.278,25.15231877
1785.76,25.1823682
1786.242,25.23285398
1786.724,25.26603629
1787.207,25.30970492
1787.689,25.3502032
1788.171,25.38249262
1788.653,25.4176406
1789.135,25.46992496
1789.617,25.50064799
1790.099,25.55027193
1790.581,25.60086942
1791.063,25.63951222
1791.546,25.69520672
1792.028,25.74560065
1792.51,25.81491633
1792.992,25.86368738
1793.474,25.91712939
1793.956,25.96763644
1794.438,25.99962238
1794.92,26.04604568
1795.403,26.08034158
1795.885,26.13348276
1796.367,26.17285538
1796.849,26.21591695
1797.331,26.24596817
1797.813,26.27049589
1798.295,26.33420105
1798.777,26.38038537
1799.26,26.42833644
1799.741,26.46156208
1800.224,26.5280364
1800.706,26.57112982
1801.188,26.60777389
1801.67,26.66061739
1802.152,26.7388954
1802.634,26.76985897
1803.116,26.82801244
1803.598,26.86154054
1804.081,26.89900019
1804.563,26.96344683
1805.045,26.97960103
1805.527,27.0234638
1806.009,27.08489212
1806.491,27.12117588
1806.973,27.17066407
1807.455,27.2184231
1807.938,27.26470845
1808.42,27.31026522
1808.902,27.3484655
1809.384,27.40612537
1809.866,27.45993055
1810.348,27.51223639
1810.83,27.5660804
1811.312,27.61992214
1811.794,27.67486624
1812.277,27.71376625
1812.759,27.74801592
1813.241,27.81163506
1813.723,27.8564131
1814.205,27.89595197
1814.687,27.93449189
1815.169,27.97813991
1815.651,28.04559906
1816.134,28.06860701
1816.616,28.13624364
1817.098,28.17596749
1817.58,28.23045995
1818.062,28.25732223
1818.544,28.32500357
1819.026,28.36344929
1819.508,28.42159932
1819.99,28.4619814
1820.473,28.53790093
1820.955,28.56946527
1821.437,28.60676031
1821.919,28.6658654
1822.401,28.70165929
1822.883,28.7693007
1823.365,28.81697507
1823.847,28.8761403
1824.33,28.91313844
1824.812,28.96240815
1825.294,29.02231025
1825.776,29.07828554
1826.258,29.15509778
1826.74,29.17160475
1827.222,29.23239786
1827.704,29.27054868
1828.187,29.32422036
1828.668,29.35289244
1829.151,29.43588814
1829.633,29.48643718
1830.115,29.53638448
1830.597,29.58681318
1831.079,29.63257488
1831.561,29.67948225
1832.043,29.72412792
1832.525,29.77814101
1833.008,29.79036657
1833.49,29.83963707
1833.972,29.89823865
1834.454,29.92721861
1834.936,29.97640435
1835.418,30.02640797
1835.9,30.08189028
1836.382,30.11840378
1836.865,30.18956211
1837.347,30.23355405
1837.829,30.26084869
1838.311,30.32636217
1838.793,30.38369633
1839.275,30.42545105
1839.757,30.47542607
1840.239,30.51030093
1840.721,30.55167077
1841.204,30.6014336
1841.686,30.62938433
1842.168,30.68845039
1842.65,30.73629682
1843.132,30.78067441
1843.614,30.85268002
1844.096,30.89011335
1844.578,30.91564896
1845.061,30.98721732
1845.543,31.02284095
1846.025,31.08959853
1846.507,31.13435894
1846.989,31.17152915
1847.471,31.22511197
1847.953,31.24288714
1848.435,31.31972025
1848.917,31.34877346
1849.4,31.38907984
1849.882,31.4164288
1850.364,31.48341805
1850.846,31.49870676
1851.328,31.55646749
1851.81,31.5897223
1852.292,31.63149299
1852.774,31.6686612
1853.257,31.71441095
1853.739,31.7548292
1854.221,31.80983218
1854.703,31.85975185
1855.185,31.89551942
1855.667,31.94852364
1856.149,32.00389081
1856.631,32.01190846
1857.114,32.09452977
1857.595,32.11651685
1858.078,32.13966772
1858.56,32.19602883
1859.042,32.24584785
1859.524,32.26087146
1860.006,32.32810712
1860.488,32.35440292
1860.97,32.39556413
1861.452,32.45103075
1861.935,32.48955771
1862.417,32.52588145
1862.899,32.56624452
1863.381,32.60641028
1863.863,32.64030072
1864.345,32.6830715
1864.827,32.6910139
1865.309,32.76629834
1865.792,32.80271477
1866.274,32.84558467
1866.756,32.88704905
1867.238,32.95477402
1867.72,32.99137489
1868.202,33.03865726
1868.684,33.10120352
1869.166,33.13527321
1869.648,33.1785839
1870.131,33.2281076
1870.613,33.22999225
1871.095,33.27798927
1871.577,33.32413004
1872.059,33.33544317
1872.541,33.38736538
1873.023,33.41072317
1873.505,33.41891991
1873.988,33.45210422
1874.47,33.50056029
1874.952,33.52713453
1875.434,33.55927693
1875.916,33.60006227
1876.398,33.62317497
1876.88,33.67619937
1877.362,33.70972241
1877.844,33.75638891
1878.327,33.78834706
1878.809,33.80812906
1879.291,33.85218501
1879.773,33.88028481
1880.255,33.90520567
1880.737,33.95623307
1881.219,33.98816958
1881.701,34.01048557
1882.184,34.05234748
1882.666,34.06181011
1883.148,34.11331145
1883.63,34.13494456
1884.112,34.17156643
1884.594,34.21095352
1885.076,34.22593193
1885.558,34.25863326
1886.041,34.29651701
1886.522,34.32359273
1887.005,34.34438476
1887.487,34.37954902
1887.969,34.41643498
1888.451,34.45280336
1888.933,34.47224273
1889.415,34.49540994
1889.897,34.5325045
1890.379,34.54690718
1890.862,34.59194366
1891.344,34.63907123
1891.826,34.65245508
1892.308,34.67177822
1892.79,34.70116325
1893.272,34.74667236
1893.754,34.75043876
1894.236,34.7855267
1894.719,34.80784899
1895.201,34.82062578
1895.683,34.86673073
1896.165,34.87672623
1896.647,34.89893659
1897.129,34.92603988
1897.611,34.94963329
1898.093,34.99249215
1898.575,34.96781047
1899.058,35.01851424
1899.54,35.05021019
1900.022,35.06959113
1900.504,35.08557645
1900.986,35.11778728
1901.468,35.14040291
1901.95,35.1599391
1902.432,35.18556012
1902.915,35.21459529
1903.397,35.2421674
1903.879,35.25446036
1904.361,35.27650454
1904.843,35.30494616
1905.325,35.3295531
1905.807,35.33739935
1906.289,35.36947608
1906.771,35.36542351
1907.254,35.38382622
1907.736,35.40617514
1908.218,35.42494181
1908.7,35.43736862
1909.182,35.45830041
1909.664,35.47708539
1910.146,35.50076221
1910.628,35.51151732
1911.111,35.51910588
1911.593,35.54898606
1912.075,35.54280081
1912.557,35.58723141
1913.039,35.59459304
1913.521,35.60255476
1914.003,35.62102679
1914.485,35.63971712
1914.968,35.64998849
1915.449,35.68801802
1915.932,35.68781985
1916.414,35.71846051
1916.896,35.74197936
1917.378,35.76253988
1917.86,35.75438499
1918.342,35.76581923
1918.824,35.78885495
1919.306,35.79296508
1919.789,35.82429281
1920.271,35.83098934
1920.753,35.83894452
1921.235,35.84263889
1921.717,35.86301898
1922.199,35.88526056
1922.681,35.88710091
1923.163,35.88136195
1923.646,35.88821191
1924.128,35.89494842
1924.61,35.9096156
1925.092,35.91958913
1925.574,35.94322229
1926.056,35.93510741
1926.538,35.94087047
1927.02,35.95495147
1927.502,35.96777191
1927.985,35.99008
1928.467,35.95930803
1928.949,36.01017379
1929.431,36.00252058
1929.913,36.00508446
1930.395,36.03380231
1930.877,36.04101293
1931.359,36.04841148
1931.842,36.05740487
1932.324,36.043776
1932.806,36.07191128
1933.288,36.07340785
1933.77,36.06587319
1934.252,36.06845918
1934.734,36.06755312
1935.216,36.07124418
1935.698,36.09910101
1936.181,36.09850861
1936.663,36.12081289
1937.145,36.10903235
1937.627,36.10635834
1938.109,36.12698846
1938.591,36.12910945
1939.073,36.13686135
1939.555,36.13192903
1940.038,36.14607755
1940.52,36.15033427
1941.002,36.15007278
1941.484,36.16631271
1941.966,36.17420615
1942.448,36.16596571
1942.93,36.15252744
1943.412,36.16931888
1943.895,36.15295313
1944.376,36.15187859
1944.859,36.15467883
1945.341,36.14864966
1945.823,36.12670795
1946.305,36.14798221
1946.787,36.13476242
1947.269,36.14671131
1947.751,36.15342147
1948.233,36.14299062
1948.716,36.13707971
1949.198,36.15060877
1949.68,36.13617735
1950.162,36.13921754
1950.644,36.11643977
1951.126,36.11970743
1951.608,36.12117766
1952.09,36.12071719
1952.573,36.11994663
1953.055,36.11551558
1953.537,36.1076911
1954.019,36.12155483
1954.501,36.11394429
1954.983,36.11615261
1955.465,36.08775225
1955.947,36.08924916
1956.429,36.1049441
1956.912,36.08456474
1957.394,36.10212352
1957.876,36.07926963
1958.358,36.06481871
1958.84,36.07316334
1959.322,36.06467422
1959.804,36.07822902
1960.286,36.06723648
1960.769,36.05361743
1961.251,36.03942054
1961.733,36.05170025
1962.215,36.02880016
1962.697,36.02509112
1963.179,36.02016621
1963.661,36.01309074
1964.143,35.99027687
1964.625,35.97319685
1965.108,35.97645039
1965.59,35.97826573
1966.072,35.92631667
1966.554,35.94876319
1967.036,35.92661888
1967.518,35.91508627
1968,35.88931958
1968.482,35.87701005
1968.965,35.86160211
1969.447,35.87228941
1969.929,35.8575596
1970.411,35.83790915
1970.893,35.81902529
1971.375,35.80975755
1971.857,35.82435457
1972.339,35.79611907
1972.822,35.77681656
1973.303,35.7666026
1973.786,35.73942296
1974.268,35.73942233
1974.75,35.73932827
1975.232,35.70001184
1975.714,35.71806999
1976.196,35.68998033
1976.678,35.6957759
1977.16,35.65627808
1977.643,35.65595828
1978.125,35.63462512
1978.607,35.63158504
1979.089,35.61463264
1979.571,35.60082017
1980.053,35.57719566
1980.535,35.56497574
1981.017,35.5631616
1981.5,35.51332931
1981.982,35.52322248
1982.464,35.49446873
1982.946,35.47302816
1983.428,35.442157
1983.91,35.45136013
1984.392,35.41330169
1984.874,35.41233381
1985.356,35.38874651
1985.839,35.36329982
1986.321,35.35302498
1986.803,35.31542318
1987.285,35.32035986
1987.767,35.29253131
1988.249,35.27336667
1988.731,35.24428822
1989.213,35.22837481
1989.696,35.21630348
1990.178,35.19463716
1990.66,35.15799421
1991.142,35.12292762
1991.624,35.12148675
1992.106,35.10084076
1992.588,35.08587397
1993.07,35.05312025
1993.552,35.05063178
1994.035,35.02361785
1994.517,34.98043377
1994.999,34.96579492
1995.481,34.94049375
1995.963,34.90558578
1996.445,34.89893813
1996.927,34.88798468
1997.409,34.86656557
1997.892,34.83944484
1998.374,34.8124764
1998.856,34.78503836
1999.338,34.757623
1999.82,34.73157759
2000.302,34.72914727
2000.784,34.67835888
2001.266,34.66527663
2001.749,34.63346489
2002.23,34.6245947
2002.713,34.5914616
2003.195,34.56412649
2003.677,34.54994133
2004.159,34.52291004
2004.641,34.49973739
2005.123,34.47987813
2005.605,34.44680853
2006.087,34.42912701
2006.57,34.39233108
2007.052,34.36567529
2007.534,34.35166199
2008.016,34.32313273
2008.498,34.2930936
2008.98,34.25569415
2009.462,34.23395233
2009.944,34.2017196
2010.427,34.1995432
2010.909,34.16245834
2011.391,34.13678153
2011.873,34.11661538
2012.355,34.07916659
2012.837,34.06582548
2013.319,34.041321
2013.801,34.00465368
2014.283,33.99701354
2014.766,33.9563765
2015.248,33.94158776
2015.73,33.88166476
2016.212,33.88987231
2016.694,33.85747152
2017.176,33.80593425
2017.658,33.80192359
2018.14,33.76006666
2018.623,33.72530539
2019.105,33.68204784
2019.587,33.64721291
2020.069,33.62653331
2020.551,33.61536338
2021.033,33.58194642
2021.515,33.55563397
2021.997,33.51118832
2022.479,33.49988204
2022.962,33.47349041
2023.444,33.42653429
2023.926,33.42275419
2024.408,33.38146094
2024.89,33.34944925
2025.372,33.32345942
2025.854,33.28691965
2026.336,33.24455421
2026.819,33.20639797
2027.301,33.18900548
2027.783,33.14898017
2028.265,33.11767528
2028.747,33.10105008
2029.229,33.06134938
2029.711,33.02423199
2030.193,32.98319861
2030.676,32.96795989
2031.157,32.92456468
2031.64,32.90470868
2032.122,32.88107783
2032.604,32.82620595
2033.086,32.81676322
2033.568,32.79400385
2034.05,32.76444623
2034.532,32.74003943
2035.014,32.70992439
2035.497,32.67263317
2035.979,32.64396425
2036.461,32.61899058
2036.943,32.57812399
2037.425,32.54893314
2037.907,32.50019919
2038.389,32.47685269
2038.871,32.43292957
2039.354,32.40157713
2039.836,32.37579598
2040.318,32.35713412
2040.8,32.29527151
2041.282,32.25846746
2041.764,32.23143537
2042.246,32.18792012
2042.728,32.16809411
2043.21,32.12890923
2043.693,32.11538193
2044.175,32.07122295
2044.657,32.03656538
2045.139,32.0097006
2045.621,31.991675
2046.103,31.95065224
2046.585,31.93366579
2047.067,31.88334229
2047.55,31.83076945
2048.032,31.8195296
2048.514,31.7782669
2048.996,31.75805044
2049.478,31.70322422
2049.96,31.68131103
2050.442,31.65233085
2050.924,31.61669585
2051.406,31.58629526
2051.889,31.54807902
2052.371,31.52131993
2052.853,31.50630548
2053.335,31.45111259
2053.817,31.44524475
2054.299,31.40567291
2054.781,31.35445386
2055.263,31.32027562
2055.746,31.30215822
2056.228,31.27769191
2056.71,31.25231516
2057.192,31.19086987
2057.674,31.19489061
2058.156,31.14420158
2058.638,31.12464384
2059.12,31.08618929
2059.603,31.06013892
2060.084,31.02622016
2060.567,30.99109387
2061.049,30.94556492
2061.531,30.93273004
2062.013,30.89262786
2062.495,30.87933503
2062.977,30.83741078
2063.459,30.81302989
2063.941,30.75844171
2064.424,30.72694761
2064.906,30.69903152
2065.388,30.65279568
2065.87,30.63479945
2066.352,30.5824004
2066.834,30.55487473
2067.316,30.5017804
2067.798,30.48643492
2068.281,30.4430747
2068.763,30.4367457
2069.245,30.38726936
2069.727,30.36577431
2070.209,30.34250152
2070.691,30.28482594
2071.173,30.25669329
2071.655,30.22324377
2072.137,30.20560693
2072.62,30.14986796
2073.102,30.12246304
2073.584,30.09773853
2074.066,30.05103128
2074.548,30.03835456
2075.03,29.99559302
2075.512,29.9746564
2075.994,29.93885143
2076.477,29.91227508
2076.959,29.87256847
2077.441,29.8481523
2077.923,29.82041276
2078.405,29.78349514
2078.887,29.76445986
2079.369,29.73487439
2079.851,29.72984302
2080.333,29.66480916
2080.816,29.6389962
2081.298,29.59824562
2081.78,29.57490617
2082.262,29.5365711
2082.744,29.52125776
2083.226,29.47512718
2083.708,29.43778339
2084.19,29.42762333
2084.673,29.40115681
2085.155,29.34891313
2085.637,29.32701521
2086.119,29.28905328
2086.601,29.24759112
2087.083,29.22070109
2087.565,29.19347827
2088.047,29.19104307
2088.53,29.1388903
2089.011,29.11839627
2089.494,29.07400742
2089.976,29.05715653
2090.458,29.01387178
2090.94,28.99868052
2091.422,28.98865822
2091.904,28.9332476
2092.386,28.90285528
2092.868,28.88827186
2093.351,28.85869297
2093.833,28.84375236
2094.315,28.80411702
2094.797,28.78608728
2095.279,28.75826692
2095.761,28.72720115
2096.243,28.69317948
2096.725,28.65280736
2097.208,28.63842672
2097.69,28.63808232
2098.172,28.58225736
2098.654,28.56705399
2099.136,28.54183305
2099.618,28.51304239
2100.1,28.48458665
2100.582,28.45499367
2101.064,28.44015737
2101.547,28.40832638
2102.029,28.40296237
2102.511,28.35457155
2102.993,28.34418032
2103.475,28.30837142
2103.957,28.30013379
2104.439,28.27574506
2104.921,28.24798536
2105.404,28.2346078
2105.886,28.2148048
2106.368,28.19191455
2106.85,28.13693272
2107.332,28.12882907
2107.814,28.1279175
2108.296,28.10041797
2108.778,28.05646357
2109.26,28.04014428
2109.743,28.01312255
2110.225,27.98175125
2110.707,27.9643733
2111.189,27.95747607
2111.671,27.93890423
2112.153,27.91252658
2112.635,27.87428577
2113.117,27.87070409
2113.6,27.85277335
2114.082,27.83205176
2114.564,27.81851417
2115.046,27.79278897
2115.528,27.78237356
2116.01,27.7439392
2116.492,27.74253247
2116.974,27.72980373
2117.457,27.70197616
2117.938,27.67533911
2118.421,27.64848541
2118.903,27.64203041
2119.385,27.63376107
2119.867,27.61778041
2120.349,27.58885361
2120.831,27.5726715
2121.313,27.55454948
2121.795,27.53541319
2122.278,27.50455365
2122.76,27.49833923
2123.242,27.49401279
2123.724,27.47532465
2124.206,27.45502846
2124.688,27.42860976
2125.17,27.41794815
2125.652,27.41702234
2126.135,27.37407783
2126.617,27.38792289
2127.099,27.34971689
2127.581,27.3408735
2128.063,27.34015167
2128.545,27.31593478
2129.027,27.30016762
2129.509,27.28514865
2129.991,27.27381895
2130.474,27.2602594
2130.956,27.23944145
2131.438,27.2302947
2131.92,27.21444922
2132.402,27.21793565
2132.884,27.2126499
2133.366,27.19225709
2133.848,27.15767098
2134.331,27.16596343
2134.813,27.13519459
2135.295,27.15262536
2135.777,27.12800992
2136.259,27.10336326
2136.741,27.08580808
2137.223,27.08382734
2137.705,27.08002811
2138.188,27.07043936
2138.67,27.05532927
2139.152,27.02883508
2139.634,27.03394963
2140.116,27.01230506
2140.598,27.00228039
2141.08,26.98840037
2141.562,26.98415754
2142.044,26.97528967
2142.527,26.96747479
2143.009,26.97858821
2143.491,26.9725035
2143.973,26.9528509
2144.455,26.95257127
2144.937,26.94363887
2145.419,26.94439285
2145.901,26.93714635
2146.384,26.92425011
2146.865,26.92122513
2147.348,26.92224924
2147.83,26.90157923
2148.312,26.9076411
2148.794,26.89686855
2149.276,26.88872073
2149.758,26.8799738
2150.24,26.87771549
2150.722,26.87589651
2151.205,26.88410271
2151.687,26.87268523
2152.169,26.85520315
2152.651,26.8526282
2153.133,26.83933769
2153.615,26.84844821
2154.097,26.8297955
2154.579,26.82933394
2155.062,26.8359737
2155.544,26.82601176
2156.026,26.8428085
2156.508,26.82777366
2156.99,26.82464654
2157.472,26.82803705
2157.954,26.82112369
2158.436,26.80328607
2158.918,26.80789598
2159.401,26.80020007
2159.883,26.81346226
2160.365,26.81768662
2160.847,26.79545862
2161.329,26.81295568
2161.811,26.79727263
2162.293,26.81183012
2162.775,26.81510136
2163.258,26.80074369
2163.74,26.80806897
2164.222,26.83599007
2164.704,26.80923293
2165.186,26.82735049
2165.668,26.82813557
2166.15,26.81482464
2166.632,26.81265637
2167.115,26.81736082
2167.597,26.81037567
2168.079,26.81270126
2168.561,26.80252279
2169.043,26.82718703
2169.525,26.80923508
2170.007,26.81946605
2170.489,26.83509661
2170.971,26.83525168
2171.454,26.83063639
2171.936,26.8455131
2172.418,26.84378529
2172.9,26.86895531
2173.382,26.87069282
2173.864,26.85085332
2174.346,26.87971079
2174.828,26.88175123
2175.311,26.87781462
2175.792,26.87927231
2176.275,26.86544225
2176.757,26.88691648
2177.239,26.9048819
2177.721,26.90991561
2178.203,26.93792098
2178.685,26.92858706
2179.167,26.94295056
2179.649,26.95440369
2180.132,26.95270945
2180.614,26.97662304
2181.096,26.9850781
2181.578,27.00441875
2182.06,27.02214952
2182.542,26.9980283
2183.024,27.01488247
2183.506,27.02382407
2183.989,27.04497692
2184.471,27.0474333
2184.953,27.03129282
2185.435,27.05537396
2185.917,27.06821698
2186.399,27.07802289
2186.881,27.08930148
2187.363,27.09936553
2187.845,27.10657423
2188.328,27.11528393
2188.81,27.11961809
2189.292,27.1063693
2189.774,27.15317553
2190.256,27.16542302
2190.738,27.15804651
2191.22,27.19371649
2191.702,27.20520155
2192.185,27.19858207
2192.667,27.20624443
2193.149,27.22348059
2193.631,27.23127157
2194.113,27.24934919
2194.595,27.27016013
2195.077,27.28351452
2195.559,27.2955288
2196.042,27.30724816
2196.524,27.32467096
2197.006,27.33806996
2197.488,27.34777147
2197.97,27.37492691
2198.452,27.38096333
2198.934,27.38716303
2199.416,27.41750723
2199.898,27.42973615
2200.381,27.43842568
2200.863,27.45890646
2201.345,27.45723161
2201.827,27.49902226
2202.309,27.50214903
2202.791,27.51852097
2203.273,27.53158851
2203.755,27.56542902
2204.238,27.56400917
2204.719,27.60176972
2205.202,27.61954818
2205.684,27.63004233
2206.166,27.63828661
2206.648,27.66654541
2207.13,27.67786818
2207.612,27.6970782
2208.094,27.72061155
2208.576,27.73780677
2209.059,27.7479279
2209.541,27.78071801
2210.023,27.78181752
2210.505,27.80095758
2210.987,27.83949708
2211.469,27.84595934
2211.951,27.88011186
2212.433,27.88981518
2212.916,27.89553029
2213.398,27.90209179
2213.88,27.92213596
2214.362,27.94724473
2214.844,27.97271239
2215.326,27.98915022
2215.808,28.01792333
2216.29,28.02456089
2216.772,28.06894324
2217.255,28.07694353
2217.737,28.10141861
2218.219,28.12146876
2218.701,28.14034701
2219.183,28.1515964
2219.665,28.16161269
2220.147,28.19850573
2220.629,28.20758062
2221.112,28.21088612
2221.594,28.23748201
2222.076,28.25267425
2222.558,28.29199296
2223.04,28.30436417
2223.522,28.32941272
2224.004,28.33949099
2224.486,28.40455646
2224.969,28.40476483
2225.451,28.43385526
2225.933,28.45526716
2226.415,28.47524568
2226.897,28.49782441
2227.379,28.52375174
2227.861,28.55888355
2228.343,28.582844
2228.825,28.59310221
2229.308,28.60869622
2229.79,28.61974163
2230.272,28.65905617
2230.754,28.66726177
2231.236,28.72975544
2231.718,28.73002059
2232.2,28.75920274
2232.682,28.76510118
2233.165,28.8011899
2233.646,28.80357469
2234.129,28.81491834
2234.611,28.85876016
2235.093,28.86465555
2235.575,28.9176958
2236.057,28.92282543
2236.539,28.94717933
2237.021,28.96784618
2237.503,28.96479555
2237.986,29.00874844
2238.468,29.03806293
2238.95,29.0478899
2239.432,29.0642385
2239.914,29.09887472
2240.396,29.1108456
2240.878,29.13444136
2241.36,29.17097143
2241.843,29.18942961
2242.325,29.19872306
2242.807,29.19982315
2243.289,29.25336196
2243.771,29.25363713
2244.253,29.28771253
2244.735,29.31103853
2245.217,29.33566356
2245.699,29.35282468
2246.182,29.37653855
2246.664,29.39158615
2247.146,29.41879962
2247.628,29.45200715
2248.11,29.47521237
2248.592,29.49620579
2249.074,29.51206237
2249.556,29.53594946
2250.039,29.55848734
2250.521,29.57838644
2251.003,29.60491115
2251.485,29.61844961
2251.967,29.64024111
2252.449,29.68061938
2252.931,29.69229984
2253.413,29.7223496
2253.896,29.73142338
2254.378,29.75901567
2254.86,29.78750208
2255.342,29.81060761
2255.824,29.81870371
2256.306,29.8504089
2256.788,29.8843702
2257.27,29.91668185
2257.752,29.9107565
2258.235,29.95113196
2258.717,29.9643248
2259.199,30.00043814
2259.681,30.0129015
2260.163,30.03270468
2260.645,30.08214194
2261.127,30.07728954
2261.609,30.09166959
2262.092,30.1300112
2262.573,30.14920507
2263.056,30.16388434
2263.538,30.2031184
2264.02,30.22145603
2264.502,30.2270266
2264.984,30.24066794
2265.466,30.27477566
2265.948,30.31373659
2266.43,30.32083904
2266.913,30.34822185
2267.395,30.34976481
2267.877,30.38577756
2268.359,30.42507093
2268.841,30.43388826
2269.323,30.46022294
2269.805,30.48422569
2270.287,30.50745084
2270.77,30.51776977
2271.252,30.54881426
2271.734,30.56412464
2272.216,30.59738924
2272.698,30.61076195
2273.18,30.65948835
2273.662,30.67260066
2274.144,30.68118115
2274.626,30.70157365
2275.109,30.73116132
2275.591,30.74626055
2276.073,30.76986336
2276.555,30.773381
2277.037,30.79927134
2277.519,30.8216136
2278.001,30.84125135
2278.483,30.87155719
2278.966,30.87681949
2279.448,30.89806929
2279.93,30.94301662
2280.412,30.95987627
2280.894,30.96540936
2281.376,31.02214693
2281.858,31.02977328
2282.34,31.05503621
2282.823,31.07501551
2283.305,31.06876156
2283.787,31.10487874
2284.269,31.09498521
2284.751,31.12414645
2285.233,31.14157958
2285.715,31.15845427
2286.197,31.17958069
2286.679,31.18501295
2287.162,31.1947774
2287.644,31.22678634
2288.126,31.24394454
2288.608,31.25460554
2289.09,31.27917434
2289.572,31.28519022
2290.054,31.3084568
2290.536,31.3114718
2291.019,31.31954936
2291.5,31.34482773
2291.983,31.35592828
2292.465,31.38232174
2292.947,31.40089343
2293.429,31.39845292
2293.911,31.42740382
2294.393,31.45494547
2294.875,31.44143851
2295.357,31.46268702
2295.84,31.491603
2296.322,31.48218523
2296.804,31.50766353
2297.286,31.52047186
2297.768,31.51651216
2298.25,31.5641043
2298.732,31.57315822
2299.214,31.58295824
2299.697,31.60270698
2300.179,31.59469305
2300.661,31.63719685
2301.143,31.64510082
2301.625,31.65230818
2302.107,31.66650819
2302.589,31.68961688
2303.071,31.69954354
2303.553,31.71060145
2304.036,31.72391206
2304.518,31.71552741
2305,31.72962888
2305.482,31.72490618
2305.964,31.74662399
2306.446,31.74807651
2306.928,31.75716331
2307.41,31.76966239
2307.893,31.74458026
2308.375,31.75640274
2308.857,31.77764834
2309.339,31.79849058
2309.821,31.80222566
2310.303,31.81619258
2310.785,31.83943141
2311.267,31.85648405
2311.75,31.8849194
2312.232,31.89323552
2312.714,31.92106983
2313.196,31.93566407
2313.678,31.93843407
2314.16,31.98232819
2314.642,31.95917723
2315.124,32.00072255
2315.606,31.99377803
2316.089,32.00693473
2316.571,32.00930059
2317.053,32.01637509
2317.535,32.02321308
2318.017,32.02304874
2318.499,32.02372517
2318.981,32.02938592
2319.463,32.02375474
2319.946,32.04737067
2320.427,32.04147618
2320.91,32.07553051
2321.392,32.06777263
2321.874,32.06000087
2322.356,32.07727585
2322.838,32.09881299
2323.32,32.08742888
2323.802,32.12204187
2324.284,32.13710621
2324.767,32.15115091
2325.249,32.1926139
2325.731,32.21357436
2326.213,32.23156095
2326.695,32.25833148
2327.177,32.2782697
2327.659,32.28787062
2328.141,32.34780629
2328.624,32.33949701
2329.106,32.35264447
2329.588,32.37613892
2330.07,32.39140783
2330.552,32.41577758
2331.034,32.40952704
2331.516,32.41613865
2331.998,32.42819883
2332.48,32.45125926
2332.963,32.46066902
2333.445,32.44607679
2333.927,32.4512205
2334.409,32.45598953
2334.891,32.43009869
2335.373,32.43953201
2335.855,32.44530768
2336.337,32.44508677
2336.82,32.43294856
2337.302,32.43216551
2337.784,32.41878254
2338.266,32.43497531
2338.748,32.41792963
2339.23,32.39762005
2339.712,32.43125109
2340.194,32.39760266
2340.677,32.41017282
2341.159,32.42219897
2341.641,32.47531051
2342.123,32.47105257
2342.605,32.49711556
2343.087,32.51759022
2343.569,32.53432799
2344.051,32.55418267
2344.533,32.54506663
2345.016,32.58011782
2345.498,32.54179567
2345.98,32.57640944
2346.462,32.59145282
2346.944,32.57015484
2347.426,32.58936988
2347.908,32.59459877
2348.39,32.62966615
2348.873,32.62848372
2349.354,32.63115287
2349.837,32.65992437
2350.319,32.65775294
2350.801,32.65027279
2351.283,32.6500819
2351.765,32.67357113
2352.247,32.6569253
2352.729,32.68316373
2353.211,32.68332965
2353.694,32.69391904
2354.176,32.72302364
2354.658,32.73575722
2355.14,32.73135465
2355.622,32.74741829
2356.104,32.75008572
2356.586,32.7610097
2357.068,32.75951148
2357.551,32.72925825
2358.033,32.72262926
2358.515,32.73749403
2358.997,32.71964546
2359.479,32.76717984
2359.961,32.77135189
2360.443,32.76488449
2360.925,32.80883805
2361.407,32.81696763
2361.89,32.83188663
2362.372,32.81648827
2362.854,32.78367184
2363.336,32.79219226
2363.818,32.75880327
2364.3,32.72608054
2364.782,32.72830375
2365.264,32.70726531
2365.747,32.73874076
2366.229,32.76491448
2366.711,32.77348848
2367.193,32.79709236
2367.675,32.85181244
2368.157,32.88722201
2368.639,32.91383717
2369.121,32.93966194
2369.604,32.95150641
2370.086,32.95597704
2370.568,32.95673261
2371.05,32.92933661
2371.532,32.9307055
2372.014,32.93055761
2372.496,32.92879505
2372.978,32.91991992
2373.46,32.93165754
2373.943,32.91776859
2374.425,32.94062518
2374.907,32.9624909
2375.389,32.97298901
2375.871,32.96418328
2376.353,32.98723114
2376.835,33.00298239
2377.317,33.00981571
2377.799,33.03058867
2378.281,33.03557578
2378.764,33.07524422
2379.246,33.07140588
2379.728,33.10129881
2380.21,33.08443534
2380.692,33.11698083
2381.174,33.11664508
2381.656,33.13398024
2382.138,33.15707813
2382.621,33.1686459
2383.103,33.18880232
2383.585,33.19295864
2384.067,33.2119116
2384.549,33.20904838
2385.031,33.2531424
2385.513,33.23511328
2385.995,33.23352027
2386.478,33.251844
2386.96,33.25935665
2387.442,33.28847379
2387.924,33.27455829
2388.406,33.27423455
2388.888,33.26782207
2389.37,33.26630453
2389.852,33.26233231
2390.334,33.26004197
2390.817,33.26485445
2391.299,33.25577993
2391.781,33.25284454
2392.263,33.24020713
2392.745,33.2571595
2393.227,33.23086676
2393.709,33.24439175
2394.191,33.26360029
2394.674,33.23620271
2395.156,33.24667654
2395.638,33.2304546
2396.12,33.24296342
2396.602,33.21927346
2397.084,33.22365981
2397.566,33.20022825
2398.048,33.2140269
2398.531,33.21062998
2399.012,33.1988411
2399.495,33.19869129
2399.977,33.20421487
2400.459,33.18976592
2400.941,33.17288802
2401.423,33.17620475
2401.905,33.17280842
2402.387,33.16326876
2402.869,33.16063287
2403.352,33.12466405
2403.834,33.13317417
2404.316,33.12835804
2404.798,33.1282927
2405.28,33.1163261
2405.762,33.1004132
2406.244,33.0986918
2406.726,33.09129624
2407.208,33.07944284
2407.691,33.06258746
2408.173,33.05848247
2408.655,33.03850918
2409.137,33.05504469
2409.619,33.04197942
2410.101,33.03627203
2410.583,33.01642817
2411.065,33.01034813
2411.548,33.02006544
2412.03,33.01205871
2412.512,33.00452747
2412.994,32.99488209
2413.476,32.98704407
2413.958,32.9810271
2414.44,32.97204673
2414.922,32.94250579
2415.405,32.93679623
2415.887,32.93160642
2416.369,32.91303329
2416.851,32.90855164
2417.333,32.88292962
2417.815,32.87754765
2418.297,32.8801069
2418.779,32.83848894
2419.261,32.82678717
2419.744,32.83743535
2420.226,32.82669544
2420.708,32.8233843
2421.19,32.80168061
2421.672,32.78577534
2422.154,32.76534869
2422.636,32.74009313
2423.118,32.74630236
2423.601,32.74046832
2424.083,32.71380259
2424.565,32.72875661
2425.047,32.71046725
2425.529,32.70535322
2426.011,32.68285486
2426.493,32.67190245
2426.975,32.64319439
2427.458,32.64115908
2427.939,32.65032478
2428.422,32.63072267
2428.904,32.60710201
2429.386,32.59177392
2429.868,32.59126288
2430.35,32.55827695
2430.832,32.5460894
2431.314,32.53429409
2431.796,32.53381116
2432.279,32.51859588
2432.761,32.50622895
2433.243,32.4936988
2433.725,32.46725418
2434.207,32.46711559
2434.689,32.44743448
2435.171,32.45508044
2435.653,32.41937958
2436.135,32.40781829
2436.618,32.40054719
2437.1,32.38251112
2437.582,32.36073503
2438.064,32.38089587
2438.546,32.33632265
2439.028,32.31265533
2439.51,32.31387633
2439.992,32.28778904
2440.475,32.29104283
2440.957,32.27278006
2441.439,32.23771869
2441.921,32.23774574
2442.403,32.20401031
2442.885,32.21527238
2443.367,32.17853964
2443.849,32.18473503
2444.332,32.1537082
2444.814,32.15361844
2445.296,32.1475995
2445.778,32.11280105
2446.26,32.11937615
2446.742,32.09234038
2447.224,32.07337198
2447.706,32.06466201
2448.188,32.05585278
2448.671,32.04322041
2449.153,32.04261057
2449.635,32.0140155
2450.117,32.00750784
2450.599,31.98016878
2451.081,31.98117276
2451.563,31.96243249
2452.045,31.92739927
2452.528,31.93063436
2453.01,31.90687679
2453.492,31.89433751
2453.974,31.88564997
2454.456,31.86292829
2454.938,31.85172081
2455.42,31.81396206
2455.902,31.80807625
2456.385,31.79836001
2456.867,31.78317206
2457.349,31.75992442
2457.831,31.76841681
2458.313,31.74117986
2458.795,31.70463282
2459.277,31.69473644
2459.759,31.70817065
2460.241,31.67643331
2460.724,31.65633597
2461.206,31.6322473
2461.688,31.63624468
2462.17,31.61729465
2462.652,31.59417927
2463.134,31.58432093
2463.616,31.57191655
2464.098,31.54581265
2464.581,31.515323
2465.062,31.50798674
2465.545,31.48927433
2466.027,31.46758385
2466.509,31.44936938
2466.991,31.43656007
2467.473,31.41110991
2467.955,31.38654729
2468.438,31.38501896
2468.919,31.36874416
2469.402,31.33966341
2469.884,31.36215324
2470.366,31.31636745
2470.848,31.30254988
2471.33,31.29461809
2471.812,31.26760978
2472.294,31.28510287
2472.776,31.25456158
2473.259,31.23495764
2473.741,31.21604338
2474.223,31.20495299
2474.705,31.18796159
2475.187,31.18799243
2475.669,31.18093292
2476.151,31.14401277
2476.633,31.10877891
2477.115,31.11070794
2477.598,31.08159575
2478.08,31.06616335
2478.562,31.03981604
2479.044,31.03628127
2479.526,31.01694429
2480.008,31.02996564
2480.49,30.97301417
2480.972,30.97804845
2481.455,30.954049
2481.937,30.95231462
2482.419,30.94551619
2482.901,30.93894707
2483.383,30.90592642
2483.865,30.87327639
2484.347,30.86848243
2484.829,30.86749991
2485.312,30.85586316
2485.794,30.80556554
2486.276,30.79825955
2486.758,30.79668967
2487.24,30.79135942
2487.722,30.75672521
2488.204,30.74489921
2488.686,30.73007575
2489.168,30.70023251
2489.651,30.70446054
2490.133,30.66771202
2490.615,30.64275831
2491.097,30.62059486
2491.579,30.60971256
2492.061,30.60449629
2492.543,30.58198106
2493.025,30.58152895
2493.508,30.55230789
2493.99,30.5544432
2494.472,30.50177179
2494.954,30.48643978
2495.436,30.47476316
2495.918,30.47365227
2496.4,30.45634317
2496.882,30.44993936
2497.365,30.43117826
2497.846,30.4263632
2498.329,30.38164555
2498.811,30.39213745
2499.293,30.37533464
2499.775,30.3682891
2500.257,30.3632172
2500.739,30.3345083
2501.221,30.32010918
2501.703,30.28505157
2502.186,30.26823698
2502.668,30.25325605
2503.15,30.23365145
2503.632,30.24280015
2504.114,30.20144236
2504.596,30.18084899
2505.078,30.18277413
2505.56,30.1628641
2506.042,30.15764801
2506.525,30.14087713
2507.007,30.12351159
2507.489,30.10206831
2507.971,30.0679013
2508.453,30.06543794
2508.935,30.05810788
2509.417,30.03749094
2509.899,30.01651724
2510.382,30.01394801
2510.864,29.98757654
2511.346,29.96435124
2511.828,29.95898004
2512.31,29.93567821
2512.792,29.92185526
2513.274,29.90510794
2513.756,29.90305855
2514.239,29.87606482
2514.721,29.85195655
2515.203,29.84363476
2515.685,29.84291701
2516.167,29.8154981
2516.649,29.80900331
2517.131,29.77827699
2517.613,29.79155782
2518.095,29.77996559
2518.578,29.76874964
2519.06,29.73721779
2519.542,29.69427943
2520.024,29.71448628
2520.506,29.68170178
2520.988,29.67419979
2521.47,29.64762523
2521.952,29.6599943
2522.435,29.64585934
2522.917,29.6298531
2523.399,29.61267441
2523.881,29.60951899
2524.363,29.58848376
2524.845,29.57048675
2525.327,29.56938821
2525.809,29.54875009
2526.292,29.54444145
2526.773,29.51294189
2527.256,29.51528391
2527.738,29.51843836
2528.22,29.49328601
2528.702,29.4625882
2529.184,29.47654975
2529.666,29.45669363
2530.148,29.43809543
2530.63,29.43425736
2531.113,29.3996799
2531.595,29.40630772
2532.077,29.39894385
2532.559,29.3738887
2533.041,29.36763001
2533.523,29.34852489
2534.005,29.34320484
2534.487,29.32982257
2534.969,29.32402344
2535.452,29.3033619
2535.934,29.29696606
2536.416,29.26034268
2536.898,29.25915032
2537.38,29.25644682
2537.862,29.25868736
2538.344,29.24701583
2538.826,29.21551036
2539.309,29.21669755
2539.791,29.22205538
2540.273,29.19980572
2540.755,29.19370921
2541.237,29.16830865
2541.719,29.1692609
2542.201,29.14360459
2542.683,29.14249196
2543.166,29.12094654
2543.648,29.13767919
2544.13,29.12232807
2544.612,29.09249212
2545.094,29.10303331
2545.576,29.06373791
2546.058,29.07683999
2546.54,29.06909675
2547.022,29.04477481
2547.505,29.04313195
2547.987,29.04341109
2548.469,29.04715469
2548.951,29.04420206
2549.433,29.01255875
2549.915,28.99311414
2550.397,29.00929285
2550.879,28.98895649
2551.362,28.98353373
2551.844,28.97124281
2552.326,28.97821277
2552.808,28.98606403
2553.29,28.95091325
2553.772,28.93453296
2554.254,28.92697065
2554.736,28.9159377
2555.219,28.92224056
2555.7,28.92941888
2556.183,28.91155734
2556.665,28.89519838
2557.147,28.90054949
2557.629,28.88452214
2558.111,28.89324298
2558.593,28.89339246
2559.075,28.86508473
2559.557,28.87609701
2560.04,28.86025524
2560.522,28.85751464
2561.004,28.84291793
2561.486,28.83561869
2561.968,28.82836842
2562.45,28.83000159
2562.932,28.83284395
2563.414,28.80877566
2563.896,28.80351976
2564.379,28.8077879
2564.861,28.79398903
2565.343,28.80869248
2565.825,28.80120908
2566.307,28.78128108
2566.789,28.77075638
2567.271,28.79360256
2567.753,28.7679649
2568.236,28.75185236
2568.718,28.75784888
2569.2,28.75436141
2569.682,28.74178942
2570.164,28.74291956
2570.646,28.7454518
2571.128,28.73813698
2571.61,28.73762684
2572.093,28.72592007
2572.575,28.72180169
2573.057,28.71651175
2573.539,28.69931378
2574.021,28.70577344
2574.503,28.70123038
2574.985,28.7098092
2575.467,28.69665267
2575.949,28.69108431
2576.432,28.68233715
2576.914,28.66694101
2577.396,28.66791268
2577.878,28.6444269
2578.36,28.66066363
2578.842,28.65903806
2579.324,28.6612226
2579.806,28.65514021
2580.289,28.66513693
2580.771,28.66056522
2581.253,28.6547926
2581.735,28.66539982
2582.217,28.64429724
2582.699,28.66460144
2583.181,28.64993432
2583.663,28.66640847
2584.146,28.64634661
2584.627,28.66459663
2585.11,28.67073969
2585.592,28.64972638
2586.074,28.64321838
2586.556,28.6475635
2587.038,28.63738824
2587.52,28.66326125
2588.002,28.6537671
2588.484,28.65572301
2588.967,28.64102651
2589.449,28.66191726
2589.931,28.66149318
2590.413,28.67153697
2590.895,28.66894247
2591.377,28.67056303
2591.859,28.66814513
2592.341,28.67272912
2592.823,28.67962306
2593.306,28.67005158
2593.788,28.64822696
2594.27,28.66144588
2594.752,28.65022296
2595.234,28.67236821
2595.716,28.66094287
2596.198,28.64464452
2596.68,28.64995311
2597.163,28.66190179
2597.645,28.64887074
2598.127,28.64026854
2598.609,28.65101981
2599.091,28.66722262
2599.573,28.65388345
2600.055,28.65380558
2600.537,28.65768712
2601.02,28.66630604
2601.502,28.64758163
2601.984,28.67214559
2602.466,28.66648513
2602.948,28.67505206
2603.43,28.69164951
2603.912,28.68891393
2604.394,28.68137051
2604.876,28.69214515
2605.359,28.67755612
2605.841,28.67920623
2606.323,28.69357018
2606.805,28.68847405
2607.287,28.68999805
2607.769,28.69782394
2608.251,28.71900022
2608.733,28.71230278
2609.216,28.71712707
2609.698,28.72166869
2610.18,28.72361876
2610.662,28.72026487
2611.144,28.73905401
2611.626,28.72469807
2612.108,28.72225867
2612.59,28.73263541
2613.073,28.73084045
2613.554,28.74855693
2614.037,28.74730754
2614.519,28.75777087
2615.001,28.7694479
2615.483,28.7736113
2615.965,28.77877088
2616.447,28.79045625
2616.929,28.78293394
2617.411,28.80777418
2617.894,28.80438106
2618.376,28.78640375
2618.858,28.81687664
2619.34,28.82195861
2619.822,28.81532851
2620.304,28.84860805
2620.786,28.82303827
2621.268,28.84182214
2621.75,28.84572365
2622.233,28.84122812
2622.715,28.86676157
2623.197,28.8747351
2623.679,28.88228015
2624.161,28.9015885
2624.643,28.89394918
2625.125,28.87874856
2625.607,28.91172093
2626.09,28.91532405
2626.572,28.91441128
2627.054,28.91963843
2627.536,28.94064074
2628.018,28.94521811
2628.5,28.95598685
2628.982,28.97031319
2629.464,28.96054632
2629.947,28.96785697
2630.429,28.98223366
2630.911,28.99236918
2631.393,28.98548518
2631.875,29.00463702
2632.357,29.00940804
2632.839,29.02666011
2633.321,29.01434723
2633.803,29.04200477
2634.286,29.05569933
2634.768,29.07050049
2635.25,29.08396088
2635.732,29.1065767
2636.214,29.09486454
2636.696,29.12399246
2637.178,29.10022352
2637.66,29.13989588
2638.143,29.12885007
2638.625,29.15295531
2639.107,29.16794067
2639.589,29.18040091
2640.071,29.17102144
2640.553,29.21212914
2641.035,29.20318258
2641.517,29.22015789
2642,29.22144802
2642.481,29.23001469
2642.964,29.2391052
2643.446,29.25480204
2643.928,29.27110702
2644.41,29.28207774
2644.892,29.27225597
2645.374,29.29826434
2645.856,29.28763593
2646.338,29.30309773
2646.821,29.29112101
2647.303,29.34712512
2647.785,29.33658077
2648.267,29.33830882
2648.749,29.34851007
2649.231,29.35563854
2649.713,29.3630578
2650.195,29.36997965
2650.677,29.39658976
2651.16,29.40437764
2651.642,29.41280216
2652.124,29.4299964
2652.606,29.45948993
2653.088,29.44649086
2653.57,29.47479291
2654.052,29.45807812
2654.534,29.46952268
2655.017,29.49138573
2655.499,29.50224841
2655.981,29.49199559
2656.463,29.500663
2656.945,29.52352747
2657.427,29.53892996
2657.909,29.56783474
2658.391,29.5656726
2658.874,29.58650785
2659.356,29.57747857
2659.838,29.62068626
2660.32,29.60926422
2660.802,29.6140706
2661.284,29.63441856
2661.766,29.64801058
2662.248,29.64827261
2662.73,29.68256192
2663.213,29.70834041
2663.695,29.69403163
2664.177,29.7025127
2664.659,29.72314274
2665.141,29.74002147
2665.623,29.74337651
2666.105,29.75752351
2666.587,29.75913811
2667.07,29.79006095
2667.552,29.78988459
2668.034,29.81159421
2668.516,29.8204613
2668.998,29.8358999
2669.48,29.81132124
2669.962,29.84750046
2670.444,29.86323263
2670.927,29.88148321
2671.408,29.87699584
2671.891,29.89155119
2672.373,29.88832722
2672.855,29.92168439
2673.337,29.93236486
2673.819,29.9397153
2674.301,29.9553065
2674.783,29.95924395
2675.265,29.97385698
2675.748,29.98103219
2676.23,29.99345031
2676.712,29.99644259
2677.194,30.02092066
2677.676,30.02111017
2678.158,30.02913566
2678.64,30.04705651
2679.122,30.05780327
2679.604,30.08819512
2680.087,30.08508767
2680.569,30.10658277
2681.051,30.09208507
2681.533,30.12414421
2682.015,30.12202433
2682.497,30.14713569
2682.979,30.17139021
2683.461,30.16710824
2683.944,30.19881183
2684.426,30.2022115
2684.908,30.21350499
2685.39,30.20440271
2685.872,30.23784711
2686.354,30.25161663
2686.836,30.25197259
2687.318,30.26030551
2687.801,30.27103574
2688.283,30.28234727
2688.765,30.30591907
2689.247,30.29324891
2689.729,30.31220815
2690.211,30.34323483
2690.693,30.34384662
2691.175,30.36630296
2691.657,30.37008866
2692.14,30.38578285
2692.622,30.410975
2693.104,30.41867882
2693.586,30.40456233
2694.068,30.44029714
2694.55,30.44707859
2695.032,30.44970027
2695.514,30.46738738
2695.997,30.46420689
2696.479,30.49303947
2696.961,30.51388452
2697.443,30.51668084
2697.925,30.52394874
2698.407,30.54386659
2698.889,30.53664088
2699.371,30.59883741
2699.854,30.57915671
2700.335,30.57689606
2700.818,30.60660525
2701.3,30.61719111
2701.782,30.64276853
2702.264,30.65160264
2702.746,30.66161724
2703.228,30.66891286
2703.71,30.6735557
2704.192,30.69389431
2704.675,30.67396317
2705.157,30.71651379
2705.639,30.7144472
2706.121,30.71762779
2706.603,30.73048414
2707.085,30.76169496
2707.567,30.80089563
2708.049,30.77430687
2708.531,30.80367303
2709.014,30.81841292
2709.496,30.84591191
2709.978,30.85133559
2710.46,30.86783111
2710.942,30.86723894
2711.424,30.87327897
2711.906,30.88946644
2712.388,30.89885307
2712.871,30.91047812
2713.353,30.92147797
2713.835,30.93117439
2714.317,30.93622228
2714.799,30.96195633
2715.281,30.93960774
2715.763,30.97761065
2716.245,30.99231306
2716.728,30.99423365
2717.21,31.02285467
2717.692,31.02258701
2718.174,31.03622404
2718.656,31.05212568
2719.138,31.0697833
2719.62,31.0833191
2720.102,31.08610219
2720.584,31.08628856
2721.067,31.11197477
2721.549,31.11541595
2722.031,31.0935694
2722.513,31.12120605
2722.995,31.14532552
2723.477,31.1432823
2723.959,31.16760018
2724.441,31.1817246
2724.924,31.1783638
2725.406,31.19416673
2725.888,31.21394984
2726.37,31.2152613
2726.852,31.23312157
2727.334,31.22973377
2727.816,31.25634363
2728.298,31.26796471
2728.781,31.26566604
2729.262,31.27401506
2729.745,31.29996626
2730.227,31.2878592
2730.709,31.29107189
2731.191,31.32507074
2731.673,31.31557714
2732.155,31.33613764
2732.637,31.31052255
2733.119,31.36309169
2733.602,31.37605496
2734.084,31.35397738
2734.566,31.37973007
2735.048,31.39920855
2735.53,31.40836342
2736.012,31.42613731
2736.494,31.43366292
2736.976,31.4260047
2737.458,31.4631918
2737.941,31.4568785
2738.423,31.46151033
2738.905,31.47564684
2739.387,31.47300001
2739.869,31.49624809
2740.351,31.49694759
2740.833,31.52476618
2741.315,31.52528295
2741.798,31.54942359
2742.28,31.55712182
2742.762,31.5587089
2743.244,31.57133364
2743.726,31.5801766
2744.208,31.5780247
2744.69,31.58280192
2745.172,31.59843109
2745.655,31.5923956
2746.137,31.61803387
2746.619,31.61791635
2747.101,31.64052428
2747.583,31.64384977
2748.065,31.64557734
2748.547,31.66416908
2749.029,31.68016146
2749.511,31.68592618
2749.994,31.68396203
2750.476,31.6909892
2750.958,31.69821334
2751.44,31.68904071
2751.922,31.70492454
2752.404,31.71829666
2752.886,31.72509655
2753.368,31.71518321
2753.851,31.74651121
2754.333,31.76006023
2754.815,31.73673784
2755.297,31.74482634
2755.779,31.75944302
2756.261,31.77090842
2756.743,31.77469276
2757.225,31.77584422
2757.708,31.76513181
2758.189,31.77873846
2758.672,31.7992175
2759.154,31.80942303
2759.636,31.81623181
2760.118,31.83624985
2760.6,31.82647325
2761.082,31.8266819
2761.564,31.82420827
2762.046,31.86206955
2762.529,31.85580192
2763.011,31.8660392
2763.493,31.86274983
2763.975,31.86371231
2764.457,31.87953222
2764.939,31.90822812
2765.421,31.90199637
2765.903,31.89720375
2766.385,31.91687381
2766.868,31.91759458
2767.35,31.91022272
2767.832,31.93198216
2768.314,31.93669491
2768.796,31.94901854
2769.278,31.94887978
2769.76,31.95321876
2770.242,31.96100159
2770.725,31.97340251
2771.207,31.97332032
2771.689,31.96663823
2772.171,31.96396314
2772.653,31.97437816
2773.135,31.99852972
2773.617,31.97977928
2774.099,31.99496442
2774.582,31.98829516
2775.064,31.99496635
2775.546,32.01127581
2776.028,32.01085416
2776.51,32.01033467
2776.992,32.03176023
2777.474,32.02014303
2777.956,32.02993621
2778.438,32.0457718
2778.921,32.03677483
2779.403,32.04095508
2779.885,32.03077079
2780.367,32.04018578
2780.849,32.07578632
2781.331,32.06356738
2781.813,32.05273385
2782.295,32.06760355
2782.778,32.056524
2783.26,32.07554315
2783.742,32.05689397
2784.224,32.07335991
2784.706,32.07824521
2785.188,32.08978428
2785.67,32.08674141
2786.152,32.09485498
2786.635,32.0847793
2787.116,32.09045408
2787.599,32.11258203
2788.081,32.11129862
2788.563,32.10233804
2789.045,32.10779349
2789.527,32.08889193
2790.009,32.10780565
2790.491,32.09012053
2790.973,32.10487696
2791.456,32.09125571
2791.938,32.10990707
2792.42,32.12134546
2792.902,32.11309124
2793.384,32.11129911
2793.866,32.10429017
2794.348,32.10402912
2794.83,32.12916641
2795.312,32.11308984
2795.795,32.14409397
2796.277,32.12249006
2796.759,32.1216969
2797.241,32.12090421
2797.723,32.13512822
2798.205,32.12096907
2798.687,32.13068804
2799.169,32.14187886
2799.652,32.12920215
2800.134,32.14065323
2800.616,32.14687066
2801.098,32.14339719
2801.58,32.15879605
2802.062,32.1432152
2802.544,32.16483351
2803.026,32.12785586
2803.509,32.12837244
2803.991,32.12791848
2804.473,32.1475371
2804.955,32.13769891
2805.437,32.13108007
2805.919,32.13315649
2806.401,32.14633208
2806.883,32.14509508
2807.365,32.15891151
2807.848,32.13088877
2808.33,32.11717094
2808.812,32.14873667
2809.294,32.12822965
2809.776,32.13114783
2810.258,32.13381432
2810.74,32.1300117
2811.222,32.14108538
2811.705,32.13384452
2812.187,32.13896465
2812.669,32.13235634
2813.151,32.14101887
2813.633,32.13169459
2814.115,32.12887943
2814.597,32.11613021
2815.079,32.12736648
2815.562,32.12124007
2816.043,32.12112032
2816.526,32.10083863
2817.008,32.10769014
2817.49,32.12534678
2817.972,32.12329979
2818.454,32.09463932
2818.936,32.08744721
2819.418,32.12172703
2819.9,32.09518544
2820.383,32.09797419
2820.865,32.1176128
2821.347,32.12041015
2821.829,32.11081554
2822.311,32.10305329
2822.793,32.0987617
2823.275,32.11182989
2823.757,32.09901208
2824.24,32.09974052
2824.722,32.10398909
2825.204,32.08349896
2825.686,32.08531079
2826.168,32.0681707
2826.65,32.06978598
2827.132,32.07617045
2827.614,32.04294692
2828.096,32.06673656
2828.579,32.05154581
2829.061,32.03815343
2829.543,32.03466214
2830.025,32.04264605
2830.507,32.02860795
2830.989,32.01994092
2831.471,32.03106067
2831.953,32.01981579
2832.436,32.01052107
2832.918,32.03568009
2833.4,32.02063307
2833.882,32.04351499
2834.364,32.01274609
2834.846,32.0219754
2835.328,32.01113802
2835.81,31.99425041
2836.292,32.01462346
2836.775,32.000711
2837.257,32.01155122
2837.739,31.98764842
2838.221,32.00292787
2838.703,31.97506757
2839.185,31.99455461
2839.667,31.98256554
2840.149,31.96833726
2840.632,31.96400904
2841.114,31.9541685
2841.596,31.9462221
2842.078,31.95720422
2842.56,31.96158368
2843.042,31.94933892
2843.524,31.95079461
2844.006,31.95530743
2844.489,31.94088886
2844.97,31.93287985
2845.453,31.92499799
2845.935,31.92235061
2846.417,31.92143162
2846.899,31.89711598
2847.381,31.9038987
2847.863,31.89603484
2848.345,31.89824737
2848.827,31.881407
2849.31,31.89844653
2849.792,31.83904927
2850.274,31.86135894
2850.756,31.86529099
2851.238,31.86751199
2851.72,31.84479535
2852.202,31.82976029
2852.684,31.83426292
2853.167,31.82014741
2853.649,31.81894801
2854.131,31.81016718
2854.613,31.79375107
2855.095,31.81547408
2855.577,31.77490995
2856.059,31.79225099
2856.541,31.77425673
2857.023,31.76642326
2857.506,31.7657611
2857.988,31.76305937
2858.47,31.77064231
2858.952,31.7683069
2859.434,31.75924839
2859.916,31.73823916
2860.398,31.76099743
2860.88,31.73966356
2861.363,31.71614515
2861.845,31.73013926
2862.327,31.70499708
2862.809,31.6979972
2863.291,31.69627177
2863.773,31.67759774
2864.255,31.69012537
2864.737,31.67278269
2865.219,31.65716954
2865.702,31.65510004
2866.184,31.63199353
2866.666,31.63900775
2867.148,31.62576085
2867.63,31.60576921
2868.112,31.61401578
2868.594,31.58824515
2869.076,31.59891174
2869.559,31.58613985
2870.041,31.5787764
2870.523,31.5795097
2871.005,31.58074385
2871.487,31.55848501
2871.969,31.54892514
2872.451,31.57271855
2872.933,31.52401749
2873.416,31.54772558
2873.897,31.53640235
2874.38,31.50206256
2874.862,31.52808141
2875.344,31.48774355
2875.826,31.50397356
2876.308,31.4840443
2876.79,31.48092369
2877.272,31.46017639
2877.754,31.44735225
2878.237,31.45041541
2878.719,31.4428891
2879.201,31.44515438
2879.683,31.42726002
2880.165,31.40739808
2880.647,31.41063773
2881.129,31.39191646
2881.611,31.40124145
2882.094,31.38581186
2882.576,31.36797805
2883.058,31.38869506
2883.54,31.36694666
2884.022,31.36319662
2884.504,31.34568242
2884.986,31.32278496
2885.468,31.3196388
2885.95,31.32123003
2886.433,31.33028797
2886.915,31.30153146
2887.397,31.31423633
2887.879,31.30624008
2888.361,31.28750225
2888.843,31.2765879
2889.325,31.25945867
2889.807,31.24547555
2890.29,31.23738713
2890.772,31.22101765
2891.254,31.224626
2891.736,31.22372422
2892.218,31.21267521
2892.7,31.2070362
2893.182,31.16830932
2893.664,31.19016497
2894.146,31.17303647
2894.629,31.17039765
2895.111,31.14947283
2895.593,31.13328745
2896.075,31.12205661
2896.557,31.15064282
2897.039,31.12945469
2897.521,31.12481278
2898.003,31.11987694
2898.486,31.10768983
2898.968,31.09891178
2899.45,31.0921884
2899.932,31.0741503
2900.414,31.08361782
2900.896,31.07703682
2901.378,31.06851079
2901.86,31.0540112
2902.343,31.03830369
2902.824,31.03071643
2903.307,31.0255496
2903.789,31.01802729
2904.271,31.00351577
2904.753,30.98432803
2905.235,30.98348399
2905.717,30.9633569
2906.199,30.95589204
2906.681,30.962689
2907.164,30.93956003
2907.646,30.93727425
2908.128,30.91618383
2908.61,30.92674408
2909.092,30.91196086
2909.574,30.90143502
2910.056,30.93049333
2910.538,30.90098277
2911.021,30.89029165
2911.503,30.88224828
2911.985,30.88283864
2912.467,30.86320691
2912.949,30.85719592
2913.431,30.85346727
2913.913,30.85280947
2914.395,30.84180451
2914.877,30.81434754
2915.36,30.79993196
2915.842,30.79155491
2916.324,30.77152767
2916.806,30.77822141
2917.288,30.77160539
2917.77,30.77158372
2918.252,30.74387698
2918.734,30.74095581
2919.217,30.72628066
2919.699,30.74809214
2920.181,30.71626916
2920.663,30.7095591
2921.145,30.68952973
2921.627,30.70164348
2922.109,30.66981949
2922.591,30.67175348
2923.073,30.663635
2923.556,30.64855658
2924.038,30.65125435
2924.52,30.62478563
2925.002,30.62854417
2925.484,30.61070159
2925.966,30.6015578
2926.448,30.60231089
2926.93,30.58961624
2927.413,30.57230317
2927.895,30.58685814
2928.377,30.55294111
2928.859,30.57433792
2929.341,30.52756624
2929.823,30.5459153
2930.305,30.53084522
2930.787,30.52475451
2931.27,30.5077516
2931.751,30.49805371
2932.234,30.50212683
2932.716,30.4894219
2933.198,30.46729764
2933.68,30.46952824
2934.162,30.46835572
2934.644,30.45012946
2935.126,30.43507909
2935.608,30.42890736
2936.091,30.43606339
2936.573,30.42941953
2937.055,30.42984483
2937.537,30.4180352
2938.019,30.41694565
2938.501,30.41409005
2938.983,30.39773338
2939.465,30.38793636
2939.948,30.37963456
2940.43,30.36169736
2940.912,30.3740372
2941.394,30.3502339
2941.876,30.32380631
2942.358,30.33001149
2942.84,30.33107494
2943.322,30.32289333
2943.804,30.31267933
2944.287,30.29953264
2944.769,30.28862376
2945.251,30.28422393
2945.733,30.28633822
2946.215,30.26816658
2946.697,30.24788435
2947.179,30.24988032
2947.661,30.24423908
2948.144,30.23008922
2948.626,30.22460345
2949.108,30.20289181
2949.59,30.1823842
2950.072,30.19393075
2950.554,30.18719082
2951.036,30.16991502
2951.518,30.17814588
2952,30.17637523
2952.483,30.15016192
2952.965,30.13946004
2953.447,30.12992081
2953.929,30.14461166
2954.411,30.12022033
2954.893,30.12151745
2955.375,30.12058402
2955.857,30.10678189
2956.34,30.09167043
2956.822,30.09626527
2957.304,30.09791324
2957.786,30.10112865
2958.268,30.06554016
2958.75,30.07837126
2959.232,30.0683684
2959.714,30.05293292
2960.197,30.06635524
2960.678,30.04198728
2961.161,30.05009975
2961.643,30.02277373
2962.125,30.02422471
2962.607,30.02259603
2963.089,30.02097191
2963.571,30.0017717
2964.053,30.00477647
2964.535,29.99329356
2965.018,29.97339815
2965.5,30.01113504
2965.982,29.98118573
2966.464,29.97454978
2966.946,29.98913529
2967.428,29.97801925
2967.91,29.9720875
2968.392,29.95069635
2968.875,29.96230481
2969.357,29.9442493
2969.839,29.92498137
2970.321,29.94136298
2970.803,29.91956725
2971.285,29.91580535
2971.767,29.92503386
2972.249,29.89424588
2972.731,29.89087816
2973.214,29.87022788
2973.696,29.87853217
2974.178,29.87813396
2974.66,29.8450473
2975.142,29.8649827
2975.624,29.84358665
2976.106,29.8419765
2976.588,29.85523568
2977.071,29.84486356
2977.553,29.82849195
2978.035,29.83658743
2978.517,29.81756467
2978.999,29.81411772
2979.481,29.81799767
2979.963,29.82318191
2980.445,29.81637326
2980.927,29.7979173
2981.41,29.79236711
2981.892,29.80743686
2982.374,29.80742756
2982.856,29.7636007
2983.338,29.7680359
2983.82,29.76095454
2984.302,29.75330414
2984.784,29.74944675
2985.267,29.74598601
2985.749,29.77048265
2986.231,29.73663283
2986.713,29.73629043
2987.195,29.74783549
2987.677,29.72253493
2988.159,29.75587017
2988.641,29.76805733
2989.124,29.74986211
2989.605,29.75232196
2990.088,29.75038577
2990.57,29.74738906
2991.052,29.74869126
2991.534,29.75215348
2992.016,29.73219347
2992.498,29.74719121
2992.98,29.73546027
2993.462,29.73680626
2993.945,29.70002126
2994.427,29.73196955
2994.909,29.70670298
2995.391,29.70075301
2995.873,29.69898498
2996.355,29.70840317
2996.837,29.70078096
2997.319,29.69678553
2997.802,29.69810156
2998.284,29.68704451
2998.766,29.69475466
2999.248,29.68582924
2999.73,29.67221918
3000.212,29.67079917
3000.694,29.67675232
3001.176,29.67624199
3001.658,29.67613001
3002.141,29.6859462
3002.623,29.67028754
3003.105,29.68292521
3003.587,29.6617576
3004.069,29.67280364
3004.551,29.64993587
3005.033,29.63911739
3005.515,29.64033488
3005.998,29.64029063
3006.48,29.65214901
3006.962,29.64356655
3007.444,29.64092272
3007.926,29.64690552
3008.408,29.6399163
3008.89,29.63815668
3009.372,29.59742245
3009.854,29.6387206
3010.337,29.64175917
3010.819,29.63070865
3011.301,29.63466409
3011.783,29.63393271
3012.265,29.62891547
3012.747,29.62768438
3013.229,29.64571427
3013.711,29.61912699
3014.194,29.63375162
3014.676,29.63129031
3015.158,29.62493419
3015.64,29.62973311
3016.122,29.64910352
3016.604,29.6348579
3017.086,29.62655927
3017.568,29.59885201
3018.051,29.62227913
3018.532,29.62419446
3019.015,29.62539202
3019.497,29.63969355
3019.979,29.61226601
3020.461,29.62011655
3020.943,29.63886618
3021.425,29.61003037
3021.907,29.63173861
3022.389,29.63017981
3022.872,29.61840776
3023.354,29.61442694
3023.836,29.61864008
3024.318,29.62453425
3024.8,29.62101737
3025.282,29.63477221
3025.764,29.64084233
3026.246,29.62732346
3026.729,29.65036071
3027.211,29.63064627
3027.693,29.62722303
3028.175,29.64174125
3028.657,29.60927938
3029.139,29.64861411
3029.621,29.64319899
3030.103,29.61953098
3030.585,29.63334652
3031.068,29.62989718
3031.55,29.63584217
3032.032,29.61512678
3032.514,29.61237298
3032.996,29.63172068
3033.478,29.6277271
3033.96,29.62564198
3034.442,29.61228354
3034.925,29.62357415
3035.407,29.62284561
3035.889,29.60452009
3036.371,29.62613168
3036.853,29.62700077
3037.335,29.61958609
3037.817,29.62467861
3038.299,29.63822262
3038.781,29.65428023
3039.264,29.65923236
3039.746,29.63236322
3040.228,29.65405501
3040.71,29.68209988
3041.192,29.65820416
3041.674,29.69319991
3042.156,29.67332126
3042.638,29.66870453
3043.121,29.70044106
3043.603,29.67454676
3044.085,29.67971375
3044.567,29.68540808
3045.049,29.68908638
3045.531,29.69857054
3046.013,29.68220592
3046.495,29.71695069
3046.978,29.70411678
3047.459,29.70498842
3047.942,29.71939551
3048.424,29.72036464
3048.906,29.72045122
3049.388,29.72134292
3049.87,29.70617446
3050.352,29.73228118
3050.834,29.70096619
3051.316,29.74577337
3051.799,29.70643364
3052.281,29.72836983
3052.763,29.70803965
3053.245,29.72887605
3053.727,29.7514754
3054.209,29.75031019
3054.691,29.7417303
3055.173,29.74600288
3055.656,29.75440479
3056.138,29.74042973
3056.62,29.75992575
3057.102,29.75215447
3057.584,29.78402384
3058.066,29.76254907
3058.548,29.79294235
3059.03,29.76922396
3059.512,29.78151289
3059.995,29.77945944
3060.477,29.77852357
3060.959,29.79325523
3061.441,29.8197223
3061.923,29.81010603
3062.405,29.81414939
3062.887,29.82491417
3063.369,29.81581056
3063.852,29.8250266
3064.334,29.8431362
3064.816,29.83696318
3065.298,29.84020306
3065.78,29.8390799
3066.262,29.87172178
3066.744,29.85074913
3067.226,29.87371039
3067.708,29.88119153
3068.191,29.866129
3068.673,29.88662493
3069.155,29.89076999
3069.637,29.88155781
3070.119,29.90880768
3070.601,29.90225695
3071.083,29.899328
3071.565,29.93051376
3072.048,29.91079857
3072.53,29.90516927
3073.012,29.91832756
3073.494,29.93498851
3073.976,29.92857346
3074.458,29.92901699
3074.94,29.92081095
3075.422,29.92371609
3075.905,29.92595235
3076.386,29.94917817
3076.869,29.95827551
3077.351,29.97468279
3077.833,29.96703376
3078.315,29.97553401
3078.797,29.99425825
3079.279,29.99582324
3079.761,29.98915543
3080.243,30.01538684
3080.726,30.02168563
3081.208,30.02373497
3081.69,30.04086999
3082.172,30.03438488
3082.654,30.0404393
3083.136,30.03442415
3083.618,30.02787594
3084.1,30.0499788
3084.583,30.04576399
3085.065,30.07241092
3085.547,30.07841307
3086.029,30.06421668
3086.511,30.0691106
3086.993,30.08833306
3087.475,30.07257401
3087.957,30.08427534
3088.439,30.08041823
3088.922,30.08431572
3089.404,30.10485623
3089.886,30.09945912
3090.368,30.1140802
3090.85,30.13282527
3091.332,30.14492072
3091.814,30.13591203
3092.296,30.15609322
3092.779,30.16081928
3093.261,30.18988713
3093.743,30.17989754
3094.225,30.16583043
3094.707,30.19113009
3095.189,30.21038205
3095.671,30.18212732
3096.153,30.19385778
3096.635,30.20733493
3097.118,30.22859372
3097.6,30.2319163
3098.082,30.22506829
3098.564,30.25621066
3099.046,30.24880748
3099.528,30.27670009
3100.01,30.2606676
3100.492,30.26424351
3100.975,30.26931097
3101.457,30.28592431
3101.939,30.27628159
3102.421,30.29767466
3102.903,30.29913793
3103.385,30.29340965
3103.867,30.3159196
3104.349,30.32791765
3104.832,30.32725851
3105.313,30.34917434
3105.796,30.35995171
3106.278,30.35552796
3106.76,30.37074154
3107.242,30.36247773
3107.724,30.38152933
3108.206,30.38652612
3108.688,30.38891821
3109.17,30.39235108
3109.653,30.40070303
3110.135,30.41480554
3110.617,30.39799092
3111.099,30.41932828
3111.581,30.42580152
3112.063,30.41622681
3112.545,30.4281379
3113.027,30.4347766
3113.51,30.45602537
3113.992,30.4376262
3114.474,30.45087845
3114.956,30.46052509
3115.438,30.4695518
3115.92,30.49583221
3116.402,30.47048951
3116.884,30.51195138
3117.366,30.51025518
3117.849,30.52020141
3118.331,30.51223144
3118.813,30.53065939
3119.295,30.53154375
3119.777,30.52849565
3120.259,30.51694704
3120.741,30.52249861
3121.223,30.53852731
3121.706,30.54705475
3122.188,30.54396719
3122.67,30.53722171
3123.152,30.52788517
3123.634,30.54249772
3124.116,30.56844478
3124.598,30.58050386
3125.08,30.57445207
3125.562,30.58058833
3126.045,30.59580144
3126.527,30.59080322
3127.009,30.62920495
3127.491,30.6307588
3127.973,30.64434776
3128.455,30.65229755
3128.937,30.64307377
3129.419,30.64927169
3129.902,30.65449444
3130.384,30.66558037
3130.866,30.672402
3131.348,30.67017269
3131.83,30.70048019
3132.312,30.69624669
3132.794,30.69408199
3133.276,30.71048908
3133.759,30.72381535
3134.24,30.73674807
3134.723,30.7336956
3135.205,30.72972149
3135.687,30.76027026
3136.169,30.77281304
3136.651,30.78824856
3137.133,30.7841612
3137.615,30.80147406
3138.097,30.79311006
3138.58,30.7945278
3139.062,30.79661422
3139.544,30.81357683
3140.026,30.82072661
3140.508,30.81979288
3140.99,30.81112907
3141.472,30.81853104
3141.954,30.83844772
3142.437,30.84187264
3142.919,30.84096177
3143.401,30.86025675
3143.883,30.84584273
3144.365,30.88197715
3144.847,30.85965134
3145.329,30.88955898
3145.811,30.90487896
3146.293,30.90302084
3146.776,30.89913599
3147.258,30.90815487
3147.74,30.92862574
3148.222,30.94011456
3148.704,30.94286473
3149.186,30.96008384
3149.668,30.95230949
3150.15,30.95439588
3150.633,30.96795879
3151.115,30.96915625
3151.597,30.99481175
3152.079,30.98231221
3152.561,30.99235449
3153.043,30.99551323
3153.525,31.00797375
3154.007,31.03109957
3154.49,31.0373631
3154.972,31.04200027
3155.454,31.04585393
3155.936,31.06440854
3156.418,31.07732402
3156.9,31.08849745
3157.382,31.09322911
3157.864,31.07223915
3158.346,31.10506141
3158.829,31.09676532
3159.311,31.07963156
3159.793,31.09365634
3160.275,31.08285497
3160.757,31.10508853
3161.239,31.09362751
3161.721,31.12102315
3162.203,31.13040896
3162.686,31.11603724
3163.167,31.12008164
3163.65,31.13948403
3164.132,31.14594792
3164.614,31.14601303
3165.096,31.15513096
3165.578,31.16905203
3166.06,31.17008053
3166.542,31.18050046
3167.024,31.1936801
3167.507,31.20629582
3167.989,31.2220935
3168.471,31.20249773
3168.953,31.23303987
3169.435,31.2136814
3169.917,31.24681795
3170.399,31.22865891
3170.881,31.24691778
3171.364,31.24334559
3171.846,31.24642963
3172.328,31.24822338
3172.81,31.26801813
3173.292,31.26741808
3173.774,31.27356617
3174.256,31.2973897
3174.738,31.28326698
3175.22,31.27255954
3175.703,31.28268141
3176.185,31.27872775
3176.667,31.2924647
3177.149,31.30704792
3177.631,31.31527335
3178.113,31.31574025
3178.595,31.3170641
3179.077,31.34265787
3179.56,31.32273851
3180.042,31.33308171
3180.524,31.34107294
3181.006,31.3450612
3181.488,31.35752721
3181.97,31.35067605
3182.452,31.35935786
3182.934,31.36864034
3183.417,31.37057009
3183.899,31.37320808
3184.381,31.35930523
3184.863,31.40777528
3185.345,31.38214209
3185.827,31.39438172
3186.309,31.39737658
3186.791,31.41370781
3187.273,31.39048856
3187.756,31.405072
3188.238,31.4134848
3188.72,31.40099541
3189.202,31.43618506
3189.684,31.42924143
3190.166,31.43141999
3190.648,31.42783432
3191.13,31.43984705
3191.613,31.4362879
3192.094,31.4524589
3192.577,31.46263398
3193.059,31.45618304
3193.541,31.44844796
3194.023,31.4518429
3194.505,31.47277117
3194.987,31.46321591
3195.469,31.48648602
3195.951,31.46858721
3196.434,31.47998786
3196.916,31.45853712
3197.398,31.49712627
3197.88,31.50003169
3198.362,31.4880341
3198.844,31.49112796
3199.326,31.49941762
3199.808,31.52295188
3200.291,31.51280181
3200.773,31.49583287
3201.255,31.50780881
3201.737,31.52183158
3202.219,31.5102961
3202.701,31.5235082
3203.183,31.51337092
3203.665,31.53007766
3204.147,31.51831793
3204.63,31.52584859
3205.112,31.50221043
3205.594,31.530089
3206.076,31.52728969
3206.558,31.52496617
3207.04,31.52307084
3207.522,31.52878448
3208.004,31.53571872
3208.487,31.53727542
3208.969,31.54522604
3209.451,31.5429694
3209.933,31.5253729
3210.415,31.5432229
3210.897,31.54736614
3211.379,31.56838759
3211.861,31.56570535
3212.344,31.57925836
3212.826,31.59087275
3213.308,31.60152305
3213.79,31.59951129
3214.272,31.58954909
3214.754,31.60011785
3215.236,31.58390985
3215.718,31.61319481
3216.2,31.61162839
3216.683,31.59845325
3217.165,31.60562162
3217.647,31.62398008
3218.129,31.59529658
3218.611,31.59443641
3219.093,31.60984955
3219.575,31.61333322
3220.057,31.59389952
3220.54,31.59290189
3221.021,31.60214509
3221.504,31.6030264
3221.986,31.61597897
3222.468,31.60309192
3222.95,31.61926631
3223.432,31.63562618
3223.914,31.63246131
3224.396,31.63535137
3224.878,31.63696141
3225.361,31.64108525
3225.843,31.63817866
3226.325,31.63860959
3226.807,31.62688729
3227.289,31.63967436
3227.771,31.63503783
3228.253,31.62266143
3228.735,31.63380043
3229.218,31.60959791
3229.7,31.6306693
3230.182,31.60741776
3230.664,31.616
3231.146,31.61920277
3231.628,31.63523133
3232.11,31.62233589
3232.592,31.60922434
3233.074,31.61959096
3233.557,31.62661761
3234.039,31.62022109
3234.521,31.63738187
3235.003,31.62621611
3235.485,31.64232168
3235.967,31.63737324
3236.449,31.63217318
3236.931,31.62983993
3237.414,31.64812228
3237.896,31.65698918
3238.378,31.66362943
3238.86,31.65437824
3239.342,31.65279461
3239.824,31.66804377
3240.306,31.64845204
3240.788,31.65512349
3241.271,31.65181865
3241.753,31.64940227
3242.235,31.65494219
3242.717,31.66059986
3243.199,31.66704233
3243.681,31.67068189
3244.163,31.67229572
3244.645,31.65804762
3245.127,31.675433
3245.61,31.63752606
3246.092,31.64908904
3246.574,31.63547968
3247.056,31.62602118
3247.538,31.61984968
3248.02,31.61024732
3248.502,31.61544827
3248.984,31.62963069
3249.467,31.61749053
3249.948,31.63631563
3250.431,31.61517261
3250.913,31.6265757
3251.395,31.61795476
3251.877,31.645001
3252.359,31.62191256
3252.841,31.6322523
3253.323,31.61522721
3253.805,31.65476268
3254.288,31.63847708
3254.77,31.64010118
3255.252,31.64092276
3255.734,31.65340828
3256.216,31.63710804
3256.698,31.64418797
3257.18,31.63699264
3257.662,31.63844311
3258.145,31.64343449
3258.627,31.64061306
3259.109,31.63425878
3259.591,31.64747666
3260.073,31.63489651
3260.555,31.63335213
3261.037,31.64625659
3261.519,31.65481727
3262.001,31.62895061
3262.484,31.62955031
3262.966,31.64456235
3263.448,31.62131382
3263.93,31.62694256
3264.412,31.63840654
3264.894,31.60581579
3265.376,31.61150227
3265.858,31.60725009
3266.341,31.61713577
3266.823,31.61469974
3267.305,31.60145395
3267.787,31.592957
3268.269,31.58517935
3268.751,31.5742439
3269.233,31.59035471
3269.715,31.59214737
3270.198,31.57769946
3270.68,31.57827936
3271.162,31.57116167
3271.644,31.56775113
3272.126,31.56996431
3272.608,31.56153383
3273.09,31.56237705
3273.572,31.55292735
3274.054,31.55053555
3274.537,31.53432028
3275.019,31.53790936
3275.501,31.5272157
3275.983,31.5598554
3276.465,31.54218812
3276.947,31.52994784
3277.429,31.56163682
3277.911,31.53299447
3278.394,31.54099856
3278.875,31.51765609
3279.358,31.52251505
3279.84,31.51879656
3280.322,31.50360775
3280.804,31.51938791
3281.286,31.51637373
3281.768,31.48936983
3282.25,31.51347532
3282.732,31.49017773
3283.215,31.49744523
3283.697,31.51560562
3284.179,31.49868307
3284.661,31.47833296
3285.143,31.48143323
3285.625,31.47707388
3286.107,31.46362384
3286.589,31.48805309
3287.072,31.44831921
3287.554,31.45933113
3288.036,31.45639708
3288.518,31.44336694
3289,31.42691839
3289.482,31.4433171
3289.964,31.44268913
3290.446,31.42616272
3290.928,31.45050183
3291.411,31.46163953
3291.893,31.43556617
3292.375,31.42916407
3292.857,31.44765335
3293.339,31.43748642
3293.821,31.42305103
3294.303,31.43998217
3294.785,31.45731947
3295.268,31.43722324
3295.75,31.42484995
3296.232,31.42851591
3296.714,31.44082983
3297.196,31.4250573
3297.678,31.42940398
3298.16,31.42884099
3298.642,31.41603316
3299.125,31.41266651
3299.607,31.40517366
3300.089,31.39588266
3300.571,31.39742404
3301.053,31.35814638
3301.535,31.37379119
3302.017,31.36239777
3302.499,31.34388035
3302.981,31.3539346
3303.464,31.34214931
3303.946,31.34177044
3304.428,31.33425807
3304.91,31.35600915
3305.392,31.33382278
3305.874,31.33238678
3306.356,31.3247049
3306.838,31.32679819
3307.321,31.32327883
3307.802,31.30566413
3308.285,31.3023949
3308.767,31.29394852
3309.249,31.29764595
3309.731,31.28589117
3310.213,31.29589696
3310.695,31.27180549
3311.177,31.2665446
3311.659,31.26158037
3312.142,31.26163257
3312.624,31.24499864
3313.106,31.24215554
3313.588,31.25905363
3314.07,31.21885278
3314.552,31.20697719
3315.034,31.20218437
3315.516,31.19100005
3315.999,31.20831779
3316.481,31.19674428
3316.963,31.22617267
3317.445,31.20931965
3317.927,31.22321582
3318.409,31.19260905
3318.891,31.19868709
3319.373,31.20633487
3319.855,31.21641674
3320.338,31.21168393
3320.82,31.19647852
3321.302,31.19953191
3321.784,31.19504239
3322.266,31.18677178
3322.748,31.1763264
3323.23,31.1597473
3323.712,31.16568369
3324.195,31.16845673
3324.677,31.14117682
3325.159,31.14559817
3325.641,31.15300742
3326.123,31.14950698
3326.605,31.14711359
3327.087,31.15209169
3327.569,31.12791001
3328.052,31.13690094
3328.534,31.12873659
3329.016,31.13342065
3329.498,31.14289212
3329.98,31.12240142
3330.462,31.11403253
3330.944,31.11754425
3331.426,31.1070528
3331.908,31.11118269
3332.391,31.087347
3332.873,31.08607852
3333.355,31.09411121
3333.837,31.06575367
3334.319,31.0726701
3334.801,31.07800728
3335.283,31.06931865
3335.765,31.06023365
3336.248,31.07768616
3336.729,31.06245513
3337.212,31.0405696
3337.694,31.04941174
3338.176,31.04057434
3338.658,31.01436326
3339.14,31.01818017
3339.622,31.01277092
3340.104,31.00409082
3340.586,31.00572433
3341.069,31.01181367
3341.551,30.99570091
3342.033,31.01276046
3342.515,30.9961366
3342.997,30.97571546
3343.479,30.97599839
3343.961,30.97469934
3344.443,30.9806338
3344.926,30.96713839
3345.408,30.98224804
3345.89,30.95640581
3346.372,30.94099833
3346.854,30.94366216
3347.336,30.93969022
3347.818,30.92159056
3348.3,30.93216391
3348.782,30.91393142
3349.265,30.9201338
3349.747,30.89894548
3350.229,30.8822072
3350.711,30.89768834
3351.193,30.87915041
3351.675,30.88182882
3352.157,30.87409874
3352.639,30.87582966
3353.122,30.86595427
3353.604,30.85722124
3354.086,30.8608999
3354.568,30.85057329
3355.05,30.86323658
3355.532,30.84915518
3356.014,30.84418877
3356.496,30.83715155
3356.979,30.85051955
3357.461,30.83316512
3357.943,30.82464041
3358.425,30.81346732
3358.907,30.81059573
3359.389,30.79789478
3359.871,30.78849413
3360.353,30.788773
3360.835,30.80380538
3361.318,30.77955067
3361.8,30.77952105
3362.282,30.7837049
3362.764,30.77462969
3363.246,30.76702984
3363.728,30.75875798
3364.21,30.74670529
3364.692,30.75709368
3365.174,30.76355435
3365.656,30.74844018
3366.139,30.75422
3366.621,30.76617227
3367.103,30.74717682
3367.585,30.75022191
3368.067,30.7225476
3368.549,30.74277223
3369.031,30.73942518
3369.513,30.71003007
3369.996,30.68992442
3370.478,30.69731276
3370.96,30.70093119
3371.442,30.69751538
3371.924,30.6908573
3372.406,30.69296786
3372.888,30.68281441
3373.37,30.66127324
3373.853,30.67103635
3374.335,30.65786671
3374.817,30.65880958
3375.299,30.63690737
3375.781,30.63302414
3376.263,30.64015893
3376.745,30.63473004
3377.227,30.63851231
3377.709,30.6276111
3378.192,30.60745139
3378.674,30.62279875
3379.156,30.63522792
3379.638,30.63483086
3380.12,30.60826199
3380.602,30.60909902
3381.084,30.60234027
3381.566,30.59259024
3382.049,30.60739038
3382.531,30.58995607
3383.013,30.60178362
3383.495,30.59850782
3383.977,30.58876611
3384.459,30.58966244
3384.941,30.58024543
3385.423,30.566035
3385.906,30.5736976
3386.387,30.56850271
3386.87,30.55753779
3387.352,30.55909186
3387.834,30.54828585
3388.316,30.56904939
3388.798,30.55147487
3389.28,30.53423981
3389.762,30.53649179
3390.244,30.54209957
3390.727,30.54241042
3391.209,30.54181176
3391.691,30.51784596
3392.173,30.50957558
3392.655,30.52148424
3393.137,30.5137064
3393.619,30.48551247
3394.101,30.5087363
3394.583,30.50320454
3395.066,30.50660227
3395.548,30.51562765
3396.03,30.49985792
3396.512,30.50206116
3396.994,30.49895598
3397.476,30.50559833
3397.958,30.47652448
3398.44,30.49793826
3398.923,30.47570502
3399.405,30.48366345
3399.887,30.46562579
3400.369,30.49497135
3400.851,30.4603246
3401.333,30.4624901
3401.815,30.45434348
3402.297,30.45499154
3402.78,30.43739454
3403.262,30.42984361
3403.744,30.4353309
3404.226,30.4103199
3404.708,30.43790194
3405.19,30.4146401
3405.672,30.42346463
3406.154,30.42641098
3406.636,30.42337469
3407.119,30.42507972
3407.601,30.43382125
3408.083,30.42751899
3408.565,30.43001076
3409.047,30.41685956
3409.529,30.40802714
3410.011,30.41308771
3410.493,30.4118724
3410.976,30.41175302
3411.458,30.38468695
3411.94,30.37930744
3412.422,30.37884176
3412.904,30.37960401
3413.386,30.36732614
3413.868,30.36777225
3414.35,30.35574169
3414.833,30.35013591
3415.314,30.33865175
3415.797,30.34141703
3416.279,30.35296754
3416.761,30.33849459
3417.243,30.33556802
3417.725,30.3328941
3418.207,30.35284781
3418.689,30.34475791
3419.171,30.33278124
3419.654,30.32666084
3420.136,30.33959569
3420.618,30.32040688
3421.1,30.33991013
3421.582,30.34661565
3422.064,30.31255587
3422.546,30.32471805
3423.028,30.2958112
3423.51,30.30116033
3423.993,30.31401556
3424.475,30.31308626
3424.957,30.29602474
3425.439,30.3158042
3425.921,30.29607656
3426.403,30.28244719
3426.885,30.30737609
3427.367,30.28819444
3427.85,30.31720975
3428.332,30.28959478
3428.814,30.30081491
3429.296,30.28284928
3429.778,30.29616353
3430.26,30.27574651
3430.742,30.27686928
3431.224,30.28566406
3431.707,30.26437948
3432.189,30.26415541
3432.671,30.24999071
3433.153,30.26292408
3433.635,30.29076478
3434.117,30.25674752
3434.599,30.27599927
3435.081,30.2475933
3435.563,30.25071031
3436.046,30.2658914
3436.528,30.2663923
3437.01,30.27116472
3437.492,30.26559824
3437.974,30.25755971
3438.456,30.27228092
3438.938,30.28556598
3439.42,30.29950462
3439.903,30.27026249
3440.385,30.28655521
3440.867,30.30100151
3441.349,30.30214854
3441.831,30.28376408
3442.313,30.3133356
3442.795,30.29983781
3443.277,30.28936151
3443.76,30.29624429
3444.241,30.28619341
3444.724,30.29008892
3445.206,30.27953312
3445.688,30.29973362
3446.17,30.29756873
3446.652,30.29156888
3447.134,30.27367256
3447.616,30.26490902
3448.098,30.27483183
3448.581,30.26564608
3449.063,30.25725164
3449.545,30.2682054
3450.027,30.23852949
3450.509,30.28024862
3450.991,30.26744643
3451.473,30.26916167
3451.955,30.260157
3452.438,30.26273665
3452.92,30.252678
3453.402,30.26085118
3453.884,30.26044839
3454.366,30.2675431
3454.848,30.24801888
3455.33,30.25487284
3455.812,30.27464581
3456.294,30.24448073
3456.777,30.27227376
3457.259,30.26922979
3457.741,30.24805193
3458.223,30.2614841
3458.705,30.26438082
3459.187,30.24978767
3459.669,30.27048761
3460.151,30.27144105
3460.634,30.28039476
3461.116,30.27198677
3461.598,30.25931407
3462.08,30.24970834
3462.562,30.2499453
3463.044,30.26143723
3463.526,30.27124757
3464.008,30.27369969
3464.49,30.2741863
3464.973,30.27213812
3465.455,30.26406386
3465.937,30.26127997
3466.419,30.24678381
3466.901,30.27755659
3467.383,30.27070792
3467.865,30.26835503
3468.347,30.26442421
3468.83,30.27908021
3469.312,30.2563811
3469.794,30.28142638
3470.276,30.28718571
3470.758,30.27509383
3471.24,30.26087078
3471.722,30.27113461
3472.204,30.27401009
3472.687,30.28689975
3473.168,30.27712497
3473.651,30.25081487
3474.133,30.29377965
3474.615,30.29114184
3475.097,30.28555682
3475.579,30.29794265
3476.061,30.28833749
3476.543,30.28807077
3477.025,30.27870151
3477.508,30.3027035
3477.99,30.2999792
3478.472,30.30179326
3478.954,30.295656
3479.436,30.29455712
3479.918,30.28664425
3480.4,30.32706848
3480.882,30.31780214
3481.365,30.31011243
3481.847,30.32411606
3482.329,30.33916909
3482.811,30.3256178
3483.293,30.33704626
3483.775,30.33077083
3484.257,30.35373252
3484.739,30.32339956
3485.221,30.36282707
3485.704,30.33391554
3486.186,30.35096288
3486.668,30.35995155
3487.15,30.34307526
3487.632,30.34528533
3488.114,30.32603183
3488.596,30.34189948
3489.078,30.33728209
3489.561,30.34472094
3490.043,30.32633774
3490.525,30.34922765
3491.007,30.36864723
3491.489,30.34423332
3491.971,30.36871272
3492.453,30.36206911
3492.935,30.36812846
3493.417,30.37294147
3493.9,30.39575782
3494.382,30.38042254
3494.864,30.40941521
3495.346,30.39313437
3495.828,30.38617964
3496.31,30.4146948
3496.792,30.38481936
3497.274,30.41747813
3497.757,30.43287968
3498.239,30.40861629
3498.721,30.38128402
3499.203,30.42178618
3499.685,30.41385493
3500.167,30.41830943
3500.649,30.45107695
3501.131,30.44639055
3501.614,30.43983788
3502.095,30.43795802
3502.578,30.4587417
3503.06,30.47068117
3503.542,30.4544838
3504.024,30.4533423
3504.506,30.44328099
3504.988,30.45007347
3505.47,30.45863943
3505.952,30.47782656
3506.435,30.4488029
3506.917,30.46348885
3507.399,30.44692838
3507.881,30.46337428
3508.363,30.4571394
3508.845,30.45663928
3509.327,30.43826517
3509.809,30.45513406
3510.292,30.45797602
3510.774,30.45272812
3511.256,30.4566056
3511.738,30.44860444
3512.22,30.43837312
3512.702,30.47388748
3513.184,30.4647558
3513.666,30.47877101
3514.148,30.48410227
3514.631,30.4599771
3515.113,30.47900596
3515.595,30.49189994
3516.077,30.48059006
3516.559,30.49285221
3517.041,30.47573545
3517.523,30.50427761
3518.005,30.5040142
3518.488,30.50959978
3518.97,30.5324625
3519.452,30.52319734
3519.934,30.54797567
3520.416,30.56659214
3520.898,30.57282544
3521.38,30.57252094
3521.862,30.59167285
3522.344,30.57772799
3522.827,30.59596487
3523.309,30.59811396
3523.791,30.60590275
3524.273,30.61391078
3524.755,30.61509753
3525.237,30.59241188
3525.719,30.63119436
3526.201,30.62045606
3526.684,30.62368544
3527.166,30.61079332
3527.648,30.61526188
3528.13,30.623695
3528.612,30.6101122
3529.094,30.61771225
3529.576,30.59748579
3530.058,30.5979971
3530.541,30.60963997
3531.022,30.59628007
3531.505,30.60234331
3531.987,30.60844014
3532.469,30.6398593
3532.951,30.61693626
3533.433,30.62384651
3533.915,30.65114676
3534.397,30.65019194
3534.879,30.64856858
3535.362,30.6757019
3535.844,30.65805313
3536.326,30.66043593
3536.808,30.66003868
3537.29,30.66637364
3537.772,30.67029823
3538.254,30.69780965
3538.736,30.69778184
3539.219,30.70209486
3539.701,30.7129677
3540.183,30.72400631
3540.665,30.71749344
3541.147,30.72737783
3541.629,30.72266487
3542.111,30.76661982
3542.593,30.7599853
3543.075,30.74625469
3543.558,30.75479587
3544.04,30.78170282
3544.522,30.77777555
3545.004,30.79321841
3545.486,30.75622571
3545.968,30.7706844
3546.45,30.78326375
3546.932,30.78711613
3547.415,30.76766248
3547.897,30.76847718
3548.379,30.75544808
3548.861,30.76854682
3549.343,30.77217297
3549.825,30.76409838
3550.307,30.78951962
3550.789,30.77347706
3551.271,30.79534371
3551.754,30.79707947
3552.236,30.78804296
3552.718,30.79794783
3553.2,30.78834913
3553.682,30.80906825
3554.164,30.80620482
3554.646,30.82092382
3555.128,30.81059944
3555.611,30.82709652
3556.093,30.81869294
3556.575,30.82475475
3557.057,30.81965586
3557.539,30.85115771
3558.021,30.83860946
3558.503,30.84011756
3558.985,30.83800041
3559.468,30.86316803
3559.949,30.87660169
3560.432,30.87566342
3560.914,30.85891019
3561.396,30.88830791
3561.878,30.89584129
3562.36,30.9249508
3562.842,30.92357431
3563.324,30.92962418
3563.806,30.94892521
3564.289,30.95667176
3564.771,30.96902471
3565.253,30.96888974
3565.735,30.96686912
3566.217,30.95437189
3566.699,30.93650432
3567.181,30.93612617
3567.663,30.93082281
3568.146,30.93118312
3568.628,30.9483827
3569.11,30.92903574
3569.592,30.9305373
3570.074,30.92505947
3570.556,30.93443587
3571.038,30.93413953
3571.52,30.94298228
3572.002,30.96693549
3572.485,30.9639534
3572.967,30.96142623
3573.449,30.96777885
3573.931,30.974662
3574.413,31.00979059
3574.895,30.97502464
3575.377,30.97811587
3575.859,30.99814165
3576.342,30.9899444
3576.824,30.99298206
3577.306,31.00070933
3577.788,30.99692421
3578.27,31.00891955
3578.752,31.01794984
3579.234,31.03344143
3579.716,31.05075994
3580.198,31.04075536
3580.681,31.04134021
3581.163,31.03546303
3581.645,31.06061134
3582.127,31.0673991
3582.609,31.06131068
3583.091,31.07203867
3583.573,31.06057253
3584.055,31.07616253
3584.538,31.08227735
3585.02,31.0675361
3585.502,31.07741805
3585.984,31.07467858
3586.466,31.06387564
3586.948,31.08932214
3587.43,31.06505795
3587.912,31.0779537
3588.395,31.07150766
3588.876,31.06025905
3589.359,31.0735192
3589.841,31.08732951
3590.323,31.09377465
3590.805,31.10437424
3591.287,31.10767177
3591.769,31.11758916
3592.251,31.12418504
3592.733,31.11085098
3593.216,31.10412297
3593.698,31.13038446
3594.18,31.13094293
3594.662,31.15927661
3595.144,31.12681821
3595.626,31.14278416
3596.108,31.14241685
3596.59,31.12861092
3597.073,31.14202163
3597.555,31.15817376
3598.037,31.14151856
3598.519,31.14233564
3599.001,31.12002816
3599.483,31.12737669
3599.965,31.09986908
3600.447,31.10084947
3600.929,31.11877697
3601.412,31.11401211
3601.894,31.11050177
3602.376,31.1276817
3602.858,31.12492282
3603.34,31.13841095
3603.822,31.12110819
3604.304,31.16349038
3604.786,31.14057091
3605.269,31.15911769
3605.751,31.18608781
3606.233,31.17621351
3606.715,31.20480927
3607.197,31.19193304
3607.679,31.21719547
3608.161,31.21357666
3608.643,31.23694198
3609.125,31.22769037
3609.608,31.24318217
3610.09,31.24714724
3610.572,31.25251573
3611.054,31.27899604
3611.536,31.27903888
3612.018,31.28803859
3612.5,31.31604803
3612.982,31.31290241
3613.465,31.30758651
3613.947,31.30109386
3614.429,31.30695385
3614.911,31.31090505
3615.393,31.32828832
3615.875,31.31491319
3616.357,31.31746814
3616.839,31.30907164
3617.322,31.32500289
3617.803,31.31760489
3618.286,31.31699405
3618.768,31.28985753
3619.25,31.2934843
3619.732,31.28625002
3620.214,31.29892542
3620.696,31.28171284
3621.178,31.26385352
3621.66,31.27193822
3622.143,31.28398042
3622.625,31.27198105
3623.107,31.28006455
3623.589,31.26419175
3624.071,31.26944637
3624.553,31.25131096
3625.035,31.26012965
3625.517,31.26023463
3626,31.25786247
3626.482,31.24665655
3626.964,31.23536503
3627.446,31.2553844
3627.928,31.23198484
3628.41,31.24141199
3628.892,31.24285741
3629.374,31.22018388
3629.856,31.22357542
3630.339,31.24756329
3630.821,31.28418928
3631.303,31.28039453
3631.785,31.28063456
3632.267,31.31567923
3632.749,31.29621204
3633.231,31.31554318
3633.713,31.32210882
3634.196,31.31301734
3634.678,31.32571272
3635.16,31.32561738
3635.642,31.32838552
3636.124,31.35339959
3636.606,31.33417649
3637.088,31.33145824
3637.57,31.3434703
3638.052,31.36123166
3638.535,31.35793209
3639.017,31.35253376
3639.499,31.37179569
3639.981,31.39347048
3640.463,31.36954137
3640.945,31.38189021
3641.427,31.38972649
3641.909,31.41387413
3642.392,31.43156246
3642.874,31.42579124
3643.356,31.44069584
3643.838,31.45391636
3644.32,31.46489446
3644.802,31.46241389
3645.284,31.47917664
3645.766,31.53217976
3646.249,31.53260085
3646.73,31.55135137
3647.213,31.56553596
3647.695,31.56100452
3648.177,31.55771059
3648.659,31.53674711
3649.141,31.51163927
3649.623,31.49772737
3650.105,31.47495136
3650.587,31.44978551
3651.07,31.47189922
3651.552,31.48129936
3652.034,31.47381065
3652.516,31.51255108
3652.998,31.48745817
3653.48,31.49845109
3653.962,31.50816795
3654.444,31.49578077
3654.927,31.47907649
3655.409,31.50466092
3655.891,31.48692688
3656.373,31.49515059
3656.855,31.48593622
3657.337,31.491219
3657.819,31.48225733
3658.301,31.50132491
3658.783,31.47892546
3659.266,31.47134486
3659.748,31.47135847
3660.23,31.45424219
3660.712,31.45809507
3661.194,31.46368
3661.676,31.45562304
3662.158,31.4370145
3662.64,31.44028139
3663.123,31.44555668
3663.605,31.4522355
3664.087,31.44931496
3664.569,31.45214518
3665.051,31.45407742
3665.533,31.44427385
3666.015,31.43207395
3666.497,31.47005747
3666.979,31.46939809
3667.462,31.47989936
3667.944,31.46284647
3668.426,31.47032321
3668.908,31.46947937
3669.39,31.48303491
3669.872,31.48126208
3670.354,31.48812011
3670.836,31.48787149
3671.319,31.48683967
3671.801,31.49472544
3672.283,31.4939389
3672.765,31.50765902
3673.247,31.52468017
3673.729,31.5150063
3674.211,31.53567451
3674.693,31.5614417
3675.176,31.55480305
3675.657,31.55961363
3676.14,31.57154386
3676.622,31.56487744
3677.104,31.54978939
3677.586,31.55136524
3678.068,31.54211618
3678.55,31.54074705
3679.032,31.5264368
3679.514,31.51843048
3679.997,31.51619997
3680.479,31.52478956
3680.961,31.50942154
3681.443,31.49750849
3681.925,31.48171285
3682.407,31.47065195
3682.889,31.48212477
3683.371,31.47353237
3683.854,31.48084577
3684.336,31.48187
3684.818,31.45815312
3685.3,31.47314389
3685.782,31.45533917
3686.264,31.46780328
3686.746,31.45670089
3687.228,31.47592422
3687.71,31.47704007
3688.193,31.47090135
3688.675,31.44632938
3689.157,31.42684773
3689.639,31.41214737
3690.121,31.40475506
3690.603,31.38797542
3691.085,31.384811
3691.567,31.39226818
3692.05,31.39494896
3692.532,31.41436885
3693.014,31.41077579
3693.496,31.41237081
3693.978,31.4063251
3694.46,31.39518873
3694.942,31.4074034
3695.424,31.39290866
3695.906,31.38979278
3696.389,31.38095461
3696.871,31.36003511
3697.353,31.36121184
3697.835,31.35121264
3698.317,31.36383991
3698.799,31.34910734
3699.281,31.33305343
3699.763,31.31930926
3700.246,31.36466373
3700.728,31.33632568
3701.21,31.33810596
3701.692,31.35692458
3702.174,31.33671864
3702.656,31.34589309
3703.138,31.36697063
3703.62,31.33732851
3704.103,31.3376104
3704.584,31.36864565
3705.067,31.34303921
3705.549,31.33394449
3706.031,31.37131939
3706.513,31.37377797
3706.995,31.3805668
3707.477,31.38615496
3707.959,31.38682025
3708.441,31.40541735
3708.924,31.41601735
3709.406,31.41015142
3709.888,31.39756481
3710.37,31.39355595
3710.852,31.3771182
3711.334,31.37552262
3711.816,31.37768141
3712.298,31.35801237
3712.781,31.37463615
3713.263,31.36625
3713.745,31.3871691
3714.227,31.39320329
3714.709,31.38540282
3715.191,31.38051106
3715.673,31.39028916
3716.155,31.41175116
3716.637,31.38965106
3717.12,31.3839211
3717.602,31.36338156
3718.084,31.36366971
3718.566,31.35857465
3719.048,31.3590632
3719.53,31.38261966
3720.012,31.35061066
3720.494,31.3573873
3720.977,31.32979791
3721.459,31.35212854
3721.941,31.36039915
3722.423,31.33770396
3722.905,31.3411145
3723.387,31.32968781
3723.869,31.32291302
3724.351,31.3075241
3724.833,31.28796345
3725.316,31.28654242
3725.798,31.27456637
3726.28,31.26584026
3726.762,31.24704053
3727.244,31.23413963
3727.726,31.23271448
3728.208,31.24341591
3728.69,31.21863786
3729.173,31.21898779
3729.655,31.23407507
3730.137,31.20434156
3730.619,31.22479297
3731.101,31.23013484
3731.583,31.21738616
3732.065,31.25293875
3732.547,31.24506605
3733.03,31.24799132
3733.511,31.2363243
3733.994,31.23638862
3734.476,31.22957698
3734.958,31.23321041
3735.44,31.22676282
3735.922,31.27001185
3736.404,31.26289127
3736.886,31.29408272
3737.368,31.28773323
3737.851,31.32423366
3738.333,31.32633475
3738.815,31.33792558
3739.297,31.32981273
3739.779,31.34564753
3740.261,31.33288833
3740.743,31.31400229
3741.225,31.2998116
3741.708,31.27034438
3742.19,31.27423043
3742.672,31.26308689
3743.154,31.27831594
3743.636,31.28453394
3744.118,31.29355616
3744.6,31.32183037
3745.082,31.33808341
3745.564,31.34677929
3746.047,31.37145157
3746.529,31.39146371
3747.011,31.40452339
3747.493,31.4088572
3747.975,31.42112023
3748.457,31.38052248
3748.939,31.38563723
3749.421,31.37658471
3749.904,31.35874108
3750.386,31.32141191
3750.868,31.29754921
3751.35,31.28629009
3751.832,31.27607763
3752.314,31.26123773
3752.796,31.29507061
3753.278,31.28764357
3753.76,31.32443141
3754.243,31.3427175
3754.725,31.32946984
3755.207,31.34933513
3755.689,31.3335221
3756.171,31.31807094
3756.653,31.30188282
3757.135,31.2941108
3757.617,31.25831586
3758.1,31.2592961
3758.582,31.24039029
3759.064,31.23587368
3759.546,31.23594832
3760.028,31.24493176
3760.51,31.21078213
3760.992,31.23146864
3761.474,31.23596763
3761.957,31.2289086
3762.438,31.24541323
3762.921,31.24215099
3763.403,31.23065241
3763.885,31.22418856
3764.367,31.21451547
3764.849,31.21096021
3765.331,31.25323326
3765.813,31.21065444
3766.295,31.24601907
3766.778,31.2167316
3767.26,31.21348503
3767.742,31.20650864
3768.224,31.20798719
3768.706,31.20631299
3769.188,31.19130846
3769.67,31.18986161
3770.152,31.189855
3770.635,31.18615121
3771.117,31.16714165
3771.599,31.13609723
3772.081,31.1584406
3772.563,31.15274666
3773.045,31.14206493
3773.527,31.15299501
3774.009,31.13372129
3774.491,31.13501593
3774.974,31.15471148
3775.456,31.1435194
3775.938,31.14869486
3776.42,31.15492028
3776.902,31.16829399
3777.384,31.16470748
3777.866,31.17506234
3778.348,31.18035319
3778.831,31.17912218
3779.313,31.1827879
3779.795,31.1706805
3780.277,31.16161973
3780.759,31.1482219
3781.241,31.14035255
3781.723,31.1406148
3782.205,31.15926823
3782.688,31.14682944
3783.17,31.15163909
3783.652,31.12492041
3784.134,31.12381466
3784.616,31.10758219
3785.098,31.09146615
3785.58,31.08218604
3786.062,31.06286512
3786.544,31.05162671
3787.027,31.05785367
3787.509,31.05394021
3787.991,31.05094607
3788.473,31.03716096
3788.955,31.04462018
3789.437,31.03736194
3789.919,31.03617773
3790.401,31.0271177
3790.884,31.03211906
3791.365,31.04241027
3791.848,31.04512826
3792.33,31.04223899
3792.812,31.0591335
3793.294,31.07157621
3793.776,31.08083146
3794.258,31.09530705
3794.74,31.11964223
3795.222,31.11469209
3795.705,31.12708238
3796.187,31.12947289
3796.669,31.13304525
3797.151,31.14505237
3797.633,31.12251104
3798.115,31.13991347
3798.597,31.12251217
3799.079,31.1320021
3799.562,31.13056746
3800.044,31.13628552
3800.526,31.11074894
3801.008,31.12820481
3801.49,31.1038814
3801.972,31.04135851
3802.454,31.05967363
3802.936,31.03470453
3803.418,31.00413596
3803.901,31.01433629
3804.383,30.99565386
3804.865,30.97834791
3805.347,30.99243359
3805.829,30.98472407
3806.311,31.00043004
3806.793,30.94498409
3807.275,30.94532376
3807.758,30.98172379
3808.24,30.96142789
3808.722,30.97304013
3809.204,30.96987756
3809.686,30.98589433
3810.168,30.96407746
3810.65,30.97572545
3811.132,30.9821573
3811.615,30.96484336
3812.097,30.9582002
3812.579,30.94152001
3813.061,30.95681725
3813.543,30.96725346
3814.025,30.93797663
3814.507,30.9506191
3814.989,30.94947
3815.471,30.95840829
3815.954,30.94748082
3816.436,30.94406065
3816.918,30.96748658
3817.4,30.94399627
3817.882,30.95130868
3818.364,30.9580245
3818.846,30.96212493
3819.328,30.94978328
3819.811,30.93344451
3820.292,30.96968737
3820.775,30.92648169
3821.257,30.92724783
3821.739,30.934928
3822.221,30.94982775
3822.703,30.95181691
3823.185,30.9640695
3823.667,30.98754821
3824.149,30.9618487
3824.632,30.94839388
3825.114,30.96198174
3825.596,30.94819244
3826.078,30.95796358
3826.56,30.92367785
3827.042,30.93102308
3827.524,30.90638178
3828.006,30.90025303
3828.489,30.91605889
3828.971,30.89128912
3829.453,30.89535074
3829.935,30.90581486
3830.417,30.898141
3830.899,30.9216609
3831.381,30.89209658
3831.863,30.92388372
3832.345,30.89824991
3832.828,30.91837781
3833.31,30.92219019
3833.792,30.92903633
3834.274,30.90500659
3834.756,30.92197265
3835.238,30.89973636
3835.72,30.90149912
3836.202,30.90465966
3836.685,30.92172146
3837.167,30.90980374
3837.649,30.91321883
3838.131,30.90996263
3838.613,30.9187026
3839.095,30.90546178
3839.577,30.89337929
3840.059,30.88569491
3840.542,30.89056893
3841.024,30.87243575
3841.506,30.87672268
3841.988,30.86879984
3842.47,30.85562515
3842.952,30.8279293
3843.434,30.8527073
3843.916,30.81333696
3844.398,30.81750358
3844.881,30.83266901
3845.363,30.79759218
3845.845,30.83433024
3846.327,30.82395589
3846.809,30.82729663
3847.291,30.84108233
3847.773,30.81577985
3848.255,30.81758913
3848.738,30.81120747
3849.219,30.7991156
3849.702,30.77944039
3850.184,30.77487601
3850.666,30.77464781
3851.148,30.76573409
3851.63,30.75158127
3852.112,30.74951622
3852.594,30.73585897
3853.076,30.70554998
3853.559,30.71817123
3854.041,30.69182415
3854.523,30.73020107
3855.005,30.75150637
3855.487,30.74349053
3855.969,30.77687124
3856.451,30.77494611
3856.933,30.78854669
3857.416,30.79423264
3857.898,30.79611718
3858.38,30.81109791
3858.862,30.80288081
3859.344,30.80051056
3859.826,30.80336653
3860.308,30.83163987
3860.79,30.82401412
3861.272,30.83641614
3861.755,30.8139751
3862.237,30.81920817
3862.719,30.84053044
3863.201,30.82034869
3863.683,30.79966125
3864.165,30.80671232
3864.647,30.82381216
3865.129,30.78653189
3865.612,30.80363791
3866.094,30.78686674
3866.576,30.78410564
3867.058,30.78239791
3867.54,30.76646538
3868.022,30.79994364
3868.504,30.77485132
3868.986,30.80044573
3869.469,30.78790445
3869.951,30.8012039
3870.433,30.80299997
3870.915,30.77077421
3871.397,30.78256666
3871.879,30.76155134
3872.361,30.78169996
3872.843,30.76490418
3873.325,30.72300635
3873.808,30.73946163
3874.29,30.72230222
3874.772,30.72667938
3875.254,30.74258077
3875.736,30.75740396
3876.218,30.75356401
3876.7,30.76677098
3877.182,30.75954034
3877.665,30.74743258
3878.146,30.76571599
3878.629,30.76956291
3879.111,30.77308741
3879.593,30.79466234
3880.075,30.78591222
3880.557,30.80570679
3881.039,30.80187412
3881.521,30.80091658
3882.003,30.81257116
3882.486,30.80869535
3882.968,30.79330961
3883.45,30.80263693
3883.932,30.77326063
3884.414,30.74959107
3884.896,30.76891814
3885.378,30.72490975
3885.86,30.75332834
3886.343,30.74869739
3886.825,30.73665665
3887.307,30.74142891
3887.789,30.73931644
3888.271,30.74713301
3888.753,30.7550036
3889.235,30.74561628
3889.717,30.76166226
3890.199,30.74660661
3890.682,30.76008148
3891.164,30.72346224
3891.646,30.7361625
3892.128,30.73403136
3892.61,30.72996735
3893.092,30.7357477
3893.574,30.71834634
3894.056,30.73493448
3894.539,30.74559934
3895.021,30.72960015
3895.503,30.7327566
3895.985,30.74686892
3896.467,30.72269987
3896.949,30.77151321
3897.431,30.77277135
3897.913,30.74573987
3898.396,30.76002236
3898.878,30.76809312
3899.36,30.76340349
3899.842,30.76464644
3900.324,30.7614477
3900.806,30.77710662
3901.288,30.78073303
3901.77,30.75425385
3902.252,30.77331244
3902.735,30.77303936
3903.217,30.75953227
3903.699,30.76276685
3904.181,30.7475918
3904.663,30.72728026
3905.145,30.72011556
3905.627,30.73483942
3906.109,30.71000811
3906.592,30.72996064
3907.073,30.70027477
3907.556,30.71930988
3908.038,30.70938678
3908.52,30.69966517
3909.002,30.71592595
3909.484,30.71265825
3909.966,30.68859314
3910.448,30.72254446
3910.93,30.74884317
3911.413,30.72175446
3911.895,30.70138682
3912.377,30.71712226
3912.859,30.71623478
3913.341,30.73306831
3913.823,30.74364443
3914.305,30.72674712
3914.787,30.73331252
3915.27,30.73391927
3915.752,30.73447718
3916.234,30.74672842
3916.716,30.73303139
3917.198,30.75059239
3917.68,30.75882728
3918.162,30.77026713
3918.644,30.76397075
3919.126,30.73764354
3919.609,30.74008096
3920.091,30.74820351
3920.573,30.75310243
3921.055,30.75351788
3921.537,30.76914961
3922.019,30.75777635
3922.501,30.77672213
3922.983,30.76247774
3923.466,30.74503264
3923.948,30.77832273
3924.43,30.77556724
3924.912,30.8033199
3925.394,30.80417013
3925.876,30.7829745
3926.358,30.78445426
3926.84,30.80241259
3927.323,30.80268445
3927.805,30.78377659
3928.287,30.78036525
3928.769,30.80013203
3929.251,30.80909844
3929.733,30.80374104
3930.215,30.78955299
3930.697,30.77723047
3931.179,30.79439894
3931.662,30.78223489
3932.144,30.79252219
3932.626,30.78994672
3933.108,30.79335091
3933.59,30.78808592
3934.072,30.78699825
3934.554,30.80084214
3935.036,30.78403273
3935.519,30.76992222
3936,30.78245793
3936.483,30.79053551
3936.965,30.76844253
3937.447,30.79779655
3937.929,30.78468506
3938.411,30.77530533
3938.893,30.7788126
3939.375,30.7910446
3939.857,30.80383224
3940.34,30.81177463
3940.822,30.79684494
3941.304,30.80862082
3941.786,30.82198032
3942.268,30.84884915
3942.75,30.84030437
3943.232,30.85656359
3943.714,30.86019182
3944.197,30.88318349
3944.679,30.86009644
3945.161,30.85190043
3945.643,30.86280943
3946.125,30.86852924
3946.607,30.86008671
3947.089,30.8716967
3947.571,30.86915486
3948.053,30.86514665
3948.536,30.8724287
3949.018,30.87245073
3949.5,30.87143312
3949.982,30.85961319
3950.464,30.85579361
3950.946,30.85397299
3951.428,30.84359929
3951.91,30.86849909
3952.393,30.84590889
3952.875,30.86399397
3953.357,30.83890273
3953.839,30.85297126
3954.321,30.84244735
3954.803,30.84261643
3955.285,30.83780112
3955.767,30.82958025
3956.25,30.84836379
3956.732,30.84728133
3957.214,30.85850032
3957.696,30.85911862
3958.178,30.87015119
3958.66,30.87228269
3959.142,30.8840256
3959.624,30.88711932
3960.106,30.89753221
3960.589,30.90786082
3961.071,30.88879558
3961.553,30.91377118
3962.035,30.93363118
3962.517,30.89487292
3962.999,30.91074562
3963.481,30.90818869
3963.963,30.92335836
3964.446,30.91452177
3964.927,30.92119548
3965.41,30.90435547
3965.892,30.90191736
3966.374,30.91130542
3966.856,30.89659446
3967.338,30.90270052
3967.82,30.88904822
3968.302,30.91014208
3968.784,30.89772309
3969.267,30.90149808
3969.749,30.91977417
3970.231,30.92132304
3970.713,30.93659335
3971.195,30.94209693
3971.677,30.93874983
3972.159,30.93752129
3972.641,30.9607046
3973.124,30.92603095
3973.606,30.94227916
3974.088,30.93670706
3974.57,30.94303508
3975.052,30.94423785
3975.534,30.93377368
3976.016,30.93311796
3976.498,30.9307829
3976.98,30.95714402
3977.463,30.93407339
3977.945,30.94543114
3978.427,30.94049078
3978.909,30.96037853
3979.391,30.94162723
3979.873,30.93404193
3980.355,30.93988871
3980.837,30.92821256
3981.32,30.92655965
3981.802,30.93023166
3982.284,30.9191423
3982.766,30.9323364
3983.248,30.95071658
3983.73,30.94985949
3984.212,30.95452819
3984.694,30.95038629
3985.177,30.96259482
3985.659,30.95926016
3986.141,30.96657375
3986.623,30.99760768
3987.105,31.01401782
3987.587,31.01084084
3988.069,31.00633881
3988.551,31.00079843
3989.033,31.01431407
3989.516,31.02124525
3989.998,31.01405954
3990.48,31.03408216
3990.962,31.03859212
3991.444,31.03077109
3991.926,31.0233898
3992.408,31.03607418
3992.89,31.0254128
3993.373,31.04274224
3993.854,31.04047165
3994.337,31.03998965
3994.819,31.04941289
3995.301,31.04026528
3995.783,31.05032984
3996.265,31.05177112
3996.747,31.06246534
3997.229,31.05048033
3997.711,31.02875766
3998.194,31.07037194
3998.676,31.06719664
3999.158,31.08575483
3999.64,31.07217498
4000.122,31.06725458
