wavenumber_cm_inv,reflectance_percent
399.6747,0
400.1569,31.29322924
400.639,30.60428036
401.1211,29.99740213
401.6032,29.41479736
402.0853,28.94739201
402.5674,28.56453144
403.0496,28.2573198
403.5317,28.05093833
404.0138,27.90966164
404.4959,27.82480345
404.978,27.78869601
405.4601,27.74284411
405.9423,27.68946917
406.4244,27.64880272
406.9065,27.57350092
407.3886,27.46281947
407.8707,27.32350287
408.3528,27.16558967
408.835,26.96203377
409.3171,26.75746501
409.7992,26.55659144
410.2813,26.34868225
410.7634,26.15934145
411.2455,25.98917694
411.7277,25.87290542
412.2098,25.75938539
412.6919,25.66319507
413.174,25.58149735
413.6561,25.50335926
414.1382,25.44107855
414.6204,25.36119756
415.1025,25.29448267
415.5846,25.21075153
416.0667,25.11148993
416.5488,25.03173113
417.0309,24.94140096
417.5131,24.84870137
417.9952,24.69277285
418.4773,24.54579513
418.9594,24.38142989
419.4415,24.21197493
419.9236,24.00941826
420.4058,23.80009017
420.8879,23.6189511
421.37,23.49288698
421.8521,23.34657157
422.3342,23.22467277
422.8163,23.09734402
423.2985,23.01884255
423.7806,22.94231686
424.2627,22.84953106
424.7448,22.78374032
425.2269,22.67189469
425.709,22.54578594
426.1912,22.42440825
426.6733,22.26251503
427.1554,22.09267052
427.6375,21.93917553
428.1196,21.75771149
428.6017,21.60910213
429.0839,21.50269677
429.566,21.40676551
430.0481,21.35422517
430.5302,21.31739042
431.0123,21.34405988
431.4944,21.38174306
431.9766,21.40786454
432.4587,21.44584033
432.9408,21.48172944
433.4229,21.53046816
433.905,21.52677967
434.3871,21.55708849
434.8693,21.53982975
435.3514,21.55679824
435.8335,21.56905725
436.3156,21.6141601
436.7977,21.6589213
437.2798,21.686167
437.762,21.76839724
438.2441,21.83056602
438.7262,21.89113876
439.2083,21.91440597
439.6904,21.96243985
440.1725,22.0040586
440.6547,22.02830379
441.1368,22.03980202
441.6189,22.06057177
442.101,22.06578232
442.5831,22.06116882
443.0652,22.05897062
443.5474,22.0487407
444.0295,22.02120874
444.5116,22.00560852
444.9937,21.98129789
445.4758,21.94634631
445.9579,21.91431156
446.4401,21.88792464
446.9222,21.9241542
447.4043,21.92451305
447.8864,21.98205069
448.3685,22.03394131
448.8506,22.12338674
449.3328,22.1877341
449.8149,22.25941744
450.297,22.31854802
450.7791,22.37232357
451.2612,22.41034886
451.7433,22.4499247
452.2255,22.49140608
452.7076,22.52703527
453.1897,22.56306543
453.6718,22.63823228
454.1539,22.70976972
454.636,22.78716187
455.1182,22.88030173
455.6003,22.96297452
456.0824,23.07443409
456.5645,23.17802091
457.0466,23.301421
457.5287,23.44166048
458.0109,23.52461294
458.493,23.66463496
458.9751,23.74896675
459.4572,23.84846475
459.9393,23.92153558
460.4214,24.00226899
460.9036,24.09185226
461.3857,24.16049252
461.8678,24.25072314
462.3499,24.34605281
462.832,24.43325774
463.3141,24.55202139
463.7963,24.67268218
464.2784,24.82054004
464.7605,24.9305005
465.2426,25.06777384
465.7247,25.193963
466.2068,25.31404853
466.689,25.43543332
467.1711,25.54522593
467.6532,25.63652599
468.1353,25.75485379
468.6174,25.86638308
469.0995,26.01243156
469.5817,26.13698602
470.0638,26.30515625
470.5459,26.45504523
471.028,26.58988702
471.5101,26.75911615
471.9922,26.91065431
472.4744,27.06406404
472.9565,27.19049583
473.4386,27.3236483
473.9207,27.42144208
474.4028,27.51622097
474.8849,27.58226972
475.3671,27.66198083
475.8492,27.73782324
476.3313,27.81777232
476.8134,27.90497277
477.2955,28.02072604
477.7776,28.13350763
478.2598,28.24813284
478.7419,28.38186707
479.224,28.48408904
479.7061,28.60815187
480.1882,28.708525
480.6703,28.8465051
481.1525,28.94205054
481.6346,29.03730755
482.1167,29.16479206
482.5988,29.2736056
483.0809,29.39234234
483.563,29.46688137
484.0452,29.61964056
484.5273,29.7091208
485.0094,29.83003503
485.4915,29.94165658
485.9736,30.08578658
486.4557,30.13187541
486.9379,30.26316858
487.42,30.35820593
487.9021,30.44323758
488.3842,30.52418144
488.8663,30.62573641
489.3484,30.6978835
489.8306,30.81413314
490.3127,30.92720895
490.7948,31.02293807
491.2769,31.13553298
491.759,31.23486491
492.2411,31.29738688
492.7233,31.4156533
493.2054,31.48830935
493.6875,31.55382161
494.1696,31.63616693
494.6517,31.71314974
495.1339,31.77897441
495.616,31.86235383
496.0981,31.9644002
496.5802,32.03255257
497.0623,32.12946511
497.5444,32.2108918
498.0266,32.28131273
498.5087,32.3865042
498.9908,32.45297481
499.4729,32.54831502
499.955,32.60725918
500.4371,32.67948166
500.9193,32.73021411
501.4014,32.79867056
501.8835,32.87439682
502.3656,32.89238662
502.8477,32.9605464
503.3298,32.99036407
503.812,33.04193031
504.2941,33.0733167
504.7762,33.10513063
505.2583,33.14230739
505.7404,33.17147677
506.2225,33.20086677
506.7047,33.23247206
507.1868,33.24979235
507.6689,33.28462332
508.151,33.29860356
508.6331,33.29452086
509.1152,33.31690875
509.5974,33.32586222
510.0795,33.33504097
510.5616,33.35390692
511.0437,33.35292199
511.5258,33.38783815
512.0079,33.4460746
512.4901,33.49341938
512.9722,33.53321109
513.4543,33.5538523
513.9364,33.60615374
514.4185,33.64900027
514.9006,33.70548372
515.3828,33.74257392
515.8649,33.7785001
516.347,33.82185954
516.8291,33.8579996
517.3112,33.86072534
517.7933,33.890724
518.2755,33.85719236
518.7576,33.86747497
519.2397,33.86575801
519.7218,33.86842264
520.2039,33.83599923
520.686,33.82757726
521.1682,33.82475426
521.6503,33.80378997
522.1324,33.79934931
522.6145,33.80624854
523.0966,33.78940278
523.5787,33.77343838
524.0609,33.77201421
524.543,33.77236094
525.0251,33.74808975
525.5072,33.73783395
525.9893,33.74193075
526.4714,33.71185533
526.9536,33.67419707
527.4357,33.65817217
527.9178,33.64997109
528.3999,33.59034223
528.882,33.55918422
529.3641,33.51445534
529.8463,33.49690316
530.3284,33.43622661
530.8105,33.38288065
531.2926,33.32110134
531.7747,33.25854746
532.2568,33.18032786
532.739,33.13448148
533.2211,33.0622757
533.7032,32.99913213
534.1853,32.94062479
534.6674,32.88522345
535.1495,32.82319426
535.6317,32.79206767
536.1138,32.73595458
536.5959,32.66391609
537.078,32.64241837
537.5601,32.56559214
538.0422,32.5033289
538.5244,32.4167484
539.0065,32.34076782
539.4886,32.26787492
539.9707,32.19936576
540.4528,32.1289215
540.9349,32.08184244
541.4171,32.00064512
541.8992,31.96378818
542.3813,31.90798481
542.8634,31.87016503
543.3455,31.84144461
543.8276,31.77496413
544.3098,31.72426084
544.7919,31.67643561
545.274,31.62286057
545.7561,31.55070156
546.2382,31.48029228
546.7203,31.39986892
547.2025,31.31556996
547.6846,31.23914784
548.1667,31.14903536
548.6488,31.08249625
549.1309,30.99517668
549.613,30.93416704
550.0952,30.85319313
550.5773,30.76943798
551.0594,30.71502347
551.5415,30.62743543
552.0236,30.56557011
552.5057,30.49138317
552.9879,30.42465596
553.47,30.35960887
553.9521,30.30309414
554.4342,30.24637769
554.9163,30.17083267
555.3984,30.11359388
555.8806,30.03952512
556.3627,29.97395039
556.8448,29.90945777
557.3269,29.85751847
557.809,29.77817965
558.2911,29.68166133
558.7733,29.62351609
559.2554,29.55081999
559.7375,29.46250477
560.2196,29.38279315
560.7017,29.32126875
561.1838,29.20527698
561.666,29.13467747
562.1481,29.06482078
562.6302,28.99440996
563.1123,28.90629663
563.5944,28.86720376
564.0765,28.81873739
564.5587,28.76501517
565.0408,28.74003475
565.5229,28.67776006
566.005,28.66735412
566.4871,28.61295024
566.9692,28.56372953
567.4514,28.53101026
567.9335,28.46876889
568.4156,28.43833426
568.8977,28.37170649
569.3798,28.33423823
569.8619,28.29370001
570.3441,28.251548
570.8262,28.21491953
571.3083,28.1629655
571.7904,28.13310285
572.2725,28.10786971
572.7546,28.07983831
573.2368,28.05918713
573.7189,28.04991033
574.201,28.03793108
574.6831,28.03513946
575.1652,28.04975582
575.6473,28.05107818
576.1295,28.09399836
576.6116,28.10864862
577.0937,28.13864586
577.5758,28.16448598
578.0579,28.19674829
578.54,28.22514
579.0222,28.228576
579.5043,28.24436982
579.9864,28.24000927
580.4685,28.22454185
580.9506,28.21725096
581.4327,28.22818317
581.9149,28.22885084
582.397,28.24540447
582.8791,28.23030678
583.3612,28.25691547
583.8433,28.2813444
584.3254,28.31474481
584.8076,28.35793297
585.2897,28.38832269
585.7718,28.43149178
586.2539,28.47931604
586.736,28.54161622
587.2181,28.54598828
587.7003,28.64032149
588.1824,28.67646679
588.6645,28.74558278
589.1466,28.79720781
589.6287,28.84534911
590.1108,28.88159117
590.593,28.95689451
591.0751,29.03464869
591.5572,29.10352784
592.0393,29.15961628
592.5214,29.21759343
593.0035,29.30493997
593.4857,29.38510282
593.9678,29.4897235
594.4499,29.57003634
594.932,29.65663445
595.4141,29.72628102
595.8962,29.80797106
596.3784,29.94068828
596.8605,30.01816141
597.3426,30.09439815
597.8247,30.21664171
598.3068,30.30685684
598.7889,30.39162575
599.2711,30.5321619
599.7532,30.5920849
600.2353,30.72587713
600.7174,30.81924117
601.1995,30.90702515
601.6816,30.99922417
602.1638,31.10461458
602.6459,31.18492393
603.128,31.27429785
603.6101,31.35373327
604.0922,31.44241844
604.5743,31.55230524
605.0565,31.62567137
605.5386,31.73730594
606.0207,31.86116339
606.5028,31.97854944
606.9849,32.10523936
607.467,32.22054375
607.9492,32.36227264
608.4313,32.47801748
608.9134,32.60246313
609.3955,32.70890042
609.8776,32.81654205
610.3597,32.91040449
610.8419,32.98518039
611.324,33.09187435
611.8061,33.12929577
612.2882,33.1853477
612.7703,33.26071795
613.2524,33.33487719
613.7346,33.38777143
614.2167,33.48396706
614.6988,33.51555399
615.1809,33.61203841
615.663,33.67781504
616.1451,33.76165422
616.6273,33.87918265
617.1094,33.95566294
617.5915,34.05858214
618.0736,34.19172801
618.5557,34.28792936
619.0378,34.393085
619.52,34.49538793
620.0021,34.57633661
620.4842,34.6984275
620.9663,34.74852274
621.4484,34.83485254
621.9305,34.9238356
622.4127,34.94388012
622.8948,35.02533283
623.3769,35.07287803
623.859,35.11227155
624.3411,35.15785876
624.8232,35.19475634
625.3054,35.21857637
625.7875,35.26524853
626.2696,35.30532597
626.7517,35.350337
627.2338,35.39272032
627.7159,35.4215124
628.1981,35.45598947
628.6802,35.51406867
629.1623,35.53945284
629.6444,35.56087116
630.1265,35.60394389
630.6086,35.59869344
631.0908,35.64252032
631.5729,35.63821749
632.055,35.67241523
632.5371,35.6936012
633.0192,35.73811981
633.5013,35.78105088
633.9835,35.80020208
634.4656,35.83626272
634.9477,35.84579375
635.4298,35.85735611
635.9119,35.86943919
636.394,35.88099185
636.8762,35.86694799
637.3583,35.85251167
637.8404,35.82560834
638.3225,35.81465558
638.8046,35.76843907
639.2867,35.71289175
639.7689,35.703138
640.251,35.65875888
640.7331,35.64951489
641.2152,35.60355493
641.6973,35.5945207
642.1794,35.56795522
642.6616,35.56231509
643.1437,35.54172214
643.6258,35.53247965
644.1079,35.50711976
644.59,35.48678772
645.0721,35.46370599
645.5543,35.43260774
646.0364,35.41460086
646.5185,35.3841495
647.0006,35.34866432
647.4827,35.30009109
647.9648,35.21815232
648.447,35.22917254
648.9291,35.16043434
649.4112,35.11797218
649.8933,35.05521118
650.3754,34.9967715
650.8575,34.94225977
651.3397,34.86102201
651.8218,34.81522168
652.3039,34.75528854
652.786,34.71612764
653.2681,34.66681865
653.7502,34.60394316
654.2324,34.54580396
654.7145,34.50802806
655.1966,34.46608693
655.6787,34.4188976
656.1608,34.36425243
656.6429,34.34737711
657.125,34.2862423
657.6072,34.23628293
658.0892,34.20891489
658.5714,34.16987407
659.0535,34.14820769
659.5356,34.1294586
660.0177,34.10250732
660.4999,34.09834816
660.9819,34.07880281
661.4641,34.09227712
661.9462,34.08342902
662.4283,34.08083391
662.9104,34.08532008
663.3926,34.08914178
663.8746,34.11155207
664.3568,34.099114
664.8389,34.12151806
665.321,34.13986838
665.8031,34.17153971
666.2853,34.20074671
666.7673,34.27291899
667.2495,34.34700473
667.7316,34.40199348
668.2137,34.49765905
668.6958,34.55277135
669.178,34.63585873
669.66,34.68778873
670.1422,34.72299514
670.6243,34.78764723
671.1064,34.82748531
671.5885,34.84045645
672.0707,34.87511265
672.5527,34.95398571
673.0349,35.013719
673.517,35.0986615
673.9991,35.17778003
674.4812,35.26213186
674.9634,35.37989953
675.4454,35.46995365
675.9276,35.54947184
676.4097,35.6681243
676.8918,35.78592916
677.3739,35.89152686
677.8561,35.99754557
678.3381,36.124395
678.8203,36.22800327
679.3024,36.34075332
679.7845,36.46054793
680.2666,36.5872532
680.7488,36.706354
681.2308,36.82767678
681.713,36.96416445
682.1951,37.08588842
682.6772,37.20760386
683.1593,37.3474797
683.6415,37.46285887
684.1235,37.61136295
684.6057,37.6938096
685.0878,37.82392722
685.5699,37.90889921
686.052,38.0172054
686.5342,38.12069969
687.0162,38.20500897
687.4984,38.30358582
687.9805,38.37391363
688.4626,38.48593278
688.9447,38.5819385
689.4269,38.66528713
689.9089,38.77718068
690.3911,38.88318049
690.8732,38.98482001
691.3553,39.08408603
691.8374,39.18845152
692.3196,39.29181937
692.8016,39.37224582
693.2838,39.48697748
693.7659,39.58323603
694.248,39.6516029
694.7301,39.69577375
695.2123,39.75612838
695.6943,39.80933107
696.1765,39.8475734
696.6586,39.91169602
697.1407,39.9441588
697.6228,39.96080551
698.105,40.00045181
698.587,40.0250969
699.0692,40.03801359
699.5513,40.08230201
700.0334,40.09472971
700.5155,40.09705004
700.9977,40.13135692
701.4797,40.14753966
701.9619,40.1402976
702.444,40.15138842
702.9261,40.16405849
703.4082,40.14739524
703.8904,40.1706223
704.3724,40.15554874
704.8546,40.16057804
705.3367,40.12479014
705.8188,40.1109644
706.3009,40.08060294
706.7831,40.07437514
707.2651,40.09432837
707.7473,40.06955789
708.2294,40.06031896
708.7115,40.06255241
709.1936,40.0552964
709.6758,40.05267094
710.1578,40.05806172
710.64,40.08588172
711.1221,40.06924152
711.6042,40.09081894
712.0863,40.08613483
712.5685,40.1034208
713.0505,40.14236586
713.5327,40.15676151
714.0148,40.21273015
714.4969,40.25631787
714.979,40.31513239
715.4612,40.36366801
715.9432,40.42593748
716.4254,40.51462265
716.9075,40.58198515
717.3896,40.67351859
717.8717,40.79144219
718.3539,40.88334087
718.8359,41.00812936
719.3181,41.13063929
719.8002,41.26437202
720.2823,41.4077846
720.7644,41.55177856
721.2466,41.69513598
721.7286,41.88343344
722.2108,42.05796735
722.6929,42.2116468
723.175,42.36848746
723.6571,42.544407
724.1393,42.72946113
724.6213,42.86376877
725.1035,43.02025721
725.5856,43.16575284
726.0677,43.32572774
726.5498,43.47166354
727.032,43.62836305
727.514,43.74492654
727.9962,43.88524032
728.4783,44.00621608
728.9604,44.12199803
729.4425,44.24715376
729.9247,44.35335007
730.4067,44.47979632
730.8889,44.53369638
731.371,44.62906086
731.8531,44.68546176
732.3352,44.77382039
732.8174,44.83419221
733.2994,44.88317958
733.7816,44.91359851
734.2637,44.9907561
734.7458,45.00694494
735.2279,45.06343911
735.7101,45.10380887
736.1921,45.13798183
736.6743,45.16365511
737.1564,45.20797982
737.6385,45.23740263
738.1206,45.26729355
738.6028,45.31433599
739.0848,45.35314402
739.567,45.39389093
740.0491,45.43935958
740.5312,45.52868383
741.0133,45.60011079
741.4955,45.67936764
741.9775,45.78454984
742.4597,45.89772949
742.9418,46.03169653
743.424,46.16651822
743.906,46.33512009
744.3882,46.48236699
744.8702,46.64070643
745.3524,46.81384563
745.8345,46.9865286
746.3167,47.17056547
746.7987,47.36130366
747.2809,47.55113836
747.7629,47.70553865
748.2451,47.89704419
748.7272,48.08905443
749.2094,48.21881011
749.6914,48.39552002
750.1736,48.56115388
750.6556,48.69040852
751.1378,48.84655731
751.6199,48.97464762
752.1021,49.1065119
752.5841,49.20368691
753.0663,49.32192654
753.5483,49.45519694
754.0305,49.55265484
754.5126,49.65590269
754.9948,49.78057539
755.4768,49.87079847
755.959,50.00217631
756.441,50.10879679
756.9232,50.22932823
757.4053,50.39122249
757.8875,50.5421058
758.3695,50.68802356
758.8517,50.88979325
759.3337,51.08702659
759.8159,51.26818912
760.298,51.48767776
760.7802,51.70225029
761.2622,51.9253809
761.7444,52.15173183
762.2264,52.37381903
762.7086,52.58045084
763.1907,52.79221589
763.6729,52.98027932
764.1549,53.17125935
764.6371,53.35499178
765.1191,53.51685896
765.6013,53.66923813
766.0834,53.84114419
766.5656,54.01206927
767.0476,54.15465218
767.5298,54.32720227
768.0118,54.51995846
768.494,54.72617182
768.9761,54.92967829
769.4583,55.13571845
769.9403,55.40821159
770.4225,55.63058399
770.9045,55.88996483
771.3867,56.17615678
771.8688,56.43778456
772.351,56.70248907
772.833,56.98080376
773.3152,57.24445121
773.7972,57.51752569
774.2794,57.80531776
774.7615,58.05445679
775.2437,58.3452051
775.7257,58.64899857
776.2079,58.93918568
776.6899,59.25007259
777.1721,59.55415275
777.6542,59.8798099
778.1364,60.188147
778.6184,60.51516777
779.1006,60.83941049
779.5826,61.19813163
780.0648,61.53575613
780.5469,61.88220487
781.0291,62.25256187
781.5111,62.60301408
781.9933,62.97920978
782.4753,63.37874848
782.9575,63.774777
783.4396,64.1770809
783.9218,64.58962624
784.4038,65.04645374
784.886,65.4836387
785.368,65.94319397
785.8502,66.41313127
786.3323,66.89606961
786.8145,67.41782432
787.2965,67.94552168
787.7787,68.46720452
788.2607,69.04291698
788.7429,69.65089946
789.225,70.2658848
789.7072,70.91333116
790.1892,71.58848736
790.6714,72.3017423
791.1534,73.05487785
791.6356,73.83961879
792.1177,74.68286214
792.5999,75.59001832
793.0819,76.52792479
793.5641,77.57222112
794.0461,78.65437304
794.5283,79.81055902
795.0104,81.02954106
795.4926,82.27404234
795.9746,83.54030788
796.4568,84.81694003
796.9388,86.06954548
797.421,87.29762935
797.9031,88.43874625
798.3853,89.47435338
798.8673,90.40100987
799.3495,91.22311765
799.8315,91.92215861
800.3137,92.48662516
800.7958,92.98451831
801.278,93.35603179
801.76,93.67934132
802.2422,93.9039385
802.7242,94.07022856
803.2064,94.24031476
803.6885,94.34717372
804.1707,94.43420505
804.6527,94.51848258
805.1349,94.58036454
805.6169,94.64217841
806.0991,94.70398908
806.5812,94.73140235
807.0634,94.79387395
807.5454,94.823934
808.0276,94.85538915
808.5096,94.88633506
808.9918,94.91628206
809.4739,94.94555617
809.9561,94.9829641
810.4381,95.02190281
810.9203,95.02610842
811.4023,95.04037571
811.8845,95.07063121
812.3666,95.09486303
812.8488,95.10328858
813.3308,95.11722458
813.813,95.13764749
814.295,95.170342
814.7772,95.15827749
815.2593,95.16697185
815.7415,95.19640326
816.2235,95.2072468
816.7057,95.22705383
817.1877,95.24407944
817.6699,95.24714269
818.152,95.2662784
818.6342,95.30526956
819.1162,95.32606106
819.5984,95.32436902
820.0804,95.33095552
820.5626,95.34893823
821.0447,95.35341237
821.5269,95.36694239
822.0089,95.37111645
822.4911,95.36459776
822.9731,95.34008006
823.4553,95.36263965
823.9374,95.35510386
824.4196,95.3672371
824.9016,95.3313387
825.3838,95.32999835
825.8658,95.33808238
826.348,95.3294839
826.8301,95.31711247
827.3123,95.3396006
827.7943,95.34665553
828.2765,95.32346667
828.7585,95.34717313
829.2407,95.35542554
829.7228,95.37530063
830.205,95.37769898
830.687,95.37280221
831.1692,95.36847651
831.6512,95.37561382
832.1334,95.35438668
832.6155,95.38499492
833.0977,95.35726891
833.5797,95.35153504
834.0619,95.35704086
834.5439,95.34070327
835.0261,95.32777116
835.5082,95.32593035
835.9904,95.30434432
836.4724,95.31707197
836.9546,95.2972311
837.4366,95.29307202
837.9188,95.28753306
838.4009,95.29580333
838.8831,95.27922828
839.3651,95.25199448
839.8473,95.2538989
840.3293,95.26303862
840.8115,95.22999469
841.2936,95.23201818
841.7758,95.21626983
842.2578,95.2092491
842.74,95.22560574
843.222,95.20593126
843.7042,95.20298694
844.1863,95.2003671
844.6685,95.2028825
845.1505,95.21296331
845.6327,95.20833191
846.1147,95.23688217
846.5969,95.23880115
847.079,95.23079294
847.5612,95.22700787
848.0432,95.23928987
848.5254,95.23253574
849.0074,95.22826343
849.4896,95.197385
849.9717,95.22061647
850.4539,95.20099349
850.9359,95.21846868
851.4181,95.20761035
851.9001,95.21141538
852.3823,95.21821531
852.8644,95.2204256
853.3466,95.21588904
853.8286,95.19116439
854.3108,95.21822769
854.7928,95.20455871
855.275,95.2061752
855.7571,95.20977956
856.2393,95.21341192
856.7213,95.19044743
857.2035,95.18596614
857.6855,95.19821811
858.1677,95.17178397
858.6498,95.21481712
859.132,95.1961759
859.614,95.20707916
860.0962,95.19196321
860.5782,95.19961447
861.0604,95.19306693
861.5425,95.19909725
862.0247,95.19678153
862.5067,95.1926769
862.9889,95.19798092
863.4709,95.16987953
863.9531,95.18753636
864.4352,95.17255247
864.9174,95.18392896
865.3994,95.15525232
865.8816,95.1646436
866.3636,95.17453687
866.8458,95.15367154
867.3279,95.15318317
867.8101,95.15977543
868.2921,95.16189219
868.7743,95.12036091
869.2563,95.14094284
869.7385,95.10538219
870.2206,95.09010524
870.7028,95.09172121
871.1848,95.06595431
871.667,95.04116443
872.149,95.03979155
872.6312,95.0249557
873.1133,95.01312646
873.5955,95.01622097
874.0775,94.9965232
874.5597,94.98974405
875.0417,94.97202469
875.5239,94.98406384
876.006,94.95220109
876.4882,94.93799312
876.9702,94.93418938
877.4524,94.91053041
877.9344,94.91500509
878.4166,94.9197518
878.8987,94.90841686
879.3809,94.90601589
879.8629,94.90567413
880.3451,94.90309177
880.8271,94.87677915
881.3093,94.88747322
881.7914,94.88278593
882.2736,94.87843745
882.7556,94.85654842
883.2378,94.85714026
883.7198,94.81505158
884.202,94.80581363
884.6841,94.78730253
885.1663,94.76618977
885.6483,94.75808157
886.1305,94.70959255
886.6125,94.69721194
887.0947,94.6804654
887.5768,94.70039119
888.059,94.6463332
888.541,94.63156133
889.0232,94.61675813
889.5052,94.60492906
889.9874,94.58629074
890.4695,94.60465524
890.9517,94.56216891
891.4337,94.56946693
891.9159,94.5654348
892.3979,94.55113531
892.8801,94.53541882
893.3622,94.52698458
893.8444,94.50813075
894.3264,94.5039394
894.8086,94.50406254
895.2906,94.48127213
895.7728,94.47749712
896.2549,94.4771224
896.7371,94.47157291
897.2191,94.4634843
897.7013,94.44945094
898.1833,94.44323911
898.6655,94.44160616
899.1476,94.42654708
899.6298,94.44274835
900.1118,94.41368402
900.594,94.38240233
901.076,94.38976128
901.5582,94.36282882
902.0403,94.33439907
902.5225,94.34700081
903.0045,94.31995777
903.4867,94.29351619
903.9688,94.29280309
904.4509,94.28622648
904.933,94.26974163
905.4152,94.25073272
905.8972,94.21549739
906.3794,94.19008084
906.8615,94.17770374
907.3436,94.15981284
907.8257,94.13097917
908.3079,94.12257823
908.7899,94.12487959
909.2721,94.10818819
909.7542,94.07297576
910.2363,94.06919742
910.7184,94.08774182
911.2006,94.05833959
911.6826,94.05269743
912.1647,94.07443639
912.6469,94.04867991
913.129,94.056949
913.6111,94.04481482
914.0932,94.02400746
914.5753,94.01808952
915.0574,93.99957432
915.5396,93.95955968
916.0217,93.95955649
916.5038,93.92913181
916.9859,93.90721811
917.468,93.87451809
917.9501,93.85295194
918.4323,93.81936494
918.9144,93.80722326
919.3965,93.73609068
919.8786,93.70784266
920.3607,93.67890539
920.8428,93.65277454
921.325,93.6273753
921.8071,93.58504164
922.2892,93.53438298
922.7713,93.49943025
923.2534,93.44316019
923.7355,93.41698246
924.2177,93.35872149
924.6998,93.3208445
925.1819,93.27129207
925.664,93.228387
926.1461,93.17972968
926.6282,93.1054275
927.1104,93.05028479
927.5925,92.98277208
928.0746,92.90314284
928.5567,92.84956894
929.0388,92.75590752
929.5209,92.66235079
930.0031,92.59713557
930.4852,92.5208824
930.9673,92.45682251
931.4494,92.38430541
931.9315,92.3114296
932.4136,92.22700953
932.8958,92.15425479
933.3779,92.0894541
933.86,91.99437292
934.3421,91.91290317
934.8242,91.82281373
935.3063,91.6845857
935.7885,91.58537535
936.2706,91.44165978
936.7527,91.32483908
937.2348,91.18759714
937.7169,91.0803449
938.199,90.94152898
938.6812,90.81607507
939.1633,90.73057345
939.6454,90.62483434
940.1275,90.55649599
940.6096,90.51852031
941.0917,90.46898912
941.5739,90.44385944
942.056,90.41213778
942.5381,90.41258247
943.0202,90.41440506
943.5023,90.40510301
943.9844,90.3903714
944.4666,90.39393948
944.9487,90.35146089
945.4308,90.3200029
945.9129,90.28832403
946.395,90.23124172
946.8771,90.1431842
947.3593,90.07986092
947.8414,89.98796732
948.3235,89.86757619
948.8056,89.75230184
949.2877,89.62737347
949.7698,89.47364584
950.252,89.31032661
950.7341,89.14818636
951.2162,89.00599248
951.6983,88.82492475
952.1804,88.6318162
952.6625,88.43774202
953.1447,88.2188458
953.6268,87.99849821
954.1089,87.77546036
954.591,87.50593448
955.0731,87.21918455
955.5552,86.91308449
956.0374,86.57152813
956.5195,86.18663859
957.0016,85.76476701
957.4837,85.310016
957.9658,84.74726795
958.4479,84.15611659
958.9301,83.4668564
959.4122,82.71765727
959.8943,81.88487729
960.3764,80.9749598
960.8585,80.01608202
961.3406,79.01385226
961.8228,78.01955728
962.3049,77.0183242
962.787,76.11172481
963.2691,75.21905707
963.7512,74.45428849
964.2333,73.74401693
964.7155,73.09959292
965.1976,72.53126015
965.6797,71.94480015
966.1618,71.32603029
966.6439,70.59790033
967.126,69.75106532
967.6082,68.73045366
968.0903,67.4563004
968.5724,65.95805807
969.0545,64.17474414
969.5366,62.07364029
970.0187,59.70395376
970.5009,57.02443114
970.983,54.06950068
971.4651,50.80024641
971.9472,47.28083233
972.4293,43.5387717
972.9114,39.61613912
973.3936,35.5477911
973.8757,31.47884941
974.3578,27.42546291
974.8399,23.48081974
975.322,19.75126929
975.8041,16.37526034
976.2863,13.34600694
976.7684,10.74829833
977.2505,8.683173073
977.7326,7.103271796
978.2147,6.026165829
978.6968,5.40105331
979.179,5.214873551
979.6611,5.35776912
980.1432,5.804198993
980.6253,6.445128319
981.1074,7.165898295
981.5895,7.968550933
982.0717,8.745480613
982.5538,9.506929196
983.0359,10.14310645
983.518,10.65749813
984.0001,11.08337008
984.4822,11.34907901
984.9644,11.50605701
985.4465,11.54895256
985.9286,11.49231931
986.4107,11.27933047
986.8928,11.04392318
987.3749,10.72780646
987.8571,10.30558867
988.3392,9.895767242
988.8213,9.434534601
989.3034,8.925833823
989.7855,8.429643272
990.2676,7.961977986
990.7498,7.441576199
991.2319,6.981282135
991.714,6.512680443
992.1961,6.03603553
992.6782,5.638019877
993.1603,5.225176875
993.6425,4.893923944
994.1246,4.556442151
994.6067,4.26091001
995.0888,3.969846338
995.5709,3.746761949
996.053,3.524511171
996.5352,3.348603802
997.0173,3.202702651
997.4994,3.063509809
997.9815,2.976122951
998.4636,2.895897048
998.9457,2.86935148
999.4279,2.829861503
999.91,2.838399419
1000.392,2.842947841
1000.874,2.894105895
1001.356,2.949281618
1001.838,3.015509404
1002.321,3.086265158
1002.803,3.194670074
1003.285,3.270270574
1003.767,3.404994085
1004.249,3.462742752
1004.731,3.574978658
1005.213,3.678801847
1005.695,3.771732357
1006.177,3.893303642
1006.66,3.988919355
1007.142,4.068704976
1007.624,4.168356444
1008.106,4.258768092
1008.588,4.336193193
1009.07,4.391530869
1009.552,4.45168372
1010.034,4.520505338
1010.517,4.564827102
1010.999,4.60327891
1011.481,4.624887964
1011.963,4.665065187
1012.445,4.678787653
1012.927,4.671762798
1013.409,4.648189285
1013.891,4.668177922
1014.373,4.634099177
1014.856,4.621610991
1015.338,4.576390317
1015.82,4.51595423
1016.302,4.441618353
1016.784,4.360192653
1017.266,4.288258795
1017.748,4.190721732
1018.23,4.089241098
1018.713,3.983297687
1019.195,3.8799717
1019.677,3.764783763
1020.159,3.619290385
1020.641,3.509521769
1021.123,3.39783803
1021.605,3.258005864
1022.087,3.129150612
1022.569,2.971166345
1023.052,2.872856072
1023.534,2.722369998
1024.016,2.599123969
1024.498,2.452887631
1024.98,2.339611626
1025.462,2.223358201
1025.944,2.081812104
1026.426,1.969412436
1026.908,1.847913866
1027.391,1.72452032
1027.873,1.598348168
1028.355,1.493133887
1028.837,1.397197027
1029.319,1.297128822
1029.801,1.208248528
1030.283,1.12392489
1030.765,1.047244942
1031.248,0.961496456
1031.73,0.904455784
1032.212,0.851670281
1032.694,0.803413069
1033.176,0.710059056
1033.658,0.69503124
1034.14,0.670558484
1034.622,0.648202829
1035.104,0.639072093
1035.587,0.648510889
1036.069,0.644240765
1036.551,0.636093383
1037.033,0.649066436
1037.515,0.670330735
1037.997,0.691773457
1038.479,0.729068891
1038.961,0.770773832
1039.444,0.800714648
1039.926,0.876563221
1040.408,0.901243594
1040.89,0.989429481
1041.372,1.076735998
1041.854,1.147081189
1042.336,1.243915369
1042.818,1.335526014
1043.301,1.409890864
1043.783,1.538324701
1044.265,1.636014109
1044.747,1.745158621
1045.229,1.865813798
1045.711,1.989075738
1046.193,2.104307286
1046.675,2.221450186
1047.157,2.348736455
1047.64,2.468022495
1048.122,2.623430407
1048.604,2.759979338
1049.086,2.900910051
1049.568,3.01545394
1050.05,3.146246359
1050.532,3.306741291
1051.014,3.441552034
1051.496,3.568802635
1051.979,3.726800448
1052.461,3.866158989
1052.943,4.023174408
1053.425,4.146675057
1053.907,4.319572874
1054.389,4.454113741
1054.871,4.592902626
1055.353,4.759908685
1055.835,4.897378573
1056.318,5.066286905
1056.8,5.201320722
1057.282,5.322944514
1057.764,5.474031456
1058.246,5.620050955
1058.728,5.782632024
1059.21,5.925923165
1059.692,6.06502656
1060.175,6.190303063
1060.657,6.339181899
1061.139,6.477104361
1061.621,6.608747103
1062.103,6.737357364
1062.585,6.865516075
1063.067,6.979466806
1063.549,7.11591603
1064.031,7.234030669
1064.514,7.318493938
1064.996,7.428418918
1065.478,7.523409683
1065.96,7.645261674
1066.442,7.772982546
1066.924,7.833314064
1067.406,7.946185683
1067.888,8.044212732
1068.371,8.118096748
1068.853,8.201189681
1069.335,8.302421694
1069.817,8.357738617
1070.299,8.434722795
1070.781,8.522284013
1071.263,8.579561516
1071.745,8.647841745
1072.228,8.712006499
1072.71,8.779046634
1073.192,8.86153269
1073.674,8.940811798
1074.156,8.948471477
1074.638,9.029876897
1075.12,9.072337735
1075.602,9.104448113
1076.084,9.158944178
1076.567,9.204615646
1077.049,9.217670768
1077.531,9.233904712
1078.013,9.297429558
1078.495,9.29313076
1078.977,9.340623732
1079.459,9.333275493
1079.941,9.360923828
1080.423,9.362694001
1080.906,9.375305241
1081.388,9.377149483
1081.87,9.405819433
1082.352,9.423382428
1082.834,9.427065518
1083.316,9.420265823
1083.798,9.424260023
1084.28,9.410759231
1084.762,9.424361197
1085.245,9.418984273
1085.727,9.439426131
1086.209,9.418383584
1086.691,9.427972925
1087.173,9.40581263
1087.655,9.388393129
1088.137,9.369683889
1088.619,9.348581336
1089.102,9.32129958
1089.584,9.291686111
1090.066,9.270937367
1090.548,9.234759504
1091.03,9.221059124
1091.512,9.168904034
1091.994,9.177258458
1092.476,9.098130251
1092.958,9.081513807
1093.441,9.044248349
1093.923,9.02253466
1094.405,8.968743173
1094.887,8.93475312
1095.369,8.892732287
1095.851,8.899251932
1096.333,8.844340955
1096.815,8.794967456
1097.298,8.750136358
1097.78,8.716090593
1098.262,8.67751003
1098.744,8.597786664
1099.226,8.549653059
1099.708,8.513878698
1100.19,8.464987156
1100.672,8.404430546
1101.155,8.354623717
1101.637,8.279973185
1102.119,8.242966414
1102.601,8.183221648
1103.083,8.129539608
1103.565,8.078120908
1104.047,8.034073993
1104.529,7.990089712
1105.011,7.932956524
1105.494,7.894353647
1105.976,7.861508794
1106.458,7.809212339
1106.94,7.782777565
1107.422,7.71658984
1107.904,7.676217432
1108.386,7.628715612
1108.868,7.585179924
1109.35,7.517995887
1109.833,7.491318694
1110.315,7.443302387
1110.797,7.396977985
1111.279,7.367259737
1111.761,7.287472426
1112.243,7.269994418
1112.725,7.256386978
1113.207,7.186031637
1113.689,7.145105482
1114.172,7.140643263
1114.654,7.099517092
1115.136,7.045474752
1115.618,7.004472521
1116.1,6.970316209
1116.582,6.940563169
1117.064,6.893561613
1117.546,6.8630252
1118.029,6.839257711
1118.511,6.825028937
1118.993,6.777353652
1119.475,6.760790808
1119.957,6.718206469
1120.439,6.705619336
1120.921,6.694352395
1121.403,6.662562776
1121.885,6.642058717
1122.368,6.618331838
1122.85,6.612205524
1123.332,6.627706538
1123.814,6.605882984
1124.296,6.585677417
1124.778,6.577701044
1125.26,6.597946521
1125.742,6.585949698
1126.225,6.58984725
1126.707,6.582100956
1127.189,6.567343067
1127.671,6.566128768
1128.153,6.598956218
1128.635,6.564806073
1129.117,6.565916192
1129.599,6.555725896
1130.082,6.560852663
1130.564,6.544441993
1131.046,6.542357128
1131.528,6.549691563
1132.01,6.56090475
1132.492,6.561935297
1132.974,6.591764262
1133.456,6.57010285
1133.938,6.599059441
1134.421,6.625093579
1134.903,6.635762125
1135.385,6.652405289
1135.867,6.674269167
1136.349,6.711933019
1136.831,6.729176012
1137.313,6.772789139
1137.795,6.799275087
1138.277,6.812358525
1138.76,6.856991696
1139.242,6.873053909
1139.724,6.909118309
1140.206,6.962266093
1140.688,6.968060786
1141.17,7.019229909
1141.652,7.04939018
1142.134,7.083214921
1142.616,7.131281022
1143.099,7.187862829
1143.581,7.241364737
1144.063,7.258419355
1144.545,7.297580825
1145.027,7.354415042
1145.509,7.404831057
1145.991,7.456720898
1146.473,7.492212639
1146.956,7.538667831
1147.438,7.566349939
1147.92,7.619137241
1148.402,7.678460028
1148.884,7.732503148
1149.366,7.770054043
1149.848,7.830270797
1150.33,7.880599256
1150.812,7.928817815
1151.295,7.98497068
1151.777,8.028724731
1152.259,8.083224766
1152.741,8.140995459
1153.223,8.195763753
1153.705,8.225219284
1154.187,8.297151629
1154.669,8.364119677
1155.152,8.408411291
1155.634,8.480490886
1156.116,8.539910845
1156.598,8.593908872
1157.08,8.650695838
1157.562,8.729123136
1158.044,8.788723422
1158.526,8.862791781
1159.009,8.925172482
1159.491,8.978627491
1159.973,9.061266225
1160.455,9.103705483
1160.937,9.161397041
1161.419,9.23217171
1161.901,9.297824497
1162.383,9.362974995
1162.865,9.436503547
1163.348,9.48946433
1163.83,9.544158216
1164.312,9.61827268
1164.794,9.679969992
1165.276,9.72902467
1165.758,9.816512152
1166.24,9.872629866
1166.722,9.921649218
1167.204,10.00688983
1167.687,10.04934773
1168.169,10.13516332
1168.651,10.18806911
1169.133,10.24195895
1169.615,10.31267544
1170.097,10.37053635
1170.579,10.42652151
1171.061,10.48112251
1171.543,10.55695455
1172.026,10.57990582
1172.508,10.66830045
1172.99,10.73802724
1173.472,10.77759668
1173.954,10.83729695
1174.436,10.90575053
1174.918,10.95209056
1175.4,11.03018197
1175.883,11.06679249
1176.365,11.12096326
1176.847,11.1718572
1177.329,11.23455833
1177.811,11.31302348
1178.293,11.34634993
1178.775,11.38997273
1179.257,11.43269221
1179.74,11.49382054
1180.222,11.54366316
1180.704,11.62385157
1181.186,11.65345559
1181.668,11.70109422
1182.15,11.75886619
1182.632,11.79921958
1183.114,11.86588068
1183.596,11.91119176
1184.079,11.96524715
1184.561,11.99292794
1185.043,12.04312822
1185.525,12.09484683
1186.007,12.11218308
1186.489,12.18138483
1186.971,12.23847452
1187.453,12.26009029
1187.936,12.30334204
1188.418,12.36232099
1188.9,12.38177402
1189.382,12.42751786
1189.864,12.47186746
1190.346,12.51302569
1190.828,12.53836394
1191.31,12.6019507
1191.792,12.62239921
1192.275,12.66748812
1192.757,12.71071991
1193.239,12.72599917
1193.721,12.75755406
1194.203,12.80455933
1194.685,12.82701109
1195.167,12.84587785
1195.649,12.8781555
1196.131,12.89600554
1196.614,12.92431334
1197.096,12.950768
1197.578,12.96279459
1198.06,12.98297747
1198.542,13.00955693
1199.024,13.03328441
1199.506,13.0733705
1199.988,13.08885867
1200.47,13.11316285
1200.953,13.12666374
1201.435,13.14600031
1201.917,13.18560855
1202.399,13.1759251
1202.881,13.20586587
1203.363,13.22540031
1203.845,13.24277555
1204.327,13.24789277
1204.81,13.26550699
1205.292,13.25869681
1205.774,13.27493794
1206.256,13.29504936
1206.738,13.2943079
1207.22,13.29550188
1207.702,13.3039397
1208.184,13.31056015
1208.667,13.32581644
1209.149,13.33421023
1209.631,13.33025699
1210.113,13.35747107
1210.595,13.35378028
1211.077,13.37641344
1211.559,13.36634916
1212.041,13.36290742
1212.523,13.37415037
1213.006,13.38299245
1213.488,13.38210298
1213.97,13.38265169
1214.452,13.35878264
1214.934,13.3716988
1215.416,13.3652317
1215.898,13.36401883
1216.38,13.38785936
1216.863,13.35471482
1217.345,13.35618527
1217.827,13.33590642
1218.309,13.3490288
1218.791,13.3179406
1219.273,13.3132629
1219.755,13.29909102
1220.237,13.31589477
1220.719,13.29685534
1221.202,13.26360697
1221.684,13.28524141
1222.166,13.26160633
1222.648,13.24343526
1223.13,13.24571434
1223.612,13.19656724
1224.094,13.20935539
1224.576,13.18312906
1225.058,13.19141649
1225.541,13.15748335
1226.023,13.14125602
1226.505,13.13569922
1226.987,13.11038163
1227.469,13.10182733
1227.951,13.07950783
1228.433,13.03425317
1228.915,13.04857376
1229.397,13.03017832
1229.88,13.01296174
1230.362,13.00085465
1230.844,12.97645204
1231.326,12.96280516
1231.808,12.90986425
1232.29,12.92018085
1232.772,12.89518803
1233.254,12.86066124
1233.737,12.81535954
1234.219,12.83779129
1234.701,12.78728777
1235.183,12.77815176
1235.665,12.74606084
1236.147,12.74984065
1236.629,12.72451826
1237.111,12.68285007
1237.594,12.67487005
1238.076,12.65066308
1238.558,12.65264474
1239.04,12.61840845
1239.522,12.60275664
1240.004,12.56776308
1240.486,12.54051494
1240.968,12.54184925
1241.45,12.49378012
1241.933,12.47935837
1242.415,12.46174418
1242.897,12.40794732
1243.379,12.39184981
1243.861,12.3637969
1244.343,12.32776015
1244.825,12.32006508
1245.307,12.27735728
1245.79,12.2543547
1246.272,12.22258283
1246.754,12.20685195
1247.236,12.19365996
1247.718,12.18422384
1248.2,12.14252416
1248.682,12.12173982
1249.164,12.12766287
1249.646,12.06818782
1250.129,12.07451314
1250.611,12.03585543
1251.093,12.01737233
1251.575,12.00648179
1252.057,11.99734203
1252.539,11.99196588
1253.021,11.94179272
1253.503,11.93887738
1253.985,11.91607203
1254.468,11.88318418
1254.95,11.87785926
1255.432,11.86217331
1255.914,11.82380615
1256.396,11.82002395
1256.878,11.8104216
1257.36,11.78436733
1257.842,11.76972902
1258.324,11.73758074
1258.807,11.73641325
1259.289,11.71403965
1259.771,11.70045762
1260.253,11.66491671
1260.735,11.63934385
1261.217,11.64196427
1261.699,11.63356676
1262.181,11.62310869
1262.664,11.5986782
1263.146,11.58131303
1263.628,11.58375862
1264.11,11.5626062
1264.592,11.5493767
1265.074,11.52373503
1265.556,11.54232516
1266.038,11.52217595
1266.521,11.50424667
1267.003,11.49899611
1267.485,11.49161185
1267.967,11.4847654
1268.449,11.5020693
1268.931,11.50011571
1269.413,11.49885265
1269.895,11.46752768
1270.377,11.47228422
1270.86,11.47530703
1271.342,11.47754935
1271.824,11.47386048
1272.306,11.45466646
1272.788,11.45967955
1273.27,11.44045696
1273.752,11.46102529
1274.234,11.42528039
1274.717,11.42726321
1275.199,11.42698584
1275.681,11.41959803
1276.163,11.44171669
1276.645,11.43890842
1277.127,11.43955314
1277.609,11.43070549
1278.091,11.45349542
1278.573,11.45057409
1279.056,11.46434042
1279.538,11.46938624
1280.02,11.46425268
1280.502,11.46908164
1280.984,11.46884167
1281.466,11.47202986
1281.948,11.47988841
1282.43,11.47470319
1282.912,11.48344329
1283.395,11.45876326
1283.877,11.47716975
1284.359,11.48020663
1284.841,11.4549374
1285.323,11.47757315
1285.805,11.4757802
1286.287,11.49463929
1286.769,11.51159669
1287.251,11.51598015
1287.734,11.51276984
1288.216,11.51253281
1288.698,11.52392517
1289.18,11.54785326
1289.662,11.55613005
1290.144,11.57881125
1290.626,11.57188609
1291.108,11.5695517
1291.591,11.57831351
1292.073,11.60429961
1292.555,11.60674642
1293.037,11.60983077
1293.519,11.62029073
1294.001,11.61791111
1294.483,11.65911941
1294.965,11.64989771
1295.448,11.66422606
1295.93,11.66970116
1296.412,11.69929606
1296.894,11.70906832
1297.376,11.71562375
1297.858,11.74559295
1298.34,11.74212787
1298.822,11.7620764
1299.304,11.78189679
1299.787,11.79868822
1300.269,11.80545252
1300.751,11.80912108
1301.233,11.85043006
1301.715,11.84889642
1302.197,11.85202502
1302.679,11.86969011
1303.161,11.87126685
1303.644,11.89596212
1304.126,11.88955276
1304.608,11.92938065
1305.09,11.9348953
1305.572,11.97102613
1306.054,11.98096088
1306.536,11.98261451
1307.018,11.99678049
1307.5,12.02109606
1307.983,12.02995752
1308.465,12.05344702
1308.947,12.05563172
1309.429,12.07827927
1309.911,12.10339849
1310.393,12.10717768
1310.875,12.1387234
1311.357,12.16807464
1311.839,12.18742578
1312.322,12.2090076
1312.804,12.22700683
1313.286,12.23385025
1313.768,12.26988522
1314.25,12.2805815
1314.732,12.3049156
1315.214,12.32848089
1315.696,12.33715203
1316.178,12.36307353
1316.661,12.41104764
1317.143,12.41809142
1317.625,12.44208705
1318.107,12.44646709
1318.589,12.48469817
1319.071,12.50237932
1319.553,12.51748754
1320.035,12.5476784
1320.518,12.56977618
1321,12.6003131
1321.482,12.60945061
1321.964,12.65905506
1322.446,12.67562474
1322.928,12.68133556
1323.41,12.70053375
1323.892,12.71636432
1324.375,12.74320497
1324.857,12.78485298
1325.339,12.80220241
1325.821,12.84008482
1326.303,12.86434055
1326.785,12.89360899
1327.267,12.90579912
1327.749,12.94907217
1328.231,12.99226863
1328.714,13.02834391
1329.196,13.03874996
1329.678,13.0709236
1330.16,13.08215194
1330.642,13.09668975
1331.124,13.13587088
1331.606,13.16049878
1332.088,13.18949967
1332.571,13.21046007
1333.053,13.22507665
1333.535,13.26083696
1334.017,13.29477188
1334.499,13.31284695
1334.981,13.33846933
1335.463,13.36942159
1335.945,13.38807472
1336.427,13.41936449
1336.91,13.44815025
1337.392,13.4788067
1337.874,13.51104834
1338.356,13.53477519
1338.838,13.55887594
1339.32,13.57696889
1339.802,13.60552358
1340.284,13.65205027
1340.766,13.65265466
1341.249,13.67321417
1341.731,13.71694734
1342.213,13.73269141
1342.695,13.77376089
1343.177,13.77864124
1343.659,13.81798789
1344.141,13.82607627
1344.623,13.86109854
1345.105,13.86784541
1345.588,13.91017913
1346.07,13.94814854
1346.552,13.96720679
1347.034,14.01337292
1347.516,14.03779989
1347.998,14.06825302
1348.48,14.08398961
1348.962,14.13247445
1349.445,14.16208661
1349.927,14.18855818
1350.409,14.20379593
1350.891,14.23458367
1351.373,14.26874976
1351.855,14.27436484
1352.337,14.30809106
1352.819,14.34479467
1353.302,14.37796166
1353.784,14.39655552
1354.266,14.42677618
1354.748,14.45390609
1355.23,14.47911509
1355.712,14.50709361
1356.194,14.52903469
1356.676,14.53301533
1357.158,14.57712223
1357.641,14.58029339
1358.123,14.62003594
1358.605,14.63881436
1359.087,14.66204134
1359.569,14.6745711
1360.051,14.6832375
1360.533,14.69572411
1361.015,14.76130783
1361.498,14.76229258
1361.98,14.79613919
1362.462,14.82101376
1362.944,14.84796229
1363.426,14.86193906
1363.908,14.90561115
1364.39,14.91555553
1364.872,14.93468514
1365.354,14.95426107
1365.837,14.97745054
1366.319,14.99117419
1366.801,14.98567128
1367.283,15.01590519
1367.765,15.03525812
1368.247,15.06964515
1368.729,15.07690117
1369.211,15.07603061
1369.693,15.10345671
1370.176,15.11859066
1370.658,15.13389699
1371.14,15.17107793
1371.622,15.16849963
1372.104,15.16627323
1372.586,15.19232372
1373.068,15.21059946
1373.55,15.21873298
1374.032,15.25366704
1374.515,15.26852105
1374.997,15.26493564
1375.479,15.30036441
1375.961,15.30218685
1376.443,15.30864265
1376.925,15.3269624
1377.407,15.3239012
1377.889,15.35319431
1378.372,15.37290908
1378.854,15.36744768
1379.336,15.38687161
1379.818,15.38501218
1380.3,15.39052618
1380.782,15.3895015
1381.264,15.42198258
1381.746,15.41329441
1382.229,15.42707999
1382.711,15.42502395
1383.193,15.42636867
1383.675,15.43664041
1384.157,15.43501862
1384.639,15.4476426
1385.121,15.45331059
1385.603,15.44173126
1386.085,15.46540707
1386.568,15.44697712
1387.05,15.46374178
1387.532,15.4594103
1388.014,15.45177989
1388.496,15.4442575
1388.978,15.44680054
1389.46,15.46472136
1389.942,15.49275601
1390.425,15.46355781
1390.907,15.4747319
1391.389,15.48108278
1391.871,15.47315014
1392.353,15.48069076
1392.835,15.47796189
1393.317,15.45327096
1393.799,15.47923719
1394.281,15.49071301
1394.764,15.4971921
1395.246,15.47963096
1395.728,15.48254562
1396.21,15.48681695
1396.692,15.48121495
1397.174,15.49003637
1397.656,15.4836577
1398.138,15.49598774
1398.62,15.49084611
1399.103,15.47668557
1399.585,15.47745519
1400.067,15.47231541
1400.549,15.4873376
1401.031,15.47684249
1401.513,15.49729954
1401.995,15.4668687
1402.477,15.46335704
1402.959,15.47952917
1403.442,15.46605089
1403.924,15.46240588
1404.406,15.44956718
1404.888,15.46190812
1405.37,15.42321979
1405.852,15.43160813
1406.334,15.3916257
1406.816,15.39937677
1407.299,15.37799027
1407.781,15.39100762
1408.263,15.38222288
1408.745,15.3711889
1409.227,15.35145049
1409.709,15.37044842
1410.191,15.34105626
1410.673,15.34305549
1411.156,15.34429288
1411.638,15.33617284
1412.12,15.32051417
1412.602,15.30014686
1413.084,15.29322717
1413.566,15.30065575
1414.048,15.29105066
1414.53,15.27387218
1415.012,15.27707777
1415.495,15.2449293
1415.977,15.22650206
1416.459,15.20946484
1416.941,15.20768131
1417.423,15.19688278
1417.905,15.17430487
1418.387,15.1439365
1418.869,15.14857202
1419.352,15.10999477
1419.834,15.09600147
1420.316,15.11125683
1420.798,15.10047351
1421.28,15.10367891
1421.762,15.07144337
1422.244,15.06872072
1422.726,15.06828812
1423.208,15.03595287
1423.69,15.06718252
1424.173,15.02888854
1424.655,15.02192219
1425.137,15.01394465
1425.619,15.00930445
1426.101,14.97910023
1426.583,14.98964484
1427.065,14.95957368
1427.547,14.96716266
1428.03,14.92442939
1428.512,14.91299844
1428.994,14.89380312
1429.476,14.8886771
1429.958,14.87970545
1430.44,14.86989489
1430.922,14.84692188
1431.404,14.83474752
1431.886,14.83115728
1432.369,14.83093835
1432.851,14.82246751
1433.333,14.78486642
1433.815,14.77299046
1434.297,14.7588241
1434.779,14.75317614
1435.261,14.72447417
1435.743,14.71774346
1436.226,14.70154726
1436.708,14.66870451
1437.19,14.65635267
1437.672,14.62045901
1438.154,14.6352477
1438.636,14.61977901
1439.118,14.60047484
1439.6,14.58608856
1440.083,14.58784096
1440.565,14.57867689
1441.047,14.53556497
1441.529,14.51735691
1442.011,14.51143861
1442.493,14.50377215
1442.975,14.49872775
1443.457,14.48222368
1443.939,14.45665129
1444.422,14.44108236
1444.904,14.42808052
1445.386,14.40110464
1445.868,14.3785306
1446.35,14.37697737
1446.832,14.35674736
1447.314,14.32234326
1447.796,14.33779547
1448.279,14.31272463
1448.76,14.28856534
1449.243,14.26610883
1449.725,14.26134277
1450.207,14.25861784
1450.689,14.24258028
1451.171,14.22118775
1451.653,14.20384683
1452.135,14.19793524
1452.617,14.199724
1453.1,14.20497699
1453.582,14.17172837
1454.064,14.15517284
1454.546,14.1403887
1455.028,14.13098245
1455.51,14.10902356
1455.992,14.10631664
1456.474,14.09885724
1456.957,14.07806023
1457.439,14.05381013
1457.921,14.04566941
1458.403,14.06361288
1458.885,14.04202269
1459.367,14.04174533
1459.849,14.03106226
1460.331,14.03959544
1460.813,14.02657719
1461.296,14.01469803
1461.778,13.99144883
1462.26,13.99573177
1462.742,14.01606796
1463.224,14.00258219
1463.706,13.9771213
1464.188,13.98740057
1464.67,13.97810073
1465.153,13.96468466
1465.635,13.96923867
1466.117,13.96980061
1466.599,13.94321465
1467.081,13.92404419
1467.563,13.92543906
1468.045,13.92408583
1468.527,13.90064547
1469.01,13.91649482
1469.492,13.89176107
1469.974,13.90025381
1470.456,13.85750408
1470.938,13.89731984
1471.42,13.86172559
1471.902,13.84919719
1472.384,13.85031072
1472.866,13.87305847
1473.349,13.8529443
1473.831,13.87102145
1474.313,13.84389426
1474.795,13.88589415
1475.277,13.86862449
1475.759,13.8737242
1476.241,13.86206209
1476.723,13.87315431
1477.206,13.88044665
1477.688,13.88834908
1478.17,13.87500893
1478.652,13.89320249
1479.134,13.8937906
1479.616,13.88261495
1480.098,13.9097801
1480.58,13.89702098
1481.062,13.8933834
1481.544,13.90610333
1482.027,13.90565091
1482.509,13.89435337
1482.991,13.92891904
1483.473,13.91413692
1483.955,13.93170286
1484.437,13.93232197
1484.919,13.92449219
1485.401,13.93182203
1485.884,13.95446348
1486.366,13.94567616
1486.848,13.98999004
1487.33,13.97840142
1487.812,13.98853754
1488.294,14.00031084
1488.776,14.0364818
1489.258,14.0613103
1489.74,14.07269919
1490.223,14.09980398
1490.705,14.11246912
1491.187,14.12028792
1491.669,14.10763826
1492.151,14.14263189
1492.633,14.13851777
1493.115,14.14872812
1493.597,14.16666161
1494.08,14.16424097
1494.562,14.17991682
1495.044,14.21058024
1495.526,14.2216081
1496.008,14.24326773
1496.49,14.26727864
1496.972,14.29736492
1497.454,14.30813242
1497.937,14.33542795
1498.419,14.38758556
1498.901,14.35709109
1499.383,14.37912035
1499.865,14.42500692
1500.347,14.43565194
1500.829,14.43999838
1501.311,14.4437747
1501.793,14.46359834
1502.276,14.4693662
1502.758,14.47118245
1503.24,14.4960723
1503.722,14.51082682
1504.204,14.52777642
1504.686,14.56394679
1505.168,14.54969128
1505.65,14.60315389
1506.133,14.6264877
1506.615,14.63950005
1507.097,14.69067225
1507.579,14.73284642
1508.061,14.75992401
1508.543,14.76740113
1509.025,14.78220472
1509.507,14.79308915
1509.99,14.838694
1510.471,14.827191
1510.954,14.86226055
1511.436,14.86001945
1511.918,14.87447252
1512.4,14.89078959
1512.882,14.90581138
1513.364,14.91475487
1513.846,14.94653938
1514.328,14.93375946
1514.811,14.97519751
1515.293,15.00035571
1515.775,15.00698924
1516.257,15.03858162
1516.739,15.05971385
1517.221,15.04874612
1517.703,15.07932595
1518.185,15.08578318
1518.667,15.11484879
1519.15,15.1285668
1519.632,15.14177981
1520.114,15.15093902
1520.596,15.15868491
1521.078,15.18714021
1521.56,15.1945408
1522.042,15.23233153
1522.524,15.22072961
1523.007,15.22717935
1523.489,15.24925269
1523.971,15.23054647
1524.453,15.25069935
1524.935,15.22856431
1525.417,15.2418068
1525.899,15.22653168
1526.381,15.21778937
1526.864,15.23721595
1527.346,15.2536477
1527.828,15.25117554
1528.31,15.25192787
1528.792,15.24695606
1529.274,15.25942497
1529.756,15.27097462
1530.238,15.29033938
1530.72,15.2960123
1531.203,15.31162313
1531.685,15.33448113
1532.167,15.33039237
1532.649,15.36326529
1533.131,15.38900853
1533.613,15.41850224
1534.095,15.43494545
1534.577,15.44908404
1535.06,15.46591588
1535.542,15.47364973
1536.024,15.50009316
1536.506,15.48194856
1536.988,15.48877978
1537.47,15.52294767
1537.952,15.52090704
1538.434,15.56714178
1538.917,15.5726084
1539.398,15.59061414
1539.881,15.6194605
1540.363,15.6430862
1540.845,15.68083463
1541.327,15.67832006
1541.809,15.70389019
1542.291,15.67963237
1542.773,15.65497574
1543.255,15.66455679
1543.738,15.6567751
1544.22,15.63615199
1544.702,15.61926502
1545.184,15.60324082
1545.666,15.60888281
1546.148,15.58408285
1546.63,15.58737664
1547.112,15.55504798
1547.594,15.55893761
1548.077,15.56067154
1548.559,15.55032723
1549.041,15.54740179
1549.523,15.53173403
1550.005,15.51387767
1550.487,15.53102111
1550.969,15.51540637
1551.451,15.52260758
1551.934,15.51980048
1552.416,15.48782588
1552.898,15.5254237
1553.38,15.50039377
1553.862,15.52332962
1554.344,15.52576087
1554.826,15.50870141
1555.308,15.50556363
1555.791,15.5252322
1556.273,15.53691863
1556.755,15.56263615
1557.237,15.55774183
1557.719,15.59078756
1558.201,15.59556426
1558.683,15.64029227
1559.165,15.67770361
1559.647,15.67776367
1560.13,15.71439093
1560.612,15.69902878
1561.094,15.72054468
1561.576,15.7158773
1562.058,15.71530986
1562.54,15.73252973
1563.022,15.72469782
1563.504,15.72215265
1563.987,15.74274468
1564.469,15.76630957
1564.951,15.76275263
1565.433,15.78321135
1565.915,15.80286503
1566.397,15.80654879
1566.879,15.8218104
1567.361,15.84089395
1567.844,15.84940966
1568.325,15.87169099
1568.808,15.90688446
1569.29,15.92625726
1569.772,15.94626209
1570.254,15.98438262
1570.736,16.00642964
1571.218,16.02950001
1571.7,16.05140521
1572.182,16.07390056
1572.665,16.05825163
1573.147,16.08119282
1573.629,16.1076131
1574.111,16.12916245
1574.593,16.14109771
1575.075,16.17190108
1575.557,16.20856503
1576.039,16.22731155
1576.521,16.26802681
1577.004,16.29956928
1577.486,16.31226475
1577.968,16.33317237
1578.45,16.33631524
1578.932,16.37887377
1579.414,16.370625
1579.896,16.40669789
1580.378,16.41138303
1580.861,16.42311473
1581.343,16.43363953
1581.825,16.44720438
1582.307,16.47063184
1582.789,16.45702654
1583.271,16.49533781
1583.753,16.49934371
1584.235,16.52964659
1584.718,16.52628124
1585.2,16.52742105
1585.682,16.56216648
1586.164,16.56117413
1586.646,16.58366965
1587.128,16.59574643
1587.61,16.59565683
1588.092,16.59897203
1588.574,16.59506975
1589.057,16.61880237
1589.539,16.6082051
1590.021,16.61166121
1590.503,16.64245573
1590.985,16.62961896
1591.467,16.63242159
1591.949,16.61905827
1592.431,16.63884081
1592.914,16.64076808
1593.396,16.66101062
1593.878,16.64635992
1594.36,16.6510491
1594.842,16.65661404
1595.324,16.67379054
1595.806,16.66798889
1596.288,16.67189353
1596.771,16.65707217
1597.252,16.65374272
1597.735,16.65656632
1598.217,16.66944041
1598.699,16.64984254
1599.181,16.64518263
1599.663,16.64797673
1600.145,16.63664601
1600.627,16.66030343
1601.109,16.65409526
1601.592,16.66605747
1602.074,16.66386852
1602.556,16.66648894
1603.038,16.64420114
1603.52,16.65594355
1604.002,16.64195993
1604.484,16.64060967
1604.966,16.63964619
1605.448,16.66117024
1605.931,16.64093869
1606.413,16.63646386
1606.895,16.64409591
1607.377,16.62788627
1607.859,16.60016793
1608.341,16.59120906
1608.823,16.59595179
1609.305,16.62064238
1609.788,16.60178742
1610.27,16.57685929
1610.752,16.58407002
1611.234,16.57001345
1611.716,16.56765549
1612.198,16.55624324
1612.68,16.56494803
1613.162,16.54002169
1613.645,16.54567219
1614.127,16.5139816
1614.609,16.53160103
1615.091,16.52395878
1615.573,16.50116672
1616.055,16.49029204
1616.537,16.4951072
1617.019,16.48585898
1617.501,16.47162869
1617.984,16.47950342
1618.466,16.47624042
1618.948,16.4674138
1619.43,16.46137216
1619.912,16.4468307
1620.394,16.46320785
1620.876,16.46122124
1621.358,16.43836469
1621.841,16.43948545
1622.323,16.44011322
1622.805,16.43214581
1623.287,16.43115048
1623.769,16.4424544
1624.251,16.43520794
1624.733,16.41781964
1625.215,16.41452422
1625.698,16.41198493
1626.179,16.40902369
1626.662,16.40833165
1627.144,16.39583256
1627.626,16.39082356
1628.108,16.38246762
1628.59,16.39009644
1629.072,16.38122333
1629.554,16.39640341
1630.036,16.37394945
1630.519,16.37648177
1631.001,16.36866874
1631.483,16.36266085
1631.965,16.36731653
1632.447,16.36317274
1632.929,16.36524546
1633.411,16.34020472
1633.893,16.37442269
1634.375,16.34508649
1634.858,16.34123749
1635.34,16.32833103
1635.822,16.31814352
1636.304,16.31585445
1636.786,16.2961794
1637.268,16.31360789
1637.75,16.27356058
1638.232,16.30160985
1638.715,16.27153165
1639.197,16.27975825
1639.679,16.25766553
1640.161,16.27315881
1640.643,16.25707479
1641.125,16.24355039
1641.607,16.23936004
1642.089,16.24714465
1642.572,16.19841871
1643.054,16.20634656
1643.536,16.21059528
1644.018,16.20110405
1644.5,16.20729984
1644.982,16.20072155
1645.464,16.16871936
1645.946,16.15847928
1646.428,16.13770343
1646.911,16.13899016
1647.393,16.12978856
1647.875,16.10744099
1648.357,16.12083587
1648.839,16.10404918
1649.321,16.08701087
1649.803,16.08675106
1650.285,16.06768175
1650.768,16.07628311
1651.25,16.07194214
1651.732,16.07298576
1652.214,16.07970606
1652.696,16.04195504
1653.178,16.03398425
1653.66,16.02198571
1654.142,16.02758837
1654.625,16.02860577
1655.106,16.01691813
1655.589,15.99678478
1656.071,15.99593718
1656.553,15.99294512
1657.035,15.97881661
1657.517,15.9685969
1657.999,15.964756
1658.481,15.95414424
1658.963,15.95014252
1659.446,15.94580367
1659.928,15.93052772
1660.41,15.93005476
1660.892,15.88830269
1661.374,15.9012745
1661.856,15.90693551
1662.338,15.88048518
1662.82,15.86739881
1663.302,15.85289488
1663.785,15.85249612
1664.267,15.84709502
1664.749,15.81198419
1665.231,15.80943897
1665.713,15.79486506
1666.195,15.78673404
1666.677,15.78816829
1667.159,15.7882601
1667.642,15.75550104
1668.124,15.74940518
1668.606,15.7296545
1669.088,15.73577105
1669.57,15.7367808
1670.052,15.72002525
1670.534,15.70268766
1671.016,15.6819118
1671.499,15.67181558
1671.981,15.69444823
1672.463,15.67423128
1672.945,15.66632229
1673.427,15.64256995
1673.909,15.63582943
1674.391,15.6248194
1674.873,15.60104841
1675.355,15.61687851
1675.838,15.62046199
1676.32,15.61507689
1676.802,15.59435101
1677.284,15.57535867
1677.766,15.58321013
1678.248,15.56840709
1678.73,15.56865822
1679.212,15.5496475
1679.695,15.54957919
1680.177,15.54428609
1680.659,15.51729768
1681.141,15.52038606
1681.623,15.50820686
1682.105,15.49651708
1682.587,15.48154098
1683.069,15.49037662
1683.552,15.49225738
1684.033,15.46399718
1684.516,15.46657101
1684.998,15.46068384
1685.48,15.44189748
1685.962,15.45839944
1686.444,15.42869458
1686.926,15.42809338
1687.408,15.42653168
1687.89,15.4117304
1688.373,15.38573248
1688.855,15.40898123
1689.337,15.38355951
1689.819,15.37675236
1690.301,15.34723561
1690.783,15.36638981
1691.265,15.34929368
1691.747,15.34077743
1692.229,15.34343235
1692.712,15.33427162
1693.194,15.33140783
1693.676,15.33603633
1694.158,15.33418334
1694.64,15.2967773
1695.122,15.30969063
1695.604,15.29836145
1696.086,15.30126766
1696.569,15.28650182
1697.051,15.28446812
1697.533,15.27401559
1698.015,15.28835488
1698.497,15.27601803
1698.979,15.29275094
1699.461,15.26155642
1699.943,15.25764484
1700.426,15.26442522
1700.908,15.24638846
1701.39,15.23242818
1701.872,15.23104014
1702.354,15.22592299
1702.836,15.22460049
1703.318,15.19187546
1703.8,15.19263902
1704.282,15.19797173
1704.765,15.20674005
1705.247,15.20827547
1705.729,15.19700329
1706.211,15.2155321
1706.693,15.2011052
1707.175,15.20568044
1707.657,15.20349451
1708.139,15.20833767
1708.622,15.19625403
1709.104,15.22777629
1709.586,15.21259399
1710.068,15.18797563
1710.55,15.20417365
1711.032,15.19088026
1711.514,15.17853919
1711.996,15.17385322
1712.479,15.18330026
1712.96,15.18168084
1713.443,15.16842529
1713.925,15.17479283
1714.407,15.1742002
1714.889,15.17740004
1715.371,15.18061109
1715.853,15.17879005
1716.335,15.21428199
1716.817,15.19458781
1717.3,15.21018531
1717.782,15.21703929
1718.264,15.2238161
1718.746,15.20228854
1719.228,15.23042996
1719.71,15.21855051
1720.192,15.21180149
1720.674,15.21014273
1721.156,15.20490644
1721.639,15.22383433
1722.121,15.21598043
1722.603,15.20731137
1723.085,15.22214199
1723.567,15.23012693
1724.049,15.23390639
1724.531,15.22168021
1725.013,15.22645966
1725.496,15.24278744
1725.978,15.22113692
1726.46,15.23810292
1726.942,15.24873007
1727.424,15.25575589
1727.906,15.26976718
1728.388,15.26407473
1728.87,15.26370429
1729.353,15.26028681
1729.835,15.26953472
1730.317,15.27367991
1730.799,15.28138056
1731.281,15.27554927
1731.763,15.2923628
1732.245,15.29637543
1732.727,15.31359579
1733.209,15.31018618
1733.692,15.33684906
1734.174,15.34501988
1734.656,15.3460987
1735.138,15.3720683
1735.62,15.39270564
1736.102,15.37511788
1736.584,15.40254821
1737.066,15.39942701
1737.549,15.39897517
1738.031,15.4241668
1738.513,15.42906761
1738.995,15.43835524
1739.477,15.43926893
1739.959,15.44381255
1740.441,15.44637428
1740.923,15.47422485
1741.406,15.4717494
1741.887,15.47375151
1742.37,15.48553809
1742.852,15.48577941
1743.334,15.49716834
1743.816,15.50055468
1744.298,15.50488638
1744.78,15.52663689
1745.262,15.52438986
1745.744,15.52027644
1746.227,15.53163157
1746.709,15.55517985
1747.191,15.54810073
1747.673,15.5835746
1748.155,15.590544
1748.637,15.62759501
1749.119,15.63798527
1749.601,15.65358268
1750.083,15.66505589
1750.566,15.68589176
1751.048,15.70344108
1751.53,15.70387525
1752.012,15.72415555
1752.494,15.71747278
1752.976,15.74003257
1753.458,15.75070428
1753.94,15.76914979
1754.423,15.76709661
1754.905,15.77656624
1755.387,15.791515
1755.869,15.83130267
1756.351,15.83339554
1756.833,15.83885774
1757.315,15.84809679
1757.797,15.87200825
1758.28,15.8745158
1758.762,15.89532974
1759.244,15.9028663
1759.726,15.94204664
1760.208,15.9123533
1760.69,15.95731626
1761.172,15.96478409
1761.654,16.00410159
1762.136,16.00130088
1762.619,15.98719822
1763.101,16.03595662
1763.583,16.03740982
1764.065,16.05520388
1764.547,16.05522622
1765.029,16.06403999
1765.511,16.08443649
1765.993,16.10565397
1766.476,16.12821421
1766.958,16.12166631
1767.44,16.15399877
1767.922,16.15831517
1768.404,16.15225133
1768.886,16.18227878
1769.368,16.18324756
1769.85,16.20771914
1770.333,16.22274514
1770.814,16.23228532
1771.297,16.27684218
1771.779,16.28459852
1772.261,16.33093025
1772.743,16.31849263
1773.225,16.36068468
1773.707,16.38208349
1774.189,16.39206915
1774.671,16.38695281
1775.154,16.41337915
1775.636,16.43447048
1776.118,16.42405046
1776.6,16.44771685
1777.082,16.43772531
1777.564,16.44415523
1778.046,16.47903388
1778.528,16.46840107
1779.01,16.49418783
1779.493,16.51345069
1779.975,16.53174585
1780.457,16.54680591
1780.939,16.54839348
1781.421,16.56010182
1781.903,16.5555541
1782.385,16.59213239
1782.867,16.59118492
1783.35,16.61484775
1783.832,16.62423955
1784.314,16.65302071
1784.796,16.6695606
1785.278,16.66707884
1785.76,16.67080335
1786.242,16.69431147
1786.724,16.71133687
1787.207,16.69695069
1787.689,16.702359
1788.171,16.72661299
1788.653,16.73991111
1789.135,16.75465967
1789.617,16.77201343
1790.099,16.78006933
1790.581,16.80693032
1791.063,16.83468219
1791.546,16.84524358
1792.028,16.86110095
1792.51,16.88184193
1792.992,16.8992275
1793.474,16.90733298
1793.956,16.92687774
1794.438,16.95060868
1794.92,16.95316258
1795.403,16.97223578
1795.885,16.95695885
1796.367,16.96123585
1796.849,16.98285816
1797.331,16.99980486
1797.813,16.98618135
1798.295,17.01149028
1798.777,17.01050617
1799.26,17.0211221
1799.741,17.03396912
1800.224,17.03564003
1800.706,17.07831006
1801.188,17.07464203
1801.67,17.08589928
1802.152,17.11444778
1802.634,17.10360226
1803.116,17.13060242
1803.598,17.10890426
1804.081,17.12773915
1804.563,17.14485601
1805.045,17.16644752
1805.527,17.15280664
1806.009,17.18296668
1806.491,17.16227296
1806.973,17.18298388
1807.455,17.20287557
1807.938,17.18926975
1808.42,17.21397963
1808.902,17.23944486
1809.384,17.23291637
1809.866,17.26168799
1810.348,17.27332888
1810.83,17.26113841
1811.312,17.26103871
1811.794,17.3046871
1812.277,17.32087595
1812.759,17.31808976
1813.241,17.31669839
1813.723,17.32218086
1814.205,17.35054416
1814.687,17.32965636
1815.169,17.34938876
1815.651,17.35800217
1816.134,17.36833022
1816.616,17.37513832
1817.098,17.368879
1817.58,17.36996418
1818.062,17.38621311
1818.544,17.39330079
1819.026,17.39604151
1819.508,17.40768321
1819.99,17.41728283
1820.473,17.40941014
1820.955,17.41656444
1821.437,17.4260803
1821.919,17.43573409
1822.401,17.45281532
1822.883,17.45681223
1823.365,17.43954565
1823.847,17.44708385
1824.33,17.46650821
1824.812,17.45447122
1825.294,17.45658428
1825.776,17.47239671
1826.258,17.49689341
1826.74,17.48064432
1827.222,17.48446054
1827.704,17.49007714
1828.187,17.49623886
1828.668,17.51504692
1829.151,17.50159606
1829.633,17.50294766
1830.115,17.50961001
1830.597,17.52299729
1831.079,17.53068584
1831.561,17.51982022
1832.043,17.51588162
1832.525,17.52683775
1833.008,17.5127273
1833.49,17.52199243
1833.972,17.52857561
1834.454,17.52702433
1834.936,17.51167221
1835.418,17.50459692
1835.9,17.52255041
1836.382,17.53047087
1836.865,17.53849232
1837.347,17.5251459
1837.829,17.52478964
1838.311,17.50359095
1838.793,17.50438071
1839.275,17.49168861
1839.757,17.50227183
1840.239,17.4910656
1840.721,17.50039928
1841.204,17.49983968
1841.686,17.4849221
1842.168,17.49382979
1842.65,17.51108105
1843.132,17.49739915
1843.614,17.50913723
1844.096,17.50637216
1844.578,17.51597701
1845.061,17.50709231
1845.543,17.52357106
1846.025,17.51883409
1846.507,17.5256732
1846.989,17.52636174
1847.471,17.50954952
1847.953,17.52236694
1848.435,17.49485913
1848.917,17.5005085
1849.4,17.51324091
1849.882,17.489055
1850.364,17.47412919
1850.846,17.46755625
1851.328,17.49157422
1851.81,17.48203028
1852.292,17.46892915
1852.774,17.45086245
1853.257,17.45938751
1853.739,17.45782341
1854.221,17.43440919
1854.703,17.45177657
1855.185,17.41659138
1855.667,17.44315842
1856.149,17.42660036
1856.631,17.41002176
1857.114,17.42580375
1857.595,17.39491173
1858.078,17.39196505
1858.56,17.39875505
1859.042,17.37334775
1859.524,17.39317444
1860.006,17.36942247
1860.488,17.37106171
1860.97,17.34905786
1861.452,17.35914357
1861.935,17.33422048
1862.417,17.35420748
1862.899,17.33271807
1863.381,17.34607362
1863.863,17.33555127
1864.345,17.31665521
1864.827,17.31581646
1865.309,17.30614341
1865.792,17.3204985
1866.274,17.30721461
1866.756,17.29515008
1867.238,17.31037317
1867.72,17.274866
1868.202,17.27347064
1868.684,17.2656965
1869.166,17.2499593
1869.648,17.24209514
1870.131,17.25161491
1870.613,17.23128091
1871.095,17.21286537
1871.577,17.22839591
1872.059,17.20374727
1872.541,17.18718122
1873.023,17.19517515
1873.505,17.17258574
1873.988,17.15454552
1874.47,17.14762519
1874.952,17.15374417
1875.434,17.1340717
1875.916,17.14432606
1876.398,17.12411917
1876.88,17.13020307
1877.362,17.11724471
1877.844,17.09896609
1878.327,17.10725768
1878.809,17.08274996
1879.291,17.07838356
1879.773,17.06139226
1880.255,17.055266
1880.737,17.02996349
1881.219,17.04482558
1881.701,17.03033813
1882.184,17.00757798
1882.666,17.00994334
1883.148,17.00771573
1883.63,17.00177421
1884.112,16.99559302
1884.594,16.98242495
1885.076,16.96621417
1885.558,16.96951705
1886.041,16.92536576
1886.522,16.95345836
1887.005,16.93281856
1887.487,16.93315661
1887.969,16.90937134
1888.451,16.89347003
1888.933,16.89611115
1889.415,16.88658649
1889.897,16.85883725
1890.379,16.86020957
1890.862,16.8583275
1891.344,16.82521105
1891.826,16.83511329
1892.308,16.80845291
1892.79,16.80669346
1893.272,16.80345956
1893.754,16.78606862
1894.236,16.76022479
1894.719,16.76430062
1895.201,16.74523951
1895.683,16.72584667
1896.165,16.74299639
1896.647,16.72598609
1897.129,16.7305113
1897.611,16.70421407
1898.093,16.71456445
1898.575,16.69165712
1899.058,16.67957547
1899.54,16.66940711
1900.022,16.658867
1900.504,16.67087948
1900.986,16.63058321
1901.468,16.63021533
1901.95,16.61436583
1902.432,16.59586505
1902.915,16.59256254
1903.397,16.58997298
1903.879,16.59422401
1904.361,16.58238496
1904.843,16.56934617
1905.325,16.56341274
1905.807,16.55108559
1906.289,16.53945778
1906.771,16.52160086
1907.254,16.51628691
1907.736,16.51307056
1908.218,16.48728991
1908.7,16.48764031
1909.182,16.48959911
1909.664,16.48712821
1910.146,16.47977484
1910.628,16.47754375
1911.111,16.48142224
1911.593,16.46433131
1912.075,16.44338611
1912.557,16.43636786
1913.039,16.42179384
1913.521,16.42638866
1914.003,16.41263178
1914.485,16.4032648
1914.968,16.39586801
1915.449,16.39089091
1915.932,16.39837945
1916.414,16.38001184
1916.896,16.35491873
1917.378,16.37265868
1917.86,16.33121594
1918.342,16.34000235
1918.824,16.32785064
1919.306,16.29798244
1919.789,16.33001026
1920.271,16.29821613
1920.753,16.30122111
1921.235,16.29554297
1921.717,16.28962875
1922.199,16.26800672
1922.681,16.28037353
1923.163,16.26707399
1923.646,16.23720411
1924.128,16.23486869
1924.61,16.22434807
1925.092,16.22897925
1925.574,16.22410153
1926.056,16.20224627
1926.538,16.20489072
1927.02,16.2009185
1927.502,16.19638278
1927.985,16.19409517
1928.467,16.17728026
1928.949,16.16856917
1929.431,16.1589633
1929.913,16.15679669
1930.395,16.17195942
1930.877,16.15339328
1931.359,16.15481176
1931.842,16.15620766
1932.324,16.14185741
1932.806,16.14305653
1933.288,16.14635644
1933.77,16.14101005
1934.252,16.13968908
1934.734,16.1383451
1935.216,16.13930001
1935.698,16.11874821
1936.181,16.12628317
1936.663,16.12145721
1937.145,16.12493985
1937.627,16.10360803
1938.109,16.10170172
1938.591,16.11253826
1939.073,16.09055639
1939.555,16.0965322
1940.038,16.07245384
1940.52,16.09577399
1941.002,16.09585972
1941.484,16.06241719
1941.966,16.0848612
1942.448,16.07048303
1942.93,16.07259743
1943.412,16.0845407
1943.895,16.07735704
1944.376,16.06727595
1944.859,16.07136021
1945.341,16.0663334
1945.823,16.05762317
1946.305,16.07358482
1946.787,16.06850785
1947.269,16.05871923
1947.751,16.0739877
1948.233,16.06120648
1948.716,16.04365698
1949.198,16.06704815
1949.68,16.05059034
1950.162,16.04738611
1950.644,16.04774201
1951.126,16.06259867
1951.608,16.05906986
1952.09,16.05001592
1952.573,16.05033755
1953.055,16.06549444
1953.537,16.05340447
1954.019,16.0635237
1954.501,16.07155062
1954.983,16.07385491
1955.465,16.05630761
1955.947,16.07697609
1956.429,16.06997392
1956.912,16.08351803
1957.394,16.07011921
1957.876,16.10565088
1958.358,16.09881868
1958.84,16.0999145
1959.322,16.09515274
1959.804,16.09631609
1960.286,16.09184041
1960.769,16.10158244
1961.251,16.09981897
1961.733,16.11392537
1962.215,16.10084797
1962.697,16.11981356
1963.179,16.11472315
1963.661,16.112429
1964.143,16.12642163
1964.625,16.12607214
1965.108,16.1329146
1965.59,16.13916888
1966.072,16.14503094
1966.554,16.14944189
1967.036,16.1390465
1967.518,16.13989908
1968,16.16635668
1968.482,16.14852824
1968.965,16.15363742
1969.447,16.17204236
1969.929,16.18568251
1970.411,16.20486767
1970.893,16.19098759
1971.375,16.20838238
1971.857,16.21369887
1972.339,16.20322415
1972.822,16.22906269
1973.303,16.23286314
1973.786,16.23286526
1974.268,16.24505988
1974.75,16.2446994
1975.232,16.25237276
1975.714,16.26652137
1976.196,16.27687824
1976.678,16.29603097
1977.16,16.28338929
1977.643,16.27610617
1978.125,16.30178784
1978.607,16.28981872
1979.089,16.31364993
1979.571,16.31808371
1980.053,16.30673482
1980.535,16.31285218
1981.017,16.31142625
1981.5,16.33538186
1981.982,16.32968495
1982.464,16.33561466
1982.946,16.35083387
1983.428,16.34658446
1983.91,16.37642709
1984.392,16.36593977
1984.874,16.39500515
1985.356,16.39833954
1985.839,16.40976508
1986.321,16.42545869
1986.803,16.45551955
1987.285,16.44526286
1987.767,16.47273738
1988.249,16.46491024
1988.731,16.48660566
1989.213,16.4834018
1989.696,16.51035683
1990.178,16.5290457
1990.66,16.54377687
1991.142,16.55821911
1991.624,16.55328413
1992.106,16.57273336
1992.588,16.55965635
1993.07,16.59436225
1993.552,16.60256067
1994.035,16.60469071
1994.517,16.60768722
1994.999,16.64122909
1995.481,16.60662225
1995.963,16.61813247
1996.445,16.6366783
1996.927,16.62774286
1997.409,16.64231848
1997.892,16.67824622
1998.374,16.65560049
1998.856,16.67359822
1999.338,16.68065699
1999.82,16.70451872
2000.302,16.69940307
2000.784,16.71743202
2001.266,16.74323506
2001.749,16.75657658
2002.23,16.77406404
2002.713,16.79290085
2003.195,16.80225922
2003.677,16.79631541
2004.159,16.8279712
2004.641,16.82237054
2005.123,16.84724188
2005.605,16.85038008
2006.087,16.85532975
2006.57,16.85913471
2007.052,16.8835962
2007.534,16.88292145
2008.016,16.90710866
2008.498,16.91864337
2008.98,16.93061955
2009.462,16.93316199
2009.944,16.9361664
2010.427,16.95596494
2010.909,16.9757131
2011.391,16.9797383
2011.873,16.9917499
2012.355,17.00076111
2012.837,17.00522693
2013.319,17.00599586
2013.801,17.03508178
2014.283,17.04105393
2014.766,17.05580982
2015.248,17.05369709
2015.73,17.06731083
2016.212,17.09352363
2016.694,17.09275038
2017.176,17.11716551
2017.658,17.13292089
2018.14,17.12954063
2018.623,17.14057008
2019.105,17.16375006
2019.587,17.16577023
2020.069,17.18866804
2020.551,17.1940895
2021.033,17.19731358
2021.515,17.21912651
2021.997,17.24289133
2022.479,17.24511694
2022.962,17.24931326
2023.444,17.27463976
2023.926,17.26111995
2024.408,17.29700875
2024.89,17.28867683
2025.372,17.29816537
2025.854,17.31691161
2026.336,17.32600102
2026.819,17.33187031
2027.301,17.34268706
2027.783,17.35753836
2028.265,17.3686707
2028.747,17.39575535
2029.229,17.36532042
2029.711,17.39760671
2030.193,17.40261661
2030.676,17.4274302
2031.157,17.44285459
2031.64,17.41787217
2032.122,17.44439702
2032.604,17.44685681
2033.086,17.46924396
2033.568,17.48903444
2034.05,17.46919118
2034.532,17.49476223
2035.014,17.50944648
2035.497,17.49413821
2035.979,17.5148323
2036.461,17.5433497
2036.943,17.55234872
2037.425,17.53998807
2037.907,17.55089989
2038.389,17.58294675
2038.871,17.58080683
2039.354,17.59640493
2039.836,17.59929959
2040.318,17.60897845
2040.8,17.61792822
2041.282,17.61942278
2041.764,17.6369059
2042.246,17.64578451
2042.728,17.65661855
2043.21,17.66745502
2043.693,17.64606655
2044.175,17.67657806
2044.657,17.70096512
2045.139,17.69631933
2045.621,17.70516511
2046.103,17.69534481
2046.585,17.73137217
2047.067,17.69876032
2047.55,17.73903419
2048.032,17.72894958
2048.514,17.73733885
2048.996,17.74164322
2049.478,17.75666245
2049.96,17.76065783
2050.442,17.76296235
2050.924,17.76141726
2051.406,17.78183352
2051.889,17.76401021
2052.371,17.79277338
2052.853,17.78198702
2053.335,17.80277913
2053.817,17.79945144
2054.299,17.79245482
2054.781,17.82775765
2055.263,17.82921164
2055.746,17.8303588
2056.228,17.84858911
2056.71,17.8567749
2057.192,17.85129975
2057.674,17.84657075
2058.156,17.87237334
2058.638,17.8722941
2059.12,17.8730757
2059.603,17.86936542
2060.084,17.87325484
2060.567,17.86801834
2061.049,17.8952566
2061.531,17.87610744
2062.013,17.89445119
2062.495,17.89583023
2062.977,17.88859393
2063.459,17.89888379
2063.941,17.90605675
2064.424,17.91135173
2064.906,17.9205552
2065.388,17.93013496
2065.87,17.93179429
2066.352,17.93980687
2066.834,17.93848741
2067.316,17.94633531
2067.798,17.93531777
2068.281,17.9491432
2068.763,17.95323932
2069.245,17.9562771
2069.727,17.96546786
2070.209,17.96420628
2070.691,17.95494096
2071.173,17.95379691
2071.655,17.95788579
2072.137,17.97582537
2072.62,17.96032489
2073.102,17.97708441
2073.584,17.95825663
2074.066,17.9612695
2074.548,17.96166797
2075.03,17.97554814
2075.512,17.97811116
2075.994,17.97689794
2076.477,17.97050984
2076.959,17.98550421
2077.441,17.98959506
2077.923,17.97852175
2078.405,17.97406619
2078.887,17.98513448
2079.369,17.97928
2079.851,17.99259503
2080.333,17.97925574
2080.816,17.96224198
2081.298,17.97289526
2081.78,17.98403247
2082.262,17.96827349
2082.744,17.96119059
2083.226,17.97585494
2083.708,17.97625681
2084.19,17.98715527
2084.673,17.95543563
2085.155,17.97319165
2085.637,17.96199926
2086.119,17.9471558
2086.601,17.95925838
2087.083,17.95631483
2087.565,17.94663708
2088.047,17.96841737
2088.53,17.94493976
2089.011,17.96242513
2089.494,17.94431624
2089.976,17.958888
2090.458,17.95485363
2090.94,17.935789
2091.422,17.93732703
2091.904,17.92674904
2092.386,17.94960907
2092.868,17.93771372
2093.351,17.9270378
2093.833,17.91755072
2094.315,17.89770609
2094.797,17.92360797
2095.279,17.92629812
2095.761,17.90812864
2096.243,17.93715719
2096.725,17.89890353
2097.208,17.90369614
2097.69,17.91032056
2098.172,17.88241337
2098.654,17.89298553
2099.136,17.8931153
2099.618,17.88061793
2100.1,17.86695553
2100.582,17.8728146
2101.064,17.88080327
2101.547,17.84309816
2102.029,17.86641885
2102.511,17.84056193
2102.993,17.83690673
2103.475,17.8375166
2103.957,17.8281802
2104.439,17.8348857
2104.921,17.82203638
2105.404,17.81340538
2105.886,17.81594617
2106.368,17.79943024
2106.85,17.80708398
2107.332,17.80113476
2107.814,17.77760154
2108.296,17.78223662
2108.778,17.78851182
2109.26,17.76109321
2109.743,17.77188174
2110.225,17.75668625
2110.707,17.75003
2111.189,17.75106752
2111.671,17.74638961
2112.153,17.74363772
2112.635,17.73988217
2113.117,17.72096298
2113.6,17.71937258
2114.082,17.69921181
2114.564,17.70594763
2115.046,17.69094968
2115.528,17.68174875
2116.01,17.66066503
2116.492,17.6564654
2116.974,17.66583732
2117.457,17.66416597
2117.938,17.6509932
2118.421,17.62660535
2118.903,17.63828213
2119.385,17.62541739
2119.867,17.60440948
2120.349,17.60781176
2120.831,17.60516955
2121.313,17.57627559
2121.795,17.57490441
2122.278,17.58441983
2122.76,17.58065308
2123.242,17.56642393
2123.724,17.5539168
2124.206,17.54467328
2124.688,17.5487424
2125.17,17.5354806
2125.652,17.53555392
2126.135,17.51960442
2126.617,17.52135518
2127.099,17.51657724
2127.581,17.51659945
2128.063,17.4994431
2128.545,17.49694016
2129.027,17.48412028
2129.509,17.47147737
2129.991,17.46550634
2130.474,17.44812051
2130.956,17.43564532
2131.438,17.41389213
2131.92,17.42427743
2132.402,17.41013225
2132.884,17.39257557
2133.366,17.4081372
2133.848,17.3958149
2134.331,17.36862954
2134.813,17.35622836
2135.295,17.36038931
2135.777,17.34789533
2136.259,17.34183408
2136.741,17.3268878
2137.223,17.33974453
2137.705,17.30478806
2138.188,17.30950797
2138.67,17.29282702
2139.152,17.27863314
2139.634,17.27288961
2140.116,17.27201786
2140.598,17.25908113
2141.08,17.24434175
2141.562,17.24303499
2142.044,17.23903641
2142.527,17.23362654
2143.009,17.22288914
2143.491,17.19687875
2143.973,17.20853721
2144.455,17.20375289
2144.937,17.18755585
2145.419,17.18819657
2145.901,17.16961352
2146.384,17.15754124
2146.865,17.12894825
2147.348,17.16271849
2147.83,17.14557987
2148.312,17.13050817
2148.794,17.11912207
2149.276,17.11447825
2149.758,17.12488257
2150.24,17.10821158
2150.722,17.1088291
2151.205,17.08661895
2151.687,17.08057672
2152.169,17.08415786
2152.651,17.08241266
2153.133,17.06011422
2153.615,17.07389522
2154.097,17.05372814
2154.579,17.07316761
2155.062,17.02614408
2155.544,17.03466495
2156.026,17.00876432
2156.508,17.00801694
2156.99,17.00755247
2157.472,16.99373218
2157.954,16.98044521
2158.436,16.9775066
2158.918,16.97356505
2159.401,16.95338851
2159.883,16.95227885
2160.365,16.96945069
2160.847,16.96994562
2161.329,16.91632954
2161.811,16.93946389
2162.293,16.92711275
2162.775,16.90677327
2163.258,16.89576045
2163.74,16.90530405
2164.222,16.90615384
2164.704,16.89683619
2165.186,16.88814663
2165.668,16.88336044
2166.15,16.88089628
2166.632,16.86630631
2167.115,16.84639058
2167.597,16.85001309
2168.079,16.83667185
2168.561,16.81647669
2169.043,16.83544917
2169.525,16.8204413
2170.007,16.80858728
2170.489,16.80884935
2170.971,16.80317095
2171.454,16.81175899
2171.936,16.79231629
2172.418,16.79030163
2172.9,16.80462381
2173.382,16.79218701
2173.864,16.78900661
2174.346,16.81037429
2174.828,16.78531813
2175.311,16.77326188
2175.792,16.78175728
2176.275,16.77814325
2176.757,16.75294573
2177.239,16.77074917
2177.721,16.75592963
2178.203,16.74208511
2178.685,16.74352978
2179.167,16.73611486
2179.649,16.7383087
2180.132,16.71206628
2180.614,16.72012131
2181.096,16.70898831
2181.578,16.70862695
2182.06,16.72630549
2182.542,16.69947413
2183.024,16.69730394
2183.506,16.71171234
2183.989,16.70256447
2184.471,16.7137704
2184.953,16.71119838
2185.435,16.67967133
2185.917,16.69384797
2186.399,16.69845431
2186.881,16.67398742
2187.363,16.68331242
2187.845,16.68809633
2188.328,16.68043935
2188.81,16.668514
2189.292,16.68704189
2189.774,16.65932185
2190.256,16.68269788
2190.738,16.66289711
2191.22,16.67986052
2191.702,16.66343072
2192.185,16.65917563
2192.667,16.65592403
2193.149,16.67797781
2193.631,16.65600393
2194.113,16.6623533
2194.595,16.6698474
2195.077,16.66633855
2195.559,16.65788154
2196.042,16.65803706
2196.524,16.67808097
2197.006,16.66990106
2197.488,16.66651372
2197.97,16.67014209
2198.452,16.67659281
2198.934,16.65952653
2199.416,16.67191674
2199.898,16.66944585
2200.381,16.67290551
2200.863,16.65140975
2201.345,16.67279554
2201.827,16.674176
2202.309,16.66931763
2202.791,16.65552155
2203.273,16.65822236
2203.755,16.65491146
2204.238,16.65757633
2204.719,16.66381331
2205.202,16.6675552
2205.684,16.65357138
2206.166,16.6712058
2206.648,16.67312534
2207.13,16.66590211
2207.612,16.68169552
2208.094,16.68673082
2208.576,16.67855578
2209.059,16.69715228
2209.541,16.67116932
2210.023,16.69221342
2210.505,16.69774385
2210.987,16.71218807
2211.469,16.68591115
2211.951,16.71427415
2212.433,16.71924672
2212.916,16.71201716
2213.398,16.70253295
2213.88,16.72551703
2214.362,16.73681054
2214.844,16.71726063
2215.326,16.71768249
2215.808,16.73520631
2216.29,16.7462456
2216.772,16.72381059
2217.255,16.73807376
2217.737,16.76215524
2218.219,16.75632258
2218.701,16.75931435
2219.183,16.77556755
2219.665,16.76544526
2220.147,16.78211627
2220.629,16.78149401
2221.112,16.76756316
2221.594,16.77351991
2222.076,16.8063246
2222.558,16.78130386
2223.04,16.80167336
2223.522,16.80733712
2224.004,16.80935827
2224.486,16.81634614
2224.969,16.81944481
2225.451,16.83621222
2225.933,16.82334536
2226.415,16.84512394
2226.897,16.82909623
2227.379,16.85190517
2227.861,16.86890561
2228.343,16.85659766
2228.825,16.85414877
2229.308,16.87564091
2229.79,16.87974431
2230.272,16.89184091
2230.754,16.89868124
2231.236,16.90983629
2231.718,16.89930076
2232.2,16.90514814
2232.682,16.90927448
2233.165,16.89670862
2233.646,16.93958329
2234.129,16.94831181
2234.611,16.91564557
2235.093,16.96053563
2235.575,16.96379184
2236.057,16.96514534
2236.539,16.97815526
2237.021,16.98845746
2237.503,16.99936912
2237.986,17.00542682
2238.468,16.99414552
2238.95,17.02918333
2239.432,17.02100673
2239.914,17.03021662
2240.396,17.04541195
2240.878,17.05632516
2241.36,17.04113519
2241.843,17.04640709
2242.325,17.08466576
2242.807,17.07722933
2243.289,17.09875158
2243.771,17.09655689
2244.253,17.11999405
2244.735,17.11637706
2245.217,17.12233048
2245.699,17.14618066
2246.182,17.13952676
2246.664,17.16627982
2247.146,17.17602884
2247.628,17.16745738
2248.11,17.19818701
2248.592,17.20105157
2249.074,17.17944408
2249.556,17.22569362
2250.039,17.23246535
2250.521,17.22859428
2251.003,17.23357151
2251.485,17.26331485
2251.967,17.26605751
2252.449,17.26401052
2252.931,17.28508219
2253.413,17.26418215
2253.896,17.28311683
2254.378,17.3013656
2254.86,17.31592611
2255.342,17.31782255
2255.824,17.32224125
2256.306,17.35548199
2256.788,17.35298202
2257.27,17.35311275
2257.752,17.37046702
2258.235,17.3666813
2258.717,17.38681652
2259.199,17.39159299
2259.681,17.3917746
2260.163,17.40938832
2260.645,17.42058576
2261.127,17.41798304
2261.609,17.44232497
2262.092,17.42572143
2262.573,17.43842096
2263.056,17.4648241
2263.538,17.47142143
2264.02,17.48274763
2264.502,17.49477665
2264.984,17.49938046
2265.466,17.51163497
2265.948,17.50768236
2266.43,17.52959689
2266.913,17.52206176
2267.395,17.57053919
2267.877,17.55431273
2268.359,17.56496984
2268.841,17.57053065
2269.323,17.57579546
2269.805,17.58118672
2270.287,17.58035431
2270.77,17.60315119
2271.252,17.60230397
2271.734,17.61911228
2272.216,17.62791376
2272.698,17.62973331
2273.18,17.61010024
2273.662,17.65138535
2274.144,17.66190878
2274.626,17.67289683
2275.109,17.69791579
2275.591,17.69299695
2276.073,17.69862911
2276.555,17.71407649
2277.037,17.72227136
2277.519,17.72133132
2278.001,17.71915179
2278.483,17.74463515
2278.966,17.76445867
2279.448,17.77822592
2279.93,17.77265014
2280.412,17.79375889
2280.894,17.80020914
2281.376,17.79306128
2281.858,17.81883663
2282.34,17.82219689
2282.823,17.8274386
2283.305,17.82689838
2283.787,17.83018877
2284.269,17.85492013
2284.751,17.85001589
2285.233,17.84467315
2285.715,17.85235993
2286.197,17.87487472
2286.679,17.86285971
2287.162,17.87087573
2287.644,17.87991652
2288.126,17.88473314
2288.608,17.87772706
2289.09,17.87349381
2289.572,17.89124265
2290.054,17.89699181
2290.536,17.90682144
2291.019,17.90556023
2291.5,17.91191806
2291.983,17.92486744
2292.465,17.9202042
2292.947,17.94597351
2293.429,17.94948681
2293.911,17.95846326
2294.393,17.95353791
2294.875,17.96553197
2295.357,17.96306576
2295.84,17.98877395
2296.322,17.98376827
2296.804,17.99525103
2297.286,18.00676838
2297.768,18.01451512
2298.25,18.01020248
2298.732,18.01792602
2299.214,18.02567306
2299.697,18.02074148
2300.179,18.00917688
2300.661,18.02189107
2301.143,18.03104634
2301.625,18.04101655
2302.107,18.03973613
2302.589,18.03729839
2303.071,18.04475752
2303.553,18.06417673
2304.036,18.06000271
2304.518,18.04728415
2305,18.07167855
2305.482,18.06048981
2305.964,18.07700891
2306.446,18.07363178
2306.928,18.07333266
2307.41,18.08223239
2307.893,18.09297798
2308.375,18.09201948
2308.857,18.0895416
2309.339,18.10790967
2309.821,18.10025105
2310.303,18.1087118
2310.785,18.09429577
2311.267,18.08390585
2311.75,18.10230991
2312.232,18.09675535
2312.714,18.10028815
2313.196,18.10949141
2313.678,18.12286684
2314.16,18.10743591
2314.642,18.12038745
2315.124,18.11609921
2315.606,18.10959912
2316.089,18.13252908
2316.571,18.11386321
2317.053,18.14453759
2317.535,18.13215826
2318.017,18.15521013
2318.499,18.12764119
2318.981,18.14812189
2319.463,18.14982012
2319.946,18.16089582
2320.427,18.13013738
2320.91,18.15284706
2321.392,18.16364912
2321.874,18.15583735
2322.356,18.17369168
2322.838,18.15432854
2323.32,18.15603095
2323.802,18.14307185
2324.284,18.15643138
2324.767,18.16142292
2325.249,18.14036983
2325.731,18.15512007
2326.213,18.14168132
2326.695,18.15209534
2327.177,18.12943458
2327.659,18.12954636
2328.141,18.11925633
2328.624,18.13747627
2329.106,18.11552946
2329.588,18.10221659
2330.07,18.1206709
2330.552,18.12088225
2331.034,18.09257916
2331.516,18.12424381
2331.998,18.09716342
2332.48,18.11135197
2332.963,18.13814161
2333.445,18.12604229
2333.927,18.14289271
2334.409,18.12781134
2334.891,18.15816583
2335.373,18.1535896
2335.855,18.15325836
2336.337,18.14257661
2336.82,18.12866869
2337.302,18.15055024
2337.784,18.14389288
2338.266,18.11885191
2338.748,18.11728017
2339.23,18.09870749
2339.712,18.11960075
2340.194,18.10041782
2340.677,18.0566422
2341.159,18.06968305
2341.641,18.05217728
2342.123,18.03970064
2342.605,18.02624809
2343.087,18.04438207
2343.569,18.04492693
2344.051,18.03838503
2344.533,18.02962889
2345.016,18.03262857
2345.498,18.05319811
2345.98,18.05837241
2346.462,18.04204196
2346.944,18.06237507
2347.426,18.04721967
2347.908,18.05677001
2348.39,18.05951313
2348.873,18.0340482
2349.354,18.02716616
2349.837,18.04175085
2350.319,18.02824599
2350.801,18.02645841
2351.283,18.01204515
2351.765,18.01787109
2352.247,18.01555923
2352.729,18.01449944
2353.211,17.99186776
2353.694,18.0001702
2354.176,17.98903686
2354.658,17.98575795
2355.14,17.96828263
2355.622,17.94245454
2356.104,17.93858284
2356.586,17.93450754
2357.068,17.91511413
2357.551,17.90421779
2358.033,17.88972624
2358.515,17.88739301
2358.997,17.86624207
2359.479,17.88037626
2359.961,17.87192993
2360.443,17.87202976
2360.925,17.8677842
2361.407,17.87627582
2361.89,17.870376
2362.372,17.88396042
2362.854,17.87417527
2363.336,17.87014659
2363.818,17.86786327
2364.3,17.87554256
2364.782,17.87975351
2365.264,17.87437975
2365.747,17.86189448
2366.229,17.85887187
2366.711,17.86484647
2367.193,17.84705383
2367.675,17.83869584
2368.157,17.84955285
2368.639,17.83025705
2369.121,17.81976211
2369.604,17.80247912
2370.086,17.80803842
2370.568,17.80590213
2371.05,17.79400133
2371.532,17.79253579
2372.014,17.79987968
2372.496,17.80227791
2372.978,17.80906017
2373.46,17.8084355
2373.943,17.82072974
2374.425,17.81840838
2374.907,17.82374316
2375.389,17.81579192
2375.871,17.82865062
2376.353,17.81546782
2376.835,17.81311932
2377.317,17.81203345
2377.799,17.81612417
2378.281,17.79221817
2378.764,17.80288739
2379.246,17.79534093
2379.728,17.78296457
2380.21,17.78985704
2380.692,17.78280551
2381.174,17.7727613
2381.656,17.74899322
2382.138,17.75934496
2382.621,17.75246014
2383.103,17.75335265
2383.585,17.73743024
2384.067,17.73324274
2384.549,17.70404402
2385.031,17.71683006
2385.513,17.69069588
2385.995,17.69716788
2386.478,17.69799401
2386.96,17.69828452
2387.442,17.6791768
2387.924,17.67617272
2388.406,17.69952971
2388.888,17.68315477
2389.37,17.67510682
2389.852,17.66176575
2390.334,17.64075907
2390.817,17.66990638
2391.299,17.63189043
2391.781,17.6363917
2392.263,17.59998168
2392.745,17.62171714
2393.227,17.61072307
2393.709,17.60151142
2394.191,17.58361131
2394.674,17.58037702
2395.156,17.57585954
2395.638,17.60144737
2396.12,17.55692666
2396.602,17.55552054
2397.084,17.55000797
2397.566,17.54930767
2398.048,17.54572126
2398.531,17.5467574
2399.012,17.55585413
2399.495,17.52315236
2399.977,17.52452774
2400.459,17.5165437
2400.941,17.50874238
2401.423,17.50653978
2401.905,17.49835598
2402.387,17.50423982
2402.869,17.48287223
2403.352,17.47470894
2403.834,17.45958567
2404.316,17.46891959
2404.798,17.45262459
2405.28,17.44926498
2405.762,17.44963421
2406.244,17.43238218
2406.726,17.43450134
2407.208,17.40956919
2407.691,17.41341745
2408.173,17.41094205
2408.655,17.38261217
2409.137,17.40646929
2409.619,17.39204323
2410.101,17.3710049
2410.583,17.39257231
2411.065,17.36224013
2411.548,17.35543435
2412.03,17.3374244
2412.512,17.33119205
2412.994,17.34474925
2413.476,17.32439634
2413.958,17.34779412
2414.44,17.33323805
2414.922,17.32143434
2415.405,17.32184248
2415.887,17.30595468
2416.369,17.2893358
2416.851,17.30185123
2417.333,17.28934793
2417.815,17.28154275
2418.297,17.27345719
2418.779,17.27952392
2419.261,17.25580458
2419.744,17.26528586
2420.226,17.28118308
2420.708,17.24914919
2421.19,17.25202821
2421.672,17.2604861
2422.154,17.2528932
2422.636,17.21704606
2423.118,17.22033793
2423.601,17.22661451
2424.083,17.20520829
2424.565,17.2175949
2425.047,17.20366719
2425.529,17.1970007
2426.011,17.20923886
2426.493,17.21738363
2426.975,17.1914254
2427.458,17.20516435
2427.939,17.19568533
2428.422,17.18818362
2428.904,17.18156926
2429.386,17.18536277
2429.868,17.19363064
2430.35,17.1810458
2430.832,17.19698655
2431.314,17.1840212
2431.796,17.17044315
2432.279,17.15902644
2432.761,17.1659504
2433.243,17.14984547
2433.725,17.16321633
2434.207,17.15273057
2434.689,17.16638017
2435.171,17.15050912
2435.653,17.14899046
2436.135,17.14152419
2436.618,17.16432342
2437.1,17.13499286
2437.582,17.12339199
2438.064,17.12882573
2438.546,17.11566869
2439.028,17.13716575
2439.51,17.15439957
2439.992,17.14235066
2440.475,17.14419997
2440.957,17.12281797
2441.439,17.1295946
2441.921,17.12881729
2442.403,17.11114879
2442.885,17.10890444
2443.367,17.1084134
2443.849,17.12625101
2444.332,17.11447965
2444.814,17.11060953
2445.296,17.10941819
2445.778,17.09267491
2446.26,17.12457597
2446.742,17.11677662
2447.224,17.09309302
2447.706,17.12557421
2448.188,17.0981284
2448.671,17.09111165
2449.153,17.09502449
2449.635,17.09400869
2450.117,17.09742727
2450.599,17.11407249
2451.081,17.08079592
2451.563,17.10788145
2452.045,17.09208079
2452.528,17.0820684
2453.01,17.12285841
2453.492,17.09710599
2453.974,17.09552412
2454.456,17.09650123
2454.938,17.09304104
2455.42,17.08618384
2455.902,17.10463615
2456.385,17.09734529
2456.867,17.12105788
2457.349,17.10481578
2457.831,17.10790874
2458.313,17.11205384
2458.795,17.10235536
2459.277,17.11606851
2459.759,17.13627979
2460.241,17.12065469
2460.724,17.12081518
2461.206,17.1407161
2461.688,17.12622296
2462.17,17.14645385
2462.652,17.14527469
2463.134,17.13879765
2463.616,17.14424557
2464.098,17.14057435
2464.581,17.14649039
2465.062,17.13222447
2465.545,17.13349492
2466.027,17.13857364
2466.509,17.16293554
2466.991,17.13516825
2467.473,17.14809339
2467.955,17.15272482
2468.438,17.13641938
2468.919,17.14572834
2469.402,17.12997284
2469.884,17.1390995
2470.366,17.1715471
2470.848,17.16772541
2471.33,17.15590596
2471.812,17.17819266
2472.294,17.17918303
2472.776,17.17392662
2473.259,17.18914636
2473.741,17.19189769
2474.223,17.19567509
2474.705,17.23771535
2475.187,17.21288965
2475.669,17.23944559
2476.151,17.25046339
2476.633,17.24428702
2477.115,17.23211383
2477.598,17.2619275
2478.08,17.26261419
2478.562,17.26133597
2479.044,17.29342958
2479.526,17.28723663
2480.008,17.27857304
2480.49,17.29463218
2480.972,17.28492621
2481.455,17.28620227
2481.937,17.28942319
2482.419,17.28120751
2482.901,17.29194878
2483.383,17.29609763
2483.865,17.30131933
2484.347,17.30611925
2484.829,17.29045528
2485.312,17.31341634
2485.794,17.32046315
2486.276,17.34444756
2486.758,17.32986881
2487.24,17.3640574
2487.722,17.35597666
2488.204,17.34053189
2488.686,17.35183766
2489.168,17.36705273
2489.651,17.38700139
2490.133,17.39071767
2490.615,17.39735976
2491.097,17.39135815
2491.579,17.40230705
2492.061,17.40554182
2492.543,17.40414813
2493.025,17.43151918
2493.508,17.42237313
2493.99,17.43524743
2494.472,17.43675449
2494.954,17.4393684
2495.436,17.44782568
2495.918,17.43036619
2496.4,17.45703278
2496.882,17.46122688
2497.365,17.4765983
2497.846,17.46030387
2498.329,17.4776119
2498.811,17.47482064
2499.293,17.49609649
2499.775,17.48439117
2500.257,17.50315743
2500.739,17.48372872
2501.221,17.52780929
2501.703,17.53632406
2502.186,17.5312573
2502.668,17.53564231
2503.15,17.55186173
2503.632,17.54908344
2504.114,17.57866801
2504.596,17.56227219
2505.078,17.58051218
2505.56,17.57634695
2506.042,17.57280929
2506.525,17.58073048
2507.007,17.61135305
2507.489,17.61963844
2507.971,17.62714277
2508.453,17.60738128
2508.935,17.6343599
2509.417,17.63386391
2509.899,17.65660988
2510.382,17.65770281
2510.864,17.66300807
2511.346,17.67428483
2511.828,17.67587199
2512.31,17.68221713
2512.792,17.69064109
2513.274,17.68261764
2513.756,17.71680518
2514.239,17.71258493
2514.721,17.72953196
2515.203,17.73429207
2515.685,17.72774193
2516.167,17.74711472
2516.649,17.73054389
2517.131,17.74113191
2517.613,17.75644597
2518.095,17.79723807
2518.578,17.79329362
2519.06,17.79584283
2519.542,17.79442167
2520.024,17.81415488
2520.506,17.81086257
2520.988,17.82074622
2521.47,17.8108539
2521.952,17.84055219
2522.435,17.85768795
2522.917,17.84960171
2523.399,17.85069838
2523.881,17.8525033
2524.363,17.87675825
2524.845,17.86708692
2525.327,17.86845373
2525.809,17.88401731
2526.292,17.88562951
2526.773,17.89672398
2527.256,17.90050093
2527.738,17.90551486
2528.22,17.8998125
2528.702,17.92252633
2529.184,17.94239187
2529.666,17.93152065
2530.148,17.93659803
2530.63,17.97138243
2531.113,17.95727376
2531.595,17.97254544
2532.077,17.98061229
2532.559,17.97985892
2533.041,17.9897643
2533.523,18.00544262
2534.005,18.00191321
2534.487,18.02132231
2534.969,18.00595864
2535.452,18.02730209
2535.934,18.03656908
2536.416,18.02156462
2536.898,18.02567138
2537.38,18.0257047
2537.862,18.01653593
2538.344,18.05247001
2538.826,18.04181452
2539.309,18.04734963
2539.791,18.06019487
2540.273,18.08073438
2540.755,18.08403437
2541.237,18.07877446
2541.719,18.08600299
2542.201,18.10442568
2542.683,18.10098019
2543.166,18.11150247
2543.648,18.13090186
2544.13,18.1204338
2544.612,18.1309901
2545.094,18.15732329
2545.576,18.14139027
2546.058,18.14604738
2546.54,18.1510221
2547.022,18.16564931
2547.505,18.17228018
2547.987,18.17646791
2548.469,18.17925611
2548.951,18.20092678
2549.433,18.19323442
2549.915,18.17591579
2550.397,18.18544147
2550.879,18.19872966
2551.362,18.19582395
2551.844,18.18932514
2552.326,18.19834508
2552.808,18.21036874
2553.29,18.20141009
2553.772,18.20862827
2554.254,18.19579494
2554.736,18.21805751
2555.219,18.21309634
2555.7,18.24566492
2556.183,18.23195915
2556.665,18.2273234
2557.147,18.23344439
2557.629,18.25941892
2558.111,18.24714417
2558.593,18.26461435
2559.075,18.27884091
2559.557,18.26568145
2560.04,18.27155103
2560.522,18.25482431
2561.004,18.28663891
2561.486,18.29066641
2561.968,18.30166621
2562.45,18.29808498
2562.932,18.29757042
2563.414,18.30427788
2563.896,18.31078976
2564.379,18.31471526
2564.861,18.32902476
2565.343,18.31467701
2565.825,18.32160138
2566.307,18.31957325
2566.789,18.31433583
2567.271,18.32064294
2567.753,18.32326633
2568.236,18.32665737
2568.718,18.3222615
2569.2,18.34400797
2569.682,18.33021479
2570.164,18.34987696
2570.646,18.33647884
2571.128,18.3347278
2571.61,18.34963023
2572.093,18.3381709
2572.575,18.34186707
2573.057,18.33762633
2573.539,18.33542875
2574.021,18.34979184
2574.503,18.34940525
2574.985,18.35460299
2575.467,18.35917738
2575.949,18.32816307
2576.432,18.35167151
2576.914,18.35039732
2577.396,18.35663822
2577.878,18.3407635
2578.36,18.3554476
2578.842,18.36441385
2579.324,18.35613078
2579.806,18.36165671
2580.289,18.34268169
2580.771,18.36718721
2581.253,18.36322226
2581.735,18.37374067
2582.217,18.37443146
2582.699,18.37409086
2583.181,18.35800824
2583.663,18.37355905
2584.146,18.35997056
2584.627,18.35724631
2585.11,18.36610832
2585.592,18.36040993
2586.074,18.38135639
2586.556,18.36925003
2587.038,18.38092844
2587.52,18.34552006
2588.002,18.37996307
2588.484,18.3740811
2588.967,18.35071763
2589.449,18.35512656
2589.931,18.35779811
2590.413,18.35872592
2590.895,18.34969868
2591.377,18.33725563
2591.859,18.34034761
2592.341,18.34989423
2592.823,18.33902921
2593.306,18.34237308
2593.788,18.33546701
2594.27,18.342024
2594.752,18.354217
2595.234,18.3351741
2595.716,18.35650858
2596.198,18.32840355
2596.68,18.31949058
2597.163,18.36133147
2597.645,18.33255863
2598.127,18.30750948
2598.609,18.32182614
2599.091,18.3271635
2599.573,18.32105805
2600.055,18.31903108
2600.537,18.31296483
2601.02,18.31450715
2601.502,18.32249908
2601.984,18.31750097
2602.466,18.30506953
2602.948,18.28968785
2603.43,18.30777916
2603.912,18.29297028
2604.394,18.30581168
2604.876,18.2937955
2605.359,18.29495965
2605.841,18.29568023
2606.323,18.27079302
2606.805,18.30321165
2607.287,18.27694191
2607.769,18.28726094
2608.251,18.27656706
2608.733,18.26726801
2609.216,18.26182648
2609.698,18.24361258
2610.18,18.26695764
2610.662,18.2591053
2611.144,18.24165554
2611.626,18.25489009
2612.108,18.23121511
2612.59,18.2286841
2613.073,18.23792509
2613.554,18.23104528
2614.037,18.22689131
2614.519,18.20625785
2615.001,18.22042412
2615.483,18.19971965
2615.965,18.19393126
2616.447,18.21338704
2616.929,18.18893178
2617.411,18.19086233
2617.894,18.19572335
2618.376,18.20380267
2618.858,18.19072581
2619.34,18.17934629
2619.822,18.16538272
2620.304,18.20516766
2620.786,18.18637203
2621.268,18.16658089
2621.75,18.16998768
2622.233,18.16246192
2622.715,18.16771381
2623.197,18.15758947
2623.679,18.15770791
2624.161,18.14669209
2624.643,18.13637042
2625.125,18.13192741
2625.607,18.10954567
2626.09,18.12354304
2626.572,18.11347855
2627.054,18.08399213
2627.536,18.08678235
2628.018,18.08517917
2628.5,18.08859103
2628.982,18.07623255
2629.464,18.06485219
2629.947,18.06768226
2630.429,18.0586435
2630.911,18.04116916
2631.393,18.04920256
2631.875,18.04763416
2632.357,18.01778964
2632.839,18.02940008
2633.321,18.03150017
2633.803,18.01546286
2634.286,18.01397593
2634.768,18.0092056
2635.25,18.00944068
2635.732,18.02343964
2636.214,18.01612411
2636.696,17.98835001
2637.178,17.99368541
2637.66,17.99466463
2638.143,17.99013287
2638.625,17.97013499
2639.107,17.98243337
2639.589,17.96888927
2640.071,17.96031002
2640.553,17.93763442
2641.035,17.9229908
2641.517,17.93433508
2642,17.92949869
2642.481,17.93247291
2642.964,17.91267834
2643.446,17.92076881
2643.928,17.90041445
2644.41,17.9090768
2644.892,17.91445071
2645.374,17.8934694
2645.856,17.88798012
2646.338,17.88879929
2646.821,17.87539812
2647.303,17.85380771
2647.785,17.86627046
2648.267,17.86814103
2648.749,17.8463277
2649.231,17.85453331
2649.713,17.85061809
2650.195,17.85335193
2650.677,17.85120481
2651.16,17.8209273
2651.642,17.82160941
2652.124,17.83388708
2652.606,17.79831128
2653.088,17.78815047
2653.57,17.79695356
2654.052,17.77868378
2654.534,17.80444323
2655.017,17.77275268
2655.499,17.76984392
2655.981,17.77106285
2656.463,17.77324345
2656.945,17.75968501
2657.427,17.7526922
2657.909,17.74107788
2658.391,17.74058548
2658.874,17.75173755
2659.356,17.74170992
2659.838,17.74143158
2660.32,17.74074899
2660.802,17.71300687
2661.284,17.71897899
2661.766,17.73332571
2662.248,17.69940938
2662.73,17.70937902
2663.213,17.69519251
2663.695,17.68954645
2664.177,17.69775796
2664.659,17.70057469
2665.141,17.67634941
2665.623,17.66714066
2666.105,17.66677328
2666.587,17.64494533
2667.07,17.64780765
2667.552,17.65310464
2668.034,17.6436927
2668.516,17.62014535
2668.998,17.61011858
2669.48,17.60948143
2669.962,17.61136287
2670.444,17.60941981
2670.927,17.60979717
2671.408,17.60844365
2671.891,17.59201732
2672.373,17.59477924
2672.855,17.61061122
2673.337,17.59050482
2673.819,17.58933866
2674.301,17.59472219
2674.783,17.58357241
2675.265,17.58355401
2675.748,17.60176564
2676.23,17.58845235
2676.712,17.60410906
2677.194,17.58317334
2677.676,17.58347215
2678.158,17.57571221
2678.64,17.56676322
2679.122,17.54502663
2679.604,17.54220942
2680.087,17.53408639
2680.569,17.5339057
2681.051,17.53592041
2681.533,17.51141365
2682.015,17.52565203
2682.497,17.52199207
2682.979,17.5119784
2683.461,17.5117376
2683.944,17.513355
2684.426,17.51865637
2684.908,17.50629347
2685.39,17.51310881
2685.872,17.50616107
2686.354,17.50640498
2686.836,17.5049252
2687.318,17.48868313
2687.801,17.48601453
2688.283,17.5030195
2688.765,17.50105187
2689.247,17.50889369
2689.729,17.50670136
2690.211,17.48500979
2690.693,17.48317782
2691.175,17.47048883
2691.657,17.49556689
2692.14,17.47188692
2692.622,17.47022331
2693.104,17.46820985
2693.586,17.45264014
2694.068,17.46435629
2694.55,17.45849994
2695.032,17.45241539
2695.514,17.46365959
2695.997,17.45762811
2696.479,17.45063399
2696.961,17.4524238
2697.443,17.45116386
2697.925,17.44024791
2698.407,17.44768978
2698.889,17.4425271
2699.371,17.44539979
2699.854,17.45183429
2700.335,17.44219355
2700.818,17.4448848
2701.3,17.44531762
2701.782,17.46900046
2702.264,17.45849502
2702.746,17.45136974
2703.228,17.46523002
2703.71,17.45485974
2704.192,17.45548551
2704.675,17.46058156
2705.157,17.45691805
2705.639,17.43626298
2706.121,17.46178611
2706.603,17.44887984
2707.085,17.4644799
2707.567,17.45752088
2708.049,17.46099279
2708.531,17.45130213
2709.014,17.46014241
2709.496,17.46000138
2709.978,17.4538187
2710.46,17.4534093
2710.942,17.45449975
2711.424,17.45065077
2711.906,17.45975297
2712.388,17.46794464
2712.871,17.45154693
2713.353,17.46474709
2713.835,17.46473377
2714.317,17.46234461
2714.799,17.46848991
2715.281,17.47736985
2715.763,17.46339397
2716.245,17.47042896
2716.728,17.44180121
2717.21,17.45173435
2717.692,17.45532193
2718.174,17.46051153
2718.656,17.47493629
2719.138,17.44019643
2719.62,17.46068618
2720.102,17.45259
2720.584,17.47339048
2721.067,17.47561433
2721.549,17.47671334
2722.031,17.48530528
2722.513,17.4743448
2722.995,17.48875484
2723.477,17.50099918
2723.959,17.50941116
2724.441,17.49705687
2724.924,17.49159973
2725.406,17.51794559
2725.888,17.52627841
2726.37,17.53913733
2726.852,17.53001063
2727.334,17.50566185
2727.816,17.51881262
2728.298,17.53882868
2728.781,17.52938453
2729.262,17.54223157
2729.745,17.53467872
2730.227,17.54244579
2730.709,17.53765378
2731.191,17.54342271
2731.673,17.55090627
2732.155,17.57165201
2732.637,17.56582266
2733.119,17.54722186
2733.602,17.56269033
2734.084,17.57662591
2734.566,17.55885409
2735.048,17.56265485
2735.53,17.57542784
2736.012,17.57053411
2736.494,17.59602109
2736.976,17.59272676
2737.458,17.56958238
2737.941,17.59397039
2738.423,17.58827974
2738.905,17.59502675
2739.387,17.61002206
2739.869,17.59116831
2740.351,17.62052523
2740.833,17.62157449
2741.315,17.60905456
2741.798,17.61872906
2742.28,17.62870665
2742.762,17.62821725
2743.244,17.61701255
2743.726,17.64982899
2744.208,17.62613394
2744.69,17.63622966
2745.172,17.64672422
2745.655,17.65250281
2746.137,17.64739982
2746.619,17.65165693
2747.101,17.6580948
2747.583,17.66637336
2748.065,17.65560214
2748.547,17.68245142
2749.029,17.69146685
2749.511,17.694938
2749.994,17.6858686
2750.476,17.6962402
2750.958,17.70159327
2751.44,17.70771503
2751.922,17.7027165
2752.404,17.7248229
2752.886,17.73458957
2753.368,17.72302369
2753.851,17.72123513
2754.333,17.73756685
2754.815,17.74602539
2755.297,17.74977792
2755.779,17.77193377
2756.261,17.75084963
2756.743,17.77843234
2757.225,17.76420523
2757.708,17.77146602
2758.189,17.77416901
2758.672,17.77954669
2759.154,17.80238187
2759.636,17.7783121
2760.118,17.80077548
2760.6,17.80277331
2761.082,17.81541002
2761.564,17.8179997
2762.046,17.81992283
2762.529,17.83839476
2763.011,17.82882149
2763.493,17.82897159
2763.975,17.85428845
2764.457,17.83257315
2764.939,17.86022577
2765.421,17.8707084
2765.903,17.86833879
2766.385,17.86648139
2766.868,17.897203
2767.35,17.88444351
2767.832,17.89749334
2768.314,17.90918316
2768.796,17.92012299
2769.278,17.94365928
2769.76,17.93936999
2770.242,17.92392368
2770.725,17.94010999
2771.207,17.93924378
2771.689,17.96321204
2772.171,17.95595786
2772.653,17.94538661
2773.135,17.96396368
2773.617,17.97597139
2774.099,17.98656825
2774.582,17.99289666
2775.064,17.98859944
2775.546,17.98816842
2776.028,18.02291635
2776.51,17.99723423
2776.992,17.99581492
2777.474,18.03799093
2777.956,18.03374991
2778.438,18.03677799
2778.921,18.03953321
2779.403,18.00843756
2779.885,18.03406356
2780.367,18.04726278
2780.849,18.04941665
2781.331,18.0474924
2781.813,18.06334822
2782.295,18.09174798
2782.778,18.06869328
2783.26,18.07221326
2783.742,18.07187668
2784.224,18.07691722
2784.706,18.06554138
2785.188,18.09114852
2785.67,18.09907977
2786.152,18.09728828
2786.635,18.10049896
2787.116,18.10402174
2787.599,18.1141029
2788.081,18.12691244
2788.563,18.1137765
2789.045,18.1223863
2789.527,18.14361868
2790.009,18.12814537
2790.491,18.1446524
2790.973,18.15071365
2791.456,18.13415058
2791.938,18.15480926
2792.42,18.17220271
2792.902,18.16931901
2793.384,18.16995745
2793.866,18.17803732
2794.348,18.19986868
2794.83,18.19529903
2795.312,18.19932127
2795.795,18.22334619
2796.277,18.19853507
2796.759,18.21618116
2797.241,18.19768408
2797.723,18.20902396
2798.205,18.21848592
2798.687,18.21009976
2799.169,18.23034299
2799.652,18.21511185
2800.134,18.23033513
2800.616,18.23141921
2801.098,18.22887794
2801.58,18.24773616
2802.062,18.25745418
2802.544,18.26095447
2803.026,18.27670176
2803.509,18.2606489
2803.991,18.25044001
2804.473,18.27147319
2804.955,18.27543113
2805.437,18.25383967
2805.919,18.28090935
2806.401,18.27318274
2806.883,18.29512022
2807.365,18.28368491
2807.848,18.2654726
2808.33,18.2878303
2808.812,18.29698477
2809.294,18.30181044
2809.776,18.31317264
2810.258,18.3156904
2810.74,18.32769996
2811.222,18.31692793
2811.705,18.32971728
2812.187,18.33735616
2812.669,18.3296373
2813.151,18.33977854
2813.633,18.34343928
2814.115,18.33383481
2814.597,18.3536594
2815.079,18.36035849
2815.562,18.34524879
2816.043,18.34034232
2816.526,18.35484771
2817.008,18.35401716
2817.49,18.35553732
2817.972,18.35830241
2818.454,18.37387606
2818.936,18.34884921
2819.418,18.36505162
2819.9,18.37635581
2820.383,18.36641419
2820.865,18.38978724
2821.347,18.39323833
2821.829,18.39657277
2822.311,18.37811163
2822.793,18.38591883
2823.275,18.39742545
2823.757,18.39146124
2824.24,18.40251165
2824.722,18.38484077
2825.204,18.41172316
2825.686,18.385182
2826.168,18.4184713
2826.65,18.40587821
2827.132,18.41711765
2827.614,18.40093068
2828.096,18.40076878
2828.579,18.41389479
2829.061,18.40488309
2829.543,18.41433315
2830.025,18.42522867
2830.507,18.409772
2830.989,18.41870847
2831.471,18.41750526
2831.953,18.42845865
2832.436,18.42753668
2832.918,18.42288953
2833.4,18.42000932
2833.882,18.40288401
2834.364,18.41515986
2834.846,18.40889837
2835.328,18.38593036
2835.81,18.40582475
2836.292,18.38190196
2836.775,18.3900506
2837.257,18.36694247
2837.739,18.4062659
2838.221,18.40434319
2838.703,18.41252079
2839.185,18.43678225
2839.667,18.40133448
2840.149,18.40625748
2840.632,18.40170003
2841.114,18.40783477
2841.596,18.43021494
2842.078,18.41815381
2842.56,18.41106397
2843.042,18.40544173
2843.524,18.41889643
2844.006,18.39986474
2844.489,18.40087044
2844.97,18.40295197
2845.453,18.40079641
2845.935,18.40952278
2846.417,18.42625052
2846.899,18.42624936
2847.381,18.41180624
2847.863,18.41308686
2848.345,18.43611107
2848.827,18.42767509
2849.31,18.41680755
2849.792,18.41630105
2850.274,18.39544708
2850.756,18.42662998
2851.238,18.41307483
2851.72,18.39625206
2852.202,18.40071548
2852.684,18.41760163
2853.167,18.38237268
2853.649,18.39839511
2854.131,18.37475183
2854.613,18.39796291
2855.095,18.39977424
2855.577,18.37454672
2856.059,18.39388967
2856.541,18.36386422
2857.023,18.37581672
2857.506,18.37156043
2857.988,18.36667383
2858.47,18.35493076
2858.952,18.35612471
2859.434,18.370103
2859.916,18.37174628
2860.398,18.37877294
2860.88,18.3660187
2861.363,18.35253112
2861.845,18.36459336
2862.327,18.35348732
2862.809,18.3520481
2863.291,18.36394627
2863.773,18.36813368
2864.255,18.34921852
2864.737,18.35820606
2865.219,18.37160809
2865.702,18.36768623
2866.184,18.34745339
2866.666,18.34322402
2867.148,18.34434725
2867.63,18.33715479
2868.112,18.33821013
2868.594,18.32264297
2869.076,18.32627224
2869.559,18.32439349
2870.041,18.30714183
2870.523,18.32413938
2871.005,18.29096275
2871.487,18.28875957
2871.969,18.29488294
2872.451,18.28725251
2872.933,18.3176079
2873.416,18.29972662
2873.897,18.29251025
2874.38,18.29622483
2874.862,18.27359188
2875.344,18.26193458
2875.826,18.27005979
2876.308,18.2666167
2876.79,18.25891602
2877.272,18.26413375
2877.754,18.23645605
2878.237,18.2416674
2878.719,18.25571351
2879.201,18.23025545
2879.683,18.23299117
2880.165,18.25486624
2880.647,18.23360836
2881.129,18.23758999
2881.611,18.23115012
2882.094,18.2229046
2882.576,18.21468883
2883.058,18.21041722
2883.54,18.21045403
2884.022,18.19219638
2884.504,18.1900676
2884.986,18.18865229
2885.468,18.18526883
2885.95,18.18362169
2886.433,18.17804617
2886.915,18.18017515
2887.397,18.16384343
2887.879,18.18450061
2888.361,18.14549541
2888.843,18.15893295
2889.325,18.1542965
2889.807,18.1517321
2890.29,18.1399434
2890.772,18.13448089
2891.254,18.12830902
2891.736,18.12358396
2892.218,18.11983482
2892.7,18.13497106
2893.182,18.13552356
2893.664,18.11945274
2894.146,18.12205278
2894.629,18.11582165
2895.111,18.09355527
2895.593,18.11831411
2896.075,18.10669357
2896.557,18.08287791
2897.039,18.08531366
2897.521,18.07770339
2898.003,18.06277041
2898.486,18.08292932
2898.968,18.05974076
2899.45,18.05678223
2899.932,18.07656258
2900.414,18.05853455
2900.896,18.04454555
2901.378,18.05993074
2901.86,18.05008445
2902.343,18.04773338
2902.824,18.0553396
2903.307,18.04373692
2903.789,18.04447413
2904.271,18.04458393
2904.753,18.02686737
2905.235,18.02486886
2905.717,18.01941908
2906.199,18.02532022
2906.681,18.02637397
2907.164,18.01803476
2907.646,18.00083549
2908.128,17.98553505
2908.61,17.99088978
2909.092,17.98347166
2909.574,17.98089702
2910.056,17.96694452
2910.538,17.97716323
2911.021,17.94260603
2911.503,17.93792817
2911.985,17.94487568
2912.467,17.94693574
2912.949,17.95089839
2913.431,17.94686883
2913.913,17.93643652
2914.395,17.92667616
2914.877,17.95335032
2915.36,17.91775066
2915.842,17.91978901
2916.324,17.92998481
2916.806,17.93040133
2917.288,17.90848676
2917.77,17.90762764
2918.252,17.90133405
2918.734,17.89787773
2919.217,17.90648107
2919.699,17.8805928
2920.181,17.89070529
2920.663,17.88276745
2921.145,17.87342275
2921.627,17.90060099
2922.109,17.8903685
2922.591,17.88331581
2923.073,17.87795275
2923.556,17.87796397
2924.038,17.87322122
2924.52,17.87810696
2925.002,17.86328328
2925.484,17.86501484
2925.966,17.84375638
2926.448,17.8542141
2926.93,17.85104461
2927.413,17.85556058
2927.895,17.83678161
2928.377,17.84411198
2928.859,17.82755835
2929.341,17.82210144
2929.823,17.81518788
2930.305,17.80662566
2930.787,17.82649289
2931.27,17.83483241
2931.751,17.81495463
2932.234,17.80241871
2932.716,17.81282477
2933.198,17.78958912
2933.68,17.8143361
2934.162,17.78685635
2934.644,17.79271402
2935.126,17.8001965
2935.608,17.78682046
2936.091,17.80670209
2936.573,17.78442523
2937.055,17.76615433
2937.537,17.79733711
2938.019,17.78785505
2938.501,17.76735151
2938.983,17.76322431
2939.465,17.7878502
2939.948,17.78666494
2940.43,17.80209159
2940.912,17.76879846
2941.394,17.77623601
2941.876,17.78823454
2942.358,17.77050652
2942.84,17.77287872
2943.322,17.75869194
2943.804,17.77555243
2944.287,17.75009706
2944.769,17.76701105
2945.251,17.77552434
2945.733,17.74042218
2946.215,17.75476397
2946.697,17.73636536
2947.179,17.74482196
2947.661,17.724677
2948.144,17.74992007
2948.626,17.73384192
2949.108,17.74170852
2949.59,17.7342986
2950.072,17.73588446
2950.554,17.73575004
2951.036,17.74596609
2951.518,17.74138506
2952,17.74981258
2952.483,17.7321075
2952.965,17.71926555
2953.447,17.72716489
2953.929,17.7201821
2954.411,17.72919401
2954.893,17.72553455
2955.375,17.72251435
2955.857,17.73519035
2956.34,17.73166164
2956.822,17.70561961
2957.304,17.7318369
2957.786,17.7347369
2958.268,17.7249952
2958.75,17.72191068
2959.232,17.72609294
2959.714,17.70578394
2960.197,17.72681809
2960.678,17.70727144
2961.161,17.69237432
2961.643,17.705862
2962.125,17.69990853
2962.607,17.68766849
2963.089,17.68286436
2963.571,17.69677827
2964.053,17.68394274
2964.535,17.69408049
2965.018,17.68727905
2965.5,17.68162009
2965.982,17.69881502
2966.464,17.68198049
2966.946,17.69751589
2967.428,17.70466378
2967.91,17.70100604
2968.392,17.7011504
2968.875,17.70037308
2969.357,17.70921247
2969.839,17.71379805
2970.321,17.71201652
2970.803,17.71205035
2971.285,17.72155779
2971.767,17.71417117
2972.249,17.71963319
2972.731,17.72240155
2973.214,17.72146098
2973.696,17.73426169
2974.178,17.72777143
2974.66,17.73529903
2975.142,17.72182671
2975.624,17.72465503
2976.106,17.74081491
2976.588,17.725886
2977.071,17.75333189
2977.553,17.73008001
2978.035,17.73724455
2978.517,17.75999518
2978.999,17.7491669
2979.481,17.76156635
2979.963,17.75727685
2980.445,17.73981317
2980.927,17.75507345
2981.41,17.77025654
2981.892,17.75673499
2982.374,17.78386162
2982.856,17.77654608
2983.338,17.77514815
2983.82,17.77359473
2984.302,17.78436434
2984.784,17.78170911
2985.267,17.78523575
2985.749,17.79204053
2986.231,17.79538011
2986.713,17.78247154
2987.195,17.77546542
2987.677,17.80576966
2988.159,17.79652877
2988.641,17.81859003
2989.124,17.80714233
2989.605,17.80371516
2990.088,17.77763092
2990.57,17.78111728
2991.052,17.77873026
2991.534,17.77325149
2992.016,17.77502679
2992.498,17.79596494
2992.98,17.78689253
2993.462,17.77811045
2993.945,17.80128145
2994.427,17.79293661
2994.909,17.80773522
2995.391,17.80232952
2995.873,17.81098919
2996.355,17.82366324
2996.837,17.82578122
2997.319,17.84215174
2997.802,17.81181148
2998.284,17.85192187
2998.766,17.84516098
2999.248,17.84737325
2999.73,17.86383464
3000.212,17.8514348
3000.694,17.8622372
3001.176,17.86832362
3001.658,17.88565573
3002.141,17.88610814
3002.623,17.90406865
3003.105,17.89080833
3003.587,17.89389391
3004.069,17.91399002
3004.551,17.90597245
3005.033,17.89783207
3005.515,17.91785453
3005.998,17.89502301
3006.48,17.91520443
3006.962,17.91556209
3007.444,17.91602559
3007.926,17.91145494
3008.408,17.90768927
3008.89,17.9234336
3009.372,17.92265893
3009.854,17.93974592
3010.337,17.93335363
3010.819,17.934327
3011.301,17.9452519
3011.783,17.94806573
3012.265,17.96537784
3012.747,17.97391855
3013.229,17.98069943
3013.711,17.97600796
3014.194,17.9474163
3014.676,17.98038017
3015.158,17.97978433
3015.64,17.97605232
3016.122,17.97175562
3016.604,17.9819883
3017.086,17.97198351
3017.568,17.98974048
3018.051,17.98388928
3018.532,17.99403711
3019.015,18.00976402
3019.497,18.01902878
3019.979,18.0078934
3020.461,18.01732887
3020.943,18.01918036
3021.425,18.02926695
3021.907,18.01404861
3022.389,18.05755365
3022.872,18.04848041
3023.354,18.05125908
3023.836,18.05119445
3024.318,18.04802953
3024.8,18.06321611
3025.282,18.05844362
3025.764,18.0800881
3026.246,18.07530197
3026.729,18.09987354
3027.211,18.08460854
3027.693,18.09641259
3028.175,18.09726465
3028.657,18.10469814
3029.139,18.12261291
3029.621,18.11935029
3030.103,18.12609814
3030.585,18.11590838
3031.068,18.13388867
3031.55,18.12882466
3032.032,18.15123565
3032.514,18.14927907
3032.996,18.12947913
3033.478,18.14810591
3033.96,18.14839135
3034.442,18.14628415
3034.925,18.14531629
3035.407,18.14762725
3035.889,18.14483051
3036.371,18.15371483
3036.853,18.16733384
3037.335,18.16835883
3037.817,18.16282453
3038.299,18.17190076
3038.781,18.16625696
3039.264,18.18731193
3039.746,18.18478827
3040.228,18.18774823
3040.71,18.19422579
3041.192,18.20059039
3041.674,18.21533769
3042.156,18.21281114
3042.638,18.21693318
3043.121,18.24955589
3043.603,18.25380822
3044.085,18.25759838
3044.567,18.26446743
3045.049,18.26111803
3045.531,18.27888247
3046.013,18.26234106
3046.495,18.28694649
3046.978,18.27739879
3047.459,18.27781691
3047.942,18.26789807
3048.424,18.277149
3048.906,18.27646219
3049.388,18.2714551
3049.87,18.26840284
3050.352,18.28679079
3050.834,18.26262682
3051.316,18.26414019
3051.799,18.29510832
3052.281,18.30126175
3052.763,18.31697643
3053.245,18.30387991
3053.727,18.29876123
3054.209,18.30691864
3054.691,18.31419829
3055.173,18.32468665
3055.656,18.30100412
3056.138,18.32352375
3056.62,18.32692182
3057.102,18.32908047
3057.584,18.32786392
3058.066,18.31721408
3058.548,18.345728
3059.03,18.33726738
3059.512,18.35730164
3059.995,18.34866211
3060.477,18.34525534
3060.959,18.35110589
3061.441,18.36657885
3061.923,18.36219415
3062.405,18.34707573
3062.887,18.35164124
3063.369,18.37870856
3063.852,18.37033465
3064.334,18.38355653
3064.816,18.36787789
3065.298,18.35948323
3065.78,18.39229174
3066.262,18.3971662
3066.744,18.38367988
3067.226,18.38157936
3067.708,18.38473232
3068.191,18.39634758
3068.673,18.38513052
3069.155,18.39451751
3069.637,18.39995544
3070.119,18.40344011
3070.601,18.40738901
3071.083,18.40968224
3071.565,18.42367377
3072.048,18.422511
3072.53,18.41663885
3073.012,18.41942462
3073.494,18.41924594
3073.976,18.42426301
3074.458,18.4222619
3074.94,18.45274039
3075.422,18.43229876
3075.905,18.43004754
3076.386,18.45289353
3076.869,18.43747815
3077.351,18.4463332
3077.833,18.44054854
3078.315,18.439431
3078.797,18.4460033
3079.279,18.45066289
3079.761,18.45638179
3080.243,18.45628698
3080.726,18.43211106
3081.208,18.44821466
3081.69,18.44523341
3082.172,18.46174288
3082.654,18.44366257
3083.136,18.45449003
3083.618,18.45516291
3084.1,18.452824
3084.583,18.43290692
3085.065,18.46516843
3085.547,18.45252001
3086.029,18.4543308
3086.511,18.45017194
3086.993,18.43242838
3087.475,18.45046094
3087.957,18.42628757
3088.439,18.43939286
3088.922,18.45386785
3089.404,18.43312097
3089.886,18.45820682
3090.368,18.44996837
3090.85,18.45706539
3091.332,18.44275606
3091.814,18.45960906
3092.296,18.44154262
3092.779,18.46104728
3093.261,18.45408629
3093.743,18.4612463
3094.225,18.4645639
3094.707,18.47234082
3095.189,18.45443895
3095.671,18.4417743
3096.153,18.46268175
3096.635,18.45527447
3097.118,18.4670286
3097.6,18.45601503
3098.082,18.44662895
3098.564,18.44928793
3099.046,18.428059
3099.528,18.45901359
3100.01,18.46246744
3100.492,18.43849888
3100.975,18.4314948
3101.457,18.44778644
3101.939,18.44614801
3102.421,18.45009
3102.903,18.44564096
3103.385,18.4396958
3103.867,18.45162119
3104.349,18.44039286
3104.832,18.45235434
3105.313,18.45404591
3105.796,18.45260951
3106.278,18.47485313
3106.76,18.44575732
3107.242,18.43078826
3107.724,18.44605483
3108.206,18.43916701
3108.688,18.4426295
3109.17,18.44753555
3109.653,18.44540019
3110.135,18.45280712
3110.617,18.44447664
3111.099,18.451778
3111.581,18.45499061
3112.063,18.45437188
3112.545,18.43828516
3113.027,18.42729988
3113.51,18.43825719
3113.992,18.42563828
3114.474,18.40842867
3114.956,18.42581031
3115.438,18.41937646
3115.92,18.41270553
3116.402,18.39949999
3116.884,18.40121609
3117.366,18.39051
3117.849,18.39076138
3118.331,18.38233557
3118.813,18.4015577
3119.295,18.38241585
3119.777,18.38813515
3120.259,18.39051146
3120.741,18.3857595
3121.223,18.37573792
3121.706,18.3937538
3122.188,18.36947331
3122.67,18.37972048
3123.152,18.37312141
3123.634,18.37685973
3124.116,18.38613547
3124.598,18.3634643
3125.08,18.36768095
3125.562,18.35572465
3126.045,18.35260151
3126.527,18.36364187
3127.009,18.34328068
3127.491,18.3469215
3127.973,18.36490367
3128.455,18.3361165
3128.937,18.33783956
3129.419,18.3330124
3129.902,18.32196703
3130.384,18.33612221
3130.866,18.3413998
3131.348,18.33865658
3131.83,18.32161619
3132.312,18.31811011
3132.794,18.32317706
3133.276,18.30353613
3133.759,18.30273064
3134.24,18.31557858
3134.723,18.3080872
3135.205,18.31501178
3135.687,18.32883327
3136.169,18.31449943
3136.651,18.29514176
3137.133,18.29467973
3137.615,18.30445235
3138.097,18.28755922
3138.58,18.2987736
3139.062,18.26198396
3139.544,18.2790172
3140.026,18.25665113
3140.508,18.26260499
3140.99,18.26009192
3141.472,18.25673398
3141.954,18.25642203
3142.437,18.23611369
3142.919,18.24550597
3143.401,18.25061642
3143.883,18.23478287
3144.365,18.22898708
3144.847,18.22176354
3145.329,18.24080601
3145.811,18.24742327
3146.293,18.23778505
3146.776,18.23819513
3147.258,18.23591771
3147.74,18.22586219
3148.222,18.21211976
3148.704,18.20918841
3149.186,18.2304848
3149.668,18.19772882
3150.15,18.20817286
3150.633,18.2010709
3151.115,18.2223416
3151.597,18.18870709
3152.079,18.19354805
3152.561,18.19163098
3153.043,18.17815964
3153.525,18.18403908
3154.007,18.18870597
3154.49,18.1899191
3154.972,18.1755447
3155.454,18.17383053
3155.936,18.1628021
3156.418,18.16493395
3156.9,18.16887161
3157.382,18.15927052
3157.864,18.15836844
3158.346,18.14725363
3158.829,18.14523282
3159.311,18.14723729
3159.793,18.13813832
3160.275,18.12046705
3160.757,18.1293766
3161.239,18.1430766
3161.721,18.12764763
3162.203,18.1092488
3162.686,18.12772433
3163.167,18.12269743
3163.65,18.11788798
3164.132,18.11811524
3164.614,18.12522167
3165.096,18.10962223
3165.578,18.11338032
3166.06,18.11588106
3166.542,18.09575308
3167.024,18.08077047
3167.507,18.10702365
3167.989,18.09514639
3168.471,18.09004946
3168.953,18.09395792
3169.435,18.09347741
3169.917,18.06907549
3170.399,18.07777525
3170.881,18.0669866
3171.364,18.06766207
3171.846,18.0338973
3172.328,18.04625701
3172.81,18.03281979
3173.292,18.04588399
3173.774,18.04942521
3174.256,18.03916009
3174.738,18.03580407
3175.22,18.02393542
3175.703,17.99391378
3176.185,18.02843093
3176.667,18.02681898
3177.149,18.01156565
3177.631,18.02390403
3178.113,18.02202895
3178.595,18.01360195
3179.077,18.00591676
3179.56,18.02322334
3180.042,18.01542646
3180.524,18.00194493
3181.006,18.00737244
3181.488,18.02377485
3181.97,18.00223849
3182.452,18.01385986
3182.934,18.01143368
3183.417,18.01798908
3183.899,17.98926896
3184.381,18.00102612
3184.863,18.01085372
3185.345,18.01115869
3185.827,17.98078181
3186.309,17.98845808
3186.791,17.9979086
3187.273,17.99257497
3187.756,17.97129975
3188.238,17.97321202
3188.72,17.97179544
3189.202,17.96861977
3189.684,17.98711114
3190.166,17.9741155
3190.648,17.97013017
3191.13,17.9672385
3191.613,18.01215526
3192.094,17.96323078
3192.577,17.95660621
3193.059,17.97221207
3193.541,17.97695598
3194.023,17.98068197
3194.505,17.97470014
3194.987,17.97295321
3195.469,17.98663429
3195.951,17.97096378
3196.434,17.97208703
3196.916,17.97582724
3197.398,17.97798057
3197.88,17.94927781
3198.362,17.93665
3198.844,17.95478443
3199.326,17.94997404
3199.808,17.9436626
3200.291,17.95069745
3200.773,17.95452773
3201.255,17.93353516
3201.737,17.93061212
3202.219,17.93749295
3202.701,17.93607821
3203.183,17.94362606
3203.665,17.91450814
3204.147,17.93753113
3204.63,17.93113786
3205.112,17.92910638
3205.594,17.91797191
3206.076,17.93392892
3206.558,17.92237566
3207.04,17.91986177
3207.522,17.93072523
3208.004,17.91949676
3208.487,17.93141698
3208.969,17.92768642
3209.451,17.93347688
3209.933,17.91248475
3210.415,17.92367011
3210.897,17.92503201
3211.379,17.92715811
3211.861,17.92977708
3212.344,17.92022047
3212.826,17.91747905
3213.308,17.93976754
3213.79,17.92308103
3214.272,17.94379492
3214.754,17.92080737
3215.236,17.93323525
3215.718,17.91070354
3216.2,17.90039816
3216.683,17.90884802
3217.165,17.90575711
3217.647,17.9012994
3218.129,17.91342199
3218.611,17.92411295
3219.093,17.90541177
3219.575,17.91818385
3220.057,17.93700638
3220.54,17.92344732
3221.021,17.93553123
3221.504,17.94384537
3221.986,17.92865993
3222.468,17.93070728
3222.95,17.92945249
3223.432,17.95241762
3223.914,17.92884595
3224.396,17.95134133
3224.878,17.93725876
3225.361,17.94151565
3225.843,17.94046957
3226.325,17.93339643
3226.807,17.9417141
3227.289,17.92553446
3227.771,17.93469034
3228.253,17.92197512
3228.735,17.93464208
3229.218,17.93402073
3229.7,17.94848386
3230.182,17.95071211
3230.664,17.94192995
3231.146,17.94894968
3231.628,17.95486504
3232.11,17.92150007
3232.592,17.96562469
3233.074,17.98675008
3233.557,17.96164044
3234.039,17.96106591
3234.521,17.9497093
3235.003,17.96340946
3235.485,17.93950137
3235.967,17.96582152
3236.449,17.96904302
3236.931,17.94966315
3237.414,17.95482383
3237.896,17.96108514
3238.378,17.9587784
3238.86,17.98559953
3239.342,17.97666242
3239.824,17.97073438
3240.306,17.96496852
3240.788,17.96102612
3241.271,17.97377928
3241.753,17.94887169
3242.235,17.98071905
3242.717,17.99469555
3243.199,17.98213
3243.681,17.98251811
3244.163,17.97634812
3244.645,17.98342543
3245.127,17.99412938
3245.61,17.97650154
3246.092,18.00517741
3246.574,18.00654638
3247.056,17.98501584
3247.538,17.97592921
3248.02,17.95933103
3248.502,17.97916474
3248.984,17.98804247
3249.467,17.97829041
3249.948,17.99421676
3250.431,17.99490754
3250.913,17.98995731
3251.395,17.9973132
3251.877,18.00507571
3252.359,18.01557985
3252.841,18.00064465
3253.323,18.00311799
3253.805,18.03632153
3254.288,18.03050001
3254.77,18.02483094
3255.252,18.0475477
3255.734,18.04320608
3256.216,18.06944926
3256.698,18.05749703
3257.18,18.06359626
3257.662,18.0527458
3258.145,18.05953757
3258.627,18.04258417
3259.109,18.06755143
3259.591,18.0535429
3260.073,18.06750845
3260.555,18.07229431
3261.037,18.08580877
3261.519,18.06803862
3262.001,18.07078284
3262.484,18.09336653
3262.966,18.07972352
3263.448,18.09426088
3263.93,18.09318585
3264.412,18.11153161
3264.894,18.10347213
3265.376,18.10012305
3265.858,18.13221176
3266.341,18.11631992
3266.823,18.11091528
3267.305,18.12394257
3267.787,18.12769137
3268.269,18.11081906
3268.751,18.12898519
3269.233,18.1398343
3269.715,18.14270941
3270.198,18.13582374
3270.68,18.1480812
3271.162,18.13048204
3271.644,18.14900067
3272.126,18.14910672
3272.608,18.15971894
3273.09,18.1546635
3273.572,18.15666431
3274.054,18.15679643
3274.537,18.1432068
3275.019,18.16880198
3275.501,18.14912532
3275.983,18.16521619
3276.465,18.18424007
3276.947,18.1958249
3277.429,18.18116456
3277.911,18.18494299
3278.394,18.17939549
3278.875,18.17734883
3279.358,18.1932061
3279.84,18.19254009
3280.322,18.20115924
3280.804,18.20321158
3281.286,18.20349015
3281.768,18.20630882
3282.25,18.2192148
3282.732,18.22672506
3283.215,18.24299651
3283.697,18.23532884
3284.179,18.24537374
3284.661,18.25084916
3285.143,18.25821411
3285.625,18.25749662
3286.107,18.25324428
3286.589,18.25794475
3287.072,18.27591433
3287.554,18.29459998
3288.036,18.28929955
3288.518,18.28588
3289,18.2957585
3289.482,18.30804014
3289.964,18.30552937
3290.446,18.27940773
3290.928,18.28273738
3291.411,18.29676854
3291.893,18.30787889
3292.375,18.31936063
3292.857,18.30140104
3293.339,18.30196319
3293.821,18.30881086
3294.303,18.3102042
3294.785,18.31817917
3295.268,18.30353947
3295.75,18.30531869
3296.232,18.30277382
3296.714,18.31030111
3297.196,18.32268122
3297.678,18.31212466
3298.16,18.31814791
3298.642,18.32220732
3299.125,18.31743712
3299.607,18.31952563
3300.089,18.35632791
3300.571,18.35831447
3301.053,18.33357566
3301.535,18.36609777
3302.017,18.36258457
3302.499,18.37002543
3302.981,18.36781574
3303.464,18.38616604
3303.946,18.35647397
3304.428,18.38654758
3304.91,18.38072953
3305.392,18.37787781
3305.874,18.3728671
3306.356,18.3803099
3306.838,18.36803277
3307.321,18.37697005
3307.802,18.36728579
3308.285,18.39016481
3308.767,18.37633838
3309.249,18.36468466
3309.731,18.36499939
3310.213,18.4018067
3310.695,18.39481654
3311.177,18.38757053
3311.659,18.39128831
3312.142,18.3909883
3312.624,18.40555659
3313.106,18.40983633
3313.588,18.40854644
3314.07,18.43195957
3314.552,18.44490246
3315.034,18.42893384
3315.516,18.42466705
3315.999,18.42366093
3316.481,18.44716419
3316.963,18.44808837
3317.445,18.46074333
3317.927,18.445751
3318.409,18.42878536
3318.891,18.44756042
3319.373,18.4498336
3319.855,18.44307091
3320.338,18.42782383
3320.82,18.44506316
3321.302,18.43757314
3321.784,18.43369265
3322.266,18.44132014
3322.748,18.45329562
3323.23,18.42632242
3323.712,18.46143244
3324.195,18.44747392
3324.677,18.45625025
3325.159,18.47215179
3325.641,18.45142807
3326.123,18.4428999
3326.605,18.48543732
3327.087,18.45841753
3327.569,18.47592316
3328.052,18.45782905
3328.534,18.45321127
3329.016,18.46980696
3329.498,18.4809284
3329.98,18.47718922
3330.462,18.47972045
3330.944,18.49686338
3331.426,18.47751984
3331.908,18.49536041
3332.391,18.5073061
3332.873,18.50398366
3333.355,18.48699549
3333.837,18.50190246
3334.319,18.49579668
3334.801,18.50433915
3335.283,18.50294407
3335.765,18.48747337
3336.248,18.52357823
3336.729,18.52503314
3337.212,18.52104424
3337.694,18.51289462
3338.176,18.51676023
3338.658,18.47745501
3339.14,18.49180689
3339.622,18.4905623
3340.104,18.5018304
3340.586,18.50008995
3341.069,18.49614246
3341.551,18.51036424
3342.033,18.48969391
3342.515,18.47924527
3342.997,18.49279526
3343.479,18.49723307
3343.961,18.48400979
3344.443,18.49696948
3344.926,18.5005054
3345.408,18.48126327
3345.89,18.49940212
3346.372,18.48940056
3346.854,18.47258668
3347.336,18.47710046
3347.818,18.4878736
3348.3,18.47382545
3348.782,18.4861171
3349.265,18.4852786
3349.747,18.46594369
3350.229,18.48865256
3350.711,18.49300355
3351.193,18.47665834
3351.675,18.48424349
3352.157,18.50176731
3352.639,18.47974394
3353.122,18.47469637
3353.604,18.46161113
3354.086,18.49074273
3354.568,18.48929951
3355.05,18.48074572
3355.532,18.49376656
3356.014,18.51660257
3356.496,18.50397468
3356.979,18.48722003
3357.461,18.50091306
3357.943,18.49357452
3358.425,18.49351648
3358.907,18.48396599
3359.389,18.49555347
3359.871,18.52137224
3360.353,18.51333839
3360.835,18.50226424
3361.318,18.48585007
3361.8,18.49925708
3362.282,18.49028399
3362.764,18.48411165
3363.246,18.50367517
3363.728,18.48205919
3364.21,18.49790091
3364.692,18.51369848
3365.174,18.48672721
3365.656,18.49467826
3366.139,18.49467145
3366.621,18.47168947
3367.103,18.47341759
3367.585,18.46747069
3368.067,18.43934478
3368.549,18.45741726
3369.031,18.44597319
3369.513,18.468917
3369.996,18.4589915
3370.478,18.45157635
3370.96,18.45047259
3371.442,18.4631728
3371.924,18.47731004
3372.406,18.44443011
3372.888,18.44648963
3373.37,18.45519644
3373.853,18.46937551
3374.335,18.45923009
3374.817,18.46613646
3375.299,18.46132764
3375.781,18.45770785
3376.263,18.45832545
3376.745,18.44890501
3377.227,18.45141571
3377.709,18.44837889
3378.192,18.45408217
3378.674,18.43712818
3379.156,18.43356649
3379.638,18.46097356
3380.12,18.44800631
3380.602,18.4367186
3381.084,18.42154845
3381.566,18.42407403
3382.049,18.40962024
3382.531,18.40251973
3383.013,18.40680232
3383.495,18.39659539
3383.977,18.42894741
3384.459,18.40958631
3384.941,18.39048025
3385.423,18.40326529
3385.906,18.39514395
3386.387,18.40500543
3386.87,18.38256203
3387.352,18.37413573
3387.834,18.36589285
3388.316,18.37709292
3388.798,18.37789466
3389.28,18.38390388
3389.762,18.37753978
3390.244,18.37312218
3390.727,18.39351268
3391.209,18.37603191
3391.691,18.37732577
3392.173,18.37781087
3392.655,18.38626033
3393.137,18.36696183
3393.619,18.34999231
3394.101,18.3668325
3394.583,18.36287284
3395.066,18.36353815
3395.548,18.37528015
3396.03,18.35887691
3396.512,18.34938308
3396.994,18.35553715
3397.476,18.33570212
3397.958,18.33129049
3398.44,18.33658356
3398.923,18.31914576
3399.405,18.33024375
3399.887,18.31958425
3400.369,18.32642809
3400.851,18.33299904
3401.333,18.32508043
3401.815,18.29851027
3402.297,18.30491085
3402.78,18.28081463
3403.262,18.29020209
3403.744,18.2857195
3404.226,18.26547055
3404.708,18.28478721
3405.19,18.28572518
3405.672,18.23722572
3406.154,18.25268892
3406.636,18.26759397
3407.119,18.24884145
3407.601,18.25346916
3408.083,18.25198954
3408.565,18.22762255
3409.047,18.26643112
3409.529,18.25773976
3410.011,18.25666305
3410.493,18.25252085
3410.976,18.25116153
3411.458,18.23513824
3411.94,18.24093204
3412.422,18.23789269
3412.904,18.22695274
3413.386,18.22047382
3413.868,18.24071659
3414.35,18.22486972
3414.833,18.22792941
3415.314,18.20307442
3415.797,18.20068975
3416.279,18.21057378
3416.761,18.19306636
3417.243,18.2121552
3417.725,18.21893764
3418.207,18.2197739
3418.689,18.19507676
3419.171,18.21853246
3419.654,18.20945659
3420.136,18.17283304
3420.618,18.18908394
3421.1,18.1981535
3421.582,18.18740495
3422.064,18.18049596
3422.546,18.16994026
3423.028,18.18144857
3423.51,18.16521592
3423.993,18.15913873
3424.475,18.19330977
3424.957,18.17881074
3425.439,18.17195642
3425.921,18.17287831
3426.403,18.1742672
3426.885,18.15841627
3427.367,18.16859127
3427.85,18.15528775
3428.332,18.16614318
3428.814,18.14899636
3429.296,18.16291594
3429.778,18.15826678
3430.26,18.14876591
3430.742,18.14154203
3431.224,18.15465079
3431.707,18.11801353
3432.189,18.13780278
3432.671,18.12922438
3433.153,18.10213906
3433.635,18.11829748
3434.117,18.12136712
3434.599,18.10995346
3435.081,18.1019084
3435.563,18.11166487
3436.046,18.11045003
3436.528,18.11416527
3437.01,18.13047889
3437.492,18.1247745
3437.974,18.11469669
3438.456,18.11614817
3438.938,18.11571859
3439.42,18.10895155
3439.903,18.10768921
3440.385,18.11430226
3440.867,18.10145859
3441.349,18.0968179
3441.831,18.09306208
3442.313,18.10797747
3442.795,18.09904177
3443.277,18.10585209
3443.76,18.08409678
3444.241,18.07570496
3444.724,18.09182016
3445.206,18.08801798
3445.688,18.08675076
3446.17,18.08960491
3446.652,18.09197707
3447.134,18.08934591
3447.616,18.09922381
3448.098,18.07529664
3448.581,18.0858648
3449.063,18.09871878
3449.545,18.08474305
3450.027,18.08691583
3450.509,18.06628328
3450.991,18.05613105
3451.473,18.07363523
3451.955,18.04718604
3452.438,18.06427875
3452.92,18.05731917
3453.402,18.03833772
3453.884,18.07567293
3454.366,18.07175115
3454.848,18.05493704
3455.33,18.06138221
3455.812,18.08050613
3456.294,18.04722282
3456.777,18.07944358
3457.259,18.0826406
3457.741,18.07946486
3458.223,18.06444279
3458.705,18.07197308
3459.187,18.07459034
3459.669,18.05687298
3460.151,18.07241206
3460.634,18.07342425
3461.116,18.05826352
3461.598,18.05440451
3462.08,18.05309398
3462.562,18.06976126
3463.044,18.03195641
3463.526,18.03265515
3464.008,18.03852591
3464.49,18.0455408
3464.973,18.05060911
3465.455,18.05191833
3465.937,18.05671881
3466.419,18.05012204
3466.901,18.02931082
3467.383,18.04525938
3467.865,18.05039714
3468.347,18.03673968
3468.83,18.04942263
3469.312,18.05170139
3469.794,18.06128376
3470.276,18.06688629
3470.758,18.04758676
3471.24,18.06453241
3471.722,18.05664938
3472.204,18.05977278
3472.687,18.0474886
3473.168,18.04577784
3473.651,18.057821
3474.133,18.07607151
3474.615,18.04852697
3475.097,18.05316337
3475.579,18.04617165
3476.061,18.0579557
3476.543,18.05435511
3477.025,18.04356296
3477.508,18.03856891
3477.99,18.05815518
3478.472,18.03981509
3478.954,18.04251938
3479.436,18.05993245
3479.918,18.05002906
3480.4,18.09086251
3480.882,18.08375862
3481.365,18.06382625
3481.847,18.07440077
3482.329,18.07571149
3482.811,18.06300213
3483.293,18.07729623
3483.775,18.08412581
3484.257,18.07053378
3484.739,18.06628468
3485.221,18.06866969
3485.704,18.05757682
3486.186,18.06302285
3486.668,18.05323879
3487.15,18.05849257
3487.632,18.06551493
3488.114,18.06742414
3488.596,18.06866129
3489.078,18.08865043
3489.561,18.07478367
3490.043,18.08478684
3490.525,18.08254513
3491.007,18.09965016
3491.489,18.10400439
3491.971,18.09981455
3492.453,18.08970987
3492.935,18.09901954
3493.417,18.08203123
3493.9,18.09881741
3494.382,18.10573254
3494.864,18.08957583
3495.346,18.11082215
3495.828,18.11699682
3496.31,18.11357144
3496.792,18.10491626
3497.274,18.10192033
3497.757,18.11410078
3498.239,18.09626317
3498.721,18.10505379
3499.203,18.11540351
3499.685,18.09813551
3500.167,18.10455657
3500.649,18.10540574
3501.131,18.10614754
3501.614,18.11059489
3502.095,18.11982971
3502.578,18.12233923
3503.06,18.11982845
3503.542,18.1286589
3504.024,18.13102982
3504.506,18.13968304
3504.988,18.17012402
3505.47,18.14420041
3505.952,18.1402953
3506.435,18.13417105
3506.917,18.15524982
3507.399,18.14617497
3507.881,18.15674689
3508.363,18.15248689
3508.845,18.14889478
3509.327,18.17374831
3509.809,18.16587018
3510.292,18.18570198
3510.774,18.17627361
3511.256,18.15820594
3511.738,18.17143678
3512.22,18.17091513
3512.702,18.15980074
3513.184,18.1839369
3513.666,18.1891019
3514.148,18.17364949
3514.631,18.19504368
3515.113,18.20424357
3515.595,18.18581983
3516.077,18.21424337
3516.559,18.20966806
3517.041,18.20540971
3517.523,18.19593826
3518.005,18.20913825
3518.488,18.21877159
3518.97,18.20162068
3519.452,18.1989391
3519.934,18.22547323
3520.416,18.20008061
3520.898,18.23429885
3521.38,18.20717074
3521.862,18.2163229
3522.344,18.21648189
3522.827,18.20739229
3523.309,18.23536553
3523.791,18.21013835
3524.273,18.21419691
3524.755,18.22953797
3525.237,18.21884901
3525.719,18.2275424
3526.201,18.26534361
3526.684,18.24018079
3527.166,18.2701322
3527.648,18.27258882
3528.13,18.27271448
3528.612,18.28188274
3529.094,18.28460593
3529.576,18.29681555
3530.058,18.30364136
3530.541,18.31761819
3531.022,18.30111213
3531.505,18.31755288
3531.987,18.30692704
3532.469,18.31968262
3532.951,18.31088431
3533.433,18.31716254
3533.915,18.31291321
3534.397,18.30645985
3534.879,18.32588361
3535.362,18.31678134
3535.844,18.31218071
3536.326,18.34744922
3536.808,18.33249084
3537.29,18.33704825
3537.772,18.34759848
3538.254,18.32627033
3538.736,18.33043022
3539.219,18.32948603
3539.701,18.34286786
3540.183,18.35568073
3540.665,18.34302081
3541.147,18.35613443
3541.629,18.35814387
3542.111,18.35366231
3542.593,18.36675143
3543.075,18.33423403
3543.558,18.39130321
3544.04,18.3597036
3544.522,18.36331166
3545.004,18.37220157
3545.486,18.37112623
3545.968,18.3667754
3546.45,18.33907268
3546.932,18.3725613
3547.415,18.38461622
3547.897,18.35583189
3548.379,18.35616253
3548.861,18.37369859
3549.343,18.38406132
3549.825,18.36715811
3550.307,18.35396189
3550.789,18.35056557
3551.271,18.3641585
3551.754,18.40314922
3552.236,18.40169446
3552.718,18.3819689
3553.2,18.40299612
3553.682,18.40776342
3554.164,18.40516399
3554.646,18.42293682
3555.128,18.41193124
3555.611,18.4055503
3556.093,18.42935056
3556.575,18.4086683
3557.057,18.42080263
3557.539,18.42357862
3558.021,18.41329379
3558.503,18.42023073
3558.985,18.44211653
3559.468,18.43490321
3559.949,18.44655282
3560.432,18.45399794
3560.914,18.45575684
3561.396,18.45853797
3561.878,18.44503067
3562.36,18.46062588
3562.842,18.44806737
3563.324,18.47000581
3563.806,18.45504682
3564.289,18.46820461
3564.771,18.46665106
3565.253,18.45144829
3565.735,18.46655862
3566.217,18.47710576
3566.699,18.47605633
3567.181,18.5087948
3567.663,18.49151437
3568.146,18.48742938
3568.628,18.49516352
3569.11,18.48700651
3569.592,18.50285331
3570.074,18.50397159
3570.556,18.50462871
3571.038,18.47626391
3571.52,18.50023657
3572.002,18.47972209
3572.485,18.47280106
3572.967,18.49247527
3573.449,18.48218521
3573.931,18.49501574
3574.413,18.4856613
3574.895,18.49630794
3575.377,18.47991918
3575.859,18.47593343
3576.342,18.49494105
3576.824,18.48122781
3577.306,18.49812119
3577.788,18.5151115
3578.27,18.49678135
3578.752,18.50622357
3579.234,18.50944337
3579.716,18.51561395
3580.198,18.51706219
3580.681,18.52298733
3581.163,18.51476065
3581.645,18.51584444
3582.127,18.51642344
3582.609,18.50242186
3583.091,18.50710984
3583.573,18.50123615
3584.055,18.50000585
3584.538,18.48122401
3585.02,18.50331537
3585.502,18.52386778
3585.984,18.5244723
3586.466,18.5193972
3586.948,18.51344962
3587.43,18.51855455
3587.912,18.54712735
3588.395,18.5385273
3588.876,18.56107216
3589.359,18.54805593
3589.841,18.54925945
3590.323,18.53612626
3590.805,18.53384276
3591.287,18.55304984
3591.769,18.54941146
3592.251,18.53734459
3592.733,18.54195466
3593.216,18.5238639
3593.698,18.5233357
3594.18,18.52190221
3594.662,18.54842659
3595.144,18.5196482
3595.626,18.5211393
3596.108,18.53168066
3596.59,18.50867351
3597.073,18.53846943
3597.555,18.52569025
3598.037,18.53939703
3598.519,18.52383118
3599.001,18.53786191
3599.483,18.53368016
3599.965,18.55415444
3600.447,18.550205
3600.929,18.55554876
3601.412,18.56720785
3601.894,18.54614156
3602.376,18.5228288
3602.858,18.5742893
3603.34,18.5407835
3603.822,18.54087305
3604.304,18.55250409
3604.786,18.55380771
3605.269,18.52255021
3605.751,18.54833624
3606.233,18.56112598
3606.715,18.57342823
3607.197,18.56479907
3607.679,18.57503751
3608.161,18.5753184
3608.643,18.5798464
3609.125,18.56771854
3609.608,18.58120984
3610.09,18.56701575
3610.572,18.56348212
3611.054,18.59373784
3611.536,18.55965271
3612.018,18.57448872
3612.5,18.55213777
3612.982,18.5722949
3613.465,18.57130336
3613.947,18.54325762
3614.429,18.54175322
3614.911,18.53690856
3615.393,18.54407702
3615.875,18.52720481
3616.357,18.51371985
3616.839,18.50663946
3617.322,18.51034406
3617.803,18.52076615
3618.286,18.4954004
3618.768,18.49891473
3619.25,18.46152959
3619.732,18.49973654
3620.214,18.51190933
3620.696,18.49441357
3621.178,18.49527434
3621.66,18.48587349
3622.143,18.49834585
3622.625,18.47784653
3623.107,18.49363921
3623.589,18.49848766
3624.071,18.48880519
3624.553,18.4886857
3625.035,18.50148228
3625.517,18.50882378
3626,18.52222656
3626.482,18.52019368
3626.964,18.52595284
3627.446,18.54032684
3627.928,18.54350105
3628.41,18.55197576
3628.892,18.54426251
3629.374,18.54904682
3629.856,18.55563163
3630.339,18.54112908
3630.821,18.53472618
3631.303,18.49716882
3631.785,18.50692152
3632.267,18.51525279
3632.749,18.50589728
3633.231,18.48781991
3633.713,18.4815835
3634.196,18.47475516
3634.678,18.48611537
3635.16,18.47656328
3635.642,18.47671086
3636.124,18.47263341
3636.606,18.45272069
3637.088,18.45460887
3637.57,18.4466236
3638.052,18.43996301
3638.535,18.44684038
3639.017,18.45694933
3639.499,18.43692904
3639.981,18.4488329
3640.463,18.43877988
3640.945,18.42098579
3641.427,18.41104519
3641.909,18.41205779
3642.392,18.42989191
3642.874,18.41691528
3643.356,18.42980758
3643.838,18.40962018
3644.32,18.40605894
3644.802,18.41132799
3645.284,18.41004035
3645.766,18.38695123
3646.249,18.38575056
3646.73,18.38074289
3647.213,18.36690656
3647.695,18.38312804
3648.177,18.38932946
3648.659,18.39903137
3649.141,18.38328245
3649.623,18.38697118
3650.105,18.40686042
3650.587,18.39352504
3651.07,18.39434295
3651.552,18.38342038
3652.034,18.36903209
3652.516,18.3487025
3652.998,18.35725116
3653.48,18.31948854
3653.962,18.34001714
3654.444,18.34208284
3654.927,18.34013697
3655.409,18.35167951
3655.891,18.33843017
3656.373,18.33528316
3656.855,18.35438999
3657.337,18.35815296
3657.819,18.35199216
3658.301,18.35692183
3658.783,18.36819758
3659.266,18.3566756
3659.748,18.34837329
3660.23,18.37536711
3660.712,18.34334754
3661.194,18.33871841
3661.676,18.34147125
3662.158,18.3390772
3662.64,18.33060152
3663.123,18.33414343
3663.605,18.31943375
3664.087,18.30964128
3664.569,18.31590947
3665.051,18.31493522
3665.533,18.29358181
3666.015,18.29648966
3666.497,18.30002863
3666.979,18.29577402
3667.462,18.27734551
3667.944,18.27415966
3668.426,18.27292484
3668.908,18.28063742
3669.39,18.28817585
3669.872,18.2927992
3670.354,18.27759954
3670.836,18.28545295
3671.319,18.28449792
3671.801,18.28679448
3672.283,18.25101403
3672.765,18.23627101
3673.247,18.26464457
3673.729,18.2557505
3674.211,18.25757011
3674.693,18.24861484
3675.176,18.26666161
3675.657,18.26325391
3676.14,18.28187118
3676.622,18.25239906
3677.104,18.25949288
3677.586,18.26377235
3678.068,18.24220355
3678.55,18.27536175
3679.032,18.25325483
3679.514,18.23243895
3679.997,18.26960555
3680.479,18.26795289
3680.961,18.23563594
3681.443,18.24148458
3681.925,18.24771724
3682.407,18.2435925
3682.889,18.23868393
3683.371,18.24006734
3683.854,18.24253851
3684.336,18.22076027
3684.818,18.241969
3685.3,18.21337509
3685.782,18.21279127
3686.264,18.21019166
3686.746,18.18465559
3687.228,18.18580377
3687.71,18.18659155
3688.193,18.17841124
3688.675,18.15175762
3689.157,18.18885656
3689.639,18.17570656
3690.121,18.18601834
3690.603,18.19103696
3691.085,18.17518825
3691.567,18.17256396
3692.05,18.16891618
3692.532,18.16324173
3693.014,18.19203934
3693.496,18.17358698
3693.978,18.17987387
3694.46,18.15066746
3694.942,18.13934434
3695.424,18.14119989
3695.906,18.14522397
3696.389,18.15881181
3696.871,18.14379682
3697.353,18.14613047
3697.835,18.14511556
3698.317,18.14190355
3698.799,18.16368756
3699.281,18.14218384
3699.763,18.14619998
3700.246,18.17253286
3700.728,18.17075017
3701.21,18.18716833
3701.692,18.1784146
3702.174,18.18237276
3702.656,18.1653002
3703.138,18.16697135
3703.62,18.18281324
3704.103,18.18844507
3704.584,18.18394106
3705.067,18.16434402
3705.549,18.15604809
3706.031,18.11611662
3706.513,18.10770318
3706.995,18.1146323
3707.477,18.11243071
3707.959,18.11443471
3708.441,18.09512941
3708.924,18.09565037
3709.406,18.09143568
3709.888,18.10073139
3710.37,18.11132058
3710.852,18.11206764
3711.334,18.1106071
3711.816,18.12640166
3712.298,18.13659627
3712.781,18.13772983
3713.263,18.12814128
3713.745,18.15357849
3714.227,18.15107037
3714.709,18.15875067
3715.191,18.16798484
3715.673,18.14744238
3716.155,18.1718936
3716.637,18.15119184
3717.12,18.16716967
3717.602,18.16990535
3718.084,18.14853718
3718.566,18.15438846
3719.048,18.14016082
3719.53,18.15144134
3720.012,18.15567365
3720.494,18.16872644
3720.977,18.15739771
3721.459,18.13433865
3721.941,18.14756708
3722.423,18.15282008
3722.905,18.15415788
3723.387,18.17193252
3723.869,18.16134109
3724.351,18.15606676
3724.833,18.15245922
3725.316,18.15283404
3725.798,18.17545939
3726.28,18.15485752
3726.762,18.15565576
3727.244,18.14498082
3727.726,18.13122231
3728.208,18.13080408
3728.69,18.13760308
3729.173,18.1100802
3729.655,18.10935655
3730.137,18.11648949
3730.619,18.1213982
3731.101,18.1171775
3731.583,18.11736144
3732.065,18.11275143
3732.547,18.1188736
3733.03,18.12727863
3733.511,18.13618484
3733.994,18.11872935
3734.476,18.14287901
3734.958,18.16277458
3735.44,18.15347663
3735.922,18.16987674
3736.404,18.17167644
3736.886,18.1650265
3737.368,18.17598713
3737.851,18.16977842
3738.333,18.17560623
3738.815,18.13054911
3739.297,18.13842768
3739.779,18.14045347
3740.261,18.12699461
3740.743,18.12367811
3741.225,18.11068579
3741.708,18.11559282
3742.19,18.10194239
3742.672,18.11137279
3743.154,18.11774717
3743.636,18.11233658
3744.118,18.12716841
3744.6,18.14394349
3745.082,18.15140002
3745.564,18.15514907
3746.047,18.17391381
3746.529,18.17063617
3747.011,18.15590075
3747.493,18.16877607
3747.975,18.17139304
3748.457,18.19572228
3748.939,18.17618143
3749.421,18.16234396
3749.904,18.19183051
3750.386,18.17722005
3750.868,18.15407702
3751.35,18.171863
3751.832,18.16349831
3752.314,18.18416207
3752.796,18.1795404
3753.278,18.17833401
3753.76,18.16524851
3754.243,18.16124258
3754.725,18.16267296
3755.207,18.15202886
3755.689,18.15081287
3756.171,18.15710753
3756.653,18.18378439
3757.135,18.19111324
3757.617,18.18106793
3758.1,18.20366607
3758.582,18.20130649
3759.064,18.23255677
3759.546,18.23968175
3760.028,18.24045299
3760.51,18.24575407
3760.992,18.24249039
3761.474,18.26151861
3761.957,18.23949625
3762.438,18.26463236
3762.921,18.26356715
3763.403,18.27246443
3763.885,18.26057361
3764.367,18.28002547
3764.849,18.27918366
3765.331,18.28146605
3765.813,18.30050325
3766.295,18.28108716
3766.778,18.27754959
3767.26,18.27497227
3767.742,18.29997867
3768.224,18.30500444
3768.706,18.28308834
3769.188,18.29262491
3769.67,18.30934709
3770.152,18.30886773
3770.635,18.3238682
3771.117,18.3262228
3771.599,18.33993651
3772.081,18.31597379
3772.563,18.31045329
3773.045,18.32444809
3773.527,18.30916005
3774.009,18.31218406
3774.491,18.30960931
3774.974,18.30478466
3775.456,18.30898096
3775.938,18.28350391
3776.42,18.31219072
3776.902,18.3227891
3777.384,18.29835108
3777.866,18.30775598
3778.348,18.28145149
3778.831,18.31182818
3779.313,18.31489086
3779.795,18.31348624
3780.277,18.32248167
3780.759,18.32686553
3781.241,18.33552037
3781.723,18.32096094
3782.205,18.32926864
3782.688,18.34598912
3783.17,18.36403843
3783.652,18.35014285
3784.134,18.33720601
3784.616,18.37681159
3785.098,18.38738072
3785.58,18.37417174
3786.062,18.37971057
3786.544,18.40668616
3787.027,18.38802979
3787.509,18.40635743
3787.991,18.38485476
3788.473,18.41469941
3788.955,18.40979316
3789.437,18.40788193
3789.919,18.40574624
3790.401,18.40316528
3790.884,18.40478545
3791.365,18.40558108
3791.848,18.39435145
3792.33,18.39762505
3792.812,18.4064726
3793.294,18.38344058
3793.776,18.38203562
3794.258,18.40013224
3794.74,18.40454853
3795.222,18.40821949
3795.705,18.40836304
3796.187,18.42157651
3796.669,18.42462039
3797.151,18.43715924
3797.633,18.41945198
3798.115,18.43319401
3798.597,18.4396959
3799.079,18.44120622
3799.562,18.44721147
3800.044,18.44716909
3800.526,18.45115786
3801.008,18.46442492
3801.49,18.45508173
3801.972,18.45037896
3802.454,18.46105082
3802.936,18.45134136
3803.418,18.45415198
3803.901,18.43919066
3804.383,18.45461149
3804.865,18.45867938
3805.347,18.45860521
3805.829,18.46970638
3806.311,18.46622585
3806.793,18.46280282
3807.275,18.49879569
3807.758,18.49631112
3808.24,18.5044982
3808.722,18.50885098
3809.204,18.51601711
3809.686,18.52826568
3810.168,18.52364303
3810.65,18.53812261
3811.132,18.51852456
3811.615,18.51491493
3812.097,18.53398037
3812.579,18.53753048
3813.061,18.53713421
3813.543,18.54404147
3814.025,18.54893258
3814.507,18.55918197
3814.989,18.56115646
3815.471,18.57166485
3815.954,18.58548115
3816.436,18.58809956
3816.918,18.59878271
3817.4,18.59052737
3817.882,18.57829353
3818.364,18.60381816
3818.846,18.59469367
3819.328,18.57069839
3819.811,18.59295292
3820.292,18.61324106
3820.775,18.5865657
3821.257,18.57599153
3821.739,18.60805861
3822.221,18.59717998
3822.703,18.61933043
3823.185,18.61729172
3823.667,18.62095691
3824.149,18.60674827
3824.632,18.60341176
3825.114,18.58382464
3825.596,18.60349209
3826.078,18.59878013
3826.56,18.58460802
3827.042,18.58835243
3827.524,18.5781514
3828.006,18.56104758
3828.489,18.55748753
3828.971,18.56101357
3829.453,18.55769401
3829.935,18.57314405
3830.417,18.57267438
3830.899,18.56214638
3831.381,18.57387458
3831.863,18.58207464
3832.345,18.59621902
3832.828,18.58341375
3833.31,18.61635121
3833.792,18.61913639
3834.274,18.6008981
3834.756,18.60931635
3835.238,18.63525178
3835.72,18.61009677
3836.202,18.59623329
3836.685,18.60510622
3837.167,18.60922169
3837.649,18.58853467
3838.131,18.59020392
3838.613,18.59286527
3839.095,18.58927457
3839.577,18.6076411
3840.059,18.61234533
3840.542,18.60085192
3841.024,18.59070253
3841.506,18.62579027
3841.988,18.61130324
3842.47,18.61928049
3842.952,18.64725553
3843.434,18.63182662
3843.916,18.63733908
3844.398,18.62860571
3844.881,18.64282039
3845.363,18.63727622
3845.845,18.62931848
3846.327,18.61786942
3846.809,18.63105706
3847.291,18.64022084
3847.773,18.60992298
3848.255,18.60223945
3848.738,18.59990571
3849.219,18.59632684
3849.702,18.58875779
3850.184,18.58429582
3850.666,18.57514622
3851.148,18.5726366
3851.63,18.57931665
3852.112,18.59690893
3852.594,18.57853838
3853.076,18.61529822
3853.559,18.63735238
3854.041,18.65291603
3854.523,18.67044381
3855.005,18.68479073
3855.487,18.67419944
3855.969,18.65633161
3856.451,18.67097439
3856.933,18.68106355
3857.416,18.65311538
3857.898,18.64322302
3858.38,18.63307585
3858.862,18.62396021
3859.344,18.61790308
3859.826,18.61434219
3860.308,18.60681405
3860.79,18.62115639
3861.272,18.59783424
3861.755,18.61143117
3862.237,18.62472444
3862.719,18.6286723
3863.201,18.62613222
3863.683,18.60232334
3864.165,18.59897324
3864.647,18.58340845
3865.129,18.59523967
3865.612,18.59094905
3866.094,18.59507618
3866.576,18.58587639
3867.058,18.57696076
3867.54,18.57297478
3868.022,18.56047086
3868.504,18.57097543
3868.986,18.56103561
3869.469,18.57687942
3869.951,18.56500967
3870.433,18.57232802
3870.915,18.57827371
3871.397,18.57274668
3871.879,18.57868407
3872.361,18.58377116
3872.843,18.58274698
3873.325,18.60488802
3873.808,18.61509499
3874.29,18.62641359
3874.772,18.61865452
3875.254,18.62952102
3875.736,18.58862417
3876.218,18.59785057
3876.7,18.61496061
3877.182,18.58424207
3877.665,18.60534185
3878.146,18.59711007
3878.629,18.59357017
3879.111,18.58112106
3879.593,18.57507207
3880.075,18.58192153
3880.557,18.56326694
3881.039,18.57957225
3881.521,18.56119689
3882.003,18.56951045
3882.486,18.5674066
3882.968,18.56279293
3883.45,18.54986701
3883.932,18.53979305
3884.414,18.55524234
3884.896,18.56371853
3885.378,18.55839662
3885.86,18.55445201
3886.343,18.56062516
3886.825,18.57660187
3887.307,18.55626727
3887.789,18.56413724
3888.271,18.54416749
3888.753,18.54514151
3889.235,18.54661014
3889.717,18.53424849
3890.199,18.53034252
3890.682,18.54017287
3891.164,18.53931136
3891.646,18.54536685
3892.128,18.53114791
3892.61,18.55903528
3893.092,18.54513495
3893.574,18.55359114
3894.056,18.54313912
3894.539,18.54436028
3895.021,18.53389845
3895.503,18.51275705
3895.985,18.52372773
3896.467,18.51205476
3896.949,18.49808779
3897.431,18.50503493
3897.913,18.48802969
3898.396,18.49911338
3898.878,18.49584221
3899.36,18.49938939
3899.842,18.48358304
3900.324,18.49608503
3900.806,18.50397263
3901.288,18.52478094
3901.77,18.50514805
3902.252,18.51989319
3902.735,18.5250153
3903.217,18.52091649
3903.699,18.52452075
3904.181,18.51195876
3904.663,18.5116145
3905.145,18.4989636
3905.627,18.49479665
3906.109,18.49402455
3906.592,18.49522227
3907.073,18.48598159
3907.556,18.45977161
3908.038,18.45680267
3908.52,18.45791422
3909.002,18.46546356
3909.484,18.44498945
3909.966,18.460378
3910.448,18.44338704
3910.93,18.44948087
3911.413,18.45316187
3911.895,18.43724822
3912.377,18.44012127
3912.859,18.45672902
3913.341,18.41986095
3913.823,18.42874755
3914.305,18.4284067
3914.787,18.42501706
3915.27,18.40886241
3915.752,18.40296653
3916.234,18.40177721
3916.716,18.39684533
3917.198,18.41309889
3917.68,18.42391431
3918.162,18.40147207
3918.644,18.39272142
3919.126,18.40210217
3919.609,18.38887088
3920.091,18.4038884
3920.573,18.41561209
3921.055,18.38780462
3921.537,18.39107541
3922.019,18.38490097
3922.501,18.40751242
3922.983,18.38544583
3923.466,18.39556381
3923.948,18.41412361
3924.43,18.39948145
3924.912,18.40071552
3925.394,18.38781072
3925.876,18.38054294
3926.358,18.388175
3926.84,18.37606223
3927.323,18.37251262
3927.805,18.37082348
3928.287,18.376079
3928.769,18.36333946
3929.251,18.35137636
3929.733,18.34828937
3930.215,18.35237744
3930.697,18.33925036
3931.179,18.35607298
3931.662,18.35518583
3932.144,18.33247372
3932.626,18.34012942
3933.108,18.33586204
3933.59,18.35219719
3934.072,18.34762067
3934.554,18.34350415
3935.036,18.35319701
3935.519,18.36147484
3936,18.36056184
3936.483,18.35921365
3936.965,18.34793931
3937.447,18.34808227
3937.929,18.34876471
3938.411,18.3391316
3938.893,18.33031203
3939.375,18.32531575
3939.857,18.31495723
3940.34,18.29934937
3940.822,18.30285887
3941.304,18.29691847
3941.786,18.28281831
3942.268,18.29066036
3942.75,18.29017084
3943.232,18.29102671
3943.714,18.26624408
3944.197,18.25917923
3944.679,18.25970141
3945.161,18.26877489
3945.643,18.25409905
3946.125,18.2473716
3946.607,18.25361679
3947.089,18.26617304
3947.571,18.24172749
3948.053,18.25515593
3948.536,18.25144802
3949.018,18.26307198
3949.5,18.26100234
3949.982,18.26780792
3950.464,18.26114392
3950.946,18.25310011
3951.428,18.27221934
3951.91,18.26739117
3952.393,18.27448912
3952.875,18.29122461
3953.357,18.27450526
3953.839,18.27166693
3954.321,18.26654148
3954.803,18.27071728
3955.285,18.27016331
3955.767,18.28767815
3956.25,18.25631034
3956.732,18.27801445
3957.214,18.26539545
3957.696,18.25768024
3958.178,18.25475717
3958.66,18.2680871
3959.142,18.2559841
3959.624,18.25409349
3960.106,18.25564663
3960.589,18.25190211
3961.071,18.25067636
3961.553,18.22795884
3962.035,18.22464819
3962.517,18.2412811
3962.999,18.23411121
3963.481,18.23979226
3963.963,18.22060907
3964.446,18.22553189
3964.927,18.20809055
3965.41,18.21272924
3965.892,18.21097559
3966.374,18.21821466
3966.856,18.22111052
3967.338,18.23304474
3967.82,18.22732063
3968.302,18.21283774
3968.784,18.20271791
3969.267,18.21538132
3969.749,18.22256582
3970.231,18.22297375
3970.713,18.19883665
3971.195,18.21335344
3971.677,18.20037523
3972.159,18.20289117
3972.641,18.20242992
3973.124,18.20554802
3973.606,18.21751035
3974.088,18.21850882
3974.57,18.23076365
3975.052,18.21289357
3975.534,18.20910489
3976.016,18.20531137
3976.498,18.21457343
3976.98,18.22742209
3977.463,18.18950778
3977.945,18.20051647
3978.427,18.17296377
3978.909,18.17695108
3979.391,18.19736271
3979.873,18.20203811
3980.355,18.18145384
3980.837,18.20538854
3981.32,18.17284527
3981.802,18.16298416
3982.284,18.18579028
3982.766,18.17601416
3983.248,18.19674605
3983.73,18.19895226
3984.212,18.19970609
3984.694,18.17287931
3985.177,18.19721213
3985.659,18.1973799
3986.141,18.18982243
3986.623,18.20564647
3987.105,18.2128856
3987.587,18.22807061
3988.069,18.2172311
3988.551,18.21819855
3989.033,18.22809169
3989.516,18.20612917
3989.998,18.22774683
3990.48,18.21764605
3990.962,18.22188454
3991.444,18.21542282
3991.926,18.22966296
3992.408,18.23225937
3992.89,18.2424541
3993.373,18.21440341
3993.854,18.24289454
3994.337,18.25410609
3994.819,18.236726
3995.301,18.25300157
3995.783,18.2587661
3996.265,18.26798353
3996.747,18.26208417
3997.229,18.2666164
3997.711,18.26727797
3998.194,18.2706058
3998.676,18.27389486
3999.158,18.25489097
3999.64,18.30216673
4000.122,18.26850504
