wavenumber_cm_inv,reflectance_percent
399.6747,0
400.1569,79.8019744
400.639,79.41137847
401.1211,79.11110165
401.6032,78.82791692
402.0853,78.63489526
402.5674,78.48464259
403.0496,78.37977053
403.5317,78.29894949
404.0138,78.21232417
404.4959,78.14938114
404.978,78.10494208
405.4601,78.00626132
405.9423,77.90679138
406.4244,77.80705062
406.9065,77.66616313
407.3886,77.52762029
407.8707,77.38783923
408.3528,77.2698703
408.835,77.16719316
409.3171,77.09782202
409.7992,77.05933337
410.2813,77.04869685
410.7634,77.06895725
411.2455,77.0827864
411.7277,77.1466191
412.2098,77.18900742
412.6919,77.20776517
413.174,77.22790713
413.6561,77.29349815
414.1382,77.34414663
414.6204,77.39574308
415.1025,77.50412813
415.5846,77.62901836
416.0667,77.77609267
416.5488,77.98903202
417.0309,78.1967794
417.5131,78.40597781
417.9952,78.55965994
418.4773,78.64909296
418.9594,78.62849854
419.4415,78.45956157
419.9236,78.19573878
420.4058,77.88497925
420.8879,77.57592896
421.37,77.27185717
421.8521,76.98383446
422.3342,76.73446159
422.8163,76.51849678
423.2985,76.34730935
423.7806,76.17241154
424.2627,76.06046036
424.7448,75.92506324
425.2269,75.81213983
425.709,75.67786105
426.1912,75.563571
426.6733,75.38845143
427.1554,75.21174001
427.6375,75.05661627
428.1196,74.8817577
428.6017,74.76239774
429.0839,74.64453838
429.566,74.5466717
430.0481,74.48257919
430.5302,74.43389639
431.0123,74.43658748
431.4944,74.51165239
431.9766,74.5643195
432.4587,74.62020941
432.9408,74.68768816
433.4229,74.72944976
433.905,74.77007153
434.3871,74.76586442
434.8693,74.74235243
435.3514,74.65543838
435.8335,74.50660062
436.3156,74.35110883
436.7977,74.17235954
437.2798,74.01742387
437.762,73.79951594
438.2441,73.62531209
438.7262,73.47670044
439.2083,73.34646477
439.6904,73.26065644
440.1725,73.21524819
440.6547,73.17640617
441.1368,73.16221695
441.6189,73.12801906
442.101,73.1129866
442.5831,73.10164471
443.0652,73.07587774
443.5474,73.0240414
444.0295,72.96422533
444.5116,72.88487143
444.9937,72.83763816
445.4758,72.75279805
445.9579,72.68273711
446.4401,72.57596197
446.9222,72.45913563
447.4043,72.28691738
447.8864,72.13083879
448.3685,71.9362679
448.8506,71.74859075
449.3328,71.53378578
449.8149,71.32956875
450.297,71.16749425
450.7791,70.98010064
451.2612,70.82048481
451.7433,70.70282142
452.2255,70.57144915
452.7076,70.50729414
453.1897,70.40394957
453.6718,70.33961065
454.1539,70.28215802
454.636,70.21670863
455.1182,70.14454297
455.6003,70.08058573
456.0824,70.03487672
456.5645,69.95112175
457.0466,69.85889173
457.5287,69.78578433
458.0109,69.69037707
458.493,69.60142149
458.9751,69.47919349
459.4572,69.37062202
459.9393,69.21639424
460.4214,69.07211529
460.9036,68.90344765
461.3857,68.70909135
461.8678,68.51318911
462.3499,68.35643795
462.832,68.16559172
463.3141,68.00214852
463.7963,67.85923442
464.2784,67.70769395
464.7605,67.55851089
465.2426,67.4200139
465.7247,67.31828514
466.2068,67.22189352
466.689,67.13930116
467.1711,67.06387212
467.6532,66.94351996
468.1353,66.88099832
468.6174,66.77440168
469.0995,66.66658276
469.5817,66.54956931
470.0638,66.39083047
470.5459,66.23734612
471.028,66.0483798
471.5101,65.82750552
471.9922,65.59163406
472.4744,65.31565928
472.9565,65.04752514
473.4386,64.75760544
473.9207,64.48131298
474.4028,64.20103051
474.8849,63.95307318
475.3671,63.71846613
475.8492,63.50741585
476.3313,63.30078381
476.8134,63.10005051
477.2955,62.92958455
477.7776,62.79842972
478.2598,62.62586576
478.7419,62.50077157
479.224,62.3458605
479.7061,62.2198147
480.1882,62.07885514
480.6703,61.91902398
481.1525,61.75744683
481.6346,61.58319819
482.1167,61.4094894
482.5988,61.19754039
483.0809,60.97999178
483.563,60.77402763
484.0452,60.57582513
484.5273,60.36902781
485.0094,60.13812009
485.4915,59.9437034
485.9736,59.72845714
486.4557,59.50480506
486.9379,59.30370586
487.42,59.10185192
487.9021,58.88957133
488.3842,58.67362035
488.8663,58.44055186
489.3484,58.24100644
489.8306,58.00498052
490.3127,57.73480236
490.7948,57.52699066
491.2769,57.24755635
491.759,56.99370499
492.2411,56.688011
492.7233,56.4043376
493.2054,56.10446919
493.6875,55.78548425
494.1696,55.5012512
494.6517,55.19972951
495.1339,54.89996362
495.616,54.60106633
496.0981,54.33568151
496.5802,54.05203715
497.0623,53.78826695
497.5444,53.52422727
498.0266,53.2821095
498.5087,53.0117832
498.9908,52.75639675
499.4729,52.49821391
499.955,52.2237844
500.4371,51.93948283
500.9193,51.65381866
501.4014,51.34273912
501.8835,51.03740302
502.3656,50.75019019
502.8477,50.42081895
503.3298,50.13144431
503.812,49.8270949
504.2941,49.52653182
504.7762,49.23981347
505.2583,48.94007995
505.7404,48.61617708
506.2225,48.2848072
506.7047,47.93947208
507.1868,47.60044164
507.6689,47.23106379
508.151,46.85329
508.6331,46.49534539
509.1152,46.1699827
509.5974,45.83059147
510.0795,45.52318405
510.5616,45.19978759
511.0437,44.90093758
511.5258,44.60509998
512.0079,44.31083672
512.4901,43.99232688
512.9722,43.69188797
513.4543,43.39363046
513.9364,43.08116594
514.4185,42.70560019
514.9006,42.36248436
515.3828,41.97059348
515.8649,41.55870036
516.347,41.11370764
516.8291,40.66544626
517.3112,40.19422675
517.7933,39.71410381
518.2755,39.21934042
518.7576,38.73137448
519.2397,38.24513916
519.7218,37.75437219
520.2039,37.29208932
520.686,36.85293848
521.1682,36.40472867
521.6503,35.96764962
522.1324,35.5524713
522.6145,35.12938889
523.0966,34.7172858
523.5787,34.28594186
524.0609,33.86967158
524.543,33.44435258
525.0251,33.01761543
525.5072,32.5515721
525.9893,32.09210125
526.4714,31.65856289
526.9536,31.20170916
527.4357,30.76232276
527.9178,30.29687527
528.3999,29.87285335
528.882,29.42428723
529.3641,28.97034461
529.8463,28.55404393
530.3284,28.11759012
530.8105,27.69782468
531.2926,27.23956736
531.7747,26.79942225
532.2568,26.35880613
532.739,25.90361178
533.2211,25.51852679
533.7032,25.08297796
534.1853,24.6773123
534.6674,24.24450805
535.1495,23.79084899
535.6317,23.36116265
536.1138,22.9330131
536.5959,22.50390072
537.078,22.06615514
537.5601,21.59869811
538.0422,21.17640544
538.5244,20.73782275
539.0065,20.30308516
539.4886,19.86847365
539.9707,19.44783174
540.4528,19.01050656
540.9349,18.58537413
541.4171,18.17816019
541.8992,17.74714907
542.3813,17.33252864
542.8634,16.94557372
543.3455,16.51731038
543.8276,16.09063252
544.3098,15.68225761
544.7919,15.24577352
545.274,14.84546578
545.7561,14.46508914
546.2382,14.04970556
546.7203,13.6539802
547.2025,13.25258783
547.6846,12.86434182
548.1667,12.49319927
548.6488,12.11975598
549.1309,11.74574802
549.613,11.4063846
550.0952,11.07077541
550.5773,10.71948745
551.0594,10.38121911
551.5415,10.05459857
552.0236,9.74581312
552.5057,9.435986055
552.9879,9.147758136
553.47,8.860353534
553.9521,8.553612493
554.4342,8.29044442
554.9163,8.013968274
555.3984,7.734286896
555.8806,7.459237541
556.3627,7.193446952
556.8448,6.945369369
557.3269,6.675132641
557.809,6.411103426
558.2911,6.192754633
558.7733,5.946425896
559.2554,5.723256301
559.7375,5.499411841
560.2196,5.310431925
560.7017,5.12200302
561.1838,4.946012483
561.666,4.800803851
562.1481,4.653500665
562.6302,4.514580971
563.1123,4.378148302
563.5944,4.275026905
564.0765,4.16782224
564.5587,4.071646478
565.0408,3.978823949
565.5229,3.8846421
566.005,3.813240689
566.4871,3.760170032
566.9692,3.730698132
567.4514,3.662877103
567.9335,3.63954673
568.4156,3.624810009
568.8977,3.621869073
569.3798,3.641631961
569.8619,3.636932036
570.3441,3.649392104
570.8262,3.696656795
571.3083,3.732222179
571.7904,3.789073267
572.2725,3.825092815
572.7546,3.857528032
573.2368,3.991950951
573.7189,4.061899389
574.201,4.153561851
574.6831,4.268113988
575.1652,4.394617178
575.6473,4.54404779
576.1295,4.694270851
576.6116,4.862382337
577.0937,5.032904941
577.5758,5.188024269
578.0579,5.370494219
578.54,5.54472764
579.0222,5.725469435
579.5043,5.924747667
579.9864,6.10453335
580.4685,6.301875566
580.9506,6.50360599
581.4327,6.730267769
581.9149,6.964183767
582.397,7.203389847
582.8791,7.450270354
583.3612,7.699468015
583.8433,7.995438175
584.3254,8.305601767
584.8076,8.61139567
585.2897,8.935920788
585.7718,9.242487129
586.2539,9.58377454
586.736,9.887808632
587.2181,10.20663579
587.7003,10.53551748
588.1824,10.8435332
588.6645,11.18261476
589.1466,11.50344678
589.6287,11.82326459
590.1108,12.15895203
590.593,12.54571305
591.0751,12.90741346
591.5572,13.28458622
592.0393,13.643428
592.5214,14.05484102
593.0035,14.44526194
593.4857,14.83259308
593.9678,15.2242555
594.4499,15.61632331
594.932,16.02846165
595.4141,16.38777673
595.8962,16.78836671
596.3784,17.18709064
596.8605,17.58058139
597.3426,17.97389827
597.8247,18.3614616
598.3068,18.77315773
598.7889,19.15535792
599.2711,19.54373454
599.7532,19.94898453
600.2353,20.34613673
600.7174,20.78364608
601.1995,21.18441401
601.6816,21.60086229
602.1638,22.00231979
602.6459,22.44214279
603.128,22.83367812
603.6101,23.23686511
604.0922,23.65590315
604.5743,24.07312491
605.0565,24.46458423
605.5386,24.86257516
606.0207,25.2566184
606.5028,25.65270122
606.9849,26.05472111
607.467,26.44266489
607.9492,26.84109843
608.4313,27.2223936
608.9134,27.61687302
609.3955,27.99765048
609.8776,28.38947701
610.3597,28.77425536
610.8419,29.14773494
611.324,29.54338993
611.8061,29.91887017
612.2882,30.30583975
612.7703,30.67279989
613.2524,31.05869214
613.7346,31.41903348
614.2167,31.82009019
614.6988,32.21699169
615.1809,32.63801517
615.663,33.00697457
616.1451,33.41494539
616.6273,33.8318495
617.1094,34.2065368
617.5915,34.64727701
618.0736,35.01116414
618.5557,35.44072733
619.0378,35.79118283
619.52,36.19357985
620.0021,36.54331388
620.4842,36.91747517
620.9663,37.27959439
621.4484,37.63535993
621.9305,38.00772527
622.4127,38.37173678
622.8948,38.72791061
623.3769,39.06473806
623.859,39.43766115
624.3411,39.80779702
624.8232,40.16568546
625.3054,40.51068578
625.7875,40.88199584
626.2696,41.23662107
626.7517,41.5790783
627.2338,41.91952958
627.7159,42.23256235
628.1981,42.56362894
628.6802,42.88112708
629.1623,43.18998885
629.6444,43.49086983
630.1265,43.79295
630.6086,44.0672946
631.0908,44.36068208
631.5729,44.67324371
632.055,44.97638948
632.5371,45.26305855
633.0192,45.53078396
633.5013,45.85172071
633.9835,46.15118927
634.4656,46.45192218
634.9477,46.78752458
635.4298,47.0807713
635.9119,47.41511686
636.394,47.70306938
636.8762,48.03144732
637.3583,48.32171638
637.8404,48.59437482
638.3225,48.89619864
638.8046,49.18142567
639.2867,49.46610927
639.7689,49.73535622
640.251,49.9892846
640.7331,50.24049717
641.2152,50.49466735
641.6973,50.73345862
642.1794,50.96295066
642.6616,51.22294135
643.1437,51.46055812
643.6258,51.71093032
644.1079,51.9449822
644.59,52.14810375
645.0721,52.38705282
645.5543,52.60277871
646.0364,52.83739189
646.5185,53.04146198
647.0006,53.25837743
647.4827,53.47733837
647.9648,53.67057859
648.447,53.86780616
648.9291,54.0737983
649.4112,54.28794379
649.8933,54.4955419
650.3754,54.71978402
650.8575,54.90642331
651.3397,55.10061849
651.8218,55.33948295
652.3039,55.53836943
652.786,55.75317643
653.2681,55.99221374
653.7502,56.18216473
654.2324,56.39249691
654.7145,56.62038121
655.1966,56.83679537
655.6787,57.02941573
656.1608,57.22492752
656.6429,57.41508757
657.125,57.60986437
657.6072,57.77480038
658.0892,57.97588358
658.5714,58.1269557
659.0535,58.3173698
659.5356,58.46031225
660.0177,58.60904078
660.4999,58.78350182
660.9819,58.95070634
661.4641,59.07993651
661.9462,59.23797727
662.4283,59.4149977
662.9104,59.5334427
663.3926,59.70509409
663.8746,59.82441062
664.3568,59.94515181
664.8389,60.08921548
665.321,60.22448757
665.8031,60.38008105
666.2853,60.53230203
666.7673,60.71123893
667.2495,60.90271494
667.7316,61.13423693
668.2137,61.33298454
668.6958,61.5443657
669.178,61.75432878
669.66,61.90834345
670.1422,62.04842868
670.6243,62.17147133
671.1064,62.28044002
671.5885,62.3612679
672.0707,62.45990368
672.5527,62.53834297
673.0349,62.62697131
673.517,62.74180911
673.9991,62.84362191
674.4812,62.94969247
674.9634,63.06337209
675.4454,63.18666869
675.9276,63.29966459
676.4097,63.40906793
676.8918,63.52389512
677.3739,63.62176636
677.8561,63.75158491
678.3381,63.87821921
678.8203,63.99504851
679.3024,64.11001914
679.7845,64.21888819
680.2666,64.34140886
680.7488,64.44900104
681.2308,64.56656793
681.713,64.67398066
682.1951,64.7889744
682.6772,64.92197316
683.1593,65.05770739
683.6415,65.16666958
684.1235,65.27187975
684.6057,65.35717784
685.0878,65.49084126
685.5699,65.58670042
686.052,65.67423907
686.5342,65.75326303
687.0162,65.85715542
687.4984,65.91876762
687.9805,65.99417613
688.4626,66.08577021
688.9447,66.17296271
689.4269,66.23007557
689.9089,66.3195502
690.3911,66.40842729
690.8732,66.50153616
691.3553,66.58620873
691.8374,66.67787799
692.3196,66.76900904
692.8016,66.86587063
693.2838,66.97562764
693.7659,67.07726997
694.248,67.17165265
694.7301,67.25720813
695.2123,67.35881994
695.6943,67.42373282
696.1765,67.50252591
696.6586,67.58272973
697.1407,67.65592519
697.6228,67.69172147
698.105,67.76863162
698.587,67.84356804
699.0692,67.89963426
699.5513,67.93866481
700.0334,68.00144419
700.5155,68.0530977
700.9977,68.11964296
701.4797,68.17673283
701.9619,68.23202707
702.444,68.29814935
702.9261,68.34941724
703.4082,68.40520289
703.8904,68.49943407
704.3724,68.56783603
704.8546,68.62698136
705.3367,68.68513601
705.8188,68.74404286
706.3009,68.82058983
706.7831,68.88239164
707.2651,68.92443579
707.7473,68.9859335
708.2294,69.03209625
708.7115,69.08162593
709.1936,69.13403862
709.6758,69.1640338
710.1578,69.20539566
710.64,69.24250222
711.1221,69.27925493
711.6042,69.32357704
712.0863,69.36551272
712.5685,69.4223518
713.0505,69.46996079
713.5327,69.54027909
714.0148,69.57390672
714.4969,69.61497894
714.979,69.67429137
715.4612,69.72351188
715.9432,69.74402599
716.4254,69.79964967
716.9075,69.84397588
717.3896,69.88118307
717.8717,69.89070415
718.3539,69.954015
718.8359,69.96496578
719.3181,70.00090744
719.8002,70.03851018
720.2823,70.07731559
720.7644,70.12341262
721.2466,70.15230278
721.7286,70.1780545
722.2108,70.20277146
722.6929,70.276309
723.175,70.29102724
723.6571,70.34601054
724.1393,70.37947049
724.6213,70.40395678
725.1035,70.43649842
725.5856,70.48744712
726.0677,70.50545991
726.5498,70.54353334
727.032,70.56973301
727.514,70.59709671
727.9962,70.63083609
728.4783,70.64437052
728.9604,70.66405333
729.4425,70.70320419
729.9247,70.72495344
730.4067,70.7519956
730.8889,70.72948855
731.371,70.75035997
731.8531,70.74125685
732.3352,70.76021091
732.8174,70.78005395
733.2994,70.75440216
733.7816,70.74323477
734.2637,70.75768787
734.7458,70.73690111
735.2279,70.78983652
735.7101,70.77464349
736.1921,70.79081046
736.6743,70.7869288
737.1564,70.8301642
737.6385,70.83082664
738.1206,70.85655726
738.6028,70.8568674
739.0848,70.86506737
739.567,70.86684928
740.0491,70.85808629
740.5312,70.89034566
741.0133,70.88245479
741.4955,70.87703026
741.9775,70.90793914
742.4597,70.90294533
742.9418,70.90612663
743.424,70.91134958
743.906,70.92985356
744.3882,70.91709771
744.8702,70.94119555
745.3524,70.94993587
745.8345,70.95073551
746.3167,70.96233209
746.7987,70.95462874
747.2809,70.96820644
747.7629,70.9637416
748.2451,70.95846611
748.7272,70.96047334
749.2094,70.9475883
749.6914,70.93439946
750.1736,70.95782779
750.6556,70.93467989
751.1378,70.95149796
751.6199,70.95151418
752.1021,70.94046401
752.5841,70.92372186
753.0663,70.92984164
753.5483,70.91989718
754.0305,70.90904839
754.5126,70.90291788
754.9948,70.88170402
755.4768,70.86702132
755.959,70.82922569
756.441,70.83011447
756.9232,70.78232379
757.4053,70.78965981
757.8875,70.75979878
758.3695,70.72998603
758.8517,70.72993195
759.3337,70.70963838
759.8159,70.71115849
760.298,70.68719684
760.7802,70.70245133
761.2622,70.67555166
761.7444,70.63463692
762.2264,70.65440216
762.7086,70.62960065
763.1907,70.60143776
763.6729,70.58571582
764.1549,70.53963813
764.6371,70.53587541
765.1191,70.50800536
765.6013,70.46594236
766.0834,70.44227188
766.5656,70.41096986
767.0476,70.37329421
767.5298,70.34610383
768.0118,70.35763137
768.494,70.34092389
768.9761,70.29467543
769.4583,70.27370236
769.9403,70.25166468
770.4225,70.22159851
770.9045,70.18441564
771.3867,70.1806419
771.8688,70.17963444
772.351,70.13897191
772.833,70.10763583
773.3152,70.09969437
773.7972,70.06747292
774.2794,70.02030561
774.7615,69.98924197
775.2437,69.94889714
775.7257,69.90794954
776.2079,69.84942527
776.6899,69.80182351
777.1721,69.74062671
777.6542,69.70269411
778.1364,69.66394653
778.6184,69.63420596
779.1006,69.58899828
779.5826,69.56631268
780.0648,69.5255994
780.5469,69.50074772
781.0291,69.46416707
781.5111,69.41164674
781.9933,69.35153894
782.4753,69.34358055
782.9575,69.2810121
783.4396,69.21981957
783.9218,69.18207819
784.4038,69.10886756
784.886,69.0518733
785.368,68.97390132
785.8502,68.95203972
786.3323,68.89476831
786.8145,68.82001195
787.2965,68.75635924
787.7787,68.71696823
788.2607,68.64740036
788.7429,68.5850848
789.225,68.50662974
789.7072,68.44889661
790.1892,68.42369432
790.6714,68.37755157
791.1534,68.30080869
791.6356,68.25209396
792.1177,68.18792391
792.5999,68.13490982
793.0819,68.06615936
793.5641,68.01207415
794.0461,67.95278942
794.5283,67.88674168
795.0104,67.84766258
795.4926,67.78657473
795.9746,67.69353093
796.4568,67.62011007
796.9388,67.5366374
797.421,67.47043239
797.9031,67.41658775
798.3853,67.33782507
798.8673,67.26513603
799.3495,67.20153775
799.8315,67.13160066
800.3137,67.06645835
800.7958,66.98919408
801.278,66.92697954
801.76,66.83618075
802.2422,66.75763018
802.7242,66.67653974
803.2064,66.59224256
803.6885,66.51403953
804.1707,66.43183228
804.6527,66.3276415
805.1349,66.26840657
805.6169,66.16723728
806.0991,66.0771598
806.5812,66.00560206
807.0634,65.92776487
807.5454,65.84462871
808.0276,65.76541346
808.5096,65.67229532
808.9918,65.58467104
809.4739,65.49216338
809.9561,65.40331204
810.4381,65.29122612
810.9203,65.23065915
811.4023,65.10969706
811.8845,65.01575851
812.3666,64.9181421
812.8488,64.84142413
813.3308,64.72496117
813.813,64.61805757
814.295,64.51355489
814.7772,64.38710337
815.2593,64.26369547
815.7415,64.13256145
816.2235,64.01015896
816.7057,63.87590816
817.1877,63.79843677
817.6699,63.6686016
818.152,63.56834834
818.6342,63.44343671
819.1162,63.35187379
819.5984,63.23923024
820.0804,63.13396577
820.5626,63.01329714
821.0447,62.88937605
821.5269,62.77149736
822.0089,62.65816177
822.4911,62.5282535
822.9731,62.43479798
823.4553,62.27958765
823.9374,62.16723911
824.4196,62.03742429
824.9016,61.90744362
825.3838,61.76188226
825.8658,61.62614831
826.348,61.51145485
826.8301,61.37906036
827.3123,61.26586079
827.7943,61.11583155
828.2765,60.96057379
828.7585,60.82710903
829.2407,60.68568679
829.7228,60.56023812
830.205,60.40507992
830.687,60.26830511
831.1692,60.08641654
831.6512,59.94624812
832.1334,59.80867042
832.6155,59.65178832
833.0977,59.51608239
833.5797,59.33162453
834.0619,59.19057055
834.5439,59.03296164
835.0261,58.87246318
835.5082,58.70187695
835.9904,58.54289394
836.4724,58.3718589
836.9546,58.1985616
837.4366,58.0440509
837.9188,57.84671293
838.4009,57.70404027
838.8831,57.4983651
839.3651,57.3418336
839.8473,57.17049359
840.3293,57.00169095
840.8115,56.83141946
841.2936,56.65034352
841.7758,56.47198597
842.2578,56.2779738
842.74,56.09626227
843.222,55.92334355
843.7042,55.73014626
844.1863,55.54015072
844.6685,55.32716504
845.1505,55.14653253
845.6327,54.93233783
846.1147,54.73243053
846.5969,54.51157585
847.079,54.30416792
847.5612,54.12289583
848.0432,53.88051615
848.5254,53.68718914
849.0074,53.4581549
849.4896,53.23181397
849.9717,53.02406519
850.4539,52.80908232
850.9359,52.61002433
851.4181,52.40332412
851.9001,52.17975701
852.3823,51.95668298
852.8644,51.76220918
853.3466,51.54212835
853.8286,51.3152113
854.3108,51.10704878
854.7928,50.8936014
855.275,50.65720706
855.7571,50.43823278
856.2393,50.21751569
856.7213,49.95975023
857.2035,49.7341094
857.6855,49.48293952
858.1677,49.22586931
858.6498,48.97779191
859.132,48.72469982
859.614,48.4618566
860.0962,48.20218935
860.5782,47.95232751
861.0604,47.6719635
861.5425,47.40117491
862.0247,47.14324839
862.5067,46.89553882
862.9889,46.62734815
863.4709,46.37091884
863.9531,46.08302719
864.4352,45.81162174
864.9174,45.52589299
865.3994,45.23822235
865.8816,44.94612853
866.3636,44.65113387
866.8458,44.38185053
867.3279,44.08334264
867.8101,43.79323324
868.2921,43.51386349
868.7743,43.20015389
869.2563,42.92896247
869.7385,42.61367653
870.2206,42.3308008
870.7028,42.02263094
871.1848,41.71515854
871.667,41.40412831
872.149,41.09864126
872.6312,40.7749882
873.1133,40.45051859
873.5955,40.12565459
874.0775,39.82440121
874.5597,39.51690982
875.0417,39.1707444
875.5239,38.86314788
876.006,38.53450886
876.4882,38.20717036
876.9702,37.88055719
877.4524,37.55337659
877.9344,37.22644604
878.4166,36.89533288
878.8987,36.55050796
879.3809,36.18261206
879.8629,35.84697119
880.3451,35.51576997
880.8271,35.15093369
881.3093,34.82299986
881.7914,34.46610822
882.2736,34.11795041
882.7556,33.76301861
883.2378,33.40958728
883.7198,33.04366388
884.202,32.70315511
884.6841,32.3442138
885.1663,31.9856562
885.6483,31.62180219
886.1305,31.26065059
886.6125,30.91765633
887.0947,30.53431528
887.5768,30.16741236
888.059,29.79147346
888.541,29.41500256
889.0232,29.03201757
889.5052,28.68918111
889.9874,28.32844523
890.4695,27.93795991
890.9517,27.54820388
891.4337,27.17538945
891.9159,26.79514823
892.3979,26.42433134
892.8801,26.03942921
893.3622,25.67236055
893.8444,25.28955693
894.3264,24.91332373
894.8086,24.51691951
895.2906,24.15185769
895.7728,23.7763246
896.2549,23.38748724
896.7371,23.00288309
897.2191,22.61338986
897.7013,22.23214978
898.1833,21.84333059
898.6655,21.45500446
899.1476,21.06203754
899.6298,20.69347458
900.1118,20.29507561
900.594,19.9001753
901.076,19.51551994
901.5582,19.11819459
902.0403,18.7416866
902.5225,18.36578695
903.0045,17.98346223
903.4867,17.61370086
903.9688,17.22964599
904.4509,16.87834612
904.933,16.4627775
905.4152,16.11148854
905.8972,15.73855778
906.3794,15.35285437
906.8615,15.00007043
907.3436,14.63482497
907.8257,14.28493139
908.3079,13.90595006
908.7899,13.53832327
909.2721,13.18413535
909.7542,12.83993343
910.2363,12.46246754
910.7184,12.11378359
911.2006,11.77324687
911.6826,11.44608301
912.1647,11.10130873
912.6469,10.76327887
913.129,10.43212543
913.6111,10.12345063
914.0932,9.794889417
914.5753,9.471036893
915.0574,9.164129918
915.5396,8.824890912
916.0217,8.517944379
916.5038,8.194361741
916.9859,7.890916986
917.468,7.586458673
917.9501,7.266867376
918.4323,6.986448974
918.9144,6.670362649
919.3965,6.375457679
919.8786,6.092650796
920.3607,5.817321751
920.8428,5.556994681
921.325,5.30458002
921.8071,5.056231035
922.2892,4.804474883
922.7713,4.575025343
923.2534,4.334208789
923.7355,4.102752933
924.2177,3.864318557
924.6998,3.666319473
925.1819,3.432570928
925.664,3.214313807
926.1461,3.00739075
926.6282,2.799368911
927.1104,2.615133075
927.5925,2.434690912
928.0746,2.238484574
928.5567,2.062764472
929.0388,1.904799826
929.5209,1.755750125
930.0031,1.604234709
930.4852,1.460570219
930.9673,1.314465704
931.4494,1.205135709
931.9315,1.089053415
932.4136,0.951116421
932.8958,0.861704889
933.3779,0.772165727
933.86,0.683580317
934.3421,0.610629804
934.8242,0.529143279
935.3063,0.459075858
935.7885,0.401852252
936.2706,0.324871178
936.7527,0.279248279
937.2348,0.241188935
937.7169,0.23029661
938.199,0.189580659
938.6812,0.18340198
939.1633,0.166149145
939.6454,0.14087704
940.1275,0.15734356
940.6096,0.134384598
941.0917,0.163609679
941.5739,0.19076347
942.056,0.209592204
942.5381,0.234245222
943.0202,0.296040742
943.5023,0.338728757
943.9844,0.400919806
944.4666,0.48959744
944.9487,0.567669005
945.4308,0.652521049
945.9129,0.733302542
946.395,0.830658065
946.8771,0.928680825
947.3593,1.041464195
947.8414,1.157058565
948.3235,1.271315949
948.8056,1.408434911
949.2877,1.543741535
949.7698,1.684135095
950.252,1.819510193
950.7341,1.959364412
951.2162,2.131809651
951.6983,2.292712969
952.1804,2.420841563
952.6625,2.621851926
953.1447,2.799269134
953.6268,2.966246193
954.1089,3.154504457
954.591,3.325352118
955.0731,3.530457152
955.5552,3.738893206
956.0374,3.946916935
956.5195,4.166428652
957.0016,4.381730447
957.4837,4.608783131
957.9658,4.827593758
958.4479,5.068941097
958.9301,5.303155356
959.4122,5.537011631
959.8943,5.78928939
960.3764,6.044353477
960.8585,6.269259623
961.3406,6.538623352
961.8228,6.765988045
962.3049,7.047730937
962.787,7.299548415
963.2691,7.584017563
963.7512,7.850607322
964.2333,8.118011668
964.7155,8.388994653
965.1976,8.671351285
965.6797,8.967699331
966.1618,9.254496243
966.6439,9.534123848
967.126,9.826344827
967.6082,10.12485195
968.0903,10.44344505
968.5724,10.73711232
969.0545,11.00846122
969.5366,11.32625296
970.0187,11.62322681
970.5009,11.93130429
970.983,12.22746261
971.4651,12.52247685
971.9472,12.83448003
972.4293,13.13634104
972.9114,13.44820058
973.3936,13.77121095
973.8757,14.05606717
974.3578,14.38725458
974.8399,14.6843259
975.322,15.02126005
975.8041,15.33646705
976.2863,15.64020873
976.7684,15.93774294
977.2505,16.27217443
977.7326,16.57403995
978.2147,16.88941278
978.6968,17.21318705
979.179,17.52990035
979.6611,17.84429742
980.1432,18.17773665
980.6253,18.47643023
981.1074,18.81452682
981.5895,19.12950136
982.0717,19.45340449
982.5538,19.77693344
983.0359,20.06741785
983.518,20.39753608
984.0001,20.72130927
984.4822,21.04283094
984.9644,21.33679902
985.4465,21.62297427
985.9286,21.9669428
986.4107,22.26465746
986.8928,22.59513757
987.3749,22.89814463
987.8571,23.20948417
988.3392,23.52231077
988.8213,23.83333842
989.3034,24.13637316
989.7855,24.43425555
990.2676,24.74786703
990.7498,25.04073826
991.2319,25.34527835
991.714,25.65261307
992.1961,25.93525223
992.6782,26.24085683
993.1603,26.54144862
993.6425,26.82437693
994.1246,27.12904995
994.6067,27.41771344
995.0888,27.72097571
995.5709,28.02084563
996.053,28.30345638
996.5352,28.57482146
997.0173,28.86874551
997.4994,29.14234175
997.9815,29.43156638
998.4636,29.69329536
998.9457,29.98350024
999.4279,30.26625765
999.91,30.53945646
1000.392,30.81494145
1000.874,31.08260985
1001.356,31.35518532
1001.838,31.60998575
1002.321,31.87016318
1002.803,32.15714064
1003.285,32.40680766
1003.767,32.64996802
1004.249,32.91754129
1004.731,33.17142931
1005.213,33.41992418
1005.695,33.67771734
1006.177,33.92245531
1006.66,34.17780771
1007.142,34.4344051
1007.624,34.67316093
1008.106,34.92364705
1008.588,35.18421312
1009.07,35.41040591
1009.552,35.65545726
1010.034,35.90849036
1010.517,36.15848051
1010.999,36.39134635
1011.481,36.60940152
1011.963,36.86182357
1012.445,37.09363307
1012.927,37.33575776
1013.409,37.5824192
1013.891,37.80291639
1014.373,38.01817981
1014.856,38.26930011
1015.338,38.47080385
1015.82,38.70743715
1016.302,38.92660652
1016.784,39.13937383
1017.266,39.33852939
1017.748,39.5621758
1018.23,39.74519551
1018.713,39.95834314
1019.195,40.14767267
1019.677,40.35897139
1020.159,40.54506222
1020.641,40.75925075
1021.123,40.94717779
1021.605,41.16171711
1022.087,41.34204623
1022.569,41.53726422
1023.052,41.72981209
1023.534,41.91273474
1024.016,42.12980309
1024.498,42.31179382
1024.98,42.50620465
1025.462,42.6811078
1025.944,42.86080741
1026.426,43.06327503
1026.908,43.21392784
1027.391,43.40782434
1027.873,43.57551826
1028.355,43.76939272
1028.837,43.92952199
1029.319,44.0888203
1029.801,44.26620516
1030.283,44.4268901
1030.765,44.59470654
1031.248,44.76052911
1031.73,44.89280484
1032.212,45.05432942
1032.694,45.22290822
1033.176,45.38605168
1033.658,45.52889497
1034.14,45.68645979
1034.622,45.84061879
1035.104,45.96996655
1035.587,46.11875277
1036.069,46.27486497
1036.551,46.43203514
1037.033,46.58692108
1037.515,46.70884573
1037.997,46.85849942
1038.479,46.99563192
1038.961,47.12386906
1039.444,47.2932613
1039.926,47.43998772
1040.408,47.58245528
1040.89,47.70067787
1041.372,47.85261167
1041.854,47.96707156
1042.336,48.10588222
1042.818,48.22507256
1043.301,48.34447739
1043.783,48.47559159
1044.265,48.57592708
1044.747,48.70276138
1045.229,48.84558338
1045.711,48.94767279
1046.193,49.09230266
1046.675,49.19150493
1047.157,49.34318228
1047.64,49.4879198
1048.122,49.59100033
1048.604,49.71731583
1049.086,49.83496864
1049.568,49.94999796
1050.05,50.07101214
1050.532,50.1773776
1051.014,50.28731183
1051.496,50.39914652
1051.979,50.47627012
1052.461,50.6002527
1052.943,50.71891465
1053.425,50.78938948
1053.907,50.90763507
1054.389,50.99930973
1054.871,51.10051025
1055.353,51.19487788
1055.835,51.28601323
1056.318,51.40640728
1056.8,51.4944167
1057.282,51.5840237
1057.764,51.66690176
1058.246,51.7737529
1058.728,51.86318483
1059.21,51.94886765
1059.692,52.02860841
1060.175,52.12771987
1060.657,52.20865428
1061.139,52.27901636
1061.621,52.37121092
1062.103,52.46040996
1062.585,52.53233894
1063.067,52.62064939
1063.549,52.68549884
1064.031,52.73824015
1064.514,52.81990168
1064.996,52.89579717
1065.478,52.95985403
1065.96,53.0578201
1066.442,53.10373528
1066.924,53.18749979
1067.406,53.24765343
1067.888,53.32115922
1068.371,53.39091664
1068.853,53.45577931
1069.335,53.52468374
1069.817,53.5867968
1070.299,53.65276609
1070.781,53.71237354
1071.263,53.76443241
1071.745,53.81451789
1072.228,53.87143282
1072.71,53.94245808
1073.192,53.98721248
1073.674,54.03991625
1074.156,54.08094651
1074.638,54.14093616
1075.12,54.17039927
1075.602,54.24495162
1076.084,54.2883984
1076.567,54.34604595
1077.049,54.41940596
1077.531,54.44533462
1078.013,54.48253265
1078.495,54.54113409
1078.977,54.59001008
1079.459,54.62698595
1079.941,54.67753085
1080.423,54.75587941
1080.906,54.77965508
1081.388,54.83460701
1081.87,54.88798689
1082.352,54.90112467
1082.834,54.93350474
1083.316,54.96663319
1083.798,55.03255839
1084.28,55.02796631
1084.762,55.07400662
1085.245,55.10707599
1085.727,55.13589936
1086.209,55.16499847
1086.691,55.19212286
1087.173,55.22681182
1087.655,55.27539398
1088.137,55.29102493
1088.619,55.31684988
1089.102,55.33275678
1089.584,55.36487414
1090.066,55.3827617
1090.548,55.41900728
1091.03,55.45879973
1091.512,55.44725879
1091.994,55.49718534
1092.476,55.52395795
1092.958,55.55354582
1093.441,55.58427019
1093.923,55.60153595
1094.405,55.62107655
1094.887,55.62219215
1095.369,55.65973684
1095.851,55.65748323
1096.333,55.65887839
1096.815,55.67164103
1097.298,55.69481443
1097.78,55.67958244
1098.262,55.66641576
1098.744,55.70650227
1099.226,55.70490173
1099.708,55.71355787
1100.19,55.73013343
1100.672,55.73120431
1101.155,55.72485476
1101.637,55.74190542
1102.119,55.74619811
1102.601,55.78058983
1103.083,55.75708961
1103.565,55.77512871
1104.047,55.74648449
1104.529,55.77983057
1105.011,55.78419457
1105.494,55.78677914
1105.976,55.77087018
1106.458,55.78135436
1106.94,55.76836832
1107.422,55.76093626
1107.904,55.76827218
1108.386,55.75322704
1108.868,55.74434804
1109.35,55.76178178
1109.833,55.70928656
1110.315,55.71506275
1110.797,55.69244
1111.279,55.68627904
1111.761,55.67669029
1112.243,55.65216964
1112.725,55.63641367
1113.207,55.63021818
1113.689,55.62032902
1114.172,55.60881922
1114.654,55.58789631
1115.136,55.58740736
1115.618,55.56602458
1116.1,55.52374475
1116.582,55.5294008
1117.064,55.51987127
1117.546,55.49047253
1118.029,55.47328265
1118.511,55.45716857
1118.993,55.43882217
1119.475,55.4252735
1119.957,55.39829214
1120.439,55.37680809
1120.921,55.35095315
1121.403,55.31627327
1121.885,55.30699347
1122.368,55.2861746
1122.85,55.27954622
1123.332,55.22917507
1123.814,55.21391374
1124.296,55.19537493
1124.778,55.16422787
1125.26,55.12428904
1125.742,55.08822319
1126.225,55.0453515
1126.707,55.03762467
1127.189,55.00324492
1127.671,54.9614716
1128.153,54.91170187
1128.635,54.87730192
1129.117,54.84366189
1129.599,54.78394066
1130.082,54.7453461
1130.564,54.70587142
1131.046,54.65919725
1131.528,54.62188839
1132.01,54.58039417
1132.492,54.5412988
1132.974,54.49832155
1133.456,54.45155859
1133.938,54.41132842
1134.421,54.37365668
1134.903,54.32503129
1135.385,54.28153314
1135.867,54.2474329
1136.349,54.18769536
1136.831,54.15359001
1137.313,54.11440433
1137.795,54.07115299
1138.277,54.02535986
1138.76,53.98459408
1139.242,53.94337549
1139.724,53.87790958
1140.206,53.82304455
1140.688,53.80056041
1141.17,53.73601682
1141.652,53.70014798
1142.134,53.6264278
1142.616,53.58119446
1143.099,53.52474378
1143.581,53.45197328
1144.063,53.41769625
1144.545,53.34569475
1145.027,53.27771234
1145.509,53.21488707
1145.991,53.14647553
1146.473,53.08396409
1146.956,53.0253795
1147.438,52.95593049
1147.92,52.89904305
1148.402,52.85152802
1148.884,52.78348061
1149.366,52.69595645
1149.848,52.64365747
1150.33,52.58904682
1150.812,52.5319899
1151.295,52.44944863
1151.777,52.37950629
1152.259,52.30361372
1152.741,52.23546161
1153.223,52.16478264
1153.705,52.09048689
1154.187,52.01674196
1154.669,51.93877765
1155.152,51.847044
1155.634,51.78945631
1156.116,51.71353295
1156.598,51.6478304
1157.08,51.56787892
1157.562,51.48872197
1158.044,51.428948
1158.526,51.32161386
1159.009,51.24860447
1159.491,51.18720412
1159.973,51.09008649
1160.455,51.00370599
1160.937,50.9432174
1161.419,50.82866971
1161.901,50.77347285
1162.383,50.68789243
1162.865,50.59337958
1163.348,50.50477635
1163.83,50.40954162
1164.312,50.32584686
1164.794,50.2359355
1165.276,50.16800043
1165.758,50.07733381
1166.24,50.01043072
1166.722,49.89261892
1167.204,49.79998497
1167.687,49.71781119
1168.169,49.62452367
1168.651,49.51430826
1169.133,49.41126888
1169.615,49.34010901
1170.097,49.22920501
1170.579,49.14211768
1171.061,49.03726471
1171.543,48.96426559
1172.026,48.83172195
1172.508,48.73347717
1172.99,48.6463038
1173.472,48.5327882
1173.954,48.4368251
1174.436,48.33601161
1174.918,48.21492899
1175.4,48.13337852
1175.883,47.99728872
1176.365,47.91306637
1176.847,47.80264884
1177.329,47.70574755
1177.811,47.60464942
1178.293,47.49577406
1178.775,47.38638463
1179.257,47.2861164
1179.74,47.18954702
1180.222,47.06307623
1180.704,46.96499797
1181.186,46.83622308
1181.668,46.72929206
1182.15,46.63234415
1182.632,46.48670669
1183.114,46.37570434
1183.596,46.25944401
1184.079,46.15415393
1184.561,46.03907502
1185.043,45.9046349
1185.525,45.78647696
1186.007,45.67186137
1186.489,45.55941898
1186.971,45.40335147
1187.453,45.29537522
1187.936,45.16494973
1188.418,45.05694339
1188.9,44.9024289
1189.382,44.7900126
1189.864,44.65770204
1190.346,44.56564428
1190.828,44.4226845
1191.31,44.29404275
1191.792,44.17435712
1192.275,44.05054002
1192.757,43.9191855
1193.239,43.82316396
1193.721,43.67776404
1194.203,43.54174293
1194.685,43.39339885
1195.167,43.27294612
1195.649,43.1546269
1196.131,43.0022618
1196.614,42.88656181
1197.096,42.72780445
1197.578,42.62051269
1198.06,42.47784656
1198.542,42.33465648
1199.024,42.2240324
1199.506,42.07648897
1199.988,41.92910968
1200.47,41.79095714
1200.953,41.64447901
1201.435,41.51650296
1201.917,41.35204026
1202.399,41.21647782
1202.881,41.07356306
1203.363,40.93300085
1203.845,40.77546823
1204.327,40.63233718
1204.81,40.4840068
1205.292,40.35054397
1205.774,40.17741062
1206.256,40.0148441
1206.738,39.89497819
1207.22,39.71963593
1207.702,39.59585976
1208.184,39.4408544
1208.667,39.29141114
1209.149,39.10420597
1209.631,38.97087615
1210.113,38.84029616
1210.595,38.67344189
1211.077,38.53169626
1211.559,38.37409711
1212.041,38.2211397
1212.523,38.04032836
1213.006,37.89392207
1213.488,37.75604921
1213.97,37.61067235
1214.452,37.45913842
1214.934,37.27841992
1215.416,37.14457104
1215.898,36.97489708
1216.38,36.80259215
1216.863,36.66660646
1217.345,36.4825178
1217.827,36.34524348
1218.309,36.16124567
1218.791,36.00338139
1219.273,35.84229379
1219.755,35.67811801
1220.237,35.51199624
1220.719,35.36182129
1221.202,35.17919468
1221.684,35.03169903
1222.166,34.86477666
1222.648,34.69929005
1223.13,34.55614795
1223.612,34.3698028
1224.094,34.20903951
1224.576,34.05685564
1225.058,33.88685458
1225.541,33.70887267
1226.023,33.53701399
1226.505,33.3877039
1226.987,33.20181416
1227.469,33.04457882
1227.951,32.87390436
1228.433,32.71749061
1228.915,32.51460829
1229.397,32.34189454
1229.88,32.20002797
1230.362,32.01748608
1230.844,31.85361453
1231.326,31.66878678
1231.808,31.5101401
1232.29,31.34467545
1232.772,31.17056074
1233.254,30.99169397
1233.737,30.83347768
1234.219,30.65437881
1234.701,30.4985591
1235.183,30.30106842
1235.665,30.13627703
1236.147,29.9455166
1236.629,29.77124324
1237.111,29.60476067
1237.594,29.40940454
1238.076,29.26671137
1238.558,29.0819362
1239.04,28.92424586
1239.522,28.7377334
1240.004,28.55955454
1240.486,28.40110262
1240.968,28.2386992
1241.45,28.08520051
1241.933,27.8938263
1242.415,27.72711453
1242.897,27.55231573
1243.379,27.37503729
1243.861,27.18748475
1244.343,27.04105063
1244.825,26.85368851
1245.307,26.69233656
1245.79,26.50644359
1246.272,26.34008978
1246.754,26.15592661
1247.236,26.00816363
1247.718,25.82355008
1248.2,25.64910539
1248.682,25.46559072
1249.164,25.31528125
1249.646,25.1377184
1250.129,24.98024742
1250.611,24.81962593
1251.093,24.6426326
1251.575,24.50549772
1252.057,24.3219542
1252.539,24.14557398
1253.021,23.98964579
1253.503,23.84143326
1253.985,23.66127765
1254.468,23.50339185
1254.95,23.35819051
1255.432,23.17465981
1255.914,23.0168683
1256.396,22.83769122
1256.878,22.68681098
1257.36,22.51293564
1257.842,22.34408152
1258.324,22.20457936
1258.807,22.04297313
1259.289,21.8696577
1259.771,21.70336991
1260.253,21.56028367
1260.735,21.3838048
1261.217,21.22490237
1261.699,21.09063581
1262.181,20.92648324
1262.664,20.78367527
1263.146,20.61923808
1263.628,20.45790188
1264.11,20.31471696
1264.592,20.17716525
1265.074,20.0118328
1265.556,19.86636247
1266.038,19.72519265
1266.521,19.57513837
1267.003,19.42227335
1267.485,19.26805362
1267.967,19.1200811
1268.449,18.98082671
1268.931,18.82394617
1269.413,18.68855945
1269.895,18.56778853
1270.377,18.39274295
1270.86,18.26812979
1271.342,18.14463019
1271.824,17.99765281
1272.306,17.86073269
1272.788,17.72096438
1273.27,17.60004358
1273.752,17.46538875
1274.234,17.32166683
1274.717,17.20119964
1275.199,17.07207985
1275.681,16.90982882
1276.163,16.80057921
1276.645,16.67499747
1277.127,16.54308493
1277.609,16.41904289
1278.091,16.2945893
1278.573,16.16354818
1279.056,16.05285272
1279.538,15.92646208
1280.02,15.81497737
1280.502,15.6897864
1280.984,15.60951531
1281.466,15.50283026
1281.948,15.38602975
1282.43,15.28407095
1282.912,15.16816442
1283.395,15.05751355
1283.877,14.97676726
1284.359,14.84275013
1284.841,14.76292018
1285.323,14.64779108
1285.805,14.5418427
1286.287,14.45351558
1286.769,14.35677415
1287.251,14.25103765
1287.734,14.16238165
1288.216,14.05146842
1288.698,13.97448888
1289.18,13.88652163
1289.662,13.792967
1290.144,13.72403654
1290.626,13.62213461
1291.108,13.55959564
1291.591,13.46439676
1292.073,13.39349108
1292.555,13.32595644
1293.037,13.26169292
1293.519,13.20243552
1294.001,13.12292424
1294.483,13.06938588
1294.965,12.96349677
1295.448,12.91233826
1295.93,12.86459135
1296.412,12.78419993
1296.894,12.72556018
1297.376,12.64356181
1297.858,12.59490739
1298.34,12.5282948
1298.822,12.48712669
1299.304,12.42281316
1299.787,12.36692664
1300.269,12.32769238
1300.751,12.27764764
1301.233,12.22006621
1301.715,12.21337518
1302.197,12.15174427
1302.679,12.10626613
1303.161,12.09224199
1303.644,12.03193479
1304.126,11.98942979
1304.608,11.97010408
1305.09,11.92227754
1305.572,11.90874422
1306.054,11.87648018
1306.536,11.86982994
1307.018,11.83842423
1307.5,11.78919339
1307.983,11.78538285
1308.465,11.7843633
1308.947,11.73878076
1309.429,11.75017564
1309.911,11.71892015
1310.393,11.69790105
1310.875,11.69986155
1311.357,11.69673358
1311.839,11.66272022
1312.322,11.65924708
1312.804,11.65435061
1313.286,11.66834595
1313.768,11.67726307
1314.25,11.67728872
1314.732,11.67352216
1315.214,11.66996312
1315.696,11.68874176
1316.178,11.69957394
1316.661,11.69450837
1317.143,11.72100822
1317.625,11.71024425
1318.107,11.75342787
1318.589,11.75348921
1319.071,11.78588458
1319.553,11.79076903
1320.035,11.80795829
1320.518,11.84398385
1321,11.88103611
1321.482,11.9072506
1321.964,11.91574939
1322.446,11.94847095
1322.928,11.98552598
1323.41,12.02818058
1323.892,12.04809312
1324.375,12.10017472
1324.857,12.13733206
1325.339,12.17621414
1325.821,12.22029684
1326.303,12.24150904
1326.785,12.28998403
1327.267,12.33558188
1327.749,12.35751322
1328.231,12.41932245
1328.714,12.46086664
1329.196,12.51005739
1329.678,12.56457502
1330.16,12.60779306
1330.642,12.66538635
1331.124,12.6932542
1331.606,12.76734232
1332.088,12.82864783
1332.571,12.87704113
1333.053,12.94223517
1333.535,12.99267071
1334.017,13.03512929
1334.499,13.07072582
1334.981,13.16951291
1335.463,13.22412998
1335.945,13.27781546
1336.427,13.35919791
1336.91,13.41155277
1337.392,13.49313467
1337.874,13.56733841
1338.356,13.66975341
1338.838,13.73486249
1339.32,13.84031056
1339.802,13.91160648
1340.284,13.99936663
1340.766,14.10117132
1341.249,14.16872488
1341.731,14.24692755
1342.213,14.33866489
1342.695,14.40243821
1343.177,14.48863594
1343.659,14.56790952
1344.141,14.66646585
1344.623,14.73507424
1345.105,14.81183873
1345.588,14.89641383
1346.07,15.01306668
1346.552,15.10828475
1347.034,15.16697873
1347.516,15.27062722
1347.998,15.35759127
1348.48,15.44503913
1348.962,15.55559677
1349.445,15.65305563
1349.927,15.7445321
1350.409,15.83893005
1350.891,15.91786729
1351.373,16.01293375
1351.855,16.11585141
1352.337,16.20319681
1352.819,16.30273438
1353.302,16.40780642
1353.784,16.50157609
1354.266,16.57931289
1354.748,16.69113822
1355.23,16.80216169
1355.712,16.90243763
1356.194,16.99597032
1356.676,17.1120499
1357.158,17.21294719
1357.641,17.29748655
1358.123,17.41456574
1358.605,17.52037258
1359.087,17.60495739
1359.569,17.69734831
1360.051,17.82135207
1360.533,17.92133398
1361.015,18.03386578
1361.498,18.17519
1361.98,18.30424246
1362.462,18.44722754
1362.944,18.56499495
1363.426,18.6955044
1363.908,18.80941397
1364.39,18.9414051
1364.872,19.04505925
1365.354,19.13701424
1365.837,19.25470459
1366.319,19.35797498
1366.801,19.44517739
1367.283,19.56082979
1367.765,19.67627014
1368.247,19.76551102
1368.729,19.88367024
1369.211,19.99077269
1369.693,20.10688763
1370.176,20.20772367
1370.658,20.31957874
1371.14,20.41191048
1371.622,20.54082238
1372.104,20.64037
1372.586,20.73815636
1373.068,20.87059571
1373.55,20.98690407
1374.032,21.11872393
1374.515,21.26557167
1374.997,21.38230023
1375.479,21.53039739
1375.961,21.63188656
1376.443,21.75631977
1376.925,21.88762373
1377.407,21.985858
1377.889,22.07612254
1378.372,22.19362898
1378.854,22.32073604
1379.336,22.42731257
1379.818,22.53854408
1380.3,22.65635784
1380.782,22.76173973
1381.264,22.88976392
1381.746,22.98669584
1382.229,23.09640185
1382.711,23.20240912
1383.193,23.2940498
1383.675,23.40179934
1384.157,23.51804294
1384.639,23.62046266
1385.121,23.74651774
1385.603,23.85562766
1386.085,23.97861387
1386.568,24.1061643
1387.05,24.24821709
1387.532,24.38668014
1388.014,24.49803328
1388.496,24.61992742
1388.978,24.73941321
1389.46,24.85241088
1389.942,24.93203712
1390.425,25.03939516
1390.907,25.09466077
1391.389,25.21723149
1391.871,25.28388095
1392.353,25.38257152
1392.835,25.46127759
1393.317,25.57464804
1393.799,25.6886342
1394.281,25.82014489
1394.764,25.95090574
1395.246,26.07246257
1395.728,26.19206112
1396.21,26.33269084
1396.692,26.44289342
1397.174,26.57989551
1397.656,26.6954215
1398.138,26.79596886
1398.62,26.93547072
1399.103,27.04444231
1399.585,27.15321288
1400.067,27.27937389
1400.549,27.37214662
1401.031,27.45710528
1401.513,27.5485945
1401.995,27.6424016
1402.477,27.71831208
1402.959,27.81995581
1403.442,27.92636492
1403.924,28.04179208
1404.406,28.1731634
1404.888,28.27601854
1405.37,28.38692189
1405.852,28.50753094
1406.334,28.60355479
1406.816,28.6968364
1407.299,28.79199966
1407.781,28.88962266
1408.263,28.97322569
1408.745,29.07518919
1409.227,29.17627297
1409.709,29.27662112
1410.191,29.37871065
1410.673,29.4622374
1411.156,29.56329241
1411.638,29.64223847
1412.12,29.73876912
1412.602,29.8531155
1413.084,29.9327005
1413.566,30.01021185
1414.048,30.10429162
1414.53,30.15975054
1415.012,30.23376207
1415.495,30.30340833
1415.977,30.38833022
1416.459,30.50755094
1416.941,30.57083902
1417.423,30.68405021
1417.905,30.80221078
1418.387,30.91712044
1418.869,31.02235666
1419.352,31.15309347
1419.834,31.24365418
1420.316,31.36328265
1420.798,31.44304954
1421.28,31.54236951
1421.762,31.62685457
1422.244,31.70559619
1422.726,31.76691301
1423.208,31.86253229
1423.69,31.9329916
1424.173,32.00661513
1424.655,32.11857461
1425.137,32.17484571
1425.619,32.25899601
1426.101,32.34545349
1426.583,32.4222587
1427.065,32.48955657
1427.547,32.56287571
1428.03,32.63683737
1428.512,32.73602683
1428.994,32.81185071
1429.476,32.90099733
1429.958,32.98965971
1430.44,33.07834464
1430.922,33.15600516
1431.404,33.21747111
1431.886,33.29088232
1432.369,33.36267423
1432.851,33.41733813
1433.333,33.48659406
1433.815,33.56239552
1434.297,33.6360172
1434.779,33.69541835
1435.261,33.77063326
1435.743,33.88950373
1436.226,33.97299343
1436.708,34.08037072
1437.19,34.18869474
1437.672,34.26613206
1438.154,34.33130774
1438.636,34.43500857
1439.118,34.485282
1439.6,34.53438339
1440.083,34.59047004
1440.565,34.63936526
1441.047,34.7033465
1441.529,34.7703643
1442.011,34.83175849
1442.493,34.87404054
1442.975,34.92349616
1443.457,34.99550651
1443.939,35.04522758
1444.422,35.10330248
1444.904,35.16592259
1445.386,35.22095192
1445.868,35.27932953
1446.35,35.34210276
1446.832,35.39334675
1447.314,35.49243396
1447.796,35.54420013
1448.279,35.62192714
1448.76,35.68960139
1449.243,35.74926599
1449.725,35.77052516
1450.207,35.84732624
1450.689,35.87064247
1451.171,35.91495501
1451.653,35.97872765
1452.135,36.01049608
1452.617,36.04170617
1453.1,36.07333205
1453.582,36.11082242
1454.064,36.15197739
1454.546,36.19587777
1455.028,36.23405876
1455.51,36.29128841
1455.992,36.38440662
1456.474,36.46018415
1456.957,36.53603809
1457.439,36.65915298
1457.921,36.74827232
1458.403,36.83247528
1458.885,36.87643923
1459.367,36.92922421
1459.849,36.98125593
1460.331,37.00016052
1460.813,37.0318494
1461.296,37.06133414
1461.778,37.09356544
1462.26,37.10488576
1462.742,37.13689644
1463.224,37.17564906
1463.706,37.22995821
1464.188,37.27643607
1464.67,37.35301889
1465.153,37.3993926
1465.635,37.47129348
1466.117,37.50416339
1466.599,37.5490136
1467.081,37.58740441
1467.563,37.59964609
1468.045,37.63026948
1468.527,37.66158545
1469.01,37.68016926
1469.492,37.70202084
1469.974,37.72155187
1470.456,37.74034935
1470.938,37.79409901
1471.42,37.81275484
1471.902,37.88672095
1472.384,37.94423965
1472.866,37.97212539
1473.349,38.04266884
1473.831,38.12375092
1474.313,38.15698475
1474.795,38.21779685
1475.277,38.2543398
1475.759,38.27245132
1476.241,38.30258693
1476.723,38.3166228
1477.206,38.35401869
1477.688,38.37238443
1478.17,38.39035662
1478.652,38.39528881
1479.134,38.42761765
1479.616,38.45980754
1480.098,38.46034414
1480.58,38.47129194
1481.062,38.5180569
1481.544,38.54100729
1482.027,38.56213083
1482.509,38.57077308
1482.991,38.60930828
1483.473,38.61685107
1483.955,38.64093323
1484.437,38.66555606
1484.919,38.67013269
1485.401,38.68865111
1485.884,38.70582569
1486.366,38.72383824
1486.848,38.713828
1487.33,38.75246296
1487.812,38.79546213
1488.294,38.81179919
1488.776,38.87037715
1489.258,38.88224361
1489.74,38.92550997
1490.223,38.94768411
1490.705,38.9893234
1491.187,38.999094
1491.669,38.99898685
1492.151,39.01073057
1492.633,39.01297671
1493.115,39.02788549
1493.597,39.02124187
1494.08,39.02381297
1494.562,39.05118774
1495.044,39.04270884
1495.526,39.04439546
1496.008,39.06726716
1496.49,39.09945196
1496.972,39.12535147
1497.454,39.14052326
1497.937,39.14056955
1498.419,39.17810329
1498.901,39.1695289
1499.383,39.16110325
1499.865,39.18242638
1500.347,39.20588871
1500.829,39.1869392
1501.311,39.17747453
1501.793,39.18415553
1502.276,39.16938948
1502.758,39.1700591
1503.24,39.16080769
1503.722,39.14858299
1504.204,39.15002911
1504.686,39.14835867
1505.168,39.15595262
1505.65,39.18849317
1506.133,39.16365401
1506.615,39.23063897
1507.097,39.25653979
1507.579,39.31000586
1508.061,39.3309497
1508.543,39.31080318
1509.025,39.31055508
1509.507,39.30076254
1509.99,39.28415043
1510.471,39.2761306
1510.954,39.2581049
1511.436,39.2492985
1511.918,39.22198225
1512.4,39.22047722
1512.882,39.19332819
1513.364,39.21821639
1513.846,39.19456431
1514.328,39.18866531
1514.811,39.16892725
1515.293,39.15738428
1515.775,39.14881037
1516.257,39.16754468
1516.739,39.13843691
1517.221,39.12159487
1517.703,39.10886843
1518.185,39.11664738
1518.667,39.08612147
1519.15,39.10422412
1519.632,39.07428775
1520.114,39.06330888
1520.596,39.06849477
1521.078,39.04466153
1521.56,39.02494585
1522.042,39.04848195
1522.524,39.0131719
1523.007,39.00608615
1523.489,39.000449
1523.971,38.99422009
1524.453,38.98746044
1524.935,38.99180551
1525.417,38.96293287
1525.899,38.93360498
1526.381,38.93736601
1526.864,38.91250474
1527.346,38.87505676
1527.828,38.88751853
1528.31,38.86468264
1528.792,38.84641069
1529.274,38.82072856
1529.756,38.80703572
1530.238,38.78381997
1530.72,38.75972529
1531.203,38.71955246
1531.685,38.71721063
1532.167,38.68877952
1532.649,38.66887296
1533.131,38.66177833
1533.613,38.6396176
1534.095,38.63670752
1534.577,38.60272777
1535.06,38.59250918
1535.542,38.55385116
1536.024,38.55087737
1536.506,38.50810847
1536.988,38.47300719
1537.47,38.45749742
1537.952,38.44669575
1538.434,38.41132207
1538.917,38.39779267
1539.398,38.38009349
1539.881,38.36205793
1540.363,38.32841937
1540.845,38.29313574
1541.327,38.25532902
1541.809,38.25323593
1542.291,38.21880681
1542.773,38.18394079
1543.255,38.15771093
1543.738,38.09540228
1544.22,38.09242066
1544.702,38.03622875
1545.184,38.01952892
1545.666,37.99304492
1546.148,37.96459106
1546.63,37.93437637
1547.112,37.90097263
1547.594,37.85742537
1548.077,37.83042656
1548.559,37.80416263
1549.041,37.76756829
1549.523,37.7230178
1550.005,37.69162647
1550.487,37.67105113
1550.969,37.62788826
1551.451,37.60062511
1551.934,37.57032169
1552.416,37.51775816
1552.898,37.48598605
1553.38,37.42299065
1553.862,37.40422138
1554.344,37.36963754
1554.826,37.32779745
1555.308,37.27876278
1555.791,37.25648408
1556.273,37.20750927
1556.755,37.15048373
1557.237,37.15005236
1557.719,37.07647304
1558.201,37.02714738
1558.683,36.95042495
1559.165,36.91503419
1559.647,36.88522546
1560.13,36.85261685
1560.612,36.81627754
1561.094,36.7921195
1561.576,36.77195682
1562.058,36.73041815
1562.54,36.72296695
1563.022,36.66268422
1563.504,36.62487635
1563.987,36.57931171
1564.469,36.55150562
1564.951,36.51654441
1565.433,36.49318511
1565.915,36.43629694
1566.397,36.39423443
1566.879,36.34411293
1567.361,36.32835639
1567.844,36.26737529
1568.325,36.19837988
1568.808,36.16158514
1569.29,36.09211555
1569.772,36.04549063
1570.254,35.98943304
1570.736,35.9327959
1571.218,35.86921261
1571.7,35.838226
1572.182,35.76293636
1572.665,35.75111685
1573.147,35.70113627
1573.629,35.67074207
1574.111,35.61981653
1574.593,35.56410877
1575.075,35.50911904
1575.557,35.46046441
1576.039,35.40303758
1576.521,35.32729889
1577.004,35.27016833
1577.486,35.2125584
1577.968,35.15320025
1578.45,35.09621142
1578.932,35.06016497
1579.414,34.98787215
1579.896,34.93880513
1580.378,34.91043262
1580.861,34.87028763
1581.343,34.81847955
1581.825,34.75372219
1582.307,34.71821445
1582.789,34.65206689
1583.271,34.59202863
1583.753,34.53201868
1584.235,34.47904669
1584.718,34.44064849
1585.2,34.3743314
1585.682,34.30716417
1586.164,34.26398119
1586.646,34.19791793
1587.128,34.14867425
1587.61,34.09796835
1588.092,34.02596262
1588.574,33.97151207
1589.057,33.90630376
1589.539,33.86538649
1590.021,33.78696883
1590.503,33.72450387
1590.985,33.68489634
1591.467,33.65032702
1591.949,33.5520656
1592.431,33.49749661
1592.914,33.43928143
1593.396,33.37546164
1593.878,33.31117222
1594.36,33.25902057
1594.842,33.20107622
1595.324,33.14470993
1595.806,33.08103849
1596.288,33.03567851
1596.771,32.9653633
1597.252,32.90433516
1597.735,32.84709405
1598.217,32.77601468
1598.699,32.70733473
1599.181,32.65673358
1599.663,32.6126817
1600.145,32.54835598
1600.627,32.47676934
1601.109,32.41858326
1601.592,32.35428151
1602.074,32.29779247
1602.556,32.23017689
1603.038,32.17638652
1603.52,32.11398741
1604.002,32.02506409
1604.484,31.99728903
1604.966,31.91636984
1605.448,31.84783919
1605.931,31.7791224
1606.413,31.71146684
1606.895,31.66221634
1607.377,31.59117308
1607.859,31.50557213
1608.341,31.44965058
1608.823,31.36962176
1609.305,31.31857999
1609.788,31.25089759
1610.27,31.18606834
1610.752,31.12872457
1611.234,31.06503951
1611.716,30.98829397
1612.198,30.92984179
1612.68,30.89311849
1613.162,30.83142725
1613.645,30.78259983
1614.127,30.70493758
1614.609,30.6741688
1615.091,30.6122052
1615.573,30.53889713
1616.055,30.46127687
1616.537,30.37179018
1617.019,30.27619511
1617.501,30.19989368
1617.984,30.12291872
1618.466,30.07883005
1618.948,30.02096416
1619.43,29.94547926
1619.912,29.89285826
1620.394,29.83904209
1620.876,29.76722658
1621.358,29.70816047
1621.841,29.64587882
1622.323,29.56493848
1622.805,29.52082649
1623.287,29.44212192
1623.769,29.3762497
1624.251,29.30110008
1624.733,29.20740671
1625.215,29.16894238
1625.698,29.09437546
1626.179,29.01966601
1626.662,28.95678749
1627.144,28.8956139
1627.626,28.83896588
1628.108,28.77414075
1628.59,28.67768862
1629.072,28.61997519
1629.554,28.56037953
1630.036,28.52050921
1630.519,28.44152263
1631.001,28.39840171
1631.483,28.33348969
1631.965,28.27181476
1632.447,28.2399463
1632.929,28.17609371
1633.411,28.11833398
1633.893,28.06325619
1634.375,27.9797134
1634.858,27.89281205
1635.34,27.79756324
1635.822,27.70433833
1636.304,27.62349101
1636.786,27.53616927
1637.268,27.44544936
1637.75,27.38551797
1638.232,27.3066103
1638.715,27.26555411
1639.197,27.21250187
1639.679,27.16902628
1640.161,27.09925951
1640.643,27.07360818
1641.125,26.99465031
1641.607,26.95032464
1642.089,26.88148438
1642.572,26.83122332
1643.054,26.80348808
1643.536,26.71716074
1644.018,26.70403857
1644.5,26.65181844
1644.982,26.57981849
1645.464,26.51912369
1645.946,26.45261318
1646.428,26.38637576
1646.911,26.28599817
1647.393,26.21710799
1647.875,26.169725
1648.357,26.0932334
1648.839,26.03465088
1649.321,25.98303787
1649.803,25.93810163
1650.285,25.88746856
1650.768,25.83669712
1651.25,25.7771644
1651.732,25.72563887
1652.214,25.64920453
1652.696,25.56386467
1653.178,25.44998661
1653.66,25.35727093
1654.142,25.28445987
1654.625,25.21628351
1655.106,25.15495796
1655.589,25.10407784
1656.071,25.06981852
1656.553,25.01516665
1657.035,24.9543159
1657.517,24.91632064
1657.999,24.88084027
1658.481,24.82845879
1658.963,24.80215225
1659.446,24.74170165
1659.928,24.67446375
1660.41,24.64531974
1660.892,24.5660184
1661.374,24.5126954
1661.856,24.45156029
1662.338,24.37566367
1662.82,24.32990657
1663.302,24.25346375
1663.785,24.195072
1664.267,24.14333369
1664.749,24.09508076
1665.231,24.03363929
1665.713,23.99697354
1666.195,23.94963203
1666.677,23.92456778
1667.159,23.85310194
1667.642,23.8223591
1668.124,23.75641862
1668.606,23.7158452
1669.088,23.65462557
1669.57,23.58840722
1670.052,23.53211919
1670.534,23.46384304
1671.016,23.40727185
1671.499,23.35792084
1671.981,23.31636133
1672.463,23.28910915
1672.945,23.24182411
1673.427,23.18558224
1673.909,23.17541011
1674.391,23.12819776
1674.873,23.05416846
1675.355,23.00824601
1675.838,22.98376267
1676.32,22.94935517
1676.802,22.88179338
1677.284,22.83067908
1677.766,22.8176848
1678.248,22.7753649
1678.73,22.73796853
1679.212,22.70345182
1679.695,22.65691244
1680.177,22.61995888
1680.659,22.59167881
1681.141,22.54057485
1681.623,22.50776098
1682.105,22.45722457
1682.587,22.4148021
1683.069,22.36295092
1683.552,22.32970975
1684.033,22.25779968
1684.516,22.22231669
1684.998,22.16716343
1685.48,22.12432285
1685.962,22.09140202
1686.444,22.0650415
1686.926,22.02342658
1687.408,22.01475494
1687.89,21.97336318
1688.373,21.97139175
1688.855,21.90985325
1689.337,21.9053957
1689.819,21.85966385
1690.301,21.8457137
1690.783,21.79966516
1691.265,21.7793932
1691.747,21.75943346
1692.229,21.73972509
1692.712,21.70601996
1693.194,21.68789256
1693.676,21.66468949
1694.158,21.63599797
1694.64,21.60281363
1695.122,21.59124675
1695.604,21.5548154
1696.086,21.52622369
1696.569,21.50238707
1697.051,21.48588579
1697.533,21.47024306
1698.015,21.4230409
1698.497,21.38567244
1698.979,21.35637798
1699.461,21.32279564
1699.943,21.2773703
1700.426,21.25874507
1700.908,21.23828098
1701.39,21.18391433
1701.872,21.17524766
1702.354,21.1463674
1702.836,21.14153699
1703.318,21.0964735
1703.8,21.08077783
1704.282,21.07794888
1704.765,21.07268867
1705.247,21.04723991
1705.729,21.03363101
1706.211,21.02034977
1706.693,21.00583174
1707.175,21.01586786
1707.657,20.97647025
1708.139,20.98294835
1708.622,20.94558412
1709.104,20.95007843
1709.586,20.91572426
1710.068,20.91862508
1710.55,20.8880919
1711.032,20.88055417
1711.514,20.86765501
1711.996,20.84840849
1712.479,20.84967937
1712.96,20.82917156
1713.443,20.8217407
1713.925,20.80600485
1714.407,20.8108679
1714.889,20.79695285
1715.371,20.77761995
1715.853,20.79318343
1716.335,20.82420129
1716.817,20.80456494
1717.3,20.84170945
1717.782,20.8338481
1718.264,20.81897763
1718.746,20.82825904
1719.228,20.83388724
1719.71,20.82976194
1720.192,20.80711991
1720.674,20.8264363
1721.156,20.79708397
1721.639,20.8009396
1722.121,20.79986487
1722.603,20.77100694
1723.085,20.78602053
1723.567,20.793062
1724.049,20.80288454
1724.531,20.79604809
1725.013,20.7918301
1725.496,20.79395155
1725.978,20.77769596
1726.46,20.78197125
1726.942,20.77723025
1727.424,20.82051057
1727.906,20.80301042
1728.388,20.81011823
1728.87,20.81403082
1729.353,20.82764131
1729.835,20.82223271
1730.317,20.84044109
1730.799,20.84782983
1731.281,20.83957623
1731.763,20.86303643
1732.245,20.8721652
1732.727,20.88370236
1733.209,20.92258591
1733.692,20.95118697
1734.174,20.96855843
1734.656,20.98993433
1735.138,21.01030025
1735.62,21.0135255
1736.102,21.026173
1736.584,21.0512128
1737.066,21.0331838
1737.549,21.05302673
1738.031,21.05526539
1738.513,21.0987114
1738.995,21.11290483
1739.477,21.13272773
1739.959,21.15848137
1740.441,21.15909874
1740.923,21.19794558
1741.406,21.20293595
1741.887,21.21651057
1742.37,21.23003057
1742.852,21.24861072
1743.334,21.26083392
1743.816,21.29052563
1744.298,21.28616929
1744.78,21.2871721
1745.262,21.33131008
1745.744,21.33899682
1746.227,21.34905978
1746.709,21.37581141
1747.191,21.39541447
1747.673,21.41436659
1748.155,21.4493801
1748.637,21.48694266
1749.119,21.51447822
1749.601,21.56389367
1750.083,21.5913367
1750.566,21.64116048
1751.048,21.68519047
1751.53,21.7181276
1752.012,21.72634523
1752.494,21.76499322
1752.976,21.76944477
1753.458,21.81195233
1753.94,21.82008382
1754.423,21.85680384
1754.905,21.85989352
1755.387,21.87720898
1755.869,21.90677979
1756.351,21.93455787
1756.833,21.95996587
1757.315,21.99354173
1757.797,22.03690643
1758.28,22.03575471
1758.762,22.10924426
1759.244,22.12878703
1759.726,22.14287939
1760.208,22.1904538
1760.69,22.21774937
1761.172,22.26882035
1761.654,22.31647312
1762.136,22.34285951
1762.619,22.3979606
1763.101,22.39646019
1763.583,22.4589332
1764.065,22.47904745
1764.547,22.49721586
1765.029,22.54604307
1765.511,22.56598166
1765.993,22.5821844
1766.476,22.60313166
1766.958,22.64168069
1767.44,22.6742524
1767.922,22.71858819
1768.404,22.73192224
1768.886,22.79887312
1769.368,22.79948437
1769.85,22.87249991
1770.333,22.88683215
1770.814,22.93310008
1771.297,23.01408231
1771.779,23.04502979
1772.261,23.11342594
1772.743,23.1681445
1773.225,23.22384973
1773.707,23.27786289
1774.189,23.32586387
1774.671,23.34055273
1775.154,23.40056486
1775.636,23.41012556
1776.118,23.43309421
1776.6,23.48269434
1777.082,23.5280287
1777.564,23.55249856
1778.046,23.57154226
1778.528,23.61540172
1779.01,23.66177694
1779.493,23.70726989
1779.975,23.77061819
1780.457,23.7900731
1780.939,23.83042169
1781.421,23.88040396
1781.903,23.91434248
1782.385,23.95565355
1782.867,24.01720287
1783.35,24.05462507
1783.832,24.0959577
1784.314,24.14083987
1784.796,24.18904698
1785.278,24.22293516
1785.76,24.26762218
1786.242,24.30603943
1786.724,24.35971403
1787.207,24.39944464
1787.689,24.41636961
1788.171,24.45444713
1788.653,24.50861633
1789.135,24.55126477
1789.617,24.5556772
1790.099,24.61313155
1790.581,24.67704523
1791.063,24.71909398
1791.546,24.77768924
1792.028,24.83722537
1792.51,24.92060624
1792.992,24.96678562
1793.474,25.00857792
1793.956,25.04196243
1794.438,25.10430125
1794.92,25.14015663
1795.403,25.1820466
1795.885,25.21115029
1796.367,25.27664364
1796.849,25.30108087
1797.331,25.31765365
1797.813,25.37479974
1798.295,25.40051399
1798.777,25.45877849
1799.26,25.51269918
1799.741,25.57074682
1800.224,25.62963683
1800.706,25.66042504
1801.188,25.72499228
1801.67,25.77805816
1802.152,25.82634066
1802.634,25.85956814
1803.116,25.91000402
1803.598,25.94773837
1804.081,26.02306539
1804.563,26.05157213
1805.045,26.0885746
1805.527,26.11279499
1806.009,26.16213618
1806.491,26.19594707
1806.973,26.24979017
1807.455,26.29714329
1807.938,26.31782043
1808.42,26.37534808
1808.902,26.43313953
1809.384,26.46379544
1809.866,26.50893342
1810.348,26.57694208
1810.83,26.61264093
1811.312,26.68158774
1811.794,26.73643393
1812.277,26.79102345
1812.759,26.81639496
1813.241,26.89666549
1813.723,26.92966957
1814.205,26.96993089
1814.687,27.03999987
1815.169,27.07798051
1815.651,27.10747606
1816.134,27.14847478
1816.616,27.20060947
1817.098,27.23535583
1817.58,27.27953866
1818.062,27.31685949
1818.544,27.36999592
1819.026,27.40376345
1819.508,27.46838072
1819.99,27.50578899
1820.473,27.53189504
1820.955,27.5849325
1821.437,27.61917447
1821.919,27.66167409
1822.401,27.71893023
1822.883,27.73320463
1823.365,27.78600209
1823.847,27.83086158
1824.33,27.89182659
1824.812,27.94279692
1825.294,27.98438293
1825.776,28.02888386
1826.258,28.0705152
1826.74,28.10551463
1827.222,28.16817131
1827.704,28.19702222
1828.187,28.26364526
1828.668,28.30050974
1829.151,28.37362619
1829.633,28.39561876
1830.115,28.47579001
1830.597,28.5079571
1831.079,28.55165732
1831.561,28.59962531
1832.043,28.6393779
1832.525,28.64188045
1833.008,28.70443661
1833.49,28.72093971
1833.972,28.77564805
1834.454,28.8087674
1834.936,28.81698228
1835.418,28.87214012
1835.9,28.91809373
1836.382,28.96317231
1836.865,29.01285793
1837.347,29.03803199
1837.829,29.08346463
1838.311,29.13475511
1838.793,29.15291639
1839.275,29.21846343
1839.757,29.23151226
1840.239,29.2477336
1840.721,29.30369407
1841.204,29.32941648
1841.686,29.35269044
1842.168,29.39839244
1842.65,29.45525219
1843.132,29.50278499
1843.614,29.57198789
1844.096,29.63205494
1844.578,29.67988911
1845.061,29.75500935
1845.543,29.76235738
1846.025,29.81211153
1846.507,29.84422591
1846.989,29.91144192
1847.471,29.91853537
1847.953,29.95012669
1848.435,29.99105188
1848.917,30.00223678
1849.4,30.0438815
1849.882,30.06515153
1850.364,30.09323299
1850.846,30.14610103
1851.328,30.13437282
1851.81,30.21271347
1852.292,30.20837825
1852.774,30.26679602
1853.257,30.30403641
1853.739,30.34605433
1854.221,30.36779817
1854.703,30.39682622
1855.185,30.42312856
1855.667,30.44641195
1856.149,30.45054401
1856.631,30.5217653
1857.114,30.55296431
1857.595,30.60831185
1858.078,30.6092718
1858.56,30.66583861
1859.042,30.71309509
1859.524,30.72777932
1860.006,30.75658964
1860.488,30.81766664
1860.97,30.81811804
1861.452,30.86250184
1861.935,30.8750424
1862.417,30.8938216
1862.899,30.94580499
1863.381,30.96939721
1863.863,30.98064754
1864.345,31.01360766
1864.827,31.01268601
1865.309,31.06718902
1865.792,31.09058995
1866.274,31.10457387
1866.756,31.16061316
1867.238,31.19600023
1867.72,31.23484471
1868.202,31.29541925
1868.684,31.32020272
1869.166,31.38123744
1869.648,31.42502319
1870.131,31.43176705
1870.613,31.4718005
1871.095,31.48994824
1871.577,31.51498896
1872.059,31.5397051
1872.541,31.54103286
1873.023,31.59019265
1873.505,31.58462253
1873.988,31.61228394
1874.47,31.62229138
1874.952,31.68321179
1875.434,31.68020982
1875.916,31.72128084
1876.398,31.74631925
1876.88,31.75238006
1877.362,31.800036
1877.844,31.8217206
1878.327,31.8334905
1878.809,31.85803641
1879.291,31.88763686
1879.773,31.92573283
1880.255,31.93265296
1880.737,31.98917502
1881.219,32.00752409
1881.701,32.01942498
1882.184,32.01624308
1882.666,32.05639227
1883.148,32.08886379
1883.63,32.09586899
1884.112,32.10812454
1884.594,32.14589262
1885.076,32.15467518
1885.558,32.1719257
1886.041,32.18823527
1886.522,32.22517152
1887.005,32.23805693
1887.487,32.24281671
1887.969,32.26419775
1888.451,32.29807058
1888.933,32.32911096
1889.415,32.34613444
1889.897,32.35919911
1890.379,32.3863379
1890.862,32.40029146
1891.344,32.40514647
1891.826,32.42499021
1892.308,32.44823503
1892.79,32.4503047
1893.272,32.48876661
1893.754,32.48546339
1894.236,32.51357448
1894.719,32.514023
1895.201,32.53764011
1895.683,32.55255583
1896.165,32.58286188
1896.647,32.58625725
1897.129,32.60142623
1897.611,32.61992672
1898.093,32.62756315
1898.575,32.64398262
1899.058,32.65890893
1899.54,32.68229775
1900.022,32.66982752
1900.504,32.70210653
1900.986,32.70399172
1901.468,32.73010554
1901.95,32.73507013
1902.432,32.76579949
1902.915,32.76797598
1903.397,32.80215076
1903.879,32.80693114
1904.361,32.80978716
1904.843,32.83293648
1905.325,32.83551846
1905.807,32.82681067
1906.289,32.84052795
1906.771,32.85678838
1907.254,32.8676841
1907.736,32.86560273
1908.218,32.89044135
1908.7,32.88537414
1909.182,32.90490571
1909.664,32.91959378
1910.146,32.93249013
1910.628,32.94088223
1911.111,32.93372223
1911.593,32.95907306
1912.075,32.97729456
1912.557,32.9715656
1913.039,32.9599072
1913.521,32.97496121
1914.003,32.97793824
1914.485,32.96557729
1914.968,32.98929817
1915.449,32.99995508
1915.932,32.99237763
1916.414,33.01869068
1916.896,33.00879806
1917.378,33.02212375
1917.86,33.03850398
1918.342,33.04681487
1918.824,33.02967359
1919.306,33.06545488
1919.789,33.06247181
1920.271,33.05399036
1920.753,33.06109035
1921.235,33.04642705
1921.717,33.05864988
1922.199,33.05706779
1922.681,33.07615758
1923.163,33.05929255
1923.646,33.0641669
1924.128,33.06852194
1924.61,33.08967919
1925.092,33.07427893
1925.574,33.07211525
1926.056,33.07421558
1926.538,33.0992404
1927.02,33.1089936
1927.502,33.09774084
1927.985,33.07887429
1928.467,33.07472174
1928.949,33.08638385
1929.431,33.07159303
1929.913,33.07471622
1930.395,33.06923774
1930.877,33.08546733
1931.359,33.06645918
1931.842,33.07973477
1932.324,33.07834724
1932.806,33.06445841
1933.288,33.07688359
1933.77,33.06904723
1934.252,33.06290896
1934.734,33.04701148
1935.216,33.08769849
1935.698,33.06664312
1936.181,33.08153664
1936.663,33.06164914
1937.145,33.06026922
1937.627,33.05765702
1938.109,33.05328116
1938.591,33.04853629
1939.073,33.02360649
1939.555,33.03828844
1940.038,33.05122466
1940.52,33.03295953
1941.002,33.02278755
1941.484,33.0295375
1941.966,33.01585664
1942.448,33.01975188
1942.93,33.01085545
1943.412,33.00740381
1943.895,32.99757049
1944.376,32.98465153
1944.859,32.9936248
1945.341,32.97658945
1945.823,32.95830625
1946.305,32.95465305
1946.787,32.94141909
1947.269,32.94180517
1947.751,32.91814253
1948.233,32.91064461
1948.716,32.90693299
1949.198,32.88956383
1949.68,32.89510801
1950.162,32.87150582
1950.644,32.86391619
1951.126,32.85315137
1951.608,32.83527872
1952.09,32.8452111
1952.573,32.8242892
1953.055,32.79122086
1953.537,32.80253584
1954.019,32.76573525
1954.501,32.77206623
1954.983,32.75318686
1955.465,32.74642039
1955.947,32.72439609
1956.429,32.73816312
1956.912,32.7192069
1957.394,32.68996446
1957.876,32.67390303
1958.358,32.68562399
1958.84,32.65771574
1959.322,32.65262424
1959.804,32.6162091
1960.286,32.63794957
1960.769,32.60681043
1961.251,32.58609099
1961.733,32.58320361
1962.215,32.56264977
1962.697,32.54217401
1963.179,32.52523774
1963.661,32.49117068
1964.143,32.49846899
1964.625,32.48634284
1965.108,32.4570663
1965.59,32.43976404
1966.072,32.43771822
1966.554,32.41283033
1967.036,32.41764628
1967.518,32.39707007
1968,32.37018491
1968.482,32.34744369
1968.965,32.34934496
1969.447,32.33116227
1969.929,32.28989977
1970.411,32.28256616
1970.893,32.27378952
1971.375,32.25795219
1971.857,32.21896623
1972.339,32.21992228
1972.822,32.20475223
1973.303,32.1881079
1973.786,32.16391194
1974.268,32.15273098
1974.75,32.12048951
1975.232,32.11993352
1975.714,32.07337412
1976.196,32.08154616
1976.678,32.06557998
1977.16,32.04444786
1977.643,31.99843418
1978.125,32.00473171
1978.607,31.97277869
1979.089,31.97048395
1979.571,31.9271582
1980.053,31.89846751
1980.535,31.87846975
1981.017,31.85672599
1981.5,31.85024815
1981.982,31.80357555
1982.464,31.79951841
1982.946,31.7674051
1983.428,31.7451944
1983.91,31.71661948
1984.392,31.70572611
1984.874,31.69970638
1985.356,31.65386269
1985.839,31.65932401
1986.321,31.60791059
1986.803,31.60119236
1987.285,31.56700566
1987.767,31.54375488
1988.249,31.5329129
1988.731,31.50072968
1989.213,31.49213201
1989.696,31.4686934
1990.178,31.42776155
1990.66,31.42304431
1991.142,31.40527451
1991.624,31.37523904
1992.106,31.36506316
1992.588,31.31363371
1993.07,31.30561978
1993.552,31.26221649
1994.035,31.23888183
1994.517,31.22473594
1994.999,31.17886436
1995.481,31.15667042
1995.963,31.13067615
1996.445,31.10257335
1996.927,31.08324418
1997.409,31.07408298
1997.892,31.02160522
1998.374,31.00825299
1998.856,30.97167925
1999.338,30.97357183
1999.82,30.92979668
2000.302,30.90073249
2000.784,30.85859215
2001.266,30.85100601
2001.749,30.81329864
2002.23,30.81211777
2002.713,30.76073791
2003.195,30.76243877
2003.677,30.70404995
2004.159,30.69378719
2004.641,30.65046394
2005.123,30.63945075
2005.605,30.60497556
2006.087,30.58298769
2006.57,30.55317195
2007.052,30.54008942
2007.534,30.48934981
2008.016,30.47005676
2008.498,30.42654603
2008.98,30.41900994
2009.462,30.36509424
2009.944,30.3499325
2010.427,30.33228515
2010.909,30.31619294
2011.391,30.26259392
2011.873,30.25753007
2012.355,30.23198508
2012.837,30.20291422
2013.319,30.17627319
2013.801,30.13543208
2014.283,30.10065496
2014.766,30.08891331
2015.248,30.04773243
2015.73,30.02601905
2016.212,29.98515659
2016.694,29.93645259
2017.176,29.93076447
2017.658,29.87553937
2018.14,29.85794363
2018.623,29.83445523
2019.105,29.78053064
2019.587,29.77610463
2020.069,29.71731801
2020.551,29.71113455
2021.033,29.67721116
2021.515,29.64923034
2021.997,29.63707512
2022.479,29.60470885
2022.962,29.54103479
2023.444,29.5280392
2023.926,29.50656032
2024.408,29.47115463
2024.89,29.44527432
2025.372,29.41867306
2025.854,29.42596606
2026.336,29.3653761
2026.819,29.35229831
2027.301,29.30906627
2027.783,29.27512534
2028.265,29.25101629
2028.747,29.20621958
2029.229,29.17810766
2029.711,29.12993912
2030.193,29.10477925
2030.676,29.0852881
2031.157,29.05642753
2031.64,29.02632084
2032.122,29.0025846
2032.604,28.98671875
2033.086,28.96101062
2033.568,28.91714354
2034.05,28.90568039
2034.532,28.84004759
2035.014,28.80992138
2035.497,28.79487859
2035.979,28.73470261
2036.461,28.71604348
2036.943,28.69427252
2037.425,28.66502609
2037.907,28.63562926
2038.389,28.5888464
2038.871,28.55735495
2039.354,28.51170106
2039.836,28.49678213
2040.318,28.4647685
2040.8,28.43557392
2041.282,28.40135634
2041.764,28.37766942
2042.246,28.34724358
2042.728,28.32449658
2043.21,28.3147479
2043.693,28.25138335
2044.175,28.22940197
2044.657,28.20118407
2045.139,28.18744852
2045.621,28.13233924
2046.103,28.1131867
2046.585,28.082493
2047.067,28.05147314
2047.55,27.99837583
2048.032,27.9843823
2048.514,27.93548086
2048.996,27.90808596
2049.478,27.90404227
2049.96,27.85183321
2050.442,27.81438427
2050.924,27.80588559
2051.406,27.75085024
2051.889,27.72372423
2052.371,27.69217818
2052.853,27.66417092
2053.335,27.64324102
2053.817,27.6470543
2054.299,27.59068508
2054.781,27.56514065
2055.263,27.54587436
2055.746,27.51789752
2056.228,27.48906194
2056.71,27.46322941
2057.192,27.41893785
2057.674,27.39870549
2058.156,27.36212746
2058.638,27.33756214
2059.12,27.31304692
2059.603,27.28765057
2060.084,27.26359156
2060.567,27.21364812
2061.049,27.21082447
2061.531,27.17710709
2062.013,27.15947182
2062.495,27.12902176
2062.977,27.0869716
2063.459,27.06668487
2063.941,27.02855046
2064.424,27.00205539
2064.906,26.96749714
2065.388,26.93615773
2065.87,26.90813932
2066.352,26.87441727
2066.834,26.83500986
2067.316,26.79635113
2067.798,26.77952756
2068.281,26.76903348
2068.763,26.73963892
2069.245,26.71755517
2069.727,26.68736044
2070.209,26.69996802
2070.691,26.63638556
2071.173,26.64041358
2071.655,26.60500081
2072.137,26.56943644
2072.62,26.54268907
2073.102,26.53576799
2073.584,26.50081856
2074.066,26.47469396
2074.548,26.45104699
2075.03,26.40892624
2075.512,26.40971119
2075.994,26.37322549
2076.477,26.34727933
2076.959,26.2962934
2077.441,26.28817216
2077.923,26.27206034
2078.405,26.25433405
2078.887,26.23645669
2079.369,26.208552
2079.851,26.1798089
2080.333,26.1519615
2080.816,26.15119215
2081.298,26.11115319
2081.78,26.07944713
2082.262,26.05607392
2082.744,26.05700524
2083.226,26.02141479
2083.708,26.01130641
2084.19,25.98799606
2084.673,25.94987806
2085.155,25.91466934
2085.637,25.89944001
2086.119,25.86726056
2086.601,25.85595574
2087.083,25.8315395
2087.565,25.80406498
2088.047,25.78556244
2088.53,25.77368027
2089.011,25.7413115
2089.494,25.7353725
2089.976,25.69642653
2090.458,25.65895674
2090.94,25.68512271
2091.422,25.65159256
2091.904,25.62998956
2092.386,25.62056103
2092.868,25.59934375
2093.351,25.5781787
2093.833,25.54841474
2094.315,25.53696492
2094.797,25.50674823
2095.279,25.49572134
2095.761,25.4638822
2096.243,25.46919126
2096.725,25.42900702
2097.208,25.4246473
2097.69,25.40797664
2098.172,25.37357386
2098.654,25.35024894
2099.136,25.34981716
2099.618,25.34490155
2100.1,25.28439473
2100.582,25.26865462
2101.064,25.26754124
2101.547,25.25855695
2102.029,25.22602862
2102.511,25.20630432
2102.993,25.18507426
2103.475,25.1687202
2103.957,25.17279847
2104.439,25.15089715
2104.921,25.12707107
2105.404,25.11240389
2105.886,25.09567159
2106.368,25.07203399
2106.85,25.05107132
2107.332,25.04017994
2107.814,25.04277559
2108.296,25.01421555
2108.778,24.99691996
2109.26,24.97604761
2109.743,24.98024719
2110.225,24.94462523
2110.707,24.93489651
2111.189,24.9330502
2111.671,24.92351372
2112.153,24.93317289
2112.635,24.89948515
2113.117,24.86443177
2113.6,24.86000564
2114.082,24.86534049
2114.564,24.82723437
2115.046,24.83033779
2115.528,24.85750907
2116.01,24.82775142
2116.492,24.80924146
2116.974,24.78690311
2117.457,24.79081438
2117.938,24.74494563
2118.421,24.76441255
2118.903,24.74718523
2119.385,24.7383601
2119.867,24.72409765
2120.349,24.72247018
2120.831,24.72296345
2121.313,24.71081957
2121.795,24.70016152
2122.278,24.68214021
2122.76,24.67945383
2123.242,24.67510368
2123.724,24.67868902
2124.206,24.66966186
2124.688,24.64083462
2125.17,24.64412488
2125.652,24.64146135
2126.135,24.62461081
2126.617,24.62074007
2127.099,24.62332858
2127.581,24.62916051
2128.063,24.60711578
2128.545,24.60495895
2129.027,24.59382636
2129.509,24.58571251
2129.991,24.58710665
2130.474,24.57214318
2130.956,24.57049354
2131.438,24.58442712
2131.92,24.55810182
2132.402,24.559341
2132.884,24.55443516
2133.366,24.54585557
2133.848,24.53307797
2134.331,24.54030972
2134.813,24.53543415
2135.295,24.55743277
2135.777,24.53527895
2136.259,24.52591851
2136.741,24.521604
2137.223,24.53835358
2137.705,24.52322679
2138.188,24.53812434
2138.67,24.55448465
2139.152,24.52598022
2139.634,24.53109514
2140.116,24.53802039
2140.598,24.53360544
2141.08,24.53089805
2141.562,24.5117841
2142.044,24.51520617
2142.527,24.53228142
2143.009,24.51929154
2143.491,24.54377672
2143.973,24.53616094
2144.455,24.53712944
2144.937,24.51437531
2145.419,24.53891725
2145.901,24.53369988
2146.384,24.53593946
2146.865,24.54705588
2147.348,24.54466095
2147.83,24.55305509
2148.312,24.53985355
2148.794,24.53169049
2149.276,24.53613478
2149.758,24.55469341
2150.24,24.55951932
2150.722,24.56022577
2151.205,24.55932893
2151.687,24.55738411
2152.169,24.55314947
2152.651,24.58398762
2153.133,24.56997979
2153.615,24.57174822
2154.097,24.58145807
2154.579,24.58906849
2155.062,24.59497089
2155.544,24.62389078
2156.026,24.59789653
2156.508,24.60979241
2156.99,24.61910556
2157.472,24.64067073
2157.954,24.63966602
2158.436,24.62742197
2158.918,24.63212511
2159.401,24.65542346
2159.883,24.65627762
2160.365,24.66990322
2160.847,24.66127375
2161.329,24.66822575
2161.811,24.68855171
2162.293,24.68668903
2162.775,24.69473076
2163.258,24.69966237
2163.74,24.72072752
2164.222,24.73548618
2164.704,24.71967144
2165.186,24.74334095
2165.668,24.74174326
2166.15,24.77156074
2166.632,24.78265118
2167.115,24.794333
2167.597,24.81285297
2168.079,24.81151962
2168.561,24.82086682
2169.043,24.83406089
2169.525,24.84275785
2170.007,24.85995131
2170.489,24.88324929
2170.971,24.89306131
2171.454,24.90319468
2171.936,24.90249906
2172.418,24.89404726
2172.9,24.92095234
2173.382,24.9438621
2173.864,24.92452337
2174.346,24.94171564
2174.828,24.95037762
2175.311,24.97430754
2175.792,25.00780014
2176.275,25.02104203
2176.757,25.02269298
2177.239,25.05501797
2177.721,25.07249554
2178.203,25.06994505
2178.685,25.08084705
2179.167,25.09880548
2179.649,25.1138092
2180.132,25.11916965
2180.614,25.12348101
2181.096,25.15688985
2181.578,25.16235509
2182.06,25.18555987
2182.542,25.18290885
2183.024,25.19555518
2183.506,25.21851931
2183.989,25.22997616
2184.471,25.26183871
2184.953,25.25133278
2185.435,25.26943393
2185.917,25.30375504
2186.399,25.30896968
2186.881,25.33322085
2187.363,25.34433483
2187.845,25.35165084
2188.328,25.38102043
2188.81,25.38752535
2189.292,25.40070176
2189.774,25.4059775
2190.256,25.41222918
2190.738,25.44494024
2191.22,25.46107042
2191.702,25.48937979
2192.185,25.50010028
2192.667,25.51763349
2193.149,25.53161253
2193.631,25.54640547
2194.113,25.56008878
2194.595,25.58842107
2195.077,25.59513004
2195.559,25.63004936
2196.042,25.65680649
2196.524,25.66538977
2197.006,25.67202525
2197.488,25.69186429
2197.97,25.71690172
2198.452,25.73954741
2198.934,25.74323077
2199.416,25.77712618
2199.898,25.78135389
2200.381,25.80734719
2200.863,25.8402018
2201.345,25.84280152
2201.827,25.84875484
2202.309,25.87645503
2202.791,25.92903007
2203.273,25.93363266
2203.755,25.96693339
2204.238,25.96805875
2204.719,25.99977426
2205.202,26.02137328
2205.684,26.04639196
2206.166,26.05197433
2206.648,26.0799405
2207.13,26.0977362
2207.612,26.10389961
2208.094,26.13161893
2208.576,26.12549743
2209.059,26.16023199
2209.541,26.17555178
2210.023,26.1665791
2210.505,26.21894696
2210.987,26.22832157
2211.469,26.27473623
2211.951,26.28706873
2212.433,26.30484207
2212.916,26.35090038
2213.398,26.35793754
2213.88,26.38595699
2214.362,26.3949223
2214.844,26.43194842
2215.326,26.42868179
2215.808,26.47506041
2216.29,26.47899817
2216.772,26.48385081
2217.255,26.52502862
2217.737,26.54730035
2218.219,26.56470635
2218.701,26.58593439
2219.183,26.60639917
2219.665,26.60603326
2220.147,26.64731246
2220.629,26.64448625
2221.112,26.6883544
2221.594,26.72538967
2222.076,26.71744939
2222.558,26.76158189
2223.04,26.78069253
2223.522,26.78276571
2224.004,26.81257409
2224.486,26.83464055
2224.969,26.83655852
2225.451,26.87790013
2225.933,26.89633167
2226.415,26.91718654
2226.897,26.92446283
2227.379,26.9487659
2227.861,26.98123749
2228.343,26.99369983
2228.825,27.01148955
2229.308,27.0552418
2229.79,27.07893599
2230.272,27.09993702
2230.754,27.12227462
2231.236,27.13355042
2231.718,27.1616915
2232.2,27.18511634
2232.682,27.19692708
2233.165,27.21951377
2233.646,27.2415876
2234.129,27.25796285
2234.611,27.27480232
2235.093,27.30439122
2235.575,27.33440337
2236.057,27.3508828
2236.539,27.37243629
2237.021,27.39619017
2237.503,27.40340741
2237.986,27.43993388
2238.468,27.46825801
2238.95,27.49157429
2239.432,27.5202474
2239.914,27.53789503
2240.396,27.55912301
2240.878,27.58590128
2241.36,27.61004373
2241.843,27.61591903
2242.325,27.65746807
2242.807,27.66881477
2243.289,27.69081733
2243.771,27.71496078
2244.253,27.74097745
2244.735,27.74682524
2245.217,27.75439682
2245.699,27.80404864
2246.182,27.81579926
2246.664,27.8369763
2247.146,27.86280798
2247.628,27.87748216
2248.11,27.91538594
2248.592,27.91183566
2249.074,27.94017208
2249.556,27.95670273
2250.039,27.98834363
2250.521,27.99278682
2251.003,28.02089896
2251.485,28.05470039
2251.967,28.05882626
2252.449,28.06559486
2252.931,28.10228481
2253.413,28.13992726
2253.896,28.16155339
2254.378,28.15411246
2254.86,28.19487152
2255.342,28.21298331
2255.824,28.23254308
2256.306,28.26665883
2256.788,28.25085671
2257.27,28.29033327
2257.752,28.29527496
2258.235,28.32444745
2258.717,28.37237283
2259.199,28.37650103
2259.681,28.40301852
2260.163,28.42525809
2260.645,28.43534718
2261.127,28.43767281
2261.609,28.45657991
2262.092,28.49975989
2262.573,28.51734801
2263.056,28.55074586
2263.538,28.57465785
2264.02,28.59157062
2264.502,28.60971854
2264.984,28.62820301
2265.466,28.65442195
2265.948,28.66403495
2266.43,28.6957175
2266.913,28.72710985
2267.395,28.72031984
2267.877,28.7473842
2268.359,28.76459683
2268.841,28.80061622
2269.323,28.80059449
2269.805,28.82257816
2270.287,28.84593019
2270.77,28.85722225
2271.252,28.88626833
2271.734,28.87472197
2272.216,28.9185597
2272.698,28.93908127
2273.18,28.94734686
2273.662,28.98218076
2274.144,28.99641654
2274.626,29.02683591
2275.109,29.0386505
2275.591,29.0357171
2276.073,29.06845836
2276.555,29.08992257
2277.037,29.10643809
2277.519,29.10045284
2278.001,29.12797694
2278.483,29.12929372
2278.966,29.1587281
2279.448,29.16962531
2279.93,29.18900792
2280.412,29.22798904
2280.894,29.19706892
2281.376,29.23735236
2281.858,29.25994501
2282.34,29.29398433
2282.823,29.29804703
2283.305,29.32634468
2283.787,29.31761576
2284.269,29.338744
2284.751,29.35880086
2285.233,29.3653593
2285.715,29.40938725
2286.197,29.40452468
2286.679,29.42084469
2287.162,29.4248305
2287.644,29.43426211
2288.126,29.44448222
2288.608,29.44998262
2289.09,29.46663606
2289.572,29.48501524
2290.054,29.50124912
2290.536,29.51467482
2291.019,29.53771879
2291.5,29.55204599
2291.983,29.55449136
2292.465,29.55681655
2292.947,29.57705466
2293.429,29.61202188
2293.911,29.61582608
2294.393,29.63562465
2294.875,29.64157966
2295.357,29.65925185
2295.84,29.66992859
2296.322,29.69643217
2296.804,29.69023819
2297.286,29.70674925
2297.768,29.71037822
2298.25,29.73441387
2298.732,29.72767366
2299.214,29.73524429
2299.697,29.75363588
2300.179,29.7737817
2300.661,29.80184523
2301.143,29.81975477
2301.625,29.83047444
2302.107,29.84045591
2302.589,29.85227098
2303.071,29.84880976
2303.553,29.86589436
2304.036,29.88466664
2304.518,29.88801461
2305,29.88825627
2305.482,29.90697151
2305.964,29.91717254
2306.446,29.911823
2306.928,29.93643298
2307.41,29.95015142
2307.893,29.94236513
2308.375,29.96528464
2308.857,29.97753366
2309.339,29.9972893
2309.821,29.99817295
2310.303,29.98804171
2310.785,29.99158291
2311.267,30.02413546
2311.75,30.02242646
2312.232,30.04274012
2312.714,30.05807762
2313.196,30.04580456
2313.678,30.05023546
2314.16,30.05217103
2314.642,30.07615211
2315.124,30.08039129
2315.606,30.08561096
2316.089,30.08444876
2316.571,30.11388301
2317.053,30.10837582
2317.535,30.10977865
2318.017,30.13041924
2318.499,30.11258832
2318.981,30.12882979
2319.463,30.13661174
2319.946,30.15159457
2320.427,30.13421999
2320.91,30.15696113
2321.392,30.15120413
2321.874,30.16796697
2322.356,30.17606883
2322.838,30.18268843
2323.32,30.1778395
2323.802,30.18540392
2324.284,30.19925853
2324.767,30.20675226
2325.249,30.19735354
2325.731,30.19602365
2326.213,30.18446647
2326.695,30.16786458
2327.177,30.17775916
2327.659,30.17764805
2328.141,30.17341008
2328.624,30.17310027
2329.106,30.18296224
2329.588,30.19246106
2330.07,30.18733944
2330.552,30.21429166
2331.034,30.22668932
2331.516,30.23604322
2331.998,30.25475152
2332.48,30.25595371
2332.963,30.27942604
2333.445,30.28898794
2333.927,30.31142534
2334.409,30.30583024
2334.891,30.31819796
2335.373,30.33287652
2335.855,30.3156907
2336.337,30.32120161
2336.82,30.30588673
2337.302,30.31575627
2337.784,30.30064403
2338.266,30.30589272
2338.748,30.27598028
2339.23,30.28481807
2339.712,30.25673291
2340.194,30.24928238
2340.677,30.26987559
2341.159,30.25768381
2341.641,30.24084378
2342.123,30.24583429
2342.605,30.27906
2343.087,30.29016861
2343.569,30.30199675
2344.051,30.31330827
2344.533,30.31440102
2345.016,30.34670444
2345.498,30.35640015
2345.98,30.36253023
2346.462,30.38653561
2346.944,30.39196346
2347.426,30.41962517
2347.908,30.38224995
2348.39,30.38993567
2348.873,30.36187273
2349.354,30.36761647
2349.837,30.32751735
2350.319,30.32150642
2350.801,30.30178473
2351.283,30.25928276
2351.765,30.25766735
2352.247,30.2565899
2352.729,30.21957256
2353.211,30.23640043
2353.694,30.21949423
2354.176,30.23970914
2354.658,30.23872088
2355.14,30.22671721
2355.622,30.23576263
2356.104,30.23447811
2356.586,30.2446796
2357.068,30.22773658
2357.551,30.21710372
2358.033,30.17924152
2358.515,30.18708182
2358.997,30.18698211
2359.479,30.15785105
2359.961,30.14397383
2360.443,30.12722452
2360.925,30.13501173
2361.407,30.15060288
2361.89,30.17396828
2362.372,30.14244388
2362.854,30.15862018
2363.336,30.17792127
2363.818,30.20262404
2364.3,30.21736626
2364.782,30.21683804
2365.264,30.22728473
2365.747,30.25557553
2366.229,30.25239037
2366.711,30.27668293
2367.193,30.29000206
2367.675,30.30345496
2368.157,30.29544083
2368.639,30.30202
2369.121,30.32926522
2369.604,30.32957639
2370.086,30.32330103
2370.568,30.34871862
2371.05,30.34682881
2371.532,30.37021982
2372.014,30.3579613
2372.496,30.34338194
2372.978,30.3631166
2373.46,30.35640908
2373.943,30.36088935
2374.425,30.36626303
2374.907,30.36634259
2375.389,30.35678959
2375.871,30.36158518
2376.353,30.35069813
2376.835,30.36945578
2377.317,30.34850315
2377.799,30.35524384
2378.281,30.35659712
2378.764,30.36087415
2379.246,30.35263825
2379.728,30.33195879
2380.21,30.35139587
2380.692,30.36050503
2381.174,30.35406893
2381.656,30.37229652
2382.138,30.33363225
2382.621,30.34184775
2383.103,30.33052749
2383.585,30.32361895
2384.067,30.32625463
2384.549,30.33161518
2385.031,30.31466058
2385.513,30.29618324
2385.995,30.3017187
2386.478,30.3058923
2386.96,30.2980573
2387.442,30.28450608
2387.924,30.27233344
2388.406,30.25944688
2388.888,30.25395055
2389.37,30.26364717
2389.852,30.27849953
2390.334,30.23255019
2390.817,30.22153718
2391.299,30.2189158
2391.781,30.21603873
2392.263,30.22071216
2392.745,30.19462502
2393.227,30.18635099
2393.709,30.19180486
2394.191,30.20154612
2394.674,30.16909622
2395.156,30.16001522
2395.638,30.1431515
2396.12,30.15807044
2396.602,30.14882471
2397.084,30.13039393
2397.566,30.11903434
2398.048,30.10638779
2398.531,30.08155048
2399.012,30.08417658
2399.495,30.06999557
2399.977,30.05993068
2400.459,30.03997431
2400.941,30.0528266
2401.423,30.04350247
2401.905,30.01167781
2402.387,30.0095808
2402.869,30.00395402
2403.352,29.98117906
2403.834,29.98042208
2404.316,29.94495225
2404.798,29.94704301
2405.28,29.95622194
2405.762,29.93919797
2406.244,29.90964473
2406.726,29.90706178
2407.208,29.91457394
2407.691,29.88371274
2408.173,29.88780018
2408.655,29.88429933
2409.137,29.87193598
2409.619,29.87678383
2410.101,29.86154384
2410.583,29.82225602
2411.065,29.8214687
2411.548,29.81975739
2412.03,29.78797194
2412.512,29.77353943
2412.994,29.7733287
2413.476,29.75531915
2413.958,29.72046612
2414.44,29.72098465
2414.922,29.71401345
2415.405,29.69908523
2415.887,29.68660429
2416.369,29.66076097
2416.851,29.65016094
2417.333,29.64276097
2417.815,29.63767897
2418.297,29.63191948
2418.779,29.60907053
2419.261,29.5999738
2419.744,29.57829263
2420.226,29.56983983
2420.708,29.55396952
2421.19,29.54096748
2421.672,29.51704179
2422.154,29.51198632
2422.636,29.50927868
2423.118,29.4973565
2423.601,29.48045696
2424.083,29.48049189
2424.565,29.45372133
2425.047,29.44507377
2425.529,29.42867068
2426.011,29.42484184
2426.493,29.42047454
2426.975,29.38295225
2427.458,29.36938496
2427.939,29.36274558
2428.422,29.35974396
2428.904,29.35211017
2429.386,29.31744978
2429.868,29.303402
2430.35,29.30006898
2430.832,29.28242575
2431.314,29.27603177
2431.796,29.24135492
2432.279,29.24773942
2432.761,29.23103405
2433.243,29.23194134
2433.725,29.19758403
2434.207,29.17999753
2434.689,29.16484346
2435.171,29.15797609
2435.653,29.12677524
2436.135,29.12423669
2436.618,29.12125635
2437.1,29.08099761
2437.582,29.08034357
2438.064,29.07561181
2438.546,29.01733872
2439.028,29.02971079
2439.51,29.0031094
2439.992,28.99733442
2440.475,28.98029964
2440.957,28.95804703
2441.439,28.96174147
2441.921,28.94071988
2442.403,28.91956058
2442.885,28.88403473
2443.367,28.88358975
2443.849,28.8697239
2444.332,28.85644652
2444.814,28.85683895
2445.296,28.84821376
2445.778,28.82590354
2446.26,28.80654718
2446.742,28.79736414
2447.224,28.79588755
2447.706,28.76829561
2448.188,28.73886296
2448.671,28.75114614
2449.153,28.72757168
2449.635,28.73389872
2450.117,28.69432485
2450.599,28.6782862
2451.081,28.65371175
2451.563,28.63353759
2452.045,28.622035
2452.528,28.61082514
2453.01,28.57445
2453.492,28.54287909
2453.974,28.56255019
2454.456,28.52613839
2454.938,28.52617466
2455.42,28.49972961
2455.902,28.49259127
2456.385,28.48154936
2456.867,28.46718032
2457.349,28.45658278
2457.831,28.45201199
2458.313,28.43581739
2458.795,28.40159949
2459.277,28.39953848
2459.759,28.3742182
2460.241,28.37086766
2460.724,28.34852574
2461.206,28.34071862
2461.688,28.32410678
2462.17,28.30864156
2462.652,28.29915858
2463.134,28.27191878
2463.616,28.23899137
2464.098,28.24010525
2464.581,28.23274873
2465.062,28.21200562
2465.545,28.18880531
2466.027,28.17353222
2466.509,28.1602316
2466.991,28.15049934
2467.473,28.12981215
2467.955,28.09950284
2468.438,28.11418752
2468.919,28.07043333
2469.402,28.03585427
2469.884,28.03315382
2470.366,28.01531231
2470.848,28.00981897
2471.33,28.00176752
2471.812,27.97716483
2472.294,27.9535793
2472.776,27.94964073
2473.259,27.91244349
2473.741,27.90098547
2474.223,27.89334302
2474.705,27.88134986
2475.187,27.86158657
2475.669,27.8590296
2476.151,27.8377347
2476.633,27.81753668
2477.115,27.8237317
2477.598,27.79746746
2478.08,27.78476089
2478.562,27.76801081
2479.044,27.7401887
2479.526,27.74205292
2480.008,27.73666351
2480.49,27.72368319
2480.972,27.70265329
2481.455,27.68763203
2481.937,27.66646048
2482.419,27.67324168
2482.901,27.65457929
2483.383,27.64338908
2483.865,27.60791492
2484.347,27.60426159
2484.829,27.58187375
2485.312,27.56417043
2485.794,27.54385955
2486.276,27.5628486
2486.758,27.51603449
2487.24,27.52882741
2487.722,27.48823523
2488.204,27.49061783
2488.686,27.48136872
2489.168,27.47319748
2489.651,27.4512436
2490.133,27.44256315
2490.615,27.41540176
2491.097,27.39618978
2491.579,27.40606307
2492.061,27.40427699
2492.543,27.37229577
2493.025,27.35472283
2493.508,27.33027675
2493.99,27.33523386
2494.472,27.31400734
2494.954,27.29753088
2495.436,27.27595354
2495.918,27.28867058
2496.4,27.25507844
2496.882,27.23586829
2497.365,27.22582868
2497.846,27.22844602
2498.329,27.20872195
2498.811,27.19164775
2499.293,27.17797816
2499.775,27.17240414
2500.257,27.17811223
2500.739,27.16548704
2501.221,27.13160537
2501.703,27.12900655
2502.186,27.09674032
2502.668,27.08190757
2503.15,27.07083299
2503.632,27.06532393
2504.114,27.05228672
2504.596,27.03795342
2505.078,27.01316597
2505.56,26.99878922
2506.042,26.99933393
2506.525,26.99558298
2507.007,26.97677627
2507.489,26.97565881
2507.971,26.94965736
2508.453,26.93261407
2508.935,26.95011654
2509.417,26.95929358
2509.899,26.93498263
2510.382,26.93440903
2510.864,26.91401718
2511.346,26.90650173
2511.828,26.90165118
2512.31,26.8899277
2512.792,26.86735173
2513.274,26.87302689
2513.756,26.85116337
2514.239,26.86662541
2514.721,26.84249339
2515.203,26.82807177
2515.685,26.81202143
2516.167,26.80699269
2516.649,26.7820234
2517.131,26.79002463
2517.613,26.75732312
2518.095,26.77080902
2518.578,26.76911834
2519.06,26.72987991
2519.542,26.72545892
2520.024,26.72973779
2520.506,26.68507355
2520.988,26.70179756
2521.47,26.68667663
2521.952,26.66608952
2522.435,26.65756187
2522.917,26.65244818
2523.399,26.63890546
2523.881,26.65102671
2524.363,26.61779404
2524.845,26.6067301
2525.327,26.59805729
2525.809,26.59410722
2526.292,26.59268871
2526.773,26.5681234
2527.256,26.58576729
2527.738,26.57024935
2528.22,26.56566108
2528.702,26.55338443
2529.184,26.55434494
2529.666,26.55419429
2530.148,26.53234415
2530.63,26.53368993
2531.113,26.51955248
2531.595,26.51668044
2532.077,26.51469777
2532.559,26.48676635
2533.041,26.50247726
2533.523,26.48804544
2534.005,26.49332947
2534.487,26.45904683
2534.969,26.45651317
2535.452,26.43946929
2535.934,26.43754705
2536.416,26.42990433
2536.898,26.42180966
2537.38,26.40836651
2537.862,26.42615882
2538.344,26.41263021
2538.826,26.3751444
2539.309,26.38568017
2539.791,26.38112854
2540.273,26.38160204
2540.755,26.38053814
2541.237,26.3794649
2541.719,26.36315706
2542.201,26.36650424
2542.683,26.33120672
2543.166,26.3440613
2543.648,26.33768226
2544.13,26.34048942
2544.612,26.32699148
2545.094,26.30754239
2545.576,26.33165258
2546.058,26.30228854
2546.54,26.29782697
2547.022,26.30444026
2547.505,26.31732297
2547.987,26.3170753
2548.469,26.28955593
2548.951,26.29000738
2549.433,26.28944691
2549.915,26.30374747
2550.397,26.29662556
2550.879,26.28503729
2551.362,26.29284044
2551.844,26.2765829
2552.326,26.28328248
2552.808,26.26439896
2553.29,26.26976361
2553.772,26.25366848
2554.254,26.26348772
2554.736,26.26963132
2555.219,26.26944913
2555.7,26.27010385
2556.183,26.2683148
2556.665,26.26703575
2557.147,26.25783588
2557.629,26.26343683
2558.111,26.24757893
2558.593,26.25835496
2559.075,26.24667772
2559.557,26.22088383
2560.04,26.22260894
2560.522,26.24003867
2561.004,26.25573346
2561.486,26.22733226
2561.968,26.25934316
2562.45,26.23505362
2562.932,26.23900081
2563.414,26.2437774
2563.896,26.23429309
2564.379,26.23988349
2564.861,26.21018334
2565.343,26.22466504
2565.825,26.23037158
2566.307,26.25735957
2566.789,26.23025414
2567.271,26.23167402
2567.753,26.24327838
2568.236,26.24027922
2568.718,26.24046835
2569.2,26.21317868
2569.682,26.23819964
2570.164,26.24428116
2570.646,26.21428193
2571.128,26.23391112
2571.61,26.23351767
2572.093,26.22678414
2572.575,26.22744259
2573.057,26.22439582
2573.539,26.2300976
2574.021,26.24470705
2574.503,26.22670912
2574.985,26.23548813
2575.467,26.24191075
2575.949,26.2308469
2576.432,26.24043443
2576.914,26.24373108
2577.396,26.24585581
2577.878,26.26221727
2578.36,26.26207416
2578.842,26.24580736
2579.324,26.26277088
2579.806,26.27453388
2580.289,26.28488489
2580.771,26.28507506
2581.253,26.26767097
2581.735,26.28331402
2582.217,26.27728356
2582.699,26.29424499
2583.181,26.28624644
2583.663,26.2904183
2584.146,26.2918449
2584.627,26.28791336
2585.11,26.29465801
2585.592,26.32056812
2586.074,26.29994868
2586.556,26.32923242
2587.038,26.32272053
2587.52,26.32897559
2588.002,26.32548143
2588.484,26.33682005
2588.967,26.35036826
2589.449,26.33152569
2589.931,26.34274059
2590.413,26.34965368
2590.895,26.35726929
2591.377,26.34110939
2591.859,26.36000123
2592.341,26.35399573
2592.823,26.35699633
2593.306,26.34940487
2593.788,26.36107911
2594.27,26.36832675
2594.752,26.37723204
2595.234,26.39813912
2595.716,26.40157824
2596.198,26.41065515
2596.68,26.40312556
2597.163,26.39660241
2597.645,26.41634909
2598.127,26.41165775
2598.609,26.39945942
2599.091,26.43181657
2599.573,26.43195912
2600.055,26.45385006
2600.537,26.41995143
2601.02,26.44307389
2601.502,26.44278462
2601.984,26.45484517
2602.466,26.48247904
2602.948,26.47430078
2603.43,26.48391242
2603.912,26.48796308
2604.394,26.5174792
2604.876,26.49683218
2605.359,26.51287827
2605.841,26.51274946
2606.323,26.54401668
2606.805,26.53514176
2607.287,26.55234428
2607.769,26.55788348
2608.251,26.5770287
2608.733,26.56102801
2609.216,26.58289802
2609.698,26.57813292
2610.18,26.60582316
2610.662,26.61504218
2611.144,26.60744018
2611.626,26.63777491
2612.108,26.62147019
2612.59,26.64256581
2613.073,26.65201572
2613.554,26.63878527
2614.037,26.6611928
2614.519,26.65783626
2615.001,26.65999917
2615.483,26.67485817
2615.965,26.67778721
2616.447,26.6737502
2616.929,26.67523518
2617.411,26.6885469
2617.894,26.70053126
2618.376,26.71842673
2618.858,26.73882324
2619.34,26.7244683
2619.822,26.73289888
2620.304,26.75282177
2620.786,26.76668688
2621.268,26.75952599
2621.75,26.77756574
2622.233,26.77068381
2622.715,26.79247616
2623.197,26.81144174
2623.679,26.82355618
2624.161,26.83856094
2624.643,26.82582373
2625.125,26.83381517
2625.607,26.86936501
2626.09,26.88202595
2626.572,26.89269169
2627.054,26.88331332
2627.536,26.89329824
2628.018,26.89699352
2628.5,26.9136563
2628.982,26.92518593
2629.464,26.92137975
2629.947,26.93422277
2630.429,26.94553888
2630.911,26.96215449
2631.393,26.96534548
2631.875,26.96754623
2632.357,26.99740122
2632.839,27.00254047
2633.321,27.02564259
2633.803,27.02298689
2634.286,27.04954278
2634.768,27.0620827
2635.25,27.03762638
2635.732,27.07073124
2636.214,27.06562735
2636.696,27.07423867
2637.178,27.09440524
2637.66,27.11170916
2638.143,27.11867533
2638.625,27.11466861
2639.107,27.16423895
2639.589,27.16059856
2640.071,27.17767795
2640.553,27.16769567
2641.035,27.17969245
2641.517,27.19856558
2642,27.22192072
2642.481,27.20827593
2642.964,27.22462281
2643.446,27.23389084
2643.928,27.23205092
2644.41,27.25112609
2644.892,27.25544636
2645.374,27.26652171
2645.856,27.27411171
2646.338,27.29939118
2646.821,27.29423257
2647.303,27.30812765
2647.785,27.32151084
2648.267,27.33104943
2648.749,27.3340326
2649.231,27.35548441
2649.713,27.3682941
2650.195,27.39224429
2650.677,27.40115491
2651.16,27.3910039
2651.642,27.408238
2652.124,27.42630943
2652.606,27.39772902
2653.088,27.4500953
2653.57,27.45890539
2654.052,27.47599076
2654.534,27.4614839
2655.017,27.52830347
2655.499,27.50271602
2655.981,27.5196413
2656.463,27.52957799
2656.945,27.53468915
2657.427,27.56031628
2657.909,27.58209172
2658.391,27.575824
2658.874,27.59112053
2659.356,27.59420065
2659.838,27.60548972
2660.32,27.62113139
2660.802,27.63071431
2661.284,27.63148404
2661.766,27.66620058
2662.248,27.66842153
2662.73,27.69696685
2663.213,27.68568188
2663.695,27.70339842
2664.177,27.71435525
2664.659,27.74139683
2665.141,27.74264275
2665.623,27.74138379
2666.105,27.76035546
2666.587,27.76941214
2667.07,27.78740299
2667.552,27.79295583
2668.034,27.81072186
2668.516,27.80211155
2668.998,27.83104598
2669.48,27.84196797
2669.962,27.83525689
2670.444,27.86262453
2670.927,27.88783659
2671.408,27.88434566
2671.891,27.8808429
2672.373,27.9174277
2672.855,27.92302893
2673.337,27.92966824
2673.819,27.92366303
2674.301,27.94241359
2674.783,27.9427264
2675.265,27.99112073
2675.748,27.9783085
2676.23,28.01779369
2676.712,28.01824282
2677.194,28.03593253
2677.676,28.04068025
2678.158,28.06632281
2678.64,28.08854071
2679.122,28.04864009
2679.604,28.09309387
2680.087,28.0945704
2680.569,28.11102398
2681.051,28.11572806
2681.533,28.14217218
2682.015,28.1447541
2682.497,28.16649409
2682.979,28.1494439
2683.461,28.14939867
2683.944,28.17244663
2684.426,28.18081572
2684.908,28.18432737
2685.39,28.20962371
2685.872,28.19866932
2686.354,28.2138905
2686.836,28.22495168
2687.318,28.23027076
2687.801,28.24476351
2688.283,28.26235013
2688.765,28.27442359
2689.247,28.2758381
2689.729,28.28312222
2690.211,28.29646183
2690.693,28.31599489
2691.175,28.31259604
2691.657,28.34136571
2692.14,28.33271442
2692.622,28.35726176
2693.104,28.37047237
2693.586,28.37652474
2694.068,28.37636565
2694.55,28.39677658
2695.032,28.40165322
2695.514,28.43478073
2695.997,28.42547471
2696.479,28.45569587
2696.961,28.46417388
2697.443,28.4796281
2697.925,28.48748579
2698.407,28.49803726
2698.889,28.51304589
2699.371,28.51980109
2699.854,28.52491151
2700.335,28.51794355
2700.818,28.53489496
2701.3,28.52350421
2701.782,28.52627547
2702.264,28.55493799
2702.746,28.55507724
2703.228,28.56171648
2703.71,28.58469189
2704.192,28.58303894
2704.675,28.60612315
2705.157,28.6219414
2705.639,28.62805408
2706.121,28.60937848
2706.603,28.63689202
2707.085,28.64235068
2707.567,28.64884669
2708.049,28.67446772
2708.531,28.67237905
2709.014,28.68109638
2709.496,28.71151489
2709.978,28.7171075
2710.46,28.74519195
2710.942,28.72041743
2711.424,28.75412606
2711.906,28.74018611
2712.388,28.76469453
2712.871,28.77930568
2713.353,28.75974481
2713.835,28.7798098
2714.317,28.79126104
2714.799,28.80432581
2715.281,28.80925914
2715.763,28.83834336
2716.245,28.81601433
2716.728,28.84846931
2717.21,28.84474078
2717.692,28.84872766
2718.174,28.86655641
2718.656,28.87965784
2719.138,28.87260324
2719.62,28.87788542
2720.102,28.90371747
2720.584,28.88833468
2721.067,28.88822974
2721.549,28.91422182
2722.031,28.91940853
2722.513,28.92142128
2722.995,28.9234913
2723.477,28.94482781
2723.959,28.9600925
2724.441,28.97370378
2724.924,28.95900111
2725.406,28.98881482
2725.888,28.98886844
2726.37,28.98054171
2726.852,28.99716968
2727.334,29.00552079
2727.816,29.0101889
2728.298,29.01073557
2728.781,29.03525837
2729.262,29.05084202
2729.745,29.0587708
2730.227,29.084959
2730.709,29.06331006
2731.191,29.05877706
2731.673,29.0959599
2732.155,29.09062781
2732.637,29.0887384
2733.119,29.08956843
2733.602,29.10711095
2734.084,29.10481429
2734.566,29.09765165
2735.048,29.10566452
2735.53,29.10810474
2736.012,29.12771293
2736.494,29.1016349
2736.976,29.1423152
2737.458,29.1422105
2737.941,29.13473265
2738.423,29.14515758
2738.905,29.1639443
2739.387,29.13737649
2739.869,29.16254781
2740.351,29.15691811
2740.833,29.17246807
2741.315,29.17701195
2741.798,29.18049079
2742.28,29.20181925
2742.762,29.20369344
2743.244,29.18444685
2743.726,29.22307691
2744.208,29.21433136
2744.69,29.19747283
2745.172,29.2337256
2745.655,29.23172216
2746.137,29.23060423
2746.619,29.23851618
2747.101,29.24787201
2747.583,29.24338134
2748.065,29.24292008
2748.547,29.25323809
2749.029,29.25816901
2749.511,29.26445935
2749.994,29.27012766
2750.476,29.29201175
2750.958,29.26275015
2751.44,29.26910747
2751.922,29.28006276
2752.404,29.29527612
2752.886,29.30224043
2753.368,29.28079629
2753.851,29.31883456
2754.333,29.31747228
2754.815,29.32363226
2755.297,29.33587576
2755.779,29.31458108
2756.261,29.32161448
2756.743,29.3218277
2757.225,29.33417938
2757.708,29.33604602
2758.189,29.34166198
2758.672,29.34503629
2759.154,29.34929997
2759.636,29.35915091
2760.118,29.36173394
2760.6,29.36027783
2761.082,29.37166175
2761.564,29.35419216
2762.046,29.36357597
2762.529,29.38199337
2763.011,29.37333586
2763.493,29.36695353
2763.975,29.36772376
2764.457,29.37291632
2764.939,29.37227997
2765.421,29.36437959
2765.903,29.34653875
2766.385,29.3761833
2766.868,29.3635197
2767.35,29.35866471
2767.832,29.39016229
2768.314,29.37701959
2768.796,29.38992893
2769.278,29.38506862
2769.76,29.37627337
2770.242,29.39105704
2770.725,29.37920213
2771.207,29.38796652
2771.689,29.40635829
2772.171,29.38851724
2772.653,29.36982824
2773.135,29.38748119
2773.617,29.4170109
2774.099,29.37975747
2774.582,29.40942417
2775.064,29.42984316
2775.546,29.42271379
2776.028,29.40027118
2776.51,29.421314
2776.992,29.4163236
2777.474,29.41708969
2777.956,29.42948078
2778.438,29.42544906
2778.921,29.40442632
2779.403,29.42457052
2779.885,29.43294969
2780.367,29.42252612
2780.849,29.42084038
2781.331,29.41144128
2781.813,29.41449914
2782.295,29.41618163
2782.778,29.42543942
2783.26,29.4050168
2783.742,29.41052019
2784.224,29.39566742
2784.706,29.416402
2785.188,29.41963813
2785.67,29.40474861
2786.152,29.41058498
2786.635,29.40774236
2787.116,29.40003528
2787.599,29.41286697
2788.081,29.39643084
2788.563,29.40268419
2789.045,29.39844775
2789.527,29.39938581
2790.009,29.38558398
2790.491,29.39240004
2790.973,29.37626024
2791.456,29.39091075
2791.938,29.38895361
2792.42,29.37636772
2792.902,29.38882887
2793.384,29.37017453
2793.866,29.39288688
2794.348,29.39185439
2794.83,29.3792479
2795.312,29.37546163
2795.795,29.39659627
2796.277,29.38730069
2796.759,29.38389301
2797.241,29.38015597
2797.723,29.39215386
2798.205,29.39303843
2798.687,29.37203175
2799.169,29.39510968
2799.652,29.37311819
2800.134,29.38649304
2800.616,29.36946136
2801.098,29.38504976
2801.58,29.35505156
2802.062,29.36856012
2802.544,29.3485867
2803.026,29.35603533
2803.509,29.33681996
2803.991,29.33061152
2804.473,29.30609813
2804.955,29.29213001
2805.437,29.30358281
2805.919,29.30022467
2806.401,29.2969439
2806.883,29.27516957
2807.365,29.29576295
2807.848,29.29436003
2808.33,29.29588271
2808.812,29.29043561
2809.294,29.31907065
2809.776,29.29161909
2810.258,29.29357919
2810.74,29.29725649
2811.222,29.27956998
2811.705,29.28737224
2812.187,29.28917978
2812.669,29.30445202
2813.151,29.27355423
2813.633,29.27927873
2814.115,29.29086596
2814.597,29.26651609
2815.079,29.25552881
2815.562,29.26230961
2816.043,29.25995764
2816.526,29.25677412
2817.008,29.25641301
2817.49,29.24517108
2817.972,29.24751158
2818.454,29.24109186
2818.936,29.24050035
2819.418,29.21881189
2819.9,29.21534851
2820.383,29.20713767
2820.865,29.21983761
2821.347,29.20320454
2821.829,29.18944955
2822.311,29.17365769
2822.793,29.19373393
2823.275,29.18168335
2823.757,29.19207638
2824.24,29.17637887
2824.722,29.19790527
2825.204,29.18807773
2825.686,29.17708456
2826.168,29.16235322
2826.65,29.17465598
2827.132,29.15416173
2827.614,29.12091092
2828.096,29.13335118
2828.579,29.11972692
2829.061,29.12478714
2829.543,29.12072989
2830.025,29.10027357
2830.507,29.09311745
2830.989,29.08205966
2831.471,29.09099632
2831.953,29.0718357
2832.436,29.07834191
2832.918,29.08692204
2833.4,29.06106272
2833.882,29.04841891
2834.364,29.0555794
2834.846,29.02296086
2835.328,29.06191241
2835.81,29.03747835
2836.292,29.03747636
2836.775,29.03263527
2837.257,29.02736362
2837.739,29.02511278
2838.221,29.00850411
2838.703,29.01221921
2839.185,28.99495236
2839.667,28.99144307
2840.149,29.00525237
2840.632,28.97723664
2841.114,28.96793999
2841.596,28.95929018
2842.078,28.95419402
2842.56,28.95617998
2843.042,28.92110776
2843.524,28.93338861
2844.006,28.93601995
2844.489,28.90380915
2844.97,28.91408622
2845.453,28.89645602
2845.935,28.89967924
2846.417,28.91551691
2846.899,28.88862173
2847.381,28.86963659
2847.863,28.86348217
2848.345,28.85279663
2848.827,28.87162301
2849.31,28.86519445
2849.792,28.85814019
2850.274,28.83800774
2850.756,28.85690711
2851.238,28.83084193
2851.72,28.84195256
2852.202,28.82416875
2852.684,28.84553304
2853.167,28.79817422
2853.649,28.78793027
2854.131,28.79094354
2854.613,28.77925239
2855.095,28.77665484
2855.577,28.75781435
2856.059,28.74870037
2856.541,28.7365425
2857.023,28.74259369
2857.506,28.72415346
2857.988,28.70446162
2858.47,28.7050013
2858.952,28.70262206
2859.434,28.7049297
2859.916,28.70848087
2860.398,28.68187471
2860.88,28.68984628
2861.363,28.65315571
2861.845,28.64584401
2862.327,28.65987786
2862.809,28.64503822
2863.291,28.64295317
2863.773,28.62040893
2864.255,28.61166915
2864.737,28.60211783
2865.219,28.59577076
2865.702,28.58452804
2866.184,28.57762541
2866.666,28.58563335
2867.148,28.57103758
2867.63,28.55889038
2868.112,28.54032793
2868.594,28.54069458
2869.076,28.53259823
2869.559,28.52649904
2870.041,28.53040591
2870.523,28.50227116
2871.005,28.49919537
2871.487,28.49900349
2871.969,28.5023084
2872.451,28.47587432
2872.933,28.46884532
2873.416,28.45097321
2873.897,28.44352193
2874.38,28.43893654
2874.862,28.41890403
2875.344,28.4224791
2875.826,28.40167361
2876.308,28.39539718
2876.79,28.39330589
2877.272,28.38413236
2877.754,28.39779334
2878.237,28.38615979
2878.719,28.36509739
2879.201,28.36748943
2879.683,28.366211
2880.165,28.35955986
2880.647,28.35842905
2881.129,28.3467514
2881.611,28.33118272
2882.094,28.32198199
2882.576,28.31905995
2883.058,28.30105114
2883.54,28.26017085
2884.022,28.26932375
2884.504,28.28140447
2884.986,28.27873924
2885.468,28.27654408
2885.95,28.24191957
2886.433,28.24028323
2886.915,28.22847956
2887.397,28.22627114
2887.879,28.1949252
2888.361,28.1873649
2888.843,28.19962927
2889.325,28.20083164
2889.807,28.17799668
2890.29,28.15913576
2890.772,28.16211347
2891.254,28.14110187
2891.736,28.15370224
2892.218,28.14666095
2892.7,28.13976463
2893.182,28.13499422
2893.664,28.10832885
2894.146,28.11937829
2894.629,28.11228626
2895.111,28.10438592
2895.593,28.08928183
2896.075,28.08742696
2896.557,28.08194598
2897.039,28.07768951
2897.521,28.04423606
2898.003,28.04764692
2898.486,28.03631833
2898.968,28.01581778
2899.45,28.03341761
2899.932,27.99587987
2900.414,28.02526853
2900.896,28.00613568
2901.378,28.00223203
2901.86,27.98576603
2902.343,27.98657408
2902.824,27.9665015
2903.307,27.96963793
2903.789,27.95112826
2904.271,27.94625954
2904.753,27.95438752
2905.235,27.92362679
2905.717,27.9030579
2906.199,27.89244735
2906.681,27.88530989
2907.164,27.88577682
2907.646,27.85952237
2908.128,27.87314146
2908.61,27.84064985
2909.092,27.86475016
2909.574,27.85109692
2910.056,27.83875554
2910.538,27.84052825
2911.021,27.83316905
2911.503,27.81698995
2911.985,27.81224496
2912.467,27.81690778
2912.949,27.81081555
2913.431,27.79955183
2913.913,27.78653256
2914.395,27.79878556
2914.877,27.78364862
2915.36,27.77167345
2915.842,27.77276639
2916.324,27.76134914
2916.806,27.76987128
2917.288,27.74930478
2917.77,27.75098139
2918.252,27.7342198
2918.734,27.72955695
2919.217,27.73576478
2919.699,27.72316309
2920.181,27.72617154
2920.663,27.6993481
2921.145,27.70441768
2921.627,27.67848007
2922.109,27.68890467
2922.591,27.65812838
2923.073,27.65774353
2923.556,27.63706598
2924.038,27.63383784
2924.52,27.62079824
2925.002,27.59807869
2925.484,27.5984707
2925.966,27.60593533
2926.448,27.59878939
2926.93,27.58155171
2927.413,27.57875957
2927.895,27.57104996
2928.377,27.57033566
2928.859,27.57290666
2929.341,27.56342295
2929.823,27.5621508
2930.305,27.5492006
2930.787,27.55183713
2931.27,27.54550503
2931.751,27.54442937
2932.234,27.5362865
2932.716,27.55180676
2933.198,27.50867311
2933.68,27.51691579
2934.162,27.52380683
2934.644,27.52967715
2935.126,27.50802669
2935.608,27.49033804
2936.091,27.50618351
2936.573,27.48067912
2937.055,27.48002901
2937.537,27.47292514
2938.019,27.44398203
2938.501,27.44553719
2938.983,27.42573784
2939.465,27.43285398
2939.948,27.42069906
2940.43,27.40553414
2940.912,27.41372394
2941.394,27.3968875
2941.876,27.40381519
2942.358,27.38191267
2942.84,27.38202251
2943.322,27.37763788
2943.804,27.38652306
2944.287,27.34868816
2944.769,27.36031523
2945.251,27.37156862
2945.733,27.3577252
2946.215,27.35541158
2946.697,27.35023736
2947.179,27.33525124
2947.661,27.34318256
2948.144,27.34930954
2948.626,27.31318351
2949.108,27.31783962
2949.59,27.31539804
2950.072,27.30490648
2950.554,27.30367769
2951.036,27.29368609
2951.518,27.29179959
2952,27.30397191
2952.483,27.29483467
2952.965,27.28395827
2953.447,27.27923263
2953.929,27.26984016
2954.411,27.28165312
2954.893,27.25478013
2955.375,27.28767465
2955.857,27.25980489
2956.34,27.26583163
2956.822,27.27176762
2957.304,27.26528935
2957.786,27.25389003
2958.268,27.22254105
2958.75,27.24052008
2959.232,27.22109998
2959.714,27.24260455
2960.197,27.22618878
2960.678,27.23653416
2961.161,27.22953913
2961.643,27.22092627
2962.125,27.19912376
2962.607,27.22051269
2963.089,27.21571575
2963.571,27.18343922
2964.053,27.19836086
2964.535,27.21052205
2965.018,27.18160412
2965.5,27.19781775
2965.982,27.19781618
2966.464,27.20174551
2966.946,27.17470366
2967.428,27.19737411
2967.91,27.18563639
2968.392,27.18380446
2968.875,27.18797745
2969.357,27.180535
2969.839,27.17208809
2970.321,27.15733755
2970.803,27.1597895
2971.285,27.16058535
2971.767,27.16198579
2972.249,27.14916688
2972.731,27.14766343
2973.214,27.13695545
2973.696,27.14591723
2974.178,27.13970974
2974.66,27.1177618
2975.142,27.12989529
2975.624,27.12015594
2976.106,27.13077048
2976.588,27.12599668
2977.071,27.12174016
2977.553,27.10480117
2978.035,27.12472954
2978.517,27.1176071
2978.999,27.13600219
2979.481,27.12059767
2979.963,27.10118276
2980.445,27.1109931
2980.927,27.10003928
2981.41,27.09485426
2981.892,27.10054522
2982.374,27.09289091
2982.856,27.09419445
2983.338,27.10301283
2983.82,27.1222315
2984.302,27.09954004
2984.784,27.10566042
2985.267,27.09327962
2985.749,27.10324167
2986.231,27.10291334
2986.713,27.09193803
2987.195,27.08311264
2987.677,27.08942324
2988.159,27.0926265
2988.641,27.08144275
2989.124,27.06400614
2989.605,27.07169926
2990.088,27.0853436
2990.57,27.082378
2991.052,27.06151207
2991.534,27.0604578
2992.016,27.06071617
2992.498,27.07943594
2992.98,27.08072962
2993.462,27.0528215
2993.945,27.07992339
2994.427,27.08030066
2994.909,27.05910939
2995.391,27.08187527
2995.873,27.0666831
2996.355,27.06729446
2996.837,27.09000843
2997.319,27.08708982
2997.802,27.08917609
2998.284,27.09052528
2998.766,27.08682139
2999.248,27.07383336
2999.73,27.07915699
3000.212,27.08124555
3000.694,27.0859575
3001.176,27.06444192
3001.658,27.07154049
3002.141,27.06618922
3002.623,27.08112322
3003.105,27.0726157
3003.587,27.06782618
3004.069,27.08775432
3004.551,27.07732439
3005.033,27.08721246
3005.515,27.09231435
3005.998,27.09294859
3006.48,27.096956
3006.962,27.08268093
3007.444,27.08219116
3007.926,27.09971266
3008.408,27.09361316
3008.89,27.09017236
3009.372,27.1005598
3009.854,27.10062584
3010.337,27.085864
3010.819,27.09264512
3011.301,27.1091873
3011.783,27.11669464
3012.265,27.10032858
3012.747,27.09429586
3013.229,27.10858272
3013.711,27.10557632
3014.194,27.10388052
3014.676,27.09788538
3015.158,27.12573917
3015.64,27.12035406
3016.122,27.10909648
3016.604,27.10999446
3017.086,27.11796534
3017.568,27.09991205
3018.051,27.12222939
3018.532,27.16076727
3019.015,27.11917517
3019.497,27.13868479
3019.979,27.1323585
3020.461,27.13025069
3020.943,27.15777353
3021.425,27.1521376
3021.907,27.12940176
3022.389,27.14789821
3022.872,27.15160444
3023.354,27.17888781
3023.836,27.14934269
3024.318,27.15910464
3024.8,27.16661725
3025.282,27.15469134
3025.764,27.16549919
3026.246,27.15204378
3026.729,27.17594209
3027.211,27.19203494
3027.693,27.1834506
3028.175,27.17353859
3028.657,27.20963556
3029.139,27.17250007
3029.621,27.18007317
3030.103,27.19604311
3030.585,27.1967437
3031.068,27.21594388
3031.55,27.20743235
3032.032,27.19811453
3032.514,27.22128589
3032.996,27.21877501
3033.478,27.20707897
3033.96,27.21045776
3034.442,27.21201245
3034.925,27.20818062
3035.407,27.22937742
3035.889,27.21711285
3036.371,27.23924642
3036.853,27.24421621
3037.335,27.23585037
3037.817,27.25998089
3038.299,27.24930191
3038.781,27.25797884
3039.264,27.28557662
3039.746,27.27561722
3040.228,27.28369354
3040.71,27.28431573
3041.192,27.29592961
3041.674,27.30296729
3042.156,27.28834301
3042.638,27.31126806
3043.121,27.32835963
3043.603,27.31183879
3044.085,27.32520577
3044.567,27.32164321
3045.049,27.32264861
3045.531,27.3320918
3046.013,27.31268549
3046.495,27.32241234
3046.978,27.33155132
3047.459,27.32545725
3047.942,27.34221648
3048.424,27.34319906
3048.906,27.34234177
3049.388,27.37102132
3049.87,27.37924747
3050.352,27.35880327
3050.834,27.38291996
3051.316,27.39893417
3051.799,27.39539583
3052.281,27.39569325
3052.763,27.40058432
3053.245,27.41195437
3053.727,27.40946485
3054.209,27.41290884
3054.691,27.43483447
3055.173,27.446124
3055.656,27.44864203
3056.138,27.46810334
3056.62,27.4404263
3057.102,27.46638896
3057.584,27.45770733
3058.066,27.46886236
3058.548,27.45655408
3059.03,27.44402803
3059.512,27.47404041
3059.995,27.47793497
3060.477,27.47908055
3060.959,27.481699
3061.441,27.51314403
3061.923,27.50243723
3062.405,27.50644033
3062.887,27.517703
3063.369,27.53645441
3063.852,27.53757212
3064.334,27.52414034
3064.816,27.55125107
3065.298,27.54167815
3065.78,27.54733813
3066.262,27.56916263
3066.744,27.54049447
3067.226,27.56566657
3067.708,27.56663298
3068.191,27.58563556
3068.673,27.57763424
3069.155,27.57597572
3069.637,27.60057038
3070.119,27.60078397
3070.601,27.60637893
3071.083,27.58198747
3071.565,27.60880028
3072.048,27.62786492
3072.53,27.6209861
3073.012,27.62157341
3073.494,27.62681226
3073.976,27.63865589
3074.458,27.62301137
3074.94,27.63941993
3075.422,27.6546878
3075.905,27.62631763
3076.386,27.65835224
3076.869,27.66303278
3077.351,27.66243766
3077.833,27.68122901
3078.315,27.69609803
3078.797,27.68342157
3079.279,27.68357253
3079.761,27.69376957
3080.243,27.69438231
3080.726,27.70927587
3081.208,27.69969891
3081.69,27.72799872
3082.172,27.7142494
3082.654,27.73626937
3083.136,27.72888682
3083.618,27.76119251
3084.1,27.75549923
3084.583,27.76218053
3085.065,27.75166237
3085.547,27.77367387
3086.029,27.79271098
3086.511,27.79482337
3086.993,27.79549716
3087.475,27.79493521
3087.957,27.80617081
3088.439,27.80087064
3088.922,27.82953345
3089.404,27.82368702
3089.886,27.83226814
3090.368,27.84100033
3090.85,27.82999004
3091.332,27.83931382
3091.814,27.84048131
3092.296,27.87836367
3092.779,27.87637649
3093.261,27.86680863
3093.743,27.88754371
3094.225,27.88533289
3094.707,27.91090858
3095.189,27.90598325
3095.671,27.9206398
3096.153,27.91981342
3096.635,27.9316674
3097.118,27.94134909
3097.6,27.93015731
3098.082,27.9329125
3098.564,27.97230761
3099.046,27.96760567
3099.528,27.97061389
3100.01,27.95579575
3100.492,27.97794756
3100.975,27.99849689
3101.457,27.98523186
3101.939,28.00622031
3102.421,28.00739158
3102.903,28.02076288
3103.385,28.00140908
3103.867,28.02129407
3104.349,28.03121131
3104.832,28.02346379
3105.313,28.03345788
3105.796,28.05346392
3106.278,28.04091776
3106.76,28.04861603
3107.242,28.05739958
3107.724,28.0582415
3108.206,28.04761403
3108.688,28.07672224
3109.17,28.06440116
3109.653,28.0728663
3110.135,28.09595295
3110.617,28.10949409
3111.099,28.11299967
3111.581,28.08652299
3112.063,28.09461399
3112.545,28.12074669
3113.027,28.13186631
3113.51,28.14866467
3113.992,28.15727209
3114.474,28.16744978
3114.956,28.15838866
3115.438,28.18195442
3115.92,28.18661839
3116.402,28.17216658
3116.884,28.18854519
3117.366,28.2091581
3117.849,28.19740823
3118.331,28.20380237
3118.813,28.20069634
3119.295,28.22418385
3119.777,28.20350078
3120.259,28.23062051
3120.741,28.21677648
3121.223,28.24075745
3121.706,28.23077812
3122.188,28.25122621
3122.67,28.26555225
3123.152,28.25433499
3123.634,28.26212552
3124.116,28.27092578
3124.598,28.25870733
3125.08,28.29441267
3125.562,28.28936669
3126.045,28.30903327
3126.527,28.317307
3127.009,28.30574712
3127.491,28.31549616
3127.973,28.3291293
3128.455,28.33277408
3128.937,28.35318653
3129.419,28.34504167
3129.902,28.3441646
3130.384,28.35225033
3130.866,28.36130616
3131.348,28.35542159
3131.83,28.36277475
3132.312,28.36318722
3132.794,28.36891973
3133.276,28.38409694
3133.759,28.39539972
3134.24,28.38730526
3134.723,28.36796878
3135.205,28.38338154
3135.687,28.39691593
3136.169,28.39184901
3136.651,28.42220707
3137.133,28.41774783
3137.615,28.42140557
3138.097,28.42545971
3138.58,28.42801631
3139.062,28.44103335
3139.544,28.43424021
3140.026,28.43855352
3140.508,28.4358085
3140.99,28.44007279
3141.472,28.46602215
3141.954,28.45018541
3142.437,28.45243617
3142.919,28.47761015
3143.401,28.49104194
3143.883,28.49106142
3144.365,28.47786875
3144.847,28.48616565
3145.329,28.49967311
3145.811,28.50297225
3146.293,28.53008602
3146.776,28.5273962
3147.258,28.54368976
3147.74,28.5353586
3148.222,28.52959568
3148.704,28.53798028
3149.186,28.55164632
3149.668,28.5575721
3150.15,28.55853823
3150.633,28.5593488
3151.115,28.5487591
3151.597,28.56194422
3152.079,28.56039954
3152.561,28.57365255
3153.043,28.58095229
3153.525,28.58867432
3154.007,28.58548326
3154.49,28.60610287
3154.972,28.59713271
3155.454,28.60621104
3155.936,28.62841341
3156.418,28.62385179
3156.9,28.63841246
3157.382,28.61603612
3157.864,28.6290511
3158.346,28.65142857
3158.829,28.64184431
3159.311,28.66942955
3159.793,28.64503701
3160.275,28.64820423
3160.757,28.64831146
3161.239,28.65414399
3161.721,28.65644432
3162.203,28.651017
3162.686,28.64848371
3163.167,28.65639491
3163.65,28.66567175
3164.132,28.64710855
3164.614,28.64786542
3165.096,28.66402393
3165.578,28.6624663
3166.06,28.67481088
3166.542,28.66945372
3167.024,28.68905569
3167.507,28.69952273
3167.989,28.71170803
3168.471,28.71289907
3168.953,28.72883463
3169.435,28.71524639
3169.917,28.72450451
3170.399,28.72784965
3170.881,28.7446817
3171.364,28.72976481
3171.846,28.74265234
3172.328,28.74044272
3172.81,28.7503129
3173.292,28.73841711
3173.774,28.73369296
3174.256,28.72212587
3174.738,28.73494191
3175.22,28.72121587
3175.703,28.73533562
3176.185,28.74378747
3176.667,28.73284272
3177.149,28.73021708
3177.631,28.7468735
3178.113,28.73898279
3178.595,28.76773146
3179.077,28.75804822
3179.56,28.7688453
3180.042,28.7674004
3180.524,28.77734215
3181.006,28.77918735
3181.488,28.77942185
3181.97,28.76810673
3182.452,28.77317785
3182.934,28.77386864
3183.417,28.75594812
3183.899,28.78199701
3184.381,28.77382933
3184.863,28.77128086
3185.345,28.77816051
3185.827,28.78806861
3186.309,28.7731686
3186.791,28.79290582
3187.273,28.81521253
3187.756,28.81293359
3188.238,28.81982484
3188.72,28.79859618
3189.202,28.79093906
3189.684,28.82320441
3190.166,28.81879689
3190.648,28.80627206
3191.13,28.80303566
3191.613,28.82135658
3192.094,28.82038335
3192.577,28.8274707
3193.059,28.82718072
3193.541,28.81953406
3194.023,28.79419228
3194.505,28.82950036
3194.987,28.83231863
3195.469,28.83921778
3195.951,28.83041816
3196.434,28.83317288
3196.916,28.84105359
3197.398,28.83770207
3197.88,28.83282032
3198.362,28.84208438
3198.844,28.85467452
3199.326,28.85523754
3199.808,28.83879324
3200.291,28.85140823
3200.773,28.83602075
3201.255,28.844561
3201.737,28.85840806
3202.219,28.84459892
3202.701,28.84412485
3203.183,28.85660611
3203.665,28.87451146
3204.147,28.86009102
3204.63,28.85104865
3205.112,28.84821673
3205.594,28.83863834
3206.076,28.8330699
3206.558,28.85356755
3207.04,28.85883462
3207.522,28.85998552
3208.004,28.85581869
3208.487,28.85323058
3208.969,28.85347294
3209.451,28.856016
3209.933,28.8585283
3210.415,28.87102836
3210.897,28.87226246
3211.379,28.85493265
3211.861,28.84367849
3212.344,28.83631097
3212.826,28.86040896
3213.308,28.85808645
3213.79,28.84795814
3214.272,28.82748871
3214.754,28.83276423
3215.236,28.8470844
3215.718,28.82075658
3216.2,28.82624385
3216.683,28.82667031
3217.165,28.82505687
3217.647,28.82931311
3218.129,28.83642919
3218.611,28.82903019
3219.093,28.82323514
3219.575,28.81965909
3220.057,28.83816149
3220.54,28.83671862
3221.021,28.8298882
3221.504,28.8406488
3221.986,28.85137348
3222.468,28.8623888
3222.95,28.85860039
3223.432,28.84586115
3223.914,28.84724426
3224.396,28.84536213
3224.878,28.85173395
3225.361,28.84455806
3225.843,28.83782541
3226.325,28.8373884
3226.807,28.84176457
3227.289,28.82533262
3227.771,28.80536125
3228.253,28.81093518
3228.735,28.80868403
3229.218,28.81301056
3229.7,28.81487271
3230.182,28.81923761
3230.664,28.82278052
3231.146,28.82404577
3231.628,28.7986869
3232.11,28.81809767
3232.592,28.8118891
3233.074,28.83804473
3233.557,28.8061231
3234.039,28.80606535
3234.521,28.80870482
3235.003,28.81409977
3235.485,28.81396653
3235.967,28.82509911
3236.449,28.8069271
3236.931,28.80543081
3237.414,28.80829575
3237.896,28.80311343
3238.378,28.7986783
3238.86,28.80469254
3239.342,28.78294599
3239.824,28.79843711
3240.306,28.79979108
3240.788,28.79527247
3241.271,28.78131379
3241.753,28.75987294
3242.235,28.78519275
3242.717,28.75526063
3243.199,28.77441342
3243.681,28.75535128
3244.163,28.76932297
3244.645,28.75061078
3245.127,28.74647887
3245.61,28.75391057
3246.092,28.74097174
3246.574,28.74853787
3247.056,28.74871599
3247.538,28.75467947
3248.02,28.74339037
3248.502,28.75903705
3248.984,28.74223393
3249.467,28.72639169
3249.948,28.73498424
3250.431,28.74084074
3250.913,28.72896706
3251.395,28.73069426
3251.877,28.73417891
3252.359,28.71205646
3252.841,28.72160425
3253.323,28.70396431
3253.805,28.70824049
3254.288,28.70810867
3254.77,28.71634663
3255.252,28.69184998
3255.734,28.70927318
3256.216,28.68311828
3256.698,28.70588699
3257.18,28.71220032
3257.662,28.68569143
3258.145,28.69324575
3258.627,28.67285375
3259.109,28.68380263
3259.591,28.6799023
3260.073,28.67271531
3260.555,28.65801232
3261.037,28.67624901
3261.519,28.66618386
3262.001,28.66854677
3262.484,28.65391846
3262.966,28.64171746
3263.448,28.63500624
3263.93,28.6504148
3264.412,28.64030423
3264.894,28.64895468
3265.376,28.64862028
3265.858,28.63004969
3266.341,28.62866849
3266.823,28.6519596
3267.305,28.62280649
3267.787,28.62466392
3268.269,28.64703466
3268.751,28.61754829
3269.233,28.63623704
3269.715,28.64617121
3270.198,28.60291555
3270.68,28.61736219
3271.162,28.61347544
3271.644,28.61782445
3272.126,28.59125325
3272.608,28.60971858
3273.09,28.60912072
3273.572,28.60054716
3274.054,28.58483077
3274.537,28.5992577
3275.019,28.58058717
3275.501,28.58622567
3275.983,28.55286266
3276.465,28.58773224
3276.947,28.58195125
3277.429,28.57825412
3277.911,28.55970428
3278.394,28.56577513
3278.875,28.54508423
3279.358,28.56248283
3279.84,28.54191921
3280.322,28.53516645
3280.804,28.54420828
3281.286,28.55365325
3281.768,28.53019344
3282.25,28.53166729
3282.732,28.53561379
3283.215,28.50006473
3283.697,28.504842
3284.179,28.49806674
3284.661,28.49317112
3285.143,28.48823248
3285.625,28.49881901
3286.107,28.47936599
3286.589,28.47530614
3287.072,28.4625005
3287.554,28.43829807
3288.036,28.43452006
3288.518,28.44578202
3289,28.44413554
3289.482,28.44823323
3289.964,28.44616358
3290.446,28.44585244
3290.928,28.4514577
3291.411,28.43927807
3291.893,28.42244205
3292.375,28.45259119
3292.857,28.42167052
3293.339,28.42440534
3293.821,28.41776124
3294.303,28.41813698
3294.785,28.41565071
3295.268,28.41585163
3295.75,28.40269887
3296.232,28.41755967
3296.714,28.40196669
3297.196,28.43544249
3297.678,28.41691979
3298.16,28.40271415
3298.642,28.4002393
3299.125,28.40390543
3299.607,28.41171891
3300.089,28.38877113
3300.571,28.38385354
3301.053,28.3737947
3301.535,28.38142292
3302.017,28.3582747
3302.499,28.36821684
3302.981,28.34433697
3303.464,28.33300357
3303.946,28.32607303
3304.428,28.31760897
3304.91,28.309864
3305.392,28.29785038
3305.874,28.29722425
3306.356,28.3045402
3306.838,28.30986595
3307.321,28.31330059
3307.802,28.30884274
3308.285,28.30395289
3308.767,28.2816144
3309.249,28.28440567
3309.731,28.28568898
3310.213,28.27658375
3310.695,28.27669677
3311.177,28.26506363
3311.659,28.26430011
3312.142,28.26652648
3312.624,28.2678179
3313.106,28.24828846
3313.588,28.25660946
3314.07,28.22767972
3314.552,28.23024238
3315.034,28.22781786
3315.516,28.23428169
3315.999,28.22571407
3316.481,28.21666588
3316.963,28.21370212
3317.445,28.21375166
3317.927,28.20614379
3318.409,28.21260152
3318.891,28.17181073
3319.373,28.19532801
3319.855,28.1772562
3320.338,28.1567349
3320.82,28.18577406
3321.302,28.1638351
3321.784,28.1640602
3322.266,28.14913483
3322.748,28.14844793
3323.23,28.15974485
3323.712,28.14150421
3324.195,28.15464947
3324.677,28.15004603
3325.159,28.13777859
3325.641,28.13697357
3326.123,28.12277996
3326.605,28.10154653
3327.087,28.10442697
3327.569,28.09753133
3328.052,28.11412549
3328.534,28.07913974
3329.016,28.0760738
3329.498,28.0880822
3329.98,28.07549171
3330.462,28.07763759
3330.944,28.06061189
3331.426,28.05392751
3331.908,28.05498764
3332.391,28.04613007
3332.873,28.03433349
3333.355,28.03838677
3333.837,28.03076899
3334.319,28.0425312
3334.801,28.02313942
3335.283,28.04988885
3335.765,28.01062057
3336.248,28.03035735
3336.729,28.02366406
3337.212,28.0383035
3337.694,28.03488303
3338.176,28.02662261
3338.658,28.01558551
3339.14,27.99256391
3339.622,28.00033755
3340.104,28.00909817
3340.586,27.99258533
3341.069,27.95784844
3341.551,27.96477405
3342.033,27.96481757
3342.515,27.9434585
3342.997,27.9521404
3343.479,27.93410735
3343.961,27.92408089
3344.443,27.92730941
3344.926,27.92803736
3345.408,27.93091291
3345.89,27.90735218
3346.372,27.90031473
3346.854,27.90112969
3347.336,27.90587692
3347.818,27.89536107
3348.3,27.91205242
3348.782,27.90913907
3349.265,27.91335872
3349.747,27.90397099
3350.229,27.89737898
3350.711,27.90532347
3351.193,27.8871247
3351.675,27.89340491
3352.157,27.88839468
3352.639,27.89333731
3353.122,27.88784768
3353.604,27.8866933
3354.086,27.8867831
3354.568,27.85787766
3355.05,27.87586486
3355.532,27.85037488
3356.014,27.87360564
3356.496,27.88069473
3356.979,27.84886089
3357.461,27.84647825
3357.943,27.83662809
3358.425,27.83433226
3358.907,27.82798902
3359.389,27.82164715
3359.871,27.82734144
3360.353,27.8118467
3360.835,27.80411182
3361.318,27.80739616
3361.8,27.80523017
3362.282,27.79178159
3362.764,27.78178062
3363.246,27.77681555
3363.728,27.77898096
3364.21,27.77948025
3364.692,27.76871864
3365.174,27.76282271
3365.656,27.75629074
3366.139,27.73417206
3366.621,27.76425059
3367.103,27.73110475
3367.585,27.7307749
3368.067,27.76332469
3368.549,27.75515654
3369.031,27.75580466
3369.513,27.74896997
3369.996,27.73472757
3370.478,27.73984343
3370.96,27.72809598
3371.442,27.74560234
3371.924,27.70632858
3372.406,27.73221768
3372.888,27.72271988
3373.37,27.70582569
3373.853,27.70746665
3374.335,27.71808601
3374.817,27.69734991
3375.299,27.72618149
3375.781,27.69988291
3376.263,27.71261454
3376.745,27.71624357
3377.227,27.70915253
3377.709,27.68788946
3378.192,27.69506297
3378.674,27.71913771
3379.156,27.7139935
3379.638,27.69819845
3380.12,27.67826183
3380.602,27.70042941
3381.084,27.69434116
3381.566,27.69592088
3382.049,27.68730619
3382.531,27.67862443
3383.013,27.67541877
3383.495,27.67593038
3383.977,27.65240534
3384.459,27.65482098
3384.941,27.66249316
3385.423,27.6841179
3385.906,27.6506477
3386.387,27.64732499
3386.87,27.65019292
3387.352,27.63800009
3387.834,27.64857859
3388.316,27.65034433
3388.798,27.64736199
3389.28,27.6446346
3389.762,27.64908498
3390.244,27.64338509
3390.727,27.62201716
3391.209,27.62719032
3391.691,27.6073279
3392.173,27.6069764
3392.655,27.61890412
3393.137,27.61595697
3393.619,27.62787604
3394.101,27.6208406
3394.583,27.64568545
3395.066,27.61955762
3395.548,27.62420921
3396.03,27.62904461
3396.512,27.61168062
3396.994,27.60719561
3397.476,27.58756235
3397.958,27.62260978
3398.44,27.61746028
3398.923,27.61392448
3399.405,27.59894013
3399.887,27.60989182
3400.369,27.63584116
3400.851,27.60725588
3401.333,27.57455842
3401.815,27.60111332
3402.297,27.58414133
3402.78,27.56544574
3403.262,27.58945187
3403.744,27.59600614
3404.226,27.57073688
3404.708,27.56765491
3405.19,27.57322699
3405.672,27.58003418
3406.154,27.56964212
3406.636,27.56035089
3407.119,27.55541758
3407.601,27.54735175
3408.083,27.56120924
3408.565,27.56353866
3409.047,27.58472362
3409.529,27.56170889
3410.011,27.56351837
3410.493,27.56321465
3410.976,27.5645696
3411.458,27.58220919
3411.94,27.57976295
3412.422,27.57163581
3412.904,27.56810665
3413.386,27.5881874
3413.868,27.58020841
3414.35,27.57431799
3414.833,27.58592618
3415.314,27.57128258
3415.797,27.5802616
3416.279,27.56866916
3416.761,27.59807261
3417.243,27.59202642
3417.725,27.57486405
3418.207,27.59950774
3418.689,27.57248812
3419.171,27.57473289
3419.654,27.57151108
3420.136,27.57823253
3420.618,27.58489893
3421.1,27.57853535
3421.582,27.5902393
3422.064,27.58949061
3422.546,27.57946075
3423.028,27.59012239
3423.51,27.57873292
3423.993,27.58735213
3424.475,27.58095446
3424.957,27.56838365
3425.439,27.59458473
3425.921,27.57681701
3426.403,27.55743567
3426.885,27.57535118
3427.367,27.57575177
3427.85,27.5685943
3428.332,27.56586573
3428.814,27.55309476
3429.296,27.5582531
3429.778,27.54221772
3430.26,27.56570414
3430.742,27.55864058
3431.224,27.55551336
3431.707,27.54859443
3432.189,27.56893953
3432.671,27.53694596
3433.153,27.55777862
3433.635,27.54256185
3434.117,27.52525555
3434.599,27.51844758
3435.081,27.55012154
3435.563,27.54140902
3436.046,27.55212371
3436.528,27.53443271
3437.01,27.5234949
3437.492,27.53529432
3437.974,27.54866173
3438.456,27.55366579
3438.938,27.56060446
3439.42,27.54827365
3439.903,27.56111297
3440.385,27.55975702
3440.867,27.56769816
3441.349,27.55642908
3441.831,27.55841048
3442.313,27.55610772
3442.795,27.56880598
3443.277,27.5739513
3443.76,27.56617746
3444.241,27.57217097
3444.724,27.56386124
3445.206,27.58025263
3445.688,27.57150247
3446.17,27.56953729
3446.652,27.59367512
3447.134,27.58049687
3447.616,27.58363558
3448.098,27.59035875
3448.581,27.5805158
3449.063,27.58063661
3449.545,27.56327329
3450.027,27.57121488
3450.509,27.58319047
3450.991,27.57076223
3451.473,27.57427367
3451.955,27.59660684
3452.438,27.57516544
3452.92,27.56521572
3453.402,27.57061762
3453.884,27.59894102
3454.366,27.59368448
3454.848,27.61151367
3455.33,27.59278414
3455.812,27.60748219
3456.294,27.59021651
3456.777,27.60256188
3457.259,27.60861048
3457.741,27.6173323
3458.223,27.60795997
3458.705,27.63223397
3459.187,27.63569408
3459.669,27.60876448
3460.151,27.65346881
3460.634,27.64822783
3461.116,27.6391363
3461.598,27.6432688
3462.08,27.63883568
3462.562,27.64781134
3463.044,27.65396295
3463.526,27.64467794
3464.008,27.63176896
3464.49,27.6314507
3464.973,27.62905394
3465.455,27.62477451
3465.937,27.63190073
3466.419,27.63668647
3466.901,27.64485967
3467.383,27.64156527
3467.865,27.64367483
3468.347,27.64400742
3468.83,27.63692181
3469.312,27.64772554
3469.794,27.63525373
3470.276,27.645888
3470.758,27.68560816
3471.24,27.64964829
3471.722,27.6639755
3472.204,27.67169897
3472.687,27.66137989
3473.168,27.67852404
3473.651,27.67505209
3474.133,27.68841635
3474.615,27.68542209
3475.097,27.68753803
3475.579,27.69865856
3476.061,27.69648828
3476.543,27.69371866
3477.025,27.7075532
3477.508,27.69143081
3477.99,27.70255233
3478.472,27.71075474
3478.954,27.69570806
3479.436,27.71897431
3479.918,27.72981145
3480.4,27.72450783
3480.882,27.73513122
3481.365,27.75401661
3481.847,27.74998261
3482.329,27.74787287
3482.811,27.75065334
3483.293,27.74707891
3483.775,27.74063934
3484.257,27.75954902
3484.739,27.73856778
3485.221,27.75809727
3485.704,27.76263565
3486.186,27.75542671
3486.668,27.74205787
3487.15,27.76578464
3487.632,27.77048472
3488.114,27.76845187
3488.596,27.77923693
3489.078,27.78181026
3489.561,27.78636785
3490.043,27.80082715
3490.525,27.78391448
3491.007,27.79659553
3491.489,27.79554638
3491.971,27.80017537
3492.453,27.78966096
3492.935,27.78298853
3493.417,27.77866618
3493.9,27.79996738
3494.382,27.79915357
3494.864,27.79240272
3495.346,27.80920078
3495.828,27.79512045
3496.31,27.80354889
3496.792,27.81554006
3497.274,27.82245755
3497.757,27.80692283
3498.239,27.81908679
3498.721,27.82152323
3499.203,27.8495716
3499.685,27.84864366
3500.167,27.83686936
3500.649,27.8402572
3501.131,27.8420511
3501.614,27.85500975
3502.095,27.84481141
3502.578,27.88255425
3503.06,27.86022618
3503.542,27.84660822
3504.024,27.87254274
3504.506,27.87092838
3504.988,27.87319969
3505.47,27.87936819
3505.952,27.87195814
3506.435,27.88707443
3506.917,27.86421564
3507.399,27.89369349
3507.881,27.88336897
3508.363,27.89000914
3508.845,27.89492091
3509.327,27.88913582
3509.809,27.89486976
3510.292,27.92880723
3510.774,27.92117642
3511.256,27.94368721
3511.738,27.91268957
3512.22,27.92269607
3512.702,27.93846349
3513.184,27.94945683
3513.666,27.94574995
3514.148,27.93471334
3514.631,27.94234756
3515.113,27.9231549
3515.595,27.92302135
3516.077,27.92580222
3516.559,27.92354176
3517.041,27.94170727
3517.523,27.92640638
3518.005,27.94088151
3518.488,27.92982726
3518.97,27.94612872
3519.452,27.93756638
3519.934,27.96753838
3520.416,27.94420211
3520.898,27.93860242
3521.38,27.95275167
3521.862,27.97814156
3522.344,27.97457545
3522.827,27.96796632
3523.309,28.00036029
3523.791,27.99287618
3524.273,27.98168769
3524.755,28.00059715
3525.237,28.01723156
3525.719,28.00053103
3526.201,28.00277845
3526.684,28.02522057
3527.166,28.03526883
3527.648,28.02873413
3528.13,28.03629068
3528.612,28.05142642
3529.094,28.0574879
3529.576,28.04446909
3530.058,28.06572794
3530.541,28.04466008
3531.022,28.05924544
3531.505,28.04483749
3531.987,28.04511176
3532.469,28.0664484
3532.951,28.06879426
3533.433,28.07197661
3533.915,28.06148052
3534.397,28.06965902
3534.879,28.06975446
3535.362,28.08384125
3535.844,28.07675149
3536.326,28.09571799
3536.808,28.0862379
3537.29,28.11803728
3537.772,28.11277686
3538.254,28.11420794
3538.736,28.10616765
3539.219,28.11497108
3539.701,28.10994577
3540.183,28.10428135
3540.665,28.08123515
3541.147,28.11512317
3541.629,28.11159316
3542.111,28.09876518
3542.593,28.09548649
3543.075,28.11175581
3543.558,28.10655152
3544.04,28.1334298
3544.522,28.1458364
3545.004,28.16609195
3545.486,28.14118685
3545.968,28.15400125
3546.45,28.15269515
3546.932,28.16830747
3547.415,28.14838209
3547.897,28.16578498
3548.379,28.16739575
3548.861,28.1660092
3549.343,28.17947844
3549.825,28.1923932
3550.307,28.18652941
3550.789,28.18246749
3551.271,28.18710974
3551.754,28.21217487
3552.236,28.22987868
3552.718,28.23112549
3553.2,28.21046839
3553.682,28.23157215
3554.164,28.24005735
3554.646,28.22891474
3555.128,28.24253583
3555.611,28.23582504
3556.093,28.22855024
3556.575,28.2272429
3557.057,28.24532731
3557.539,28.23562166
3558.021,28.2362379
3558.503,28.23546623
3558.985,28.24069842
3559.468,28.25172223
3559.949,28.25264692
3560.432,28.25996266
3560.914,28.24951514
3561.396,28.25764275
3561.878,28.2511106
3562.36,28.25624417
3562.842,28.26216947
3563.324,28.23169856
3563.806,28.23566679
3564.289,28.25215569
3564.771,28.26240294
3565.253,28.26883697
3565.735,28.29560127
3566.217,28.31672898
3566.699,28.33536585
3567.181,28.35799197
3567.663,28.36952763
3568.146,28.37737583
3568.628,28.3928043
3569.11,28.37771868
3569.592,28.38185951
3570.074,28.3823297
3570.556,28.39630667
3571.038,28.35847236
3571.52,28.36936126
3572.002,28.35364139
3572.485,28.3514998
3572.967,28.35432461
3573.449,28.36415731
3573.931,28.33384093
3574.413,28.37016781
3574.895,28.35513965
3575.377,28.37931284
3575.859,28.35442693
3576.342,28.36633865
3576.824,28.38697007
3577.306,28.3826509
3577.788,28.37716711
3578.27,28.39374963
3578.752,28.36472865
3579.234,28.36103982
3579.716,28.3830597
3580.198,28.37318743
3580.681,28.34922865
3581.163,28.39360997
3581.645,28.3556615
3582.127,28.35403461
3582.609,28.37464248
3583.091,28.34473592
3583.573,28.35857137
3584.055,28.33883699
3584.538,28.33696155
3585.02,28.34455343
3585.502,28.34986762
3585.984,28.36963397
3586.466,28.37901209
3586.948,28.40819456
3587.43,28.41946151
3587.912,28.41618959
3588.395,28.42127144
3588.876,28.4229798
3589.359,28.42989101
3589.841,28.42196654
3590.323,28.43038716
3590.805,28.41941125
3591.287,28.39793669
3591.769,28.43867331
3592.251,28.41893308
3592.733,28.40938413
3593.216,28.41153456
3593.698,28.44309681
3594.18,28.44295178
3594.662,28.45141498
3595.144,28.42968408
3595.626,28.45538399
3596.108,28.45468228
3596.59,28.47785381
3597.073,28.44974829
3597.555,28.45041495
3598.037,28.46434309
3598.519,28.473499
3599.001,28.47648484
3599.483,28.49045219
3599.965,28.49134655
3600.447,28.49509194
3600.929,28.5012842
3601.412,28.49945251
3601.894,28.49779961
3602.376,28.50790401
3602.858,28.50304649
3603.34,28.5290214
3603.822,28.52217615
3604.304,28.49001276
3604.786,28.48874663
3605.269,28.50195791
3605.751,28.48972302
3606.233,28.48787613
3606.715,28.50983996
3607.197,28.51218721
3607.679,28.53143425
3608.161,28.52856988
3608.643,28.52799702
3609.125,28.53090162
3609.608,28.52570896
3610.09,28.54369345
3610.572,28.53296421
3611.054,28.54825068
3611.536,28.53294548
3612.018,28.50574415
3612.5,28.50490879
3612.982,28.50703571
3613.465,28.49339495
3613.947,28.49740892
3614.429,28.48233154
3614.911,28.50372219
3615.393,28.49384131
3615.875,28.49235162
3616.357,28.4946456
3616.839,28.50048766
3617.322,28.50344305
3617.803,28.51984429
3618.286,28.53137369
3618.768,28.57027851
3619.25,28.57044655
3619.732,28.58834148
3620.214,28.56248636
3620.696,28.5609801
3621.178,28.56170223
3621.66,28.56483396
3622.143,28.55411914
3622.625,28.54667176
3623.107,28.52016688
3623.589,28.50976741
3624.071,28.48341443
3624.553,28.48836836
3625.035,28.4909621
3625.517,28.46285722
3626,28.46869337
3626.482,28.47534525
3626.964,28.47480055
3627.446,28.51024263
3627.928,28.52554536
3628.41,28.53687513
3628.892,28.55567621
3629.374,28.59329024
3629.856,28.58389307
3630.339,28.60234245
3630.821,28.60457557
3631.303,28.58538102
3631.785,28.58863314
3632.267,28.57549341
3632.749,28.58763601
3633.231,28.57733392
3633.713,28.59295453
3634.196,28.57858521
3634.678,28.5760343
3635.16,28.57777201
3635.642,28.59990449
3636.124,28.59916969
3636.606,28.58436405
3637.088,28.56610096
3637.57,28.56707753
3638.052,28.57515109
3638.535,28.57987672
3639.017,28.57798586
3639.499,28.56618421
3639.981,28.56553204
3640.463,28.56879595
3640.945,28.54995066
3641.427,28.54239915
3641.909,28.56489178
3642.392,28.53664831
3642.874,28.53608472
3643.356,28.53072131
3643.838,28.49426363
3644.32,28.50146033
3644.802,28.44977673
3645.284,28.4550937
3645.766,28.4294114
3646.249,28.43206182
3646.73,28.43473378
3647.213,28.44126254
3647.695,28.4564861
3648.177,28.49213998
3648.659,28.54115993
3649.141,28.54433918
3649.623,28.57925711
3650.105,28.60459052
3650.587,28.63000703
3651.07,28.60378972
3651.552,28.60421756
3652.034,28.60986835
3652.516,28.57499222
3652.998,28.56817283
3653.48,28.54850087
3653.962,28.54384473
3654.444,28.54944749
3654.927,28.55351187
3655.409,28.55493017
3655.891,28.56648361
3656.373,28.57366657
3656.855,28.59259111
3657.337,28.59357806
3657.819,28.60940413
3658.301,28.58993258
3658.783,28.57821511
3659.266,28.5958801
3659.748,28.58023624
3660.23,28.56168055
3660.712,28.58267932
3661.194,28.58012256
3661.676,28.58027596
3662.158,28.57752235
3662.64,28.56409938
3663.123,28.55994629
3663.605,28.56537842
3664.087,28.55779609
3664.569,28.5491189
3665.051,28.52625903
3665.533,28.51411594
3666.015,28.49496649
3666.497,28.47065488
3666.979,28.46831189
3667.462,28.44198621
3667.944,28.46212446
3668.426,28.45445953
3668.908,28.47768319
3669.39,28.47481505
3669.872,28.49162333
3670.354,28.4832233
3670.836,28.49924456
3671.319,28.48049957
3671.801,28.49055549
3672.283,28.49787102
3672.765,28.47489079
3673.247,28.48870329
3673.729,28.47333434
3674.211,28.50435375
3674.693,28.53553488
3675.176,28.54600413
3675.657,28.55441537
3676.14,28.56323184
3676.622,28.5827176
3677.104,28.59343516
3677.586,28.57750097
3678.068,28.57486918
3678.55,28.56946447
3679.032,28.5512017
3679.514,28.5519888
3679.997,28.5445573
3680.479,28.52843398
3680.961,28.5228464
3681.443,28.51557324
3681.925,28.52504627
3682.407,28.52108513
3682.889,28.50715467
3683.371,28.49211907
3683.854,28.47975959
3684.336,28.45742778
3684.818,28.44969656
3685.3,28.44590084
3685.782,28.41755511
3686.264,28.41712215
3686.746,28.42065353
3687.228,28.42287154
3687.71,28.40615532
3688.193,28.44381523
3688.675,28.44700554
3689.157,28.4561364
3689.639,28.47662924
3690.121,28.5022578
3690.603,28.52740605
3691.085,28.51422859
3691.567,28.50882675
3692.05,28.50688174
3692.532,28.50435008
3693.014,28.48432017
3693.496,28.49482449
3693.978,28.48233364
3694.46,28.48382674
3694.942,28.47630905
3695.424,28.47232844
3695.906,28.48257238
3696.389,28.46004517
3696.871,28.46693604
3697.353,28.44146491
3697.835,28.44050648
3698.317,28.43014964
3698.799,28.43885157
3699.281,28.43891626
3699.763,28.42654515
3700.246,28.39757118
3700.728,28.41676035
3701.21,28.42231059
3701.692,28.43251519
3702.174,28.40480886
3702.656,28.42742513
3703.138,28.42168189
3703.62,28.41571264
3704.103,28.41559714
3704.584,28.40646966
3705.067,28.37949835
3705.549,28.39074125
3706.031,28.36017711
3706.513,28.33390932
3706.995,28.32807329
3707.477,28.31944599
3707.959,28.28768516
3708.441,28.29987465
3708.924,28.30424798
3709.406,28.29067135
3709.888,28.29887953
3710.37,28.30785845
3710.852,28.32653921
3711.334,28.34148295
3711.816,28.36652146
3712.298,28.38516956
3712.781,28.3992022
3713.263,28.40437642
3713.745,28.38717446
3714.227,28.37942416
3714.709,28.39025733
3715.191,28.4016218
3715.673,28.37535436
3716.155,28.39115122
3716.637,28.37299685
3717.12,28.35248318
3717.602,28.3610275
3718.084,28.34727848
3718.566,28.35312777
3719.048,28.3261617
3719.53,28.32728256
3720.012,28.31942405
3720.494,28.3118473
3720.977,28.30373292
3721.459,28.2968051
3721.941,28.27006831
3722.423,28.25694712
3722.905,28.28317135
3723.387,28.28510391
3723.869,28.28498428
3724.351,28.26570628
3724.833,28.26558546
3725.316,28.27920808
3725.798,28.26939453
3726.28,28.28307244
3726.762,28.2558513
3727.244,28.23982218
3727.726,28.22931057
3728.208,28.25251511
3728.69,28.22002812
3729.173,28.23042424
3729.655,28.24048571
3730.137,28.23019108
3730.619,28.22522612
3731.101,28.21248064
3731.583,28.22831833
3732.065,28.22715126
3732.547,28.24025286
3733.03,28.25635974
3733.511,28.24839612
3733.994,28.26641934
3734.476,28.24884064
3734.958,28.28162452
3735.44,28.27415539
3735.922,28.28429498
3736.404,28.31076214
3736.886,28.30499345
3737.368,28.31629449
3737.851,28.30644463
3738.333,28.32103958
3738.815,28.30093635
3739.297,28.28217698
3739.779,28.24304608
3740.261,28.24552768
3740.743,28.20895129
3741.225,28.212025
3741.708,28.19590025
3742.19,28.19404892
3742.672,28.20955665
3743.154,28.18943398
3743.636,28.19843852
3744.118,28.20794223
3744.6,28.22308555
3745.082,28.22433306
3745.564,28.21348983
3746.047,28.22293733
3746.529,28.18030016
3747.011,28.1880948
3747.493,28.1556088
3747.975,28.14473709
3748.457,28.14516362
3748.939,28.15687168
3749.421,28.18264563
3749.904,28.20902532
3750.386,28.22079836
3750.868,28.24496249
3751.35,28.25206764
3751.832,28.27413907
3752.314,28.29581534
3752.796,28.25948569
3753.278,28.24203536
3753.76,28.20667006
3754.243,28.19421241
3754.725,28.15828618
3755.207,28.16622184
3755.689,28.14847506
3756.171,28.14523449
3756.653,28.13339438
3757.135,28.12694292
3757.617,28.13321236
3758.1,28.13138803
3758.582,28.13999931
3759.064,28.13261999
3759.546,28.13294105
3760.028,28.15857438
3760.51,28.1522532
3760.992,28.15271756
3761.474,28.16079017
3761.957,28.16369123
3762.438,28.15090898
3762.921,28.14224678
3763.403,28.1279183
3763.885,28.13590203
3764.367,28.12433872
3764.849,28.10091386
3765.331,28.09654522
3765.813,28.12360484
3766.295,28.1154143
3766.778,28.10674882
3767.26,28.11168812
3767.742,28.11447133
3768.224,28.11065522
3768.706,28.10632012
3769.188,28.10735223
3769.67,28.12515514
3770.152,28.12506993
3770.635,28.12714
3771.117,28.12039337
3771.599,28.1127301
3772.081,28.11432251
3772.563,28.11195329
3773.045,28.09392954
3773.527,28.09404298
3774.009,28.07391149
3774.491,28.0727686
3774.974,28.06578538
3775.456,28.0856671
3775.938,28.078378
3776.42,28.06175644
3776.902,28.07734504
3777.384,28.07093865
3777.866,28.05699019
3778.348,28.06851908
3778.831,28.07688168
3779.313,28.0741737
3779.795,28.05260744
3780.277,28.07877377
3780.759,28.05337462
3781.241,28.06255913
3781.723,28.06149067
3782.205,28.06602209
3782.688,28.01643793
3783.17,28.04870965
3783.652,28.04764786
3784.134,28.03080386
3784.616,28.04328937
3785.098,28.02465972
3785.58,28.03267533
3786.062,28.03326191
3786.544,28.00897612
3787.027,28.02539225
3787.509,28.02330316
3787.991,28.01747746
3788.473,28.00916285
3788.955,28.03210579
3789.437,28.02811582
3789.919,28.01621988
3790.401,28.02418154
3790.884,28.00185723
3791.365,28.00905159
3791.848,27.98486453
3792.33,27.97948969
3792.812,27.97110528
3793.294,27.97421781
3793.776,27.95691012
3794.258,27.95239929
3794.74,27.94153484
3795.222,27.96071645
3795.705,27.95024983
3796.187,27.96419742
3796.669,27.93894003
3797.151,27.95561488
3797.633,27.9342667
3798.115,27.93853469
3798.597,27.93045918
3799.079,27.91551917
3799.562,27.9131204
3800.044,27.91785029
3800.526,27.92302479
3801.008,27.93811068
3801.49,27.92827979
3801.972,27.90722278
3802.454,27.91014944
3802.936,27.91969268
3803.418,27.9218332
3803.901,27.89680612
3804.383,27.90111556
3804.865,27.90329679
3805.347,27.90157371
3805.829,27.91480904
3806.311,27.91310539
3806.793,27.92136702
3807.275,27.93059099
3807.758,27.94899173
3808.24,27.93668605
3808.722,27.94653095
3809.204,27.92984824
3809.686,27.92834963
3810.168,27.92806967
3810.65,27.89488331
3811.132,27.90958882
3811.615,27.89500964
3812.097,27.87355391
3812.579,27.88230332
3813.061,27.88132389
3813.543,27.87220403
3814.025,27.89127211
3814.507,27.9053018
3814.989,27.91211959
3815.471,27.93264244
3815.954,27.96016064
3816.436,27.92212468
3816.918,27.92817039
3817.4,27.94504344
3817.882,27.92164374
3818.364,27.919357
3818.846,27.92011432
3819.328,27.90459701
3819.811,27.91669451
3820.292,27.92090867
3820.775,27.95509126
3821.257,27.95856251
3821.739,27.95202029
3822.221,27.92985254
3822.703,27.94523527
3823.185,27.94880859
3823.667,27.91865775
3824.149,27.91810229
3824.632,27.90304802
3825.114,27.86639741
3825.596,27.88468568
3826.078,27.88280329
3826.56,27.87266026
3827.042,27.88167807
3827.524,27.87058967
3828.006,27.87973061
3828.489,27.86693562
3828.971,27.85048879
3829.453,27.86079334
3829.935,27.83257508
3830.417,27.82609411
3830.899,27.82728435
3831.381,27.83008043
3831.863,27.84603935
3832.345,27.8405512
3832.828,27.8414307
3833.31,27.8412106
3833.792,27.82901182
3834.274,27.83751094
3834.756,27.81718253
3835.238,27.83228859
3835.72,27.83996816
3836.202,27.8503829
3836.685,27.83994683
3837.167,27.83875458
3837.649,27.85143033
3838.131,27.85930299
3838.613,27.86143277
3839.095,27.87072697
3839.577,27.86264153
3840.059,27.87216574
3840.542,27.87625863
3841.024,27.87669949
3841.506,27.87034275
3841.988,27.89037076
3842.47,27.87821671
3842.952,27.87370617
3843.434,27.90232488
3843.916,27.86805101
3844.398,27.87507619
3844.881,27.8532212
3845.363,27.84704176
3845.845,27.8481588
3846.327,27.82922397
3846.809,27.82349316
3847.291,27.79480382
3847.773,27.78115411
3848.255,27.79585944
3848.738,27.75805151
3849.219,27.7453776
3849.702,27.7252307
3850.184,27.71349447
3850.666,27.71130212
3851.148,27.69187909
3851.63,27.72525136
3852.112,27.74324721
3852.594,27.77333823
3853.076,27.77961581
3853.559,27.8114642
3854.041,27.86123477
3854.523,27.87732017
3855.005,27.87868663
3855.487,27.89729189
3855.969,27.88658747
3856.451,27.88301225
3856.933,27.85648097
3857.416,27.87720964
3857.898,27.85107037
3858.38,27.86097327
3858.862,27.85411623
3859.344,27.85006754
3859.826,27.8327003
3860.308,27.84227177
3860.79,27.82414301
3861.272,27.81166719
3861.755,27.83507154
3862.237,27.83044458
3862.719,27.82810076
3863.201,27.8219372
3863.683,27.83159078
3864.165,27.84266063
3864.647,27.8390857
3865.129,27.82596602
3865.612,27.81572708
3866.094,27.82209243
3866.576,27.82262872
3867.058,27.81268642
3867.54,27.82006664
3868.022,27.82432175
3868.504,27.83171101
3868.986,27.84413521
3869.469,27.86890307
3869.951,27.86041934
3870.433,27.87807461
3870.915,27.87192197
3871.397,27.87026995
3871.879,27.87858747
3872.361,27.87305354
3872.843,27.86379443
3873.325,27.85214175
3873.808,27.8641027
3874.29,27.84782522
3874.772,27.84783413
3875.254,27.86289702
3875.736,27.84969755
3876.218,27.82582756
3876.7,27.82419355
3877.182,27.82911546
3877.665,27.82323248
3878.146,27.80479436
3878.629,27.79782492
3879.111,27.81677773
3879.593,27.83064395
3880.075,27.84479058
3880.557,27.84156693
3881.039,27.84523457
3881.521,27.83078007
3882.003,27.84248764
3882.486,27.82332068
3882.968,27.82288601
3883.45,27.80952068
3883.932,27.81441597
3884.414,27.82155252
3884.896,27.82572993
3885.378,27.84592249
3885.86,27.8391453
3886.343,27.86768686
3886.825,27.84183342
3887.307,27.85341259
3887.789,27.8501677
3888.271,27.842387
3888.753,27.83909833
3889.235,27.8324748
3889.717,27.84076793
3890.199,27.8371916
3890.682,27.83186832
3891.164,27.84535516
3891.646,27.86246143
3892.128,27.86595327
3892.61,27.87748864
3893.092,27.87889326
3893.574,27.90028432
3894.056,27.86447947
3894.539,27.869371
3895.021,27.87303039
3895.503,27.84397947
3895.985,27.85075459
3896.467,27.82304641
3896.949,27.85290837
3897.431,27.83345896
3897.913,27.8372513
3898.396,27.8308322
3898.878,27.83406991
3899.36,27.86893554
3899.842,27.86398182
3900.324,27.86475984
3900.806,27.87012567
3901.288,27.862886
3901.77,27.87268078
3902.252,27.90640488
3902.735,27.90952367
3903.217,27.93089527
3903.699,27.9347531
3904.181,27.94583019
3904.663,27.92783796
3905.145,27.96302411
3905.627,27.95998452
3906.109,27.9303397
3906.592,27.94033882
3907.073,27.92606207
3907.556,27.92103919
3908.038,27.9281737
3908.52,27.92334238
3909.002,27.90836258
3909.484,27.91208672
3909.966,27.90745806
3910.448,27.9382466
3910.93,27.90915275
3911.413,27.89891437
3911.895,27.92869523
3912.377,27.90377543
3912.859,27.92643078
3913.341,27.89613558
3913.823,27.90777024
3914.305,27.9384344
3914.787,27.93030082
3915.27,27.92609337
3915.752,27.92032871
3916.234,27.92909672
3916.716,27.94178439
3917.198,27.96000122
3917.68,27.96989742
3918.162,27.93788414
3918.644,27.95432194
3919.126,27.96949565
3919.609,27.95823881
3920.091,27.95734036
3920.573,27.95202293
3921.055,27.92629729
3921.537,27.93970174
3922.019,27.93713044
3922.501,27.9514818
3922.983,27.95343991
3923.466,27.95780909
3923.948,27.97027465
3924.43,27.97688098
3924.912,27.98906111
3925.394,27.97900333
3925.876,27.99436431
3926.358,27.98938436
3926.84,27.99171553
3927.323,27.99621924
3927.805,27.96748652
3928.287,27.98404834
3928.769,27.96764709
3929.251,27.96934184
3929.733,27.97587257
3930.215,27.96248126
3930.697,27.97684125
3931.179,27.98388012
3931.662,27.98771083
3932.144,27.9891539
3932.626,27.99391913
3933.108,27.99369105
3933.59,28.01246176
3934.072,28.02204493
3934.554,28.00275517
3935.036,28.00887
3935.519,28.02559072
3936,28.00494501
3936.483,28.01165329
3936.965,28.01273247
3937.447,28.0284529
3937.929,28.01213873
3938.411,28.00520737
3938.893,28.01577687
3939.375,28.00174838
3939.857,28.01164332
3940.34,27.98740717
3940.822,28.01739364
3941.304,27.99507701
3941.786,28.00749628
3942.268,28.01249974
3942.75,28.01718997
3943.232,28.03683713
3943.714,28.03043781
3944.197,28.0426904
3944.679,28.04154282
3945.161,28.04295632
3945.643,28.05666705
3946.125,28.06887089
3946.607,28.06779886
3947.089,28.0879292
3947.571,28.08217916
3948.053,28.07843295
3948.536,28.10686547
3949.018,28.13617693
3949.5,28.11120048
3949.982,28.11893326
3950.464,28.12390855
3950.946,28.11944894
3951.428,28.13676349
3951.91,28.12449895
3952.393,28.1286596
3952.875,28.11791038
3953.357,28.13407501
3953.839,28.14326513
3954.321,28.10849287
3954.803,28.13382465
3955.285,28.11092123
3955.767,28.11175263
3956.25,28.11609868
3956.732,28.10338036
3957.214,28.11121156
3957.696,28.10125985
3958.178,28.09931826
3958.66,28.12300729
3959.142,28.0937843
3959.624,28.1163185
3960.106,28.11291604
3960.589,28.13332636
3961.071,28.12171214
3961.553,28.13092204
3962.035,28.14522119
3962.517,28.13139749
3962.999,28.13653166
3963.481,28.15445825
3963.963,28.13823554
3964.446,28.1320158
3964.927,28.13970148
3965.41,28.148375
3965.892,28.17928658
3966.374,28.16692498
3966.856,28.1701757
3967.338,28.15616376
3967.82,28.17116596
3968.302,28.17853775
3968.784,28.17708847
3969.267,28.15795281
3969.749,28.17269277
3970.231,28.1706322
3970.713,28.14824644
3971.195,28.16407394
3971.677,28.18976165
3972.159,28.18343607
3972.641,28.18836457
3973.124,28.17121007
3973.606,28.18927222
3974.088,28.19483672
3974.57,28.18627758
3975.052,28.17826251
3975.534,28.19693194
3976.016,28.19930343
3976.498,28.18654871
3976.98,28.19434827
3977.463,28.20204056
3977.945,28.20480415
3978.427,28.20511021
3978.909,28.21021039
3979.391,28.23873882
3979.873,28.22672978
3980.355,28.23805051
3980.837,28.22312218
3981.32,28.24688512
3981.802,28.23295232
3982.284,28.23206108
3982.766,28.22450345
3983.248,28.24254339
3983.73,28.25710832
3984.212,28.23435878
3984.694,28.24263393
3985.177,28.25261093
3985.659,28.23905187
3986.141,28.24462436
3986.623,28.25109119
3987.105,28.24350646
3987.587,28.2331609
3988.069,28.24184644
3988.551,28.25668093
3989.033,28.25054293
3989.516,28.24743227
3989.998,28.24678073
3990.48,28.23968252
3990.962,28.2420121
3991.444,28.25106022
3991.926,28.25785329
3992.408,28.25310728
3992.89,28.25741236
3993.373,28.27364684
3993.854,28.28042757
3994.337,28.27415557
3994.819,28.26870244
3995.301,28.29070579
3995.783,28.29507132
3996.265,28.30989767
3996.747,28.29662687
3997.229,28.31728269
3997.711,28.29685919
3998.194,28.30868452
3998.676,28.30534315
3999.158,28.30074918
3999.64,28.304996
4000.122,28.3130393
